Importer Log Report
Document: C:\Users\tsifsa\Desktop\electroDIZZ\apu-mux\stm32h755xih3\stm32h755xih3.kicad_pcb
    Section : Analyze Document from - C:\Users\tsifsa\Desktop\electroDIZZ\apu-mux\stm32h755xih3\stm32h755xih3.kicad_pcb
        Warning: Unknown child 'generator_version' of 'kicad_pcb'.
        Warning: Unknown child legacy_teardrops of general.
        Warning: Unknown child allow_soldermask_bridges_in_footprints of setup.
        Warning: Unknown child tenting of setup.
        Warning: Unknown child uuid of footprint.
        Warning: Unknown child uuid of property.
        Warning: Unknown child sheetname of footprint.
        Warning: Unknown child sheetfile of footprint.
        Warning: Unknown child stroke of fp_line.
        Warning: Unknown child uuid of fp_line.
        Warning: Unknown child stroke of fp_line.
        Warning: Unknown child uuid of fp_line.
        Warning: Unknown child stroke of fp_circle.
        Warning: Unknown child uuid of fp_circle.
        Warning: Unknown child stroke of fp_line.
        Warning: Unknown child uuid of fp_line.
        Warning: Unknown child stroke of fp_line.
        Warning: Unknown child uuid of fp_line.
        Warning: Unknown child stroke of fp_line.
        Warning: Unknown child uuid of fp_line.
        Warning: Unknown child stroke of fp_line.
        Warning: Unknown child uuid of fp_line.
        Warning: Unknown child stroke of fp_line.
        Warning: Unknown child uuid of fp_line.
        Warning: Unknown child stroke of fp_line.
        Warning: Unknown child uuid of fp_line.
        Warning: Unknown child stroke of fp_line.
        Warning: Unknown child uuid of fp_line.
        Warning: Unknown child stroke of fp_line.
        Warning: Unknown child uuid of fp_line.
        Warning: Unknown child uuid of fp_text.
        Warning: Unknown child remove_unused_layers of pad.
        Warning: Unknown child uuid of pad.
        Warning: Unknown child remove_unused_layers of pad.
        Warning: Unknown child uuid of pad.
        Warning: Unknown child embedded_fonts of footprint.
        Warning: Unknown child uuid of footprint.
        Warning: Unknown child uuid of property.
        Warning: Unknown child sheetname of footprint.
        Warning: Unknown child sheetfile of footprint.
        Warning: Unknown child stroke of fp_line.
        Warning: Unknown child uuid of fp_line.
        Warning: Unknown child stroke of fp_line.
        Warning: Unknown child uuid of fp_line.
        Warning: Unknown child stroke of fp_circle.
        Warning: Unknown child uuid of fp_circle.
        Warning: Unknown child stroke of fp_line.
        Warning: Unknown child uuid of fp_line.
        Warning: Unknown child stroke of fp_line.
        Warning: Unknown child uuid of fp_line.
        Warning: Unknown child stroke of fp_line.
        Warning: Unknown child uuid of fp_line.
        Warning: Unknown child stroke of fp_line.
        Warning: Unknown child uuid of fp_line.
        Warning: Unknown child stroke of fp_line.
        Warning: Unknown child uuid of fp_line.
        Warning: Unknown child stroke of fp_line.
        Warning: Unknown child uuid of fp_line.
        Warning: Unknown child stroke of fp_line.
        Warning: Unknown child uuid of fp_line.
        Warning: Unknown child stroke of fp_line.
        Warning: Unknown child uuid of fp_line.
        Warning: Unknown child uuid of fp_text.
        Warning: Unknown child remove_unused_layers of pad.
        Warning: Unknown child uuid of pad.
        Warning: Unknown child remove_unused_layers of pad.
        Warning: Unknown child uuid of pad.
        Warning: Unknown child embedded_fonts of footprint.
        Warning: Unknown child uuid of footprint.
        Warning: Unknown child uuid of property.
        Warning: Unknown child sheetname of footprint.
        Warning: Unknown child sheetfile of footprint.
        Warning: Unknown child stroke of fp_line.
        Warning: Unknown child uuid of fp_line.
        Warning: Unknown child stroke of fp_line.
        Warning: Unknown child uuid of fp_line.
        Warning: Unknown child stroke of fp_line.
        Warning: Unknown child uuid of fp_line.
        Warning: Unknown child stroke of fp_line.
        Warning: Unknown child uuid of fp_line.
        Warning: Unknown child stroke of fp_line.
        Warning: Unknown child uuid of fp_line.
        Warning: Unknown child stroke of fp_line.
        Warning: Unknown child uuid of fp_line.
        Warning: Unknown child stroke of fp_line.
        Warning: Unknown child uuid of fp_line.
        Warning: Unknown child stroke of fp_line.
        Warning: Unknown child uuid of fp_line.
        Warning: Unknown child stroke of fp_line.
        Warning: Unknown child uuid of fp_line.
        Warning: Unknown child uuid of fp_text.
        Warning: Unknown child uuid of pad.
        Warning: Unknown child uuid of pad.
        Warning: Unknown child embedded_fonts of footprint.
        Warning: Unknown child uuid of footprint.
        Warning: Unknown child uuid of property.
        Warning: Unknown child sheetname of footprint.
        Warning: Unknown child sheetfile of footprint.
        Warning: Unknown child stroke of fp_line.
        Warning: Unknown child uuid of fp_line.
        Warning: Unknown child stroke of fp_line.
        Warning: Unknown child uuid of fp_line.
        Warning: Unknown child stroke of fp_line.
        Warning: Unknown child uuid of fp_line.
        Warning: Unknown child stroke of fp_line.
        Warning: Unknown child uuid of fp_line.
        Warning: Unknown child stroke of fp_line.
        Warning: Unknown child uuid of fp_line.
        Warning: Unknown child stroke of fp_line.
        Warning: Unknown child uuid of fp_line.
        Warning: Unknown child stroke of fp_line.
        Warning: Unknown child uuid of fp_line.
        Warning: Unknown child stroke of fp_line.
        Warning: Unknown child uuid of fp_line.
        Warning: Unknown child stroke of fp_line.
        Warning: Unknown child uuid of fp_line.
        Warning: Unknown child uuid of fp_text.
        Warning: Unknown child uuid of pad.
        Warning: Unknown child uuid of pad.
        Warning: Unknown child embedded_fonts of footprint.
        Warning: Unknown child uuid of footprint.
        Warning: Unknown child uuid of property.
        Warning: Unknown child sheetname of footprint.
        Warning: Unknown child sheetfile of footprint.
        Warning: Unknown child stroke of fp_line.
        Warning: Unknown child uuid of fp_line.
        Warning: Unknown child stroke of fp_line.
        Warning: Unknown child uuid of fp_line.
        Warning: Unknown child stroke of fp_arc.
        Warning: Unknown child uuid of fp_arc.
        Warning: Unknown child stroke of fp_arc.
        Warning: Unknown child uuid of fp_arc.
        Warning: Unknown child stroke of fp_line.
        Warning: Unknown child uuid of fp_line.
        Warning: Unknown child stroke of fp_line.
        Warning: Unknown child uuid of fp_line.
        Warning: Unknown child stroke of fp_line.
        Warning: Unknown child uuid of fp_line.
        Warning: Unknown child stroke of fp_line.
        Warning: Unknown child uuid of fp_line.
        Warning: Unknown child stroke of fp_line.
        Warning: Unknown child uuid of fp_line.
        Warning: Unknown child stroke of fp_line.
        Warning: Unknown child uuid of fp_line.
        Warning: Unknown child stroke of fp_line.
        Warning: Unknown child uuid of fp_line.
        Warning: Unknown child stroke of fp_line.
        Warning: Unknown child uuid of fp_line.
        Warning: Unknown child uuid of fp_text.
        Warning: Unknown child uuid of pad.
        Warning: Unknown child uuid of pad.
        Warning: Unknown child embedded_fonts of footprint.
        Warning: Unknown child uuid of footprint.
        Warning: Unknown child uuid of property.
        Warning: Unknown child sheetname of footprint.
        Warning: Unknown child sheetfile of footprint.
        Warning: Unknown child stroke of fp_line.
        Warning: Unknown child uuid of fp_line.
        Warning: Unknown child stroke of fp_line.
        Warning: Unknown child uuid of fp_line.
        Warning: Unknown child stroke of fp_circle.
        Warning: Unknown child uuid of fp_circle.
        Warning: Unknown child stroke of fp_line.
        Warning: Unknown child uuid of fp_line.
        Warning: Unknown child stroke of fp_line.
        Warning: Unknown child uuid of fp_line.
        Warning: Unknown child stroke of fp_line.
        Warning: Unknown child uuid of fp_line.
        Warning: Unknown child stroke of fp_line.
        Warning: Unknown child uuid of fp_line.
        Warning: Unknown child stroke of fp_line.
        Warning: Unknown child uuid of fp_line.
        Warning: Unknown child stroke of fp_line.
        Warning: Unknown child uuid of fp_line.
        Warning: Unknown child stroke of fp_line.
        Warning: Unknown child uuid of fp_line.
        Warning: Unknown child stroke of fp_line.
        Warning: Unknown child uuid of fp_line.
        Warning: Unknown child uuid of fp_text.
        Warning: Unknown child remove_unused_layers of pad.
        Warning: Unknown child uuid of pad.
        Warning: Unknown child remove_unused_layers of pad.
        Warning: Unknown child uuid of pad.
        Warning: Unknown child embedded_fonts of footprint.
        Warning: Unknown child uuid of footprint.
        Warning: Unknown child uuid of property.
        Warning: Unknown child sheetname of footprint.
        Warning: Unknown child sheetfile of footprint.
        Warning: Unknown child stroke of fp_line.
        Warning: Unknown child uuid of fp_line.
        Warning: Unknown child stroke of fp_line.
        Warning: Unknown child uuid of fp_line.
        Warning: Unknown child stroke of fp_line.
        Warning: Unknown child uuid of fp_line.
        Warning: Unknown child stroke of fp_line.
        Warning: Unknown child uuid of fp_line.
        Warning: Unknown child stroke of fp_line.
        Warning: Unknown child uuid of fp_line.
        Warning: Unknown child stroke of fp_line.
        Warning: Unknown child uuid of fp_line.
        Warning: Unknown child stroke of fp_line.
        Warning: Unknown child uuid of fp_line.
        Warning: Unknown child stroke of fp_line.
        Warning: Unknown child uuid of fp_line.
        Warning: Unknown child uuid of fp_text.
        Warning: Unknown child uuid of pad.
        Warning: Unknown child uuid of pad.
        Warning: Unknown child embedded_fonts of footprint.
        Warning: Unknown child uuid of footprint.
        Warning: Unknown child uuid of property.
        Warning: Unknown child sheetname of footprint.
        Warning: Unknown child sheetfile of footprint.
        Warning: Unknown child stroke of fp_line.
        Warning: Unknown child uuid of fp_line.
        Warning: Unknown child stroke of fp_line.
        Warning: Unknown child uuid of fp_line.
        Warning: Unknown child stroke of fp_line.
        Warning: Unknown child uuid of fp_line.
        Warning: Unknown child stroke of fp_line.
        Warning: Unknown child uuid of fp_line.
        Warning: Unknown child stroke of fp_line.
        Warning: Unknown child uuid of fp_line.
        Warning: Unknown child stroke of fp_line.
        Warning: Unknown child uuid of fp_line.
        Warning: Unknown child stroke of fp_line.
        Warning: Unknown child uuid of fp_line.
        Warning: Unknown child stroke of fp_line.
        Warning: Unknown child uuid of fp_line.
        Warning: Unknown child stroke of fp_line.
        Warning: Unknown child uuid of fp_line.
        Warning: Unknown child uuid of fp_text.
        Warning: Unknown child uuid of pad.
        Warning: Unknown child uuid of pad.
        Warning: Unknown child embedded_fonts of footprint.
        Warning: Unknown child placed of footprint.
        Warning: Unknown child uuid of footprint.
        Warning: Unknown child uuid of property.
        Warning: Unknown child sheetname of footprint.
        Warning: Unknown child sheetfile of footprint.
        Warning: Unknown child stroke of fp_line.
        Warning: Unknown child uuid of fp_line.
        Warning: Unknown child stroke of fp_line.
        Warning: Unknown child uuid of fp_line.
        Warning: Unknown child stroke of fp_line.
        Warning: Unknown child uuid of fp_line.
        Warning: Unknown child stroke of fp_line.
        Warning: Unknown child uuid of fp_line.
        Warning: Unknown child stroke of fp_poly.
        Warning: Unknown child uuid of fp_poly.
        Warning: Unknown child stroke of fp_rect.
        Warning: Unknown child uuid of fp_rect.
        Warning: Unknown child stroke of fp_line.
        Warning: Unknown child uuid of fp_line.
        Warning: Unknown child stroke of fp_line.
        Warning: Unknown child uuid of fp_line.
        Warning: Unknown child stroke of fp_line.
        Warning: Unknown child uuid of fp_line.
        Warning: Unknown child stroke of fp_line.
        Warning: Unknown child uuid of fp_line.
        Warning: Unknown child stroke of fp_line.
        Warning: Unknown child uuid of fp_line.
        Warning: Unknown child uuid of fp_text.
        Warning: Unknown child property of pad.
        Warning: Unknown child uuid of pad.
        Warning: Unknown child property of pad.
        Warning: Unknown child uuid of pad.
        Warning: Unknown child property of pad.
        Warning: Unknown child uuid of pad.
        Warning: Unknown child property of pad.
        Warning: Unknown child uuid of pad.
        Warning: Unknown child property of pad.
        Warning: Unknown child uuid of pad.
        Warning: Unknown child property of pad.
        Warning: Unknown child uuid of pad.
        Warning: Unknown child property of pad.
        Warning: Unknown child uuid of pad.
        Warning: Unknown child property of pad.
        Warning: Unknown child uuid of pad.
        Warning: Unknown child property of pad.
        Warning: Unknown child uuid of pad.
        Warning: Unknown child property of pad.
        Warning: Unknown child uuid of pad.
        Warning: Unknown child property of pad.
        Warning: Unknown child uuid of pad.
        Warning: Unknown child property of pad.
        Warning: Unknown child uuid of pad.
        Warning: Unknown child property of pad.
        Warning: Unknown child uuid of pad.
        Warning: Unknown child property of pad.
        Warning: Unknown child uuid of pad.
        Warning: Unknown child property of pad.
        Warning: Unknown child uuid of pad.
        Warning: Unknown child property of pad.
        Warning: Unknown child uuid of pad.
        Warning: Unknown child property of pad.
        Warning: Unknown child uuid of pad.
        Warning: Unknown child property of pad.
        Warning: Unknown child uuid of pad.
        Warning: Unknown child property of pad.
        Warning: Unknown child uuid of pad.
        Warning: Unknown child property of pad.
        Warning: Unknown child uuid of pad.
        Warning: Unknown child property of pad.
        Warning: Unknown child uuid of pad.
        Warning: Unknown child property of pad.
        Warning: Unknown child uuid of pad.
        Warning: Unknown child property of pad.
        Warning: Unknown child uuid of pad.
        Warning: Unknown child property of pad.
        Warning: Unknown child uuid of pad.
        Warning: Unknown child property of pad.
        Warning: Unknown child uuid of pad.
        Warning: Unknown child property of pad.
        Warning: Unknown child uuid of pad.
        Warning: Unknown child property of pad.
        Warning: Unknown child uuid of pad.
        Warning: Unknown child property of pad.
        Warning: Unknown child uuid of pad.
        Warning: Unknown child property of pad.
        Warning: Unknown child uuid of pad.
        Warning: Unknown child property of pad.
        Warning: Unknown child uuid of pad.
        Warning: Unknown child property of pad.
        Warning: Unknown child uuid of pad.
        Warning: Unknown child property of pad.
        Warning: Unknown child uuid of pad.
        Warning: Unknown child property of pad.
        Warning: Unknown child uuid of pad.
        Warning: Unknown child property of pad.
        Warning: Unknown child uuid of pad.
        Warning: Unknown child property of pad.
        Warning: Unknown child uuid of pad.
        Warning: Unknown child property of pad.
        Warning: Unknown child uuid of pad.
        Warning: Unknown child property of pad.
        Warning: Unknown child uuid of pad.
        Warning: Unknown child property of pad.
        Warning: Unknown child uuid of pad.
        Warning: Unknown child property of pad.
        Warning: Unknown child uuid of pad.
        Warning: Unknown child property of pad.
        Warning: Unknown child uuid of pad.
        Warning: Unknown child property of pad.
        Warning: Unknown child uuid of pad.
        Warning: Unknown child property of pad.
        Warning: Unknown child uuid of pad.
        Warning: Unknown child property of pad.
        Warning: Unknown child uuid of pad.
        Warning: Unknown child property of pad.
        Warning: Unknown child uuid of pad.
        Warning: Unknown child property of pad.
        Warning: Unknown child uuid of pad.
        Warning: Unknown child property of pad.
        Warning: Unknown child uuid of pad.
        Warning: Unknown child property of pad.
        Warning: Unknown child uuid of pad.
        Warning: Unknown child property of pad.
        Warning: Unknown child uuid of pad.
        Warning: Unknown child property of pad.
        Warning: Unknown child uuid of pad.
        Warning: Unknown child property of pad.
        Warning: Unknown child uuid of pad.
        Warning: Unknown child property of pad.
        Warning: Unknown child uuid of pad.
        Warning: Unknown child property of pad.
        Warning: Unknown child uuid of pad.
        Warning: Unknown child property of pad.
        Warning: Unknown child uuid of pad.
        Warning: Unknown child property of pad.
        Warning: Unknown child uuid of pad.
        Warning: Unknown child property of pad.
        Warning: Unknown child uuid of pad.
        Warning: Unknown child property of pad.
        Warning: Unknown child uuid of pad.
        Warning: Unknown child property of pad.
        Warning: Unknown child uuid of pad.
        Warning: Unknown child property of pad.
        Warning: Unknown child uuid of pad.
        Warning: Unknown child property of pad.
        Warning: Unknown child uuid of pad.
        Warning: Unknown child property of pad.
        Warning: Unknown child uuid of pad.
        Warning: Unknown child property of pad.
        Warning: Unknown child uuid of pad.
        Warning: Unknown child property of pad.
        Warning: Unknown child uuid of pad.
        Warning: Unknown child property of pad.
        Warning: Unknown child uuid of pad.
        Warning: Unknown child property of pad.
        Warning: Unknown child uuid of pad.
        Warning: Unknown child property of pad.
        Warning: Unknown child uuid of pad.
        Warning: Unknown child property of pad.
        Warning: Unknown child uuid of pad.
        Warning: Unknown child property of pad.
        Warning: Unknown child uuid of pad.
        Warning: Unknown child property of pad.
        Warning: Unknown child uuid of pad.
        Warning: Unknown child property of pad.
        Warning: Unknown child uuid of pad.
        Warning: Unknown child property of pad.
        Warning: Unknown child uuid of pad.
        Warning: Unknown child property of pad.
        Warning: Unknown child uuid of pad.
        Warning: Unknown child property of pad.
        Warning: Unknown child uuid of pad.
        Warning: Unknown child property of pad.
        Warning: Unknown child uuid of pad.
        Warning: Unknown child property of pad.
        Warning: Unknown child uuid of pad.
        Warning: Unknown child property of pad.
        Warning: Unknown child uuid of pad.
        Warning: Unknown child property of pad.
        Warning: Unknown child uuid of pad.
        Warning: Unknown child property of pad.
        Warning: Unknown child uuid of pad.
        Warning: Unknown child property of pad.
        Warning: Unknown child uuid of pad.
        Warning: Unknown child property of pad.
        Warning: Unknown child uuid of pad.
        Warning: Unknown child property of pad.
        Warning: Unknown child uuid of pad.
        Warning: Unknown child property of pad.
        Warning: Unknown child uuid of pad.
        Warning: Unknown child property of pad.
        Warning: Unknown child uuid of pad.
        Warning: Unknown child property of pad.
        Warning: Unknown child uuid of pad.
        Warning: Unknown child property of pad.
        Warning: Unknown child uuid of pad.
        Warning: Unknown child property of pad.
        Warning: Unknown child uuid of pad.
        Warning: Unknown child property of pad.
        Warning: Unknown child uuid of pad.
        Warning: Unknown child property of pad.
        Warning: Unknown child uuid of pad.
        Warning: Unknown child property of pad.
        Warning: Unknown child uuid of pad.
        Warning: Unknown child property of pad.
        Warning: Unknown child uuid of pad.
        Warning: Unknown child property of pad.
        Warning: Unknown child uuid of pad.
        Warning: Unknown child property of pad.
        Warning: Unknown child uuid of pad.
        Warning: Unknown child property of pad.
        Warning: Unknown child uuid of pad.
        Warning: Unknown child property of pad.
        Warning: Unknown child uuid of pad.
        Warning: Unknown child property of pad.
        Warning: Unknown child uuid of pad.
        Warning: Unknown child property of pad.
        Warning: Unknown child uuid of pad.
        Warning: Unknown child property of pad.
        Warning: Unknown child uuid of pad.
        Warning: Unknown child property of pad.
        Warning: Unknown child uuid of pad.
        Warning: Unknown child property of pad.
        Warning: Unknown child uuid of pad.
        Warning: Unknown child property of pad.
        Warning: Unknown child uuid of pad.
        Warning: Unknown child property of pad.
        Warning: Unknown child uuid of pad.
        Warning: Unknown child property of pad.
        Warning: Unknown child uuid of pad.
        Warning: Unknown child property of pad.
        Warning: Unknown child uuid of pad.
        Warning: Unknown child property of pad.
        Warning: Unknown child uuid of pad.
        Warning: Unknown child property of pad.
        Warning: Unknown child uuid of pad.
        Warning: Unknown child property of pad.
        Warning: Unknown child uuid of pad.
        Warning: Unknown child property of pad.
        Warning: Unknown child uuid of pad.
        Warning: Unknown child property of pad.
        Warning: Unknown child uuid of pad.
        Warning: Unknown child property of pad.
        Warning: Unknown child uuid of pad.
        Warning: Unknown child property of pad.
        Warning: Unknown child uuid of pad.
        Warning: Unknown child property of pad.
        Warning: Unknown child uuid of pad.
        Warning: Unknown child property of pad.
        Warning: Unknown child uuid of pad.
        Warning: Unknown child property of pad.
        Warning: Unknown child uuid of pad.
        Warning: Unknown child property of pad.
        Warning: Unknown child uuid of pad.
        Warning: Unknown child property of pad.
        Warning: Unknown child uuid of pad.
        Warning: Unknown child property of pad.
        Warning: Unknown child uuid of pad.
        Warning: Unknown child property of pad.
        Warning: Unknown child uuid of pad.
        Warning: Unknown child property of pad.
        Warning: Unknown child uuid of pad.
        Warning: Unknown child property of pad.
        Warning: Unknown child uuid of pad.
        Warning: Unknown child property of pad.
        Warning: Unknown child uuid of pad.
        Warning: Unknown child property of pad.
        Warning: Unknown child uuid of pad.
        Warning: Unknown child property of pad.
        Warning: Unknown child uuid of pad.
        Warning: Unknown child property of pad.
        Warning: Unknown child uuid of pad.
        Warning: Unknown child property of pad.
        Warning: Unknown child uuid of pad.
        Warning: Unknown child property of pad.
        Warning: Unknown child uuid of pad.
        Warning: Unknown child property of pad.
        Warning: Unknown child uuid of pad.
        Warning: Unknown child property of pad.
        Warning: Unknown child uuid of pad.
        Warning: Unknown child property of pad.
        Warning: Unknown child uuid of pad.
        Warning: Unknown child property of pad.
        Warning: Unknown child uuid of pad.
        Warning: Unknown child property of pad.
        Warning: Unknown child uuid of pad.
        Warning: Unknown child property of pad.
        Warning: Unknown child uuid of pad.
        Warning: Unknown child property of pad.
        Warning: Unknown child uuid of pad.
        Warning: Unknown child property of pad.
        Warning: Unknown child uuid of pad.
        Warning: Unknown child property of pad.
        Warning: Unknown child uuid of pad.
        Warning: Unknown child property of pad.
        Warning: Unknown child uuid of pad.
        Warning: Unknown child property of pad.
        Warning: Unknown child uuid of pad.
        Warning: Unknown child property of pad.
        Warning: Unknown child uuid of pad.
        Warning: Unknown child property of pad.
        Warning: Unknown child uuid of pad.
        Warning: Unknown child property of pad.
        Warning: Unknown child uuid of pad.
        Warning: Unknown child property of pad.
        Warning: Unknown child uuid of pad.
        Warning: Unknown child property of pad.
        Warning: Unknown child uuid of pad.
        Warning: Unknown child property of pad.
        Warning: Unknown child uuid of pad.
        Warning: Unknown child property of pad.
        Warning: Unknown child uuid of pad.
        Warning: Unknown child property of pad.
        Warning: Unknown child uuid of pad.
        Warning: Unknown child property of pad.
        Warning: Unknown child uuid of pad.
        Warning: Unknown child property of pad.
        Warning: Unknown child uuid of pad.
        Warning: Unknown child property of pad.
        Warning: Unknown child uuid of pad.
        Warning: Unknown child property of pad.
        Warning: Unknown child uuid of pad.
        Warning: Unknown child property of pad.
        Warning: Unknown child uuid of pad.
        Warning: Unknown child property of pad.
        Warning: Unknown child uuid of pad.
        Warning: Unknown child property of pad.
        Warning: Unknown child uuid of pad.
        Warning: Unknown child property of pad.
        Warning: Unknown child uuid of pad.
        Warning: Unknown child property of pad.
        Warning: Unknown child uuid of pad.
        Warning: Unknown child property of pad.
        Warning: Unknown child uuid of pad.
        Warning: Unknown child property of pad.
        Warning: Unknown child uuid of pad.
        Warning: Unknown child property of pad.
        Warning: Unknown child uuid of pad.
        Warning: Unknown child property of pad.
        Warning: Unknown child uuid of pad.
        Warning: Unknown child property of pad.
        Warning: Unknown child uuid of pad.
        Warning: Unknown child property of pad.
        Warning: Unknown child uuid of pad.
        Warning: Unknown child property of pad.
        Warning: Unknown child uuid of pad.
        Warning: Unknown child property of pad.
        Warning: Unknown child uuid of pad.
        Warning: Unknown child property of pad.
        Warning: Unknown child uuid of pad.
        Warning: Unknown child property of pad.
        Warning: Unknown child uuid of pad.
        Warning: Unknown child property of pad.
        Warning: Unknown child uuid of pad.
        Warning: Unknown child property of pad.
        Warning: Unknown child uuid of pad.
        Warning: Unknown child property of pad.
        Warning: Unknown child uuid of pad.
        Warning: Unknown child property of pad.
        Warning: Unknown child uuid of pad.
        Warning: Unknown child property of pad.
        Warning: Unknown child uuid of pad.
        Warning: Unknown child property of pad.
        Warning: Unknown child uuid of pad.
        Warning: Unknown child property of pad.
        Warning: Unknown child uuid of pad.
        Warning: Unknown child property of pad.
        Warning: Unknown child uuid of pad.
        Warning: Unknown child property of pad.
        Warning: Unknown child uuid of pad.
        Warning: Unknown child property of pad.
        Warning: Unknown child uuid of pad.
        Warning: Unknown child property of pad.
        Warning: Unknown child uuid of pad.
        Warning: Unknown child property of pad.
        Warning: Unknown child uuid of pad.
        Warning: Unknown child property of pad.
        Warning: Unknown child uuid of pad.
        Warning: Unknown child property of pad.
        Warning: Unknown child uuid of pad.
        Warning: Unknown child property of pad.
        Warning: Unknown child uuid of pad.
        Warning: Unknown child property of pad.
        Warning: Unknown child uuid of pad.
        Warning: Unknown child property of pad.
        Warning: Unknown child uuid of pad.
        Warning: Unknown child property of pad.
        Warning: Unknown child uuid of pad.
        Warning: Unknown child property of pad.
        Warning: Unknown child uuid of pad.
        Warning: Unknown child property of pad.
        Warning: Unknown child uuid of pad.
        Warning: Unknown child property of pad.
        Warning: Unknown child uuid of pad.
        Warning: Unknown child property of pad.
        Warning: Unknown child uuid of pad.
        Warning: Unknown child property of pad.
        Warning: Unknown child uuid of pad.
        Warning: Unknown child property of pad.
        Warning: Unknown child uuid of pad.
        Warning: Unknown child property of pad.
        Warning: Unknown child uuid of pad.
        Warning: Unknown child property of pad.
        Warning: Unknown child uuid of pad.
        Warning: Unknown child property of pad.
        Warning: Unknown child uuid of pad.
        Warning: Unknown child property of pad.
        Warning: Unknown child uuid of pad.
        Warning: Unknown child property of pad.
        Warning: Unknown child uuid of pad.
        Warning: Unknown child property of pad.
        Warning: Unknown child uuid of pad.
        Warning: Unknown child property of pad.
        Warning: Unknown child uuid of pad.
        Warning: Unknown child property of pad.
        Warning: Unknown child uuid of pad.
        Warning: Unknown child property of pad.
        Warning: Unknown child uuid of pad.
        Warning: Unknown child property of pad.
        Warning: Unknown child uuid of pad.
        Warning: Unknown child property of pad.
        Warning: Unknown child uuid of pad.
        Warning: Unknown child property of pad.
        Warning: Unknown child uuid of pad.
        Warning: Unknown child property of pad.
        Warning: Unknown child uuid of pad.
        Warning: Unknown child property of pad.
        Warning: Unknown child uuid of pad.
        Warning: Unknown child property of pad.
        Warning: Unknown child uuid of pad.
        Warning: Unknown child property of pad.
        Warning: Unknown child uuid of pad.
        Warning: Unknown child property of pad.
        Warning: Unknown child uuid of pad.
        Warning: Unknown child property of pad.
        Warning: Unknown child uuid of pad.
        Warning: Unknown child property of pad.
        Warning: Unknown child uuid of pad.
        Warning: Unknown child property of pad.
        Warning: Unknown child uuid of pad.
        Warning: Unknown child property of pad.
        Warning: Unknown child uuid of pad.
        Warning: Unknown child property of pad.
        Warning: Unknown child uuid of pad.
        Warning: Unknown child property of pad.
        Warning: Unknown child uuid of pad.
        Warning: Unknown child property of pad.
        Warning: Unknown child uuid of pad.
        Warning: Unknown child property of pad.
        Warning: Unknown child uuid of pad.
        Warning: Unknown child property of pad.
        Warning: Unknown child uuid of pad.
        Warning: Unknown child property of pad.
        Warning: Unknown child uuid of pad.
        Warning: Unknown child property of pad.
        Warning: Unknown child uuid of pad.
        Warning: Unknown child property of pad.
        Warning: Unknown child uuid of pad.
        Warning: Unknown child property of pad.
        Warning: Unknown child uuid of pad.
        Warning: Unknown child property of pad.
        Warning: Unknown child uuid of pad.
        Warning: Unknown child property of pad.
        Warning: Unknown child uuid of pad.
        Warning: Unknown child property of pad.
        Warning: Unknown child uuid of pad.
        Warning: Unknown child property of pad.
        Warning: Unknown child uuid of pad.
        Warning: Unknown child property of pad.
        Warning: Unknown child uuid of pad.
        Warning: Unknown child property of pad.
        Warning: Unknown child uuid of pad.
        Warning: Unknown child property of pad.
        Warning: Unknown child uuid of pad.
        Warning: Unknown child property of pad.
        Warning: Unknown child uuid of pad.
        Warning: Unknown child property of pad.
        Warning: Unknown child uuid of pad.
        Warning: Unknown child property of pad.
        Warning: Unknown child uuid of pad.
        Warning: Unknown child property of pad.
        Warning: Unknown child uuid of pad.
        Warning: Unknown child property of pad.
        Warning: Unknown child uuid of pad.
        Warning: Unknown child property of pad.
        Warning: Unknown child uuid of pad.
        Warning: Unknown child property of pad.
        Warning: Unknown child uuid of pad.
        Warning: Unknown child property of pad.
        Warning: Unknown child uuid of pad.
        Warning: Unknown child property of pad.
        Warning: Unknown child uuid of pad.
        Warning: Unknown child property of pad.
        Warning: Unknown child uuid of pad.
        Warning: Unknown child property of pad.
        Warning: Unknown child uuid of pad.
        Warning: Unknown child property of pad.
        Warning: Unknown child uuid of pad.
        Warning: Unknown child property of pad.
        Warning: Unknown child uuid of pad.
        Warning: Unknown child property of pad.
        Warning: Unknown child uuid of pad.
        Warning: Unknown child property of pad.
        Warning: Unknown child uuid of pad.
        Warning: Unknown child property of pad.
        Warning: Unknown child uuid of pad.
        Warning: Unknown child property of pad.
        Warning: Unknown child uuid of pad.
        Warning: Unknown child property of pad.
        Warning: Unknown child uuid of pad.
        Warning: Unknown child property of pad.
        Warning: Unknown child uuid of pad.
        Warning: Unknown child property of pad.
        Warning: Unknown child uuid of pad.
        Warning: Unknown child property of pad.
        Warning: Unknown child uuid of pad.
        Warning: Unknown child property of pad.
        Warning: Unknown child uuid of pad.
        Warning: Unknown child property of pad.
        Warning: Unknown child uuid of pad.
        Warning: Unknown child property of pad.
        Warning: Unknown child uuid of pad.
        Warning: Unknown child property of pad.
        Warning: Unknown child uuid of pad.
        Warning: Unknown child property of pad.
        Warning: Unknown child uuid of pad.
        Warning: Unknown child property of pad.
        Warning: Unknown child uuid of pad.
        Warning: Unknown child property of pad.
        Warning: Unknown child uuid of pad.
        Warning: Unknown child property of pad.
        Warning: Unknown child uuid of pad.
        Warning: Unknown child property of pad.
        Warning: Unknown child uuid of pad.
        Warning: Unknown child property of pad.
        Warning: Unknown child uuid of pad.
        Warning: Unknown child property of pad.
        Warning: Unknown child uuid of pad.
        Warning: Unknown child property of pad.
        Warning: Unknown child uuid of pad.
        Warning: Unknown child property of pad.
        Warning: Unknown child uuid of pad.
        Warning: Unknown child property of pad.
        Warning: Unknown child uuid of pad.
        Warning: Unknown child property of pad.
        Warning: Unknown child uuid of pad.
        Warning: Unknown child property of pad.
        Warning: Unknown child uuid of pad.
        Warning: Unknown child property of pad.
        Warning: Unknown child uuid of pad.
        Warning: Unknown child property of pad.
        Warning: Unknown child uuid of pad.
        Warning: Unknown child property of pad.
        Warning: Unknown child uuid of pad.
        Warning: Unknown child property of pad.
        Warning: Unknown child uuid of pad.
        Warning: Unknown child property of pad.
        Warning: Unknown child uuid of pad.
        Warning: Unknown child embedded_fonts of footprint.
        Warning: Unknown child uuid of footprint.
        Warning: Unknown child uuid of property.
        Warning: Unknown child sheetname of footprint.
        Warning: Unknown child sheetfile of footprint.
        Warning: Unknown child stroke of fp_line.
        Warning: Unknown child uuid of fp_line.
        Warning: Unknown child stroke of fp_line.
        Warning: Unknown child uuid of fp_line.
        Warning: Unknown child stroke of fp_line.
        Warning: Unknown child uuid of fp_line.
        Warning: Unknown child stroke of fp_line.
        Warning: Unknown child uuid of fp_line.
        Warning: Unknown child stroke of fp_line.
        Warning: Unknown child uuid of fp_line.
        Warning: Unknown child stroke of fp_line.
        Warning: Unknown child uuid of fp_line.
        Warning: Unknown child stroke of fp_line.
        Warning: Unknown child uuid of fp_line.
        Warning: Unknown child stroke of fp_line.
        Warning: Unknown child uuid of fp_line.
        Warning: Unknown child uuid of fp_text.
        Warning: Unknown child uuid of pad.
        Warning: Unknown child uuid of pad.
        Warning: Unknown child embedded_fonts of footprint.
        Warning: Unknown child placed of footprint.
        Warning: Unknown child uuid of footprint.
        Warning: Unknown child uuid of property.
        Warning: Unknown child sheetname of footprint.
        Warning: Unknown child sheetfile of footprint.
        Warning: Unknown child stroke of fp_line.
        Warning: Unknown child uuid of fp_line.
        Warning: Unknown child stroke of fp_line.
        Warning: Unknown child uuid of fp_line.
        Warning: Unknown child stroke of fp_line.
        Warning: Unknown child uuid of fp_line.
        Warning: Unknown child stroke of fp_line.
        Warning: Unknown child uuid of fp_line.
        Warning: Unknown child stroke of fp_line.
        Warning: Unknown child uuid of fp_line.
        Warning: Unknown child stroke of fp_line.
        Warning: Unknown child uuid of fp_line.
        Warning: Unknown child stroke of fp_line.
        Warning: Unknown child uuid of fp_line.
        Warning: Unknown child stroke of fp_line.
        Warning: Unknown child uuid of fp_line.
        Warning: Unknown child stroke of fp_line.
        Warning: Unknown child uuid of fp_line.
        Warning: Unknown child stroke of fp_line.
        Warning: Unknown child uuid of fp_line.
        Warning: Unknown child stroke of fp_line.
        Warning: Unknown child uuid of fp_line.
        Warning: Unknown child stroke of fp_line.
        Warning: Unknown child uuid of fp_line.
        Warning: Unknown child stroke of fp_line.
        Warning: Unknown child uuid of fp_line.
        Warning: Unknown child uuid of pad.
        Warning: Pad name is empty, autogenerated name 'Un1' assigned to pad pad.
        Warning: Unknown child uuid of pad.
        Warning: Pad name is empty, autogenerated name 'Un2' assigned to pad pad.
        Warning: Unknown child uuid of pad.
        Warning: Unknown child uuid of pad.
        Warning: Unknown child uuid of pad.
        Warning: Unknown child uuid of pad.
        Warning: Unknown child uuid of pad.
        Warning: Unknown child uuid of pad.
        Warning: Unknown child uuid of pad.
        Warning: Unknown child uuid of pad.
        Warning: Unknown child uuid of pad.
        Warning: Unknown child uuid of pad.
        Warning: Unknown child uuid of pad.
        Warning: Unknown child uuid of pad.
        Warning: Unknown child remove_unused_layers of pad.
        Warning: Unknown child uuid of pad.
        Warning: Unknown child remove_unused_layers of pad.
        Warning: Unknown child uuid of pad.
        Warning: Unknown child remove_unused_layers of pad.
        Warning: Unknown child uuid of pad.
        Warning: Unknown child remove_unused_layers of pad.
        Warning: Unknown child uuid of pad.
        Warning: Unknown child embedded_fonts of footprint.
        Warning: Unknown child uuid of footprint.
        Warning: Unknown child uuid of property.
        Warning: Unknown child sheetname of footprint.
        Warning: Unknown child sheetfile of footprint.
        Warning: Unknown child stroke of fp_line.
        Warning: Unknown child uuid of fp_line.
        Warning: Unknown child stroke of fp_line.
        Warning: Unknown child uuid of fp_line.
        Warning: Unknown child stroke of fp_circle.
        Warning: Unknown child uuid of fp_circle.
        Warning: Unknown child stroke of fp_line.
        Warning: Unknown child uuid of fp_line.
        Warning: Unknown child stroke of fp_line.
        Warning: Unknown child uuid of fp_line.
        Warning: Unknown child stroke of fp_line.
        Warning: Unknown child uuid of fp_line.
        Warning: Unknown child stroke of fp_line.
        Warning: Unknown child uuid of fp_line.
        Warning: Unknown child stroke of fp_line.
        Warning: Unknown child uuid of fp_line.
        Warning: Unknown child stroke of fp_line.
        Warning: Unknown child uuid of fp_line.
        Warning: Unknown child stroke of fp_line.
        Warning: Unknown child uuid of fp_line.
        Warning: Unknown child stroke of fp_line.
        Warning: Unknown child uuid of fp_line.
        Warning: Unknown child uuid of fp_text.
        Warning: Unknown child remove_unused_layers of pad.
        Warning: Unknown child uuid of pad.
        Warning: Unknown child remove_unused_layers of pad.
        Warning: Unknown child uuid of pad.
        Warning: Unknown child embedded_fonts of footprint.
        Warning: Unknown child uuid of footprint.
        Warning: Unknown child uuid of property.
        Warning: Unknown child sheetname of footprint.
        Warning: Unknown child sheetfile of footprint.
        Warning: Unknown child stroke of fp_line.
        Warning: Unknown child uuid of fp_line.
        Warning: Unknown child stroke of fp_line.
        Warning: Unknown child uuid of fp_line.
        Warning: Unknown child stroke of fp_line.
        Warning: Unknown child uuid of fp_line.
        Warning: Unknown child stroke of fp_line.
        Warning: Unknown child uuid of fp_line.
        Warning: Unknown child stroke of fp_line.
        Warning: Unknown child uuid of fp_line.
        Warning: Unknown child stroke of fp_line.
        Warning: Unknown child uuid of fp_line.
        Warning: Unknown child stroke of fp_line.
        Warning: Unknown child uuid of fp_line.
        Warning: Unknown child stroke of fp_line.
        Warning: Unknown child uuid of fp_line.
        Warning: Unknown child uuid of fp_text.
        Warning: Unknown child uuid of pad.
        Warning: Unknown child uuid of pad.
        Warning: Unknown child embedded_fonts of footprint.
        Warning: Unknown child uuid of footprint.
        Warning: Unknown child uuid of property.
        Warning: Unknown child sheetname of footprint.
        Warning: Unknown child sheetfile of footprint.
        Warning: Unknown child stroke of fp_line.
        Warning: Unknown child uuid of fp_line.
        Warning: Unknown child stroke of fp_line.
        Warning: Unknown child uuid of fp_line.
        Warning: Unknown child stroke of fp_circle.
        Warning: Unknown child uuid of fp_circle.
        Warning: Unknown child stroke of fp_line.
        Warning: Unknown child uuid of fp_line.
        Warning: Unknown child stroke of fp_line.
        Warning: Unknown child uuid of fp_line.
        Warning: Unknown child stroke of fp_line.
        Warning: Unknown child uuid of fp_line.
        Warning: Unknown child stroke of fp_line.
        Warning: Unknown child uuid of fp_line.
        Warning: Unknown child stroke of fp_line.
        Warning: Unknown child uuid of fp_line.
        Warning: Unknown child stroke of fp_line.
        Warning: Unknown child uuid of fp_line.
        Warning: Unknown child stroke of fp_line.
        Warning: Unknown child uuid of fp_line.
        Warning: Unknown child stroke of fp_line.
        Warning: Unknown child uuid of fp_line.
        Warning: Unknown child uuid of fp_text.
        Warning: Unknown child remove_unused_layers of pad.
        Warning: Unknown child uuid of pad.
        Warning: Unknown child remove_unused_layers of pad.
        Warning: Unknown child uuid of pad.
        Warning: Unknown child embedded_fonts of footprint.
        Warning: Unknown child uuid of footprint.
        Warning: Unknown child uuid of property.
        Warning: Unknown child sheetname of footprint.
        Warning: Unknown child sheetfile of footprint.
        Warning: Unknown child stroke of fp_line.
        Warning: Unknown child uuid of fp_line.
        Warning: Unknown child stroke of fp_line.
        Warning: Unknown child uuid of fp_line.
        Warning: Unknown child stroke of fp_line.
        Warning: Unknown child uuid of fp_line.
        Warning: Unknown child stroke of fp_line.
        Warning: Unknown child uuid of fp_line.
        Warning: Unknown child stroke of fp_line.
        Warning: Unknown child uuid of fp_line.
        Warning: Unknown child stroke of fp_line.
        Warning: Unknown child uuid of fp_line.
        Warning: Unknown child stroke of fp_line.
        Warning: Unknown child uuid of fp_line.
        Warning: Unknown child stroke of fp_line.
        Warning: Unknown child uuid of fp_line.
        Warning: Unknown child uuid of fp_text.
        Warning: Unknown child uuid of pad.
        Warning: Unknown child uuid of pad.
        Warning: Unknown child embedded_fonts of footprint.
        Warning: Unknown child uuid of footprint.
        Warning: Unknown child uuid of property.
        Warning: Unknown child sheetname of footprint.
        Warning: Unknown child sheetfile of footprint.
        Warning: Unknown child stroke of fp_line.
        Warning: Unknown child uuid of fp_line.
        Warning: Unknown child stroke of fp_line.
        Warning: Unknown child uuid of fp_line.
        Warning: Unknown child stroke of fp_line.
        Warning: Unknown child uuid of fp_line.
        Warning: Unknown child stroke of fp_line.
        Warning: Unknown child uuid of fp_line.
        Warning: Unknown child stroke of fp_line.
        Warning: Unknown child uuid of fp_line.
        Warning: Unknown child stroke of fp_line.
        Warning: Unknown child uuid of fp_line.
        Warning: Unknown child stroke of fp_line.
        Warning: Unknown child uuid of fp_line.
        Warning: Unknown child stroke of fp_line.
        Warning: Unknown child uuid of fp_line.
        Warning: Unknown child stroke of fp_line.
        Warning: Unknown child uuid of fp_line.
        Warning: Unknown child stroke of fp_line.
        Warning: Unknown child uuid of fp_line.
        Warning: Unknown child stroke of fp_line.
        Warning: Unknown child uuid of fp_line.
        Warning: Unknown child stroke of fp_line.
        Warning: Unknown child uuid of fp_line.
        Warning: Unknown child stroke of fp_line.
        Warning: Unknown child uuid of fp_line.
        Warning: Unknown child stroke of fp_line.
        Warning: Unknown child uuid of fp_line.
        Warning: Unknown child uuid of fp_text.
        Warning: Unknown child uuid of pad.
        Warning: Unknown child uuid of pad.
        Warning: Unknown child uuid of pad.
        Warning: Unknown child uuid of pad.
        Warning: Unknown child uuid of pad.
        Warning: Unknown child uuid of pad.
        Warning: Unknown child uuid of pad.
        Warning: Unknown child uuid of pad.
        Warning: Unknown child embedded_fonts of footprint.
        Warning: Unknown child uuid of footprint.
        Warning: Unknown child uuid of property.
        Warning: Unknown child sheetname of footprint.
        Warning: Unknown child sheetfile of footprint.
        Warning: Unknown child stroke of fp_line.
        Warning: Unknown child uuid of fp_line.
        Warning: Unknown child stroke of fp_line.
        Warning: Unknown child uuid of fp_line.
        Warning: Unknown child stroke of fp_line.
        Warning: Unknown child uuid of fp_line.
        Warning: Unknown child stroke of fp_line.
        Warning: Unknown child uuid of fp_line.
        Warning: Unknown child stroke of fp_line.
        Warning: Unknown child uuid of fp_line.
        Warning: Unknown child stroke of fp_line.
        Warning: Unknown child uuid of fp_line.
        Warning: Unknown child stroke of fp_line.
        Warning: Unknown child uuid of fp_line.
        Warning: Unknown child stroke of fp_line.
        Warning: Unknown child uuid of fp_line.
        Warning: Unknown child uuid of fp_text.
        Warning: Unknown child uuid of pad.
        Warning: Unknown child uuid of pad.
        Warning: Unknown child embedded_fonts of footprint.
        Warning: Unknown child uuid of footprint.
        Warning: Unknown child uuid of property.
        Warning: Unknown child sheetname of footprint.
        Warning: Unknown child sheetfile of footprint.
        Warning: Unknown child stroke of fp_line.
        Warning: Unknown child uuid of fp_line.
        Warning: Unknown child stroke of fp_line.
        Warning: Unknown child uuid of fp_line.
        Warning: Unknown child stroke of fp_line.
        Warning: Unknown child uuid of fp_line.
        Warning: Unknown child stroke of fp_line.
        Warning: Unknown child uuid of fp_line.
        Warning: Unknown child stroke of fp_line.
        Warning: Unknown child uuid of fp_line.
        Warning: Unknown child stroke of fp_line.
        Warning: Unknown child uuid of fp_line.
        Warning: Unknown child stroke of fp_line.
        Warning: Unknown child uuid of fp_line.
        Warning: Unknown child stroke of fp_line.
        Warning: Unknown child uuid of fp_line.
        Warning: Unknown child stroke of fp_line.
        Warning: Unknown child uuid of fp_line.
        Warning: Unknown child stroke of fp_line.
        Warning: Unknown child uuid of fp_line.
        Warning: Unknown child stroke of fp_line.
        Warning: Unknown child uuid of fp_line.
        Warning: Unknown child uuid of fp_text.
        Warning: Unknown child uuid of pad.
        Warning: Unknown child uuid of pad.
        Warning: Unknown child embedded_fonts of footprint.
        Warning: Unknown child uuid of footprint.
        Warning: Unknown child uuid of property.
        Warning: Unknown child sheetname of footprint.
        Warning: Unknown child sheetfile of footprint.
        Warning: Unknown child stroke of fp_line.
        Warning: Unknown child uuid of fp_line.
        Warning: Unknown child stroke of fp_line.
        Warning: Unknown child uuid of fp_line.
        Warning: Unknown child stroke of fp_circle.
        Warning: Unknown child uuid of fp_circle.
        Warning: Unknown child stroke of fp_line.
        Warning: Unknown child uuid of fp_line.
        Warning: Unknown child stroke of fp_line.
        Warning: Unknown child uuid of fp_line.
        Warning: Unknown child stroke of fp_line.
        Warning: Unknown child uuid of fp_line.
        Warning: Unknown child stroke of fp_line.
        Warning: Unknown child uuid of fp_line.
        Warning: Unknown child stroke of fp_line.
        Warning: Unknown child uuid of fp_line.
        Warning: Unknown child stroke of fp_line.
        Warning: Unknown child uuid of fp_line.
        Warning: Unknown child stroke of fp_line.
        Warning: Unknown child uuid of fp_line.
        Warning: Unknown child stroke of fp_line.
        Warning: Unknown child uuid of fp_line.
        Warning: Unknown child uuid of fp_text.
        Warning: Unknown child remove_unused_layers of pad.
        Warning: Unknown child uuid of pad.
        Warning: Unknown child remove_unused_layers of pad.
        Warning: Unknown child uuid of pad.
        Warning: Unknown child embedded_fonts of footprint.
        Warning: Unknown child uuid of footprint.
        Warning: Unknown child uuid of property.
        Warning: Unknown child sheetname of footprint.
        Warning: Unknown child sheetfile of footprint.
        Warning: Unknown child stroke of fp_line.
        Warning: Unknown child uuid of fp_line.
        Warning: Unknown child stroke of fp_line.
        Warning: Unknown child uuid of fp_line.
        Warning: Unknown child stroke of fp_circle.
        Warning: Unknown child uuid of fp_circle.
        Warning: Unknown child stroke of fp_line.
        Warning: Unknown child uuid of fp_line.
        Warning: Unknown child stroke of fp_line.
        Warning: Unknown child uuid of fp_line.
        Warning: Unknown child stroke of fp_line.
        Warning: Unknown child uuid of fp_line.
        Warning: Unknown child stroke of fp_line.
        Warning: Unknown child uuid of fp_line.
        Warning: Unknown child stroke of fp_line.
        Warning: Unknown child uuid of fp_line.
        Warning: Unknown child stroke of fp_line.
        Warning: Unknown child uuid of fp_line.
        Warning: Unknown child stroke of fp_line.
        Warning: Unknown child uuid of fp_line.
        Warning: Unknown child stroke of fp_line.
        Warning: Unknown child uuid of fp_line.
        Warning: Unknown child uuid of fp_text.
        Warning: Unknown child remove_unused_layers of pad.
        Warning: Unknown child uuid of pad.
        Warning: Unknown child remove_unused_layers of pad.
        Warning: Unknown child uuid of pad.
        Warning: Unknown child embedded_fonts of footprint.
        Warning: Unknown child uuid of footprint.
        Warning: Unknown child uuid of property.
        Warning: Unknown child sheetname of footprint.
        Warning: Unknown child sheetfile of footprint.
        Warning: Unknown child stroke of fp_line.
        Warning: Unknown child uuid of fp_line.
        Warning: Unknown child stroke of fp_line.
        Warning: Unknown child uuid of fp_line.
        Warning: Unknown child stroke of fp_line.
        Warning: Unknown child uuid of fp_line.
        Warning: Unknown child stroke of fp_line.
        Warning: Unknown child uuid of fp_line.
        Warning: Unknown child stroke of fp_line.
        Warning: Unknown child uuid of fp_line.
        Warning: Unknown child stroke of fp_line.
        Warning: Unknown child uuid of fp_line.
        Warning: Unknown child stroke of fp_line.
        Warning: Unknown child uuid of fp_line.
        Warning: Unknown child stroke of fp_line.
        Warning: Unknown child uuid of fp_line.
        Warning: Unknown child stroke of fp_line.
        Warning: Unknown child uuid of fp_line.
        Warning: Unknown child uuid of fp_text.
        Warning: Unknown child uuid of pad.
        Warning: Unknown child uuid of pad.
        Warning: Unknown child embedded_fonts of footprint.
        Warning: Unknown child uuid of footprint.
        Warning: Unknown child uuid of property.
        Warning: Unknown child sheetname of footprint.
        Warning: Unknown child sheetfile of footprint.
        Warning: Unknown child stroke of fp_line.
        Warning: Unknown child uuid of fp_line.
        Warning: Unknown child stroke of fp_line.
        Warning: Unknown child uuid of fp_line.
        Warning: Unknown child stroke of fp_line.
        Warning: Unknown child uuid of fp_line.
        Warning: Unknown child stroke of fp_line.
        Warning: Unknown child uuid of fp_line.
        Warning: Unknown child stroke of fp_line.
        Warning: Unknown child uuid of fp_line.
        Warning: Unknown child stroke of fp_line.
        Warning: Unknown child uuid of fp_line.
        Warning: Unknown child stroke of fp_line.
        Warning: Unknown child uuid of fp_line.
        Warning: Unknown child stroke of fp_line.
        Warning: Unknown child uuid of fp_line.
        Warning: Unknown child uuid of fp_text.
        Warning: Unknown child uuid of pad.
        Warning: Unknown child uuid of pad.
        Warning: Unknown child embedded_fonts of footprint.
        Warning: Unknown child uuid of footprint.
        Warning: Unknown child uuid of property.
        Warning: Unknown child sheetname of footprint.
        Warning: Unknown child sheetfile of footprint.
        Warning: Unknown child stroke of fp_line.
        Warning: Unknown child uuid of fp_line.
        Warning: Unknown child stroke of fp_line.
        Warning: Unknown child uuid of fp_line.
        Warning: Unknown child stroke of fp_circle.
        Warning: Unknown child uuid of fp_circle.
        Warning: Unknown child stroke of fp_line.
        Warning: Unknown child uuid of fp_line.
        Warning: Unknown child stroke of fp_line.
        Warning: Unknown child uuid of fp_line.
        Warning: Unknown child stroke of fp_line.
        Warning: Unknown child uuid of fp_line.
        Warning: Unknown child stroke of fp_line.
        Warning: Unknown child uuid of fp_line.
        Warning: Unknown child stroke of fp_line.
        Warning: Unknown child uuid of fp_line.
        Warning: Unknown child stroke of fp_line.
        Warning: Unknown child uuid of fp_line.
        Warning: Unknown child stroke of fp_line.
        Warning: Unknown child uuid of fp_line.
        Warning: Unknown child stroke of fp_line.
        Warning: Unknown child uuid of fp_line.
        Warning: Unknown child uuid of fp_text.
        Warning: Unknown child remove_unused_layers of pad.
        Warning: Unknown child uuid of pad.
        Warning: Unknown child remove_unused_layers of pad.
        Warning: Unknown child uuid of pad.
        Warning: Unknown child embedded_fonts of footprint.
        Warning: Unknown child uuid of footprint.
        Warning: Unknown child uuid of property.
        Warning: Unknown child sheetname of footprint.
        Warning: Unknown child sheetfile of footprint.
        Warning: Unknown child stroke of fp_line.
        Warning: Unknown child uuid of fp_line.
        Warning: Unknown child stroke of fp_line.
        Warning: Unknown child uuid of fp_line.
        Warning: Unknown child stroke of fp_line.
        Warning: Unknown child uuid of fp_line.
        Warning: Unknown child stroke of fp_line.
        Warning: Unknown child uuid of fp_line.
        Warning: Unknown child stroke of fp_line.
        Warning: Unknown child uuid of fp_line.
        Warning: Unknown child stroke of fp_line.
        Warning: Unknown child uuid of fp_line.
        Warning: Unknown child stroke of fp_line.
        Warning: Unknown child uuid of fp_line.
        Warning: Unknown child stroke of fp_line.
        Warning: Unknown child uuid of fp_line.
        Warning: Unknown child uuid of fp_text.
        Warning: Unknown child uuid of pad.
        Warning: Unknown child uuid of pad.
        Warning: Unknown child embedded_fonts of footprint.
        Warning: Unknown child uuid of footprint.
        Warning: Unknown child uuid of property.
        Warning: Unknown child sheetname of footprint.
        Warning: Unknown child sheetfile of footprint.
        Warning: Unknown child stroke of fp_line.
        Warning: Unknown child uuid of fp_line.
        Warning: Unknown child stroke of fp_line.
        Warning: Unknown child uuid of fp_line.
        Warning: Unknown child stroke of fp_line.
        Warning: Unknown child uuid of fp_line.
        Warning: Unknown child stroke of fp_line.
        Warning: Unknown child uuid of fp_line.
        Warning: Unknown child stroke of fp_line.
        Warning: Unknown child uuid of fp_line.
        Warning: Unknown child stroke of fp_line.
        Warning: Unknown child uuid of fp_line.
        Warning: Unknown child stroke of fp_line.
        Warning: Unknown child uuid of fp_line.
        Warning: Unknown child stroke of fp_line.
        Warning: Unknown child uuid of fp_line.
        Warning: Unknown child uuid of fp_text.
        Warning: Unknown child uuid of pad.
        Warning: Unknown child uuid of pad.
        Warning: Unknown child embedded_fonts of footprint.
        Warning: Unknown child uuid of footprint.
        Warning: Unknown child uuid of property.
        Warning: Unknown child sheetname of footprint.
        Warning: Unknown child sheetfile of footprint.
        Warning: Unknown child stroke of fp_line.
        Warning: Unknown child uuid of fp_line.
        Warning: Unknown child stroke of fp_line.
        Warning: Unknown child uuid of fp_line.
        Warning: Unknown child stroke of fp_line.
        Warning: Unknown child uuid of fp_line.
        Warning: Unknown child stroke of fp_line.
        Warning: Unknown child uuid of fp_line.
        Warning: Unknown child stroke of fp_line.
        Warning: Unknown child uuid of fp_line.
        Warning: Unknown child stroke of fp_line.
        Warning: Unknown child uuid of fp_line.
        Warning: Unknown child stroke of fp_line.
        Warning: Unknown child uuid of fp_line.
        Warning: Unknown child stroke of fp_line.
        Warning: Unknown child uuid of fp_line.
        Warning: Unknown child stroke of fp_line.
        Warning: Unknown child uuid of fp_line.
        Warning: Unknown child stroke of fp_line.
        Warning: Unknown child uuid of fp_line.
        Warning: Unknown child stroke of fp_line.
        Warning: Unknown child uuid of fp_line.
        Warning: Unknown child stroke of fp_line.
        Warning: Unknown child uuid of fp_line.
        Warning: Unknown child stroke of fp_line.
        Warning: Unknown child uuid of fp_line.
        Warning: Unknown child stroke of fp_line.
        Warning: Unknown child uuid of fp_line.
        Warning: Unknown child uuid of fp_text.
        Warning: Unknown child uuid of pad.
        Warning: Unknown child uuid of pad.
        Warning: Unknown child uuid of pad.
        Warning: Unknown child uuid of pad.
        Warning: Unknown child uuid of pad.
        Warning: Unknown child uuid of pad.
        Warning: Unknown child embedded_fonts of footprint.
        Warning: Unknown child uuid of footprint.
        Warning: Unknown child uuid of property.
        Warning: Unknown child sheetname of footprint.
        Warning: Unknown child sheetfile of footprint.
        Warning: Unknown child stroke of fp_line.
        Warning: Unknown child uuid of fp_line.
        Warning: Unknown child stroke of fp_line.
        Warning: Unknown child uuid of fp_line.
        Warning: Unknown child stroke of fp_line.
        Warning: Unknown child uuid of fp_line.
        Warning: Unknown child stroke of fp_line.
        Warning: Unknown child uuid of fp_line.
        Warning: Unknown child stroke of fp_line.
        Warning: Unknown child uuid of fp_line.
        Warning: Unknown child stroke of fp_line.
        Warning: Unknown child uuid of fp_line.
        Warning: Unknown child stroke of fp_line.
        Warning: Unknown child uuid of fp_line.
        Warning: Unknown child stroke of fp_line.
        Warning: Unknown child uuid of fp_line.
        Warning: Unknown child stroke of fp_line.
        Warning: Unknown child uuid of fp_line.
        Warning: Unknown child stroke of fp_line.
        Warning: Unknown child uuid of fp_line.
        Warning: Unknown child stroke of fp_line.
        Warning: Unknown child uuid of fp_line.
        Warning: Unknown child stroke of fp_line.
        Warning: Unknown child uuid of fp_line.
        Warning: Unknown child stroke of fp_line.
        Warning: Unknown child uuid of fp_line.
        Warning: Unknown child stroke of fp_line.
        Warning: Unknown child uuid of fp_line.
        Warning: Unknown child uuid of fp_text.
        Warning: Unknown child uuid of pad.
        Warning: Unknown child uuid of pad.
        Warning: Unknown child uuid of pad.
        Warning: Unknown child uuid of pad.
        Warning: Unknown child uuid of pad.
        Warning: Unknown child embedded_fonts of footprint.
        Warning: Unknown child uuid of footprint.
        Warning: Unknown child uuid of property.
        Warning: Unknown child sheetname of footprint.
        Warning: Unknown child sheetfile of footprint.
        Warning: Unknown child stroke of fp_line.
        Warning: Unknown child uuid of fp_line.
        Warning: Unknown child stroke of fp_line.
        Warning: Unknown child uuid of fp_line.
        Warning: Unknown child stroke of fp_arc.
        Warning: Unknown child uuid of fp_arc.
        Warning: Unknown child stroke of fp_arc.
        Warning: Unknown child uuid of fp_arc.
        Warning: Unknown child stroke of fp_line.
        Warning: Unknown child uuid of fp_line.
        Warning: Unknown child stroke of fp_line.
        Warning: Unknown child uuid of fp_line.
        Warning: Unknown child stroke of fp_line.
        Warning: Unknown child uuid of fp_line.
        Warning: Unknown child stroke of fp_line.
        Warning: Unknown child uuid of fp_line.
        Warning: Unknown child stroke of fp_line.
        Warning: Unknown child uuid of fp_line.
        Warning: Unknown child stroke of fp_line.
        Warning: Unknown child uuid of fp_line.
        Warning: Unknown child stroke of fp_line.
        Warning: Unknown child uuid of fp_line.
        Warning: Unknown child stroke of fp_line.
        Warning: Unknown child uuid of fp_line.
        Warning: Unknown child uuid of fp_text.
        Warning: Unknown child uuid of pad.
        Warning: Unknown child uuid of pad.
        Warning: Unknown child uuid of pad.
        Warning: Unknown child uuid of pad.
        Warning: Unknown child embedded_fonts of footprint.
        Warning: Unknown child uuid of footprint.
        Warning: Unknown child uuid of property.
        Warning: Unknown child sheetname of footprint.
        Warning: Unknown child sheetfile of footprint.
        Warning: Unknown child stroke of fp_line.
        Warning: Unknown child uuid of fp_line.
        Warning: Unknown child stroke of fp_line.
        Warning: Unknown child uuid of fp_line.
        Warning: Unknown child stroke of fp_line.
        Warning: Unknown child uuid of fp_line.
        Warning: Unknown child stroke of fp_line.
        Warning: Unknown child uuid of fp_line.
        Warning: Unknown child stroke of fp_line.
        Warning: Unknown child uuid of fp_line.
        Warning: Unknown child stroke of fp_line.
        Warning: Unknown child uuid of fp_line.
        Warning: Unknown child stroke of fp_line.
        Warning: Unknown child uuid of fp_line.
        Warning: Unknown child stroke of fp_line.
        Warning: Unknown child uuid of fp_line.
        Warning: Unknown child uuid of fp_text.
        Warning: Unknown child uuid of pad.
        Warning: Unknown child uuid of pad.
        Warning: Unknown child embedded_fonts of footprint.
        Warning: Unknown child uuid of footprint.
        Warning: Unknown child uuid of property.
        Warning: Unknown child sheetname of footprint.
        Warning: Unknown child sheetfile of footprint.
        Warning: Unknown child stroke of fp_line.
        Warning: Unknown child uuid of fp_line.
        Warning: Unknown child stroke of fp_line.
        Warning: Unknown child uuid of fp_line.
        Warning: Unknown child stroke of fp_line.
        Warning: Unknown child uuid of fp_line.
        Warning: Unknown child stroke of fp_line.
        Warning: Unknown child uuid of fp_line.
        Warning: Unknown child stroke of fp_line.
        Warning: Unknown child uuid of fp_line.
        Warning: Unknown child stroke of fp_line.
        Warning: Unknown child uuid of fp_line.
        Warning: Unknown child stroke of fp_line.
        Warning: Unknown child uuid of fp_line.
        Warning: Unknown child stroke of fp_line.
        Warning: Unknown child uuid of fp_line.
        Warning: Unknown child stroke of fp_line.
        Warning: Unknown child uuid of fp_line.
        Warning: Unknown child stroke of fp_line.
        Warning: Unknown child uuid of fp_line.
        Warning: Unknown child stroke of fp_line.
        Warning: Unknown child uuid of fp_line.
        Warning: Unknown child uuid of fp_text.
        Warning: Unknown child uuid of pad.
        Warning: Unknown child uuid of pad.
        Warning: Unknown child embedded_fonts of footprint.
        Warning: Unknown child uuid of footprint.
        Warning: Unknown child uuid of property.
        Warning: Unknown child sheetname of footprint.
        Warning: Unknown child sheetfile of footprint.
        Warning: Unknown child stroke of fp_line.
        Warning: Unknown child uuid of fp_line.
        Warning: Unknown child stroke of fp_line.
        Warning: Unknown child uuid of fp_line.
        Warning: Unknown child stroke of fp_circle.
        Warning: Unknown child uuid of fp_circle.
        Warning: Unknown child stroke of fp_line.
        Warning: Unknown child uuid of fp_line.
        Warning: Unknown child stroke of fp_line.
        Warning: Unknown child uuid of fp_line.
        Warning: Unknown child stroke of fp_line.
        Warning: Unknown child uuid of fp_line.
        Warning: Unknown child stroke of fp_line.
        Warning: Unknown child uuid of fp_line.
        Warning: Unknown child stroke of fp_line.
        Warning: Unknown child uuid of fp_line.
        Warning: Unknown child stroke of fp_line.
        Warning: Unknown child uuid of fp_line.
        Warning: Unknown child stroke of fp_line.
        Warning: Unknown child uuid of fp_line.
        Warning: Unknown child stroke of fp_line.
        Warning: Unknown child uuid of fp_line.
        Warning: Unknown child uuid of fp_text.
        Warning: Unknown child remove_unused_layers of pad.
        Warning: Unknown child uuid of pad.
        Warning: Unknown child remove_unused_layers of pad.
        Warning: Unknown child uuid of pad.
        Warning: Unknown child embedded_fonts of footprint.
        Warning: Unknown child uuid of footprint.
        Warning: Unknown child uuid of property.
        Warning: Unknown child sheetname of footprint.
        Warning: Unknown child sheetfile of footprint.
        Warning: Unknown child stroke of fp_line.
        Warning: Unknown child uuid of fp_line.
        Warning: Unknown child stroke of fp_line.
        Warning: Unknown child uuid of fp_line.
        Warning: Unknown child stroke of fp_circle.
        Warning: Unknown child uuid of fp_circle.
        Warning: Unknown child stroke of fp_line.
        Warning: Unknown child uuid of fp_line.
        Warning: Unknown child stroke of fp_line.
        Warning: Unknown child uuid of fp_line.
        Warning: Unknown child stroke of fp_line.
        Warning: Unknown child uuid of fp_line.
        Warning: Unknown child stroke of fp_line.
        Warning: Unknown child uuid of fp_line.
        Warning: Unknown child stroke of fp_line.
        Warning: Unknown child uuid of fp_line.
        Warning: Unknown child stroke of fp_line.
        Warning: Unknown child uuid of fp_line.
        Warning: Unknown child stroke of fp_line.
        Warning: Unknown child uuid of fp_line.
        Warning: Unknown child stroke of fp_line.
        Warning: Unknown child uuid of fp_line.
        Warning: Unknown child uuid of fp_text.
        Warning: Unknown child remove_unused_layers of pad.
        Warning: Unknown child uuid of pad.
        Warning: Unknown child remove_unused_layers of pad.
        Warning: Unknown child uuid of pad.
        Warning: Unknown child embedded_fonts of footprint.
        Warning: Unknown child uuid of footprint.
        Warning: Unknown child uuid of property.
        Warning: Unknown child sheetname of footprint.
        Warning: Unknown child sheetfile of footprint.
        Warning: Unknown child stroke of fp_line.
        Warning: Unknown child uuid of fp_line.
        Warning: Unknown child stroke of fp_line.
        Warning: Unknown child uuid of fp_line.
        Warning: Unknown child stroke of fp_circle.
        Warning: Unknown child uuid of fp_circle.
        Warning: Unknown child stroke of fp_line.
        Warning: Unknown child uuid of fp_line.
        Warning: Unknown child stroke of fp_line.
        Warning: Unknown child uuid of fp_line.
        Warning: Unknown child stroke of fp_line.
        Warning: Unknown child uuid of fp_line.
        Warning: Unknown child stroke of fp_line.
        Warning: Unknown child uuid of fp_line.
        Warning: Unknown child stroke of fp_line.
        Warning: Unknown child uuid of fp_line.
        Warning: Unknown child stroke of fp_line.
        Warning: Unknown child uuid of fp_line.
        Warning: Unknown child stroke of fp_line.
        Warning: Unknown child uuid of fp_line.
        Warning: Unknown child stroke of fp_line.
        Warning: Unknown child uuid of fp_line.
        Warning: Unknown child uuid of fp_text.
        Warning: Unknown child remove_unused_layers of pad.
        Warning: Unknown child uuid of pad.
        Warning: Unknown child remove_unused_layers of pad.
        Warning: Unknown child uuid of pad.
        Warning: Unknown child embedded_fonts of footprint.
        Warning: Unknown child uuid of footprint.
        Warning: Unknown child uuid of property.
        Warning: Unknown child sheetname of footprint.
        Warning: Unknown child sheetfile of footprint.
        Warning: Unknown child stroke of fp_line.
        Warning: Unknown child uuid of fp_line.
        Warning: Unknown child stroke of fp_line.
        Warning: Unknown child uuid of fp_line.
        Warning: Unknown child stroke of fp_circle.
        Warning: Unknown child uuid of fp_circle.
        Warning: Unknown child stroke of fp_line.
        Warning: Unknown child uuid of fp_line.
        Warning: Unknown child stroke of fp_line.
        Warning: Unknown child uuid of fp_line.
        Warning: Unknown child stroke of fp_line.
        Warning: Unknown child uuid of fp_line.
        Warning: Unknown child stroke of fp_line.
        Warning: Unknown child uuid of fp_line.
        Warning: Unknown child stroke of fp_line.
        Warning: Unknown child uuid of fp_line.
        Warning: Unknown child stroke of fp_line.
        Warning: Unknown child uuid of fp_line.
        Warning: Unknown child stroke of fp_line.
        Warning: Unknown child uuid of fp_line.
        Warning: Unknown child stroke of fp_line.
        Warning: Unknown child uuid of fp_line.
        Warning: Unknown child uuid of fp_text.
        Warning: Unknown child remove_unused_layers of pad.
        Warning: Unknown child uuid of pad.
        Warning: Unknown child remove_unused_layers of pad.
        Warning: Unknown child uuid of pad.
        Warning: Unknown child embedded_fonts of footprint.
        Warning: Unknown child uuid of footprint.
        Warning: Unknown child uuid of property.
        Warning: Unknown child sheetname of footprint.
        Warning: Unknown child sheetfile of footprint.
        Warning: Unknown child stroke of fp_line.
        Warning: Unknown child uuid of fp_line.
        Warning: Unknown child stroke of fp_line.
        Warning: Unknown child uuid of fp_line.
        Warning: Unknown child stroke of fp_circle.
        Warning: Unknown child uuid of fp_circle.
        Warning: Unknown child stroke of fp_line.
        Warning: Unknown child uuid of fp_line.
        Warning: Unknown child stroke of fp_line.
        Warning: Unknown child uuid of fp_line.
        Warning: Unknown child stroke of fp_line.
        Warning: Unknown child uuid of fp_line.
        Warning: Unknown child stroke of fp_line.
        Warning: Unknown child uuid of fp_line.
        Warning: Unknown child stroke of fp_line.
        Warning: Unknown child uuid of fp_line.
        Warning: Unknown child stroke of fp_line.
        Warning: Unknown child uuid of fp_line.
        Warning: Unknown child stroke of fp_line.
        Warning: Unknown child uuid of fp_line.
        Warning: Unknown child stroke of fp_line.
        Warning: Unknown child uuid of fp_line.
        Warning: Unknown child uuid of fp_text.
        Warning: Unknown child remove_unused_layers of pad.
        Warning: Unknown child uuid of pad.
        Warning: Unknown child remove_unused_layers of pad.
        Warning: Unknown child uuid of pad.
        Warning: Unknown child embedded_fonts of footprint.
        Warning: Unknown child uuid of footprint.
        Warning: Unknown child uuid of property.
        Warning: Unknown child sheetname of footprint.
        Warning: Unknown child sheetfile of footprint.
        Warning: Unknown child stroke of fp_line.
        Warning: Unknown child uuid of fp_line.
        Warning: Unknown child stroke of fp_line.
        Warning: Unknown child uuid of fp_line.
        Warning: Unknown child stroke of fp_line.
        Warning: Unknown child uuid of fp_line.
        Warning: Unknown child stroke of fp_line.
        Warning: Unknown child uuid of fp_line.
        Warning: Unknown child stroke of fp_line.
        Warning: Unknown child uuid of fp_line.
        Warning: Unknown child stroke of fp_line.
        Warning: Unknown child uuid of fp_line.
        Warning: Unknown child stroke of fp_line.
        Warning: Unknown child uuid of fp_line.
        Warning: Unknown child stroke of fp_line.
        Warning: Unknown child uuid of fp_line.
        Warning: Unknown child uuid of fp_text.
        Warning: Unknown child uuid of pad.
        Warning: Unknown child uuid of pad.
        Warning: Unknown child embedded_fonts of footprint.
        Warning: Unknown child uuid of footprint.
        Warning: Unknown child uuid of property.
        Warning: Unknown child sheetname of footprint.
        Warning: Unknown child sheetfile of footprint.
        Warning: Unknown child stroke of fp_line.
        Warning: Unknown child uuid of fp_line.
        Warning: Unknown child stroke of fp_line.
        Warning: Unknown child uuid of fp_line.
        Warning: Unknown child stroke of fp_line.
        Warning: Unknown child uuid of fp_line.
        Warning: Unknown child stroke of fp_line.
        Warning: Unknown child uuid of fp_line.
        Warning: Unknown child stroke of fp_line.
        Warning: Unknown child uuid of fp_line.
        Warning: Unknown child stroke of fp_line.
        Warning: Unknown child uuid of fp_line.
        Warning: Unknown child stroke of fp_line.
        Warning: Unknown child uuid of fp_line.
        Warning: Unknown child stroke of fp_line.
        Warning: Unknown child uuid of fp_line.
        Warning: Unknown child stroke of fp_line.
        Warning: Unknown child uuid of fp_line.
        Warning: Unknown child uuid of fp_text.
        Warning: Unknown child uuid of pad.
        Warning: Unknown child uuid of pad.
        Warning: Unknown child embedded_fonts of footprint.
        Warning: Unknown child uuid of footprint.
        Warning: Unknown child uuid of property.
        Warning: Unknown child sheetname of footprint.
        Warning: Unknown child sheetfile of footprint.
        Warning: Unknown child stroke of fp_line.
        Warning: Unknown child uuid of fp_line.
        Warning: Unknown child stroke of fp_line.
        Warning: Unknown child uuid of fp_line.
        Warning: Unknown child stroke of fp_line.
        Warning: Unknown child uuid of fp_line.
        Warning: Unknown child stroke of fp_line.
        Warning: Unknown child uuid of fp_line.
        Warning: Unknown child stroke of fp_line.
        Warning: Unknown child uuid of fp_line.
        Warning: Unknown child stroke of fp_line.
        Warning: Unknown child uuid of fp_line.
        Warning: Unknown child stroke of fp_line.
        Warning: Unknown child uuid of fp_line.
        Warning: Unknown child stroke of fp_line.
        Warning: Unknown child uuid of fp_line.
        Warning: Unknown child uuid of fp_text.
        Warning: Unknown child uuid of pad.
        Warning: Unknown child uuid of pad.
        Warning: Unknown child embedded_fonts of footprint.
        Warning: Unknown child uuid of footprint.
        Warning: Unknown child uuid of property.
        Warning: Unknown child sheetname of footprint.
        Warning: Unknown child sheetfile of footprint.
        Warning: Unknown child stroke of fp_line.
        Warning: Unknown child uuid of fp_line.
        Warning: Unknown child stroke of fp_line.
        Warning: Unknown child uuid of fp_line.
        Warning: Unknown child stroke of fp_line.
        Warning: Unknown child uuid of fp_line.
        Warning: Unknown child stroke of fp_line.
        Warning: Unknown child uuid of fp_line.
        Warning: Unknown child stroke of fp_line.
        Warning: Unknown child uuid of fp_line.
        Warning: Unknown child stroke of fp_line.
        Warning: Unknown child uuid of fp_line.
        Warning: Unknown child stroke of fp_line.
        Warning: Unknown child uuid of fp_line.
        Warning: Unknown child stroke of fp_line.
        Warning: Unknown child uuid of fp_line.
        Warning: Unknown child uuid of fp_text.
        Warning: Unknown child uuid of pad.
        Warning: Unknown child uuid of pad.
        Warning: Unknown child embedded_fonts of footprint.
        Warning: Unknown child uuid of footprint.
        Warning: Unknown child uuid of property.
        Warning: Unknown child sheetname of footprint.
        Warning: Unknown child sheetfile of footprint.
        Warning: Unknown child stroke of fp_line.
        Warning: Unknown child uuid of fp_line.
        Warning: Unknown child stroke of fp_line.
        Warning: Unknown child uuid of fp_line.
        Warning: Unknown child stroke of fp_line.
        Warning: Unknown child uuid of fp_line.
        Warning: Unknown child stroke of fp_line.
        Warning: Unknown child uuid of fp_line.
        Warning: Unknown child stroke of fp_line.
        Warning: Unknown child uuid of fp_line.
        Warning: Unknown child stroke of fp_line.
        Warning: Unknown child uuid of fp_line.
        Warning: Unknown child stroke of fp_line.
        Warning: Unknown child uuid of fp_line.
        Warning: Unknown child stroke of fp_line.
        Warning: Unknown child uuid of fp_line.
        Warning: Unknown child uuid of fp_text.
        Warning: Unknown child uuid of pad.
        Warning: Unknown child uuid of pad.
        Warning: Unknown child embedded_fonts of footprint.
        Warning: Unknown child uuid of footprint.
        Warning: Unknown child uuid of property.
        Warning: Unknown child sheetname of footprint.
        Warning: Unknown child sheetfile of footprint.
        Warning: Unknown child stroke of fp_line.
        Warning: Unknown child uuid of fp_line.
        Warning: Unknown child stroke of fp_line.
        Warning: Unknown child uuid of fp_line.
        Warning: Unknown child stroke of fp_line.
        Warning: Unknown child uuid of fp_line.
        Warning: Unknown child stroke of fp_line.
        Warning: Unknown child uuid of fp_line.
        Warning: Unknown child stroke of fp_line.
        Warning: Unknown child uuid of fp_line.
        Warning: Unknown child stroke of fp_line.
        Warning: Unknown child uuid of fp_line.
        Warning: Unknown child stroke of fp_line.
        Warning: Unknown child uuid of fp_line.
        Warning: Unknown child stroke of fp_line.
        Warning: Unknown child uuid of fp_line.
        Warning: Unknown child uuid of fp_text.
        Warning: Unknown child uuid of pad.
        Warning: Unknown child uuid of pad.
        Warning: Unknown child embedded_fonts of footprint.
        Warning: Unknown child uuid of footprint.
        Warning: Unknown child uuid of property.
        Warning: Unknown child sheetname of footprint.
        Warning: Unknown child sheetfile of footprint.
        Warning: Unknown child stroke of fp_line.
        Warning: Unknown child uuid of fp_line.
        Warning: Unknown child stroke of fp_line.
        Warning: Unknown child uuid of fp_line.
        Warning: Unknown child stroke of fp_line.
        Warning: Unknown child uuid of fp_line.
        Warning: Unknown child stroke of fp_line.
        Warning: Unknown child uuid of fp_line.
        Warning: Unknown child stroke of fp_line.
        Warning: Unknown child uuid of fp_line.
        Warning: Unknown child stroke of fp_line.
        Warning: Unknown child uuid of fp_line.
        Warning: Unknown child stroke of fp_line.
        Warning: Unknown child uuid of fp_line.
        Warning: Unknown child stroke of fp_line.
        Warning: Unknown child uuid of fp_line.
        Warning: Unknown child uuid of fp_text.
        Warning: Unknown child uuid of pad.
        Warning: Unknown child uuid of pad.
        Warning: Unknown child embedded_fonts of footprint.
        Warning: Unknown child uuid of footprint.
        Warning: Unknown child uuid of property.
        Warning: Unknown child sheetname of footprint.
        Warning: Unknown child sheetfile of footprint.
        Warning: Unknown child stroke of fp_line.
        Warning: Unknown child uuid of fp_line.
        Warning: Unknown child stroke of fp_line.
        Warning: Unknown child uuid of fp_line.
        Warning: Unknown child stroke of fp_line.
        Warning: Unknown child uuid of fp_line.
        Warning: Unknown child stroke of fp_line.
        Warning: Unknown child uuid of fp_line.
        Warning: Unknown child stroke of fp_line.
        Warning: Unknown child uuid of fp_line.
        Warning: Unknown child stroke of fp_line.
        Warning: Unknown child uuid of fp_line.
        Warning: Unknown child stroke of fp_line.
        Warning: Unknown child uuid of fp_line.
        Warning: Unknown child stroke of fp_line.
        Warning: Unknown child uuid of fp_line.
        Warning: Unknown child uuid of fp_text.
        Warning: Unknown child uuid of pad.
        Warning: Unknown child uuid of pad.
        Warning: Unknown child embedded_fonts of footprint.
        Warning: Unknown child uuid of footprint.
        Warning: Unknown child uuid of property.
        Warning: Unknown child sheetname of footprint.
        Warning: Unknown child sheetfile of footprint.
        Warning: Unknown child stroke of fp_line.
        Warning: Unknown child uuid of fp_line.
        Warning: Unknown child stroke of fp_line.
        Warning: Unknown child uuid of fp_line.
        Warning: Unknown child stroke of fp_line.
        Warning: Unknown child uuid of fp_line.
        Warning: Unknown child stroke of fp_line.
        Warning: Unknown child uuid of fp_line.
        Warning: Unknown child stroke of fp_line.
        Warning: Unknown child uuid of fp_line.
        Warning: Unknown child stroke of fp_line.
        Warning: Unknown child uuid of fp_line.
        Warning: Unknown child stroke of fp_line.
        Warning: Unknown child uuid of fp_line.
        Warning: Unknown child stroke of fp_line.
        Warning: Unknown child uuid of fp_line.
        Warning: Unknown child stroke of fp_line.
        Warning: Unknown child uuid of fp_line.
        Warning: Unknown child uuid of fp_text.
        Warning: Unknown child uuid of pad.
        Warning: Unknown child uuid of pad.
        Warning: Unknown child embedded_fonts of footprint.
        Warning: Unknown child uuid of footprint.
        Warning: Unknown child uuid of property.
        Warning: Unknown child sheetname of footprint.
        Warning: Unknown child sheetfile of footprint.
        Warning: Unknown child stroke of fp_line.
        Warning: Unknown child uuid of fp_line.
        Warning: Unknown child stroke of fp_line.
        Warning: Unknown child uuid of fp_line.
        Warning: Unknown child stroke of fp_line.
        Warning: Unknown child uuid of fp_line.
        Warning: Unknown child stroke of fp_line.
        Warning: Unknown child uuid of fp_line.
        Warning: Unknown child stroke of fp_line.
        Warning: Unknown child uuid of fp_line.
        Warning: Unknown child stroke of fp_line.
        Warning: Unknown child uuid of fp_line.
        Warning: Unknown child stroke of fp_line.
        Warning: Unknown child uuid of fp_line.
        Warning: Unknown child stroke of fp_line.
        Warning: Unknown child uuid of fp_line.
        Warning: Unknown child stroke of fp_line.
        Warning: Unknown child uuid of fp_line.
        Warning: Unknown child uuid of fp_text.
        Warning: Unknown child uuid of pad.
        Warning: Unknown child uuid of pad.
        Warning: Unknown child embedded_fonts of footprint.
        Warning: Unknown child uuid of footprint.
        Warning: Unknown child uuid of property.
        Warning: Unknown child sheetname of footprint.
        Warning: Unknown child sheetfile of footprint.
        Warning: Unknown child stroke of fp_line.
        Warning: Unknown child uuid of fp_line.
        Warning: Unknown child stroke of fp_line.
        Warning: Unknown child uuid of fp_line.
        Warning: Unknown child stroke of fp_line.
        Warning: Unknown child uuid of fp_line.
        Warning: Unknown child stroke of fp_line.
        Warning: Unknown child uuid of fp_line.
        Warning: Unknown child stroke of fp_line.
        Warning: Unknown child uuid of fp_line.
        Warning: Unknown child stroke of fp_line.
        Warning: Unknown child uuid of fp_line.
        Warning: Unknown child stroke of fp_line.
        Warning: Unknown child uuid of fp_line.
        Warning: Unknown child stroke of fp_line.
        Warning: Unknown child uuid of fp_line.
        Warning: Unknown child uuid of fp_text.
        Warning: Unknown child uuid of pad.
        Warning: Unknown child uuid of pad.
        Warning: Unknown child embedded_fonts of footprint.
        Warning: Unknown child uuid of footprint.
        Warning: Unknown child uuid of property.
        Warning: Unknown child sheetname of footprint.
        Warning: Unknown child sheetfile of footprint.
        Warning: Unknown child stroke of fp_line.
        Warning: Unknown child uuid of fp_line.
        Warning: Unknown child stroke of fp_line.
        Warning: Unknown child uuid of fp_line.
        Warning: Unknown child stroke of fp_line.
        Warning: Unknown child uuid of fp_line.
        Warning: Unknown child stroke of fp_line.
        Warning: Unknown child uuid of fp_line.
        Warning: Unknown child stroke of fp_line.
        Warning: Unknown child uuid of fp_line.
        Warning: Unknown child stroke of fp_line.
        Warning: Unknown child uuid of fp_line.
        Warning: Unknown child stroke of fp_line.
        Warning: Unknown child uuid of fp_line.
        Warning: Unknown child stroke of fp_line.
        Warning: Unknown child uuid of fp_line.
        Warning: Unknown child uuid of fp_text.
        Warning: Unknown child uuid of pad.
        Warning: Unknown child uuid of pad.
        Warning: Unknown child embedded_fonts of footprint.
        Warning: Unknown child uuid of footprint.
        Warning: Unknown child uuid of property.
        Warning: Unknown child sheetname of footprint.
        Warning: Unknown child sheetfile of footprint.
        Warning: Unknown child stroke of fp_line.
        Warning: Unknown child uuid of fp_line.
        Warning: Unknown child stroke of fp_line.
        Warning: Unknown child uuid of fp_line.
        Warning: Unknown child stroke of fp_line.
        Warning: Unknown child uuid of fp_line.
        Warning: Unknown child stroke of fp_line.
        Warning: Unknown child uuid of fp_line.
        Warning: Unknown child stroke of fp_line.
        Warning: Unknown child uuid of fp_line.
        Warning: Unknown child stroke of fp_line.
        Warning: Unknown child uuid of fp_line.
        Warning: Unknown child stroke of fp_line.
        Warning: Unknown child uuid of fp_line.
        Warning: Unknown child stroke of fp_line.
        Warning: Unknown child uuid of fp_line.
        Warning: Unknown child uuid of fp_text.
        Warning: Unknown child uuid of pad.
        Warning: Unknown child uuid of pad.
        Warning: Unknown child embedded_fonts of footprint.
        Warning: Unknown child uuid of footprint.
        Warning: Unknown child uuid of property.
        Warning: Unknown child sheetname of footprint.
        Warning: Unknown child sheetfile of footprint.
        Warning: Unknown child stroke of fp_line.
        Warning: Unknown child uuid of fp_line.
        Warning: Unknown child stroke of fp_line.
        Warning: Unknown child uuid of fp_line.
        Warning: Unknown child stroke of fp_line.
        Warning: Unknown child uuid of fp_line.
        Warning: Unknown child stroke of fp_line.
        Warning: Unknown child uuid of fp_line.
        Warning: Unknown child stroke of fp_line.
        Warning: Unknown child uuid of fp_line.
        Warning: Unknown child stroke of fp_line.
        Warning: Unknown child uuid of fp_line.
        Warning: Unknown child stroke of fp_line.
        Warning: Unknown child uuid of fp_line.
        Warning: Unknown child stroke of fp_line.
        Warning: Unknown child uuid of fp_line.
        Warning: Unknown child uuid of fp_text.
        Warning: Unknown child uuid of pad.
        Warning: Unknown child uuid of pad.
        Warning: Unknown child embedded_fonts of footprint.
        Warning: Unknown child uuid of footprint.
        Warning: Unknown child uuid of property.
        Warning: Unknown child sheetname of footprint.
        Warning: Unknown child sheetfile of footprint.
        Warning: Unknown child stroke of fp_line.
        Warning: Unknown child uuid of fp_line.
        Warning: Unknown child stroke of fp_line.
        Warning: Unknown child uuid of fp_line.
        Warning: Unknown child stroke of fp_line.
        Warning: Unknown child uuid of fp_line.
        Warning: Unknown child stroke of fp_line.
        Warning: Unknown child uuid of fp_line.
        Warning: Unknown child stroke of fp_line.
        Warning: Unknown child uuid of fp_line.
        Warning: Unknown child stroke of fp_line.
        Warning: Unknown child uuid of fp_line.
        Warning: Unknown child stroke of fp_line.
        Warning: Unknown child uuid of fp_line.
        Warning: Unknown child stroke of fp_line.
        Warning: Unknown child uuid of fp_line.
        Warning: Unknown child uuid of fp_text.
        Warning: Unknown child uuid of pad.
        Warning: Unknown child uuid of pad.
        Warning: Unknown child embedded_fonts of footprint.
        Warning: Unknown child uuid of footprint.
        Warning: Unknown child uuid of property.
        Warning: Unknown child sheetname of footprint.
        Warning: Unknown child sheetfile of footprint.
        Warning: Unknown child stroke of fp_line.
        Warning: Unknown child uuid of fp_line.
        Warning: Unknown child stroke of fp_line.
        Warning: Unknown child uuid of fp_line.
        Warning: Unknown child stroke of fp_line.
        Warning: Unknown child uuid of fp_line.
        Warning: Unknown child stroke of fp_line.
        Warning: Unknown child uuid of fp_line.
        Warning: Unknown child stroke of fp_line.
        Warning: Unknown child uuid of fp_line.
        Warning: Unknown child stroke of fp_line.
        Warning: Unknown child uuid of fp_line.
        Warning: Unknown child stroke of fp_line.
        Warning: Unknown child uuid of fp_line.
        Warning: Unknown child stroke of fp_line.
        Warning: Unknown child uuid of fp_line.
        Warning: Unknown child stroke of fp_line.
        Warning: Unknown child uuid of fp_line.
        Warning: Unknown child uuid of fp_text.
        Warning: Unknown child uuid of pad.
        Warning: Unknown child uuid of pad.
        Warning: Unknown child embedded_fonts of footprint.
        Warning: Unknown child uuid of footprint.
        Warning: Unknown child uuid of property.
        Warning: Unknown child sheetname of footprint.
        Warning: Unknown child sheetfile of footprint.
        Warning: Unknown child stroke of fp_line.
        Warning: Unknown child uuid of fp_line.
        Warning: Unknown child stroke of fp_line.
        Warning: Unknown child uuid of fp_line.
        Warning: Unknown child stroke of fp_line.
        Warning: Unknown child uuid of fp_line.
        Warning: Unknown child stroke of fp_line.
        Warning: Unknown child uuid of fp_line.
        Warning: Unknown child stroke of fp_line.
        Warning: Unknown child uuid of fp_line.
        Warning: Unknown child stroke of fp_line.
        Warning: Unknown child uuid of fp_line.
        Warning: Unknown child stroke of fp_line.
        Warning: Unknown child uuid of fp_line.
        Warning: Unknown child stroke of fp_line.
        Warning: Unknown child uuid of fp_line.
        Warning: Unknown child uuid of fp_text.
        Warning: Unknown child uuid of pad.
        Warning: Unknown child uuid of pad.
        Warning: Unknown child embedded_fonts of footprint.
        Warning: Unknown child uuid of footprint.
        Warning: Unknown child uuid of property.
        Warning: Unknown child sheetname of footprint.
        Warning: Unknown child sheetfile of footprint.
        Warning: Unknown child stroke of fp_line.
        Warning: Unknown child uuid of fp_line.
        Warning: Unknown child stroke of fp_line.
        Warning: Unknown child uuid of fp_line.
        Warning: Unknown child stroke of fp_line.
        Warning: Unknown child uuid of fp_line.
        Warning: Unknown child stroke of fp_line.
        Warning: Unknown child uuid of fp_line.
        Warning: Unknown child stroke of fp_line.
        Warning: Unknown child uuid of fp_line.
        Warning: Unknown child stroke of fp_line.
        Warning: Unknown child uuid of fp_line.
        Warning: Unknown child stroke of fp_line.
        Warning: Unknown child uuid of fp_line.
        Warning: Unknown child stroke of fp_line.
        Warning: Unknown child uuid of fp_line.
        Warning: Unknown child uuid of fp_text.
        Warning: Unknown child uuid of pad.
        Warning: Unknown child uuid of pad.
        Warning: Unknown child embedded_fonts of footprint.
        Warning: Unknown child uuid of footprint.
        Warning: Unknown child uuid of property.
        Warning: Unknown child sheetname of footprint.
        Warning: Unknown child sheetfile of footprint.
        Warning: Unknown child stroke of fp_line.
        Warning: Unknown child uuid of fp_line.
        Warning: Unknown child stroke of fp_line.
        Warning: Unknown child uuid of fp_line.
        Warning: Unknown child stroke of fp_line.
        Warning: Unknown child uuid of fp_line.
        Warning: Unknown child stroke of fp_line.
        Warning: Unknown child uuid of fp_line.
        Warning: Unknown child stroke of fp_line.
        Warning: Unknown child uuid of fp_line.
        Warning: Unknown child stroke of fp_line.
        Warning: Unknown child uuid of fp_line.
        Warning: Unknown child stroke of fp_line.
        Warning: Unknown child uuid of fp_line.
        Warning: Unknown child stroke of fp_line.
        Warning: Unknown child uuid of fp_line.
        Warning: Unknown child uuid of fp_text.
        Warning: Unknown child uuid of pad.
        Warning: Unknown child uuid of pad.
        Warning: Unknown child embedded_fonts of footprint.
        Warning: Unknown child uuid of footprint.
        Warning: Unknown child uuid of property.
        Warning: Unknown child sheetname of footprint.
        Warning: Unknown child sheetfile of footprint.
        Warning: Unknown child stroke of fp_line.
        Warning: Unknown child uuid of fp_line.
        Warning: Unknown child stroke of fp_line.
        Warning: Unknown child uuid of fp_line.
        Warning: Unknown child stroke of fp_line.
        Warning: Unknown child uuid of fp_line.
        Warning: Unknown child stroke of fp_line.
        Warning: Unknown child uuid of fp_line.
        Warning: Unknown child stroke of fp_line.
        Warning: Unknown child uuid of fp_line.
        Warning: Unknown child stroke of fp_line.
        Warning: Unknown child uuid of fp_line.
        Warning: Unknown child stroke of fp_line.
        Warning: Unknown child uuid of fp_line.
        Warning: Unknown child stroke of fp_line.
        Warning: Unknown child uuid of fp_line.
        Warning: Unknown child uuid of fp_text.
        Warning: Unknown child uuid of pad.
        Warning: Unknown child uuid of pad.
        Warning: Unknown child embedded_fonts of footprint.
        Warning: Unknown child uuid of footprint.
        Warning: Unknown child uuid of property.
        Warning: Unknown child sheetname of footprint.
        Warning: Unknown child sheetfile of footprint.
        Warning: Unknown child stroke of fp_line.
        Warning: Unknown child uuid of fp_line.
        Warning: Unknown child stroke of fp_line.
        Warning: Unknown child uuid of fp_line.
        Warning: Unknown child stroke of fp_line.
        Warning: Unknown child uuid of fp_line.
        Warning: Unknown child stroke of fp_line.
        Warning: Unknown child uuid of fp_line.
        Warning: Unknown child stroke of fp_line.
        Warning: Unknown child uuid of fp_line.
        Warning: Unknown child stroke of fp_line.
        Warning: Unknown child uuid of fp_line.
        Warning: Unknown child stroke of fp_line.
        Warning: Unknown child uuid of fp_line.
        Warning: Unknown child stroke of fp_line.
        Warning: Unknown child uuid of fp_line.
        Warning: Unknown child uuid of fp_text.
        Warning: Unknown child uuid of pad.
        Warning: Unknown child uuid of pad.
        Warning: Unknown child embedded_fonts of footprint.
        Warning: Unknown child uuid of footprint.
        Warning: Unknown child uuid of property.
        Warning: Unknown child sheetname of footprint.
        Warning: Unknown child sheetfile of footprint.
        Warning: Unknown child stroke of fp_line.
        Warning: Unknown child uuid of fp_line.
        Warning: Unknown child stroke of fp_line.
        Warning: Unknown child uuid of fp_line.
        Warning: Unknown child stroke of fp_line.
        Warning: Unknown child uuid of fp_line.
        Warning: Unknown child stroke of fp_line.
        Warning: Unknown child uuid of fp_line.
        Warning: Unknown child stroke of fp_line.
        Warning: Unknown child uuid of fp_line.
        Warning: Unknown child stroke of fp_line.
        Warning: Unknown child uuid of fp_line.
        Warning: Unknown child stroke of fp_line.
        Warning: Unknown child uuid of fp_line.
        Warning: Unknown child stroke of fp_line.
        Warning: Unknown child uuid of fp_line.
        Warning: Unknown child uuid of fp_text.
        Warning: Unknown child uuid of pad.
        Warning: Unknown child uuid of pad.
        Warning: Unknown child embedded_fonts of footprint.
        Warning: Unknown child uuid of footprint.
        Warning: Unknown child uuid of property.
        Warning: Unknown child sheetname of footprint.
        Warning: Unknown child sheetfile of footprint.
        Warning: Unknown child stroke of fp_line.
        Warning: Unknown child uuid of fp_line.
        Warning: Unknown child stroke of fp_line.
        Warning: Unknown child uuid of fp_line.
        Warning: Unknown child stroke of fp_line.
        Warning: Unknown child uuid of fp_line.
        Warning: Unknown child stroke of fp_line.
        Warning: Unknown child uuid of fp_line.
        Warning: Unknown child stroke of fp_line.
        Warning: Unknown child uuid of fp_line.
        Warning: Unknown child stroke of fp_line.
        Warning: Unknown child uuid of fp_line.
        Warning: Unknown child stroke of fp_line.
        Warning: Unknown child uuid of fp_line.
        Warning: Unknown child stroke of fp_line.
        Warning: Unknown child uuid of fp_line.
        Warning: Unknown child uuid of fp_text.
        Warning: Unknown child uuid of pad.
        Warning: Unknown child uuid of pad.
        Warning: Unknown child embedded_fonts of footprint.
        Warning: Unknown child uuid of footprint.
        Warning: Unknown child uuid of property.
        Warning: Unknown child sheetname of footprint.
        Warning: Unknown child sheetfile of footprint.
        Warning: Unknown child stroke of fp_line.
        Warning: Unknown child uuid of fp_line.
        Warning: Unknown child stroke of fp_line.
        Warning: Unknown child uuid of fp_line.
        Warning: Unknown child stroke of fp_line.
        Warning: Unknown child uuid of fp_line.
        Warning: Unknown child stroke of fp_line.
        Warning: Unknown child uuid of fp_line.
        Warning: Unknown child stroke of fp_line.
        Warning: Unknown child uuid of fp_line.
        Warning: Unknown child stroke of fp_line.
        Warning: Unknown child uuid of fp_line.
        Warning: Unknown child stroke of fp_line.
        Warning: Unknown child uuid of fp_line.
        Warning: Unknown child stroke of fp_line.
        Warning: Unknown child uuid of fp_line.
        Warning: Unknown child uuid of fp_text.
        Warning: Unknown child uuid of pad.
        Warning: Unknown child uuid of pad.
        Warning: Unknown child embedded_fonts of footprint.
        Warning: Unknown child uuid of footprint.
        Warning: Unknown child uuid of property.
        Warning: Unknown child sheetname of footprint.
        Warning: Unknown child sheetfile of footprint.
        Warning: Unknown child stroke of fp_line.
        Warning: Unknown child uuid of fp_line.
        Warning: Unknown child stroke of fp_line.
        Warning: Unknown child uuid of fp_line.
        Warning: Unknown child stroke of fp_line.
        Warning: Unknown child uuid of fp_line.
        Warning: Unknown child stroke of fp_line.
        Warning: Unknown child uuid of fp_line.
        Warning: Unknown child stroke of fp_line.
        Warning: Unknown child uuid of fp_line.
        Warning: Unknown child stroke of fp_line.
        Warning: Unknown child uuid of fp_line.
        Warning: Unknown child stroke of fp_line.
        Warning: Unknown child uuid of fp_line.
        Warning: Unknown child stroke of fp_line.
        Warning: Unknown child uuid of fp_line.
        Warning: Unknown child uuid of fp_text.
        Warning: Unknown child uuid of pad.
        Warning: Unknown child uuid of pad.
        Warning: Unknown child embedded_fonts of footprint.
        Warning: Unknown child uuid of footprint.
        Warning: Unknown child uuid of property.
        Warning: Unknown child sheetname of footprint.
        Warning: Unknown child sheetfile of footprint.
        Warning: Unknown child stroke of fp_line.
        Warning: Unknown child uuid of fp_line.
        Warning: Unknown child stroke of fp_line.
        Warning: Unknown child uuid of fp_line.
        Warning: Unknown child stroke of fp_line.
        Warning: Unknown child uuid of fp_line.
        Warning: Unknown child stroke of fp_line.
        Warning: Unknown child uuid of fp_line.
        Warning: Unknown child stroke of fp_line.
        Warning: Unknown child uuid of fp_line.
        Warning: Unknown child stroke of fp_line.
        Warning: Unknown child uuid of fp_line.
        Warning: Unknown child stroke of fp_line.
        Warning: Unknown child uuid of fp_line.
        Warning: Unknown child stroke of fp_line.
        Warning: Unknown child uuid of fp_line.
        Warning: Unknown child uuid of fp_text.
        Warning: Unknown child uuid of pad.
        Warning: Unknown child uuid of pad.
        Warning: Unknown child embedded_fonts of footprint.
        Warning: Unknown child uuid of footprint.
        Warning: Unknown child uuid of property.
        Warning: Unknown child sheetname of footprint.
        Warning: Unknown child sheetfile of footprint.
        Warning: Unknown child stroke of fp_line.
        Warning: Unknown child uuid of fp_line.
        Warning: Unknown child stroke of fp_line.
        Warning: Unknown child uuid of fp_line.
        Warning: Unknown child stroke of fp_line.
        Warning: Unknown child uuid of fp_line.
        Warning: Unknown child stroke of fp_line.
        Warning: Unknown child uuid of fp_line.
        Warning: Unknown child stroke of fp_line.
        Warning: Unknown child uuid of fp_line.
        Warning: Unknown child stroke of fp_line.
        Warning: Unknown child uuid of fp_line.
        Warning: Unknown child stroke of fp_line.
        Warning: Unknown child uuid of fp_line.
        Warning: Unknown child stroke of fp_line.
        Warning: Unknown child uuid of fp_line.
        Warning: Unknown child stroke of fp_line.
        Warning: Unknown child uuid of fp_line.
        Warning: Unknown child uuid of fp_text.
        Warning: Unknown child uuid of pad.
        Warning: Unknown child uuid of pad.
        Warning: Unknown child embedded_fonts of footprint.
        Warning: Unknown child uuid of footprint.
        Warning: Unknown child uuid of property.
        Warning: Unknown child sheetname of footprint.
        Warning: Unknown child sheetfile of footprint.
        Warning: Unknown child stroke of fp_line.
        Warning: Unknown child uuid of fp_line.
        Warning: Unknown child stroke of fp_line.
        Warning: Unknown child uuid of fp_line.
        Warning: Unknown child stroke of fp_line.
        Warning: Unknown child uuid of fp_line.
        Warning: Unknown child stroke of fp_line.
        Warning: Unknown child uuid of fp_line.
        Warning: Unknown child stroke of fp_line.
        Warning: Unknown child uuid of fp_line.
        Warning: Unknown child stroke of fp_line.
        Warning: Unknown child uuid of fp_line.
        Warning: Unknown child stroke of fp_line.
        Warning: Unknown child uuid of fp_line.
        Warning: Unknown child stroke of fp_line.
        Warning: Unknown child uuid of fp_line.
        Warning: Unknown child uuid of fp_text.
        Warning: Unknown child uuid of pad.
        Warning: Unknown child uuid of pad.
        Warning: Unknown child embedded_fonts of footprint.
        Warning: Unknown child uuid of footprint.
        Warning: Unknown child uuid of property.
        Warning: Unknown child sheetname of footprint.
        Warning: Unknown child sheetfile of footprint.
        Warning: Unknown child stroke of fp_line.
        Warning: Unknown child uuid of fp_line.
        Warning: Unknown child stroke of fp_line.
        Warning: Unknown child uuid of fp_line.
        Warning: Unknown child stroke of fp_line.
        Warning: Unknown child uuid of fp_line.
        Warning: Unknown child stroke of fp_line.
        Warning: Unknown child uuid of fp_line.
        Warning: Unknown child stroke of fp_line.
        Warning: Unknown child uuid of fp_line.
        Warning: Unknown child stroke of fp_line.
        Warning: Unknown child uuid of fp_line.
        Warning: Unknown child stroke of fp_line.
        Warning: Unknown child uuid of fp_line.
        Warning: Unknown child stroke of fp_line.
        Warning: Unknown child uuid of fp_line.
        Warning: Unknown child uuid of fp_text.
        Warning: Unknown child uuid of pad.
        Warning: Unknown child uuid of pad.
        Warning: Unknown child embedded_fonts of footprint.
        Warning: Unknown child uuid of footprint.
        Warning: Unknown child uuid of property.
        Warning: Unknown child sheetname of footprint.
        Warning: Unknown child sheetfile of footprint.
        Warning: Unknown child stroke of fp_line.
        Warning: Unknown child uuid of fp_line.
        Warning: Unknown child stroke of fp_line.
        Warning: Unknown child uuid of fp_line.
        Warning: Unknown child stroke of fp_line.
        Warning: Unknown child uuid of fp_line.
        Warning: Unknown child stroke of fp_line.
        Warning: Unknown child uuid of fp_line.
        Warning: Unknown child stroke of fp_line.
        Warning: Unknown child uuid of fp_line.
        Warning: Unknown child stroke of fp_line.
        Warning: Unknown child uuid of fp_line.
        Warning: Unknown child stroke of fp_line.
        Warning: Unknown child uuid of fp_line.
        Warning: Unknown child stroke of fp_line.
        Warning: Unknown child uuid of fp_line.
        Warning: Unknown child stroke of fp_line.
        Warning: Unknown child uuid of fp_line.
        Warning: Unknown child uuid of fp_text.
        Warning: Unknown child uuid of pad.
        Warning: Unknown child uuid of pad.
        Warning: Unknown child embedded_fonts of footprint.
        Warning: Unknown child uuid of footprint.
        Warning: Unknown child uuid of property.
        Warning: Unknown child sheetname of footprint.
        Warning: Unknown child sheetfile of footprint.
        Warning: Unknown child stroke of fp_line.
        Warning: Unknown child uuid of fp_line.
        Warning: Unknown child stroke of fp_line.
        Warning: Unknown child uuid of fp_line.
        Warning: Unknown child stroke of fp_line.
        Warning: Unknown child uuid of fp_line.
        Warning: Unknown child stroke of fp_line.
        Warning: Unknown child uuid of fp_line.
        Warning: Unknown child stroke of fp_line.
        Warning: Unknown child uuid of fp_line.
        Warning: Unknown child stroke of fp_line.
        Warning: Unknown child uuid of fp_line.
        Warning: Unknown child stroke of fp_line.
        Warning: Unknown child uuid of fp_line.
        Warning: Unknown child stroke of fp_line.
        Warning: Unknown child uuid of fp_line.
        Warning: Unknown child uuid of fp_text.
        Warning: Unknown child uuid of pad.
        Warning: Unknown child uuid of pad.
        Warning: Unknown child embedded_fonts of footprint.
        Warning: Unknown child uuid of footprint.
        Warning: Unknown child uuid of property.
        Warning: Unknown child sheetname of footprint.
        Warning: Unknown child sheetfile of footprint.
        Warning: Unknown child stroke of fp_line.
        Warning: Unknown child uuid of fp_line.
        Warning: Unknown child stroke of fp_line.
        Warning: Unknown child uuid of fp_line.
        Warning: Unknown child stroke of fp_line.
        Warning: Unknown child uuid of fp_line.
        Warning: Unknown child stroke of fp_line.
        Warning: Unknown child uuid of fp_line.
        Warning: Unknown child stroke of fp_line.
        Warning: Unknown child uuid of fp_line.
        Warning: Unknown child stroke of fp_line.
        Warning: Unknown child uuid of fp_line.
        Warning: Unknown child stroke of fp_line.
        Warning: Unknown child uuid of fp_line.
        Warning: Unknown child stroke of fp_line.
        Warning: Unknown child uuid of fp_line.
        Warning: Unknown child uuid of fp_text.
        Warning: Unknown child uuid of pad.
        Warning: Unknown child uuid of pad.
        Warning: Unknown child embedded_fonts of footprint.
        Warning: Unknown child uuid of footprint.
        Warning: Unknown child uuid of property.
        Warning: Unknown child sheetname of footprint.
        Warning: Unknown child sheetfile of footprint.
        Warning: Unknown child stroke of fp_line.
        Warning: Unknown child uuid of fp_line.
        Warning: Unknown child stroke of fp_line.
        Warning: Unknown child uuid of fp_line.
        Warning: Unknown child stroke of fp_line.
        Warning: Unknown child uuid of fp_line.
        Warning: Unknown child stroke of fp_line.
        Warning: Unknown child uuid of fp_line.
        Warning: Unknown child stroke of fp_line.
        Warning: Unknown child uuid of fp_line.
        Warning: Unknown child stroke of fp_line.
        Warning: Unknown child uuid of fp_line.
        Warning: Unknown child stroke of fp_line.
        Warning: Unknown child uuid of fp_line.
        Warning: Unknown child stroke of fp_line.
        Warning: Unknown child uuid of fp_line.
        Warning: Unknown child uuid of fp_text.
        Warning: Unknown child uuid of pad.
        Warning: Unknown child uuid of pad.
        Warning: Unknown child embedded_fonts of footprint.
        Warning: Unknown child uuid of footprint.
        Warning: Unknown child uuid of property.
        Warning: Unknown child sheetname of footprint.
        Warning: Unknown child sheetfile of footprint.
        Warning: Unknown child stroke of fp_line.
        Warning: Unknown child uuid of fp_line.
        Warning: Unknown child stroke of fp_line.
        Warning: Unknown child uuid of fp_line.
        Warning: Unknown child stroke of fp_line.
        Warning: Unknown child uuid of fp_line.
        Warning: Unknown child stroke of fp_line.
        Warning: Unknown child uuid of fp_line.
        Warning: Unknown child stroke of fp_line.
        Warning: Unknown child uuid of fp_line.
        Warning: Unknown child stroke of fp_line.
        Warning: Unknown child uuid of fp_line.
        Warning: Unknown child stroke of fp_line.
        Warning: Unknown child uuid of fp_line.
        Warning: Unknown child stroke of fp_line.
        Warning: Unknown child uuid of fp_line.
        Warning: Unknown child uuid of fp_text.
        Warning: Unknown child uuid of pad.
        Warning: Unknown child uuid of pad.
        Warning: Unknown child embedded_fonts of footprint.
        Warning: Unknown child 'gr_curve' of 'kicad_pcb'.
        Warning: Unknown child 'gr_curve' of 'kicad_pcb'.
        Warning: Unknown child 'gr_curve' of 'kicad_pcb'.
        Warning: Unknown child 'gr_curve' of 'kicad_pcb'.
        Warning: Unknown child uuid of segment.
        Warning: Unknown child uuid of segment.
        Warning: Unknown child uuid of segment.
        Warning: Unknown child uuid of via.
        Warning: Unknown child uuid of via.
        Warning: Unknown child uuid of via.
        Warning: Unknown child uuid of via.
        Warning: Unknown child uuid of via.
        Warning: Unknown child uuid of via.
        Warning: Unknown child uuid of via.
        Warning: Unknown child uuid of via.
        Warning: Unknown child uuid of via.
        Warning: Unknown child uuid of via.
        Warning: Unknown child uuid of via.
        Warning: Unknown child uuid of via.
        Warning: Unknown child uuid of via.
        Warning: Unknown child uuid of via.
        Warning: Unknown child uuid of via.
        Warning: Unknown child uuid of via.
        Warning: Unknown child uuid of via.
        Warning: Unknown child uuid of via.
        Warning: Unknown child uuid of via.
        Warning: Unknown child uuid of via.
        Warning: Unknown child uuid of via.
        Warning: Unknown child uuid of via.
        Warning: Unknown child uuid of via.
        Warning: Unknown child uuid of via.
        Warning: Unknown child uuid of via.
        Warning: Unknown child uuid of via.
        Warning: Unknown child uuid of via.
        Warning: Unknown child uuid of via.
        Warning: Unknown child uuid of via.
        Warning: Unknown child uuid of via.
        Warning: Unknown child uuid of via.
        Warning: Unknown child uuid of via.
        Warning: Unknown child uuid of segment.
        Warning: Unknown child uuid of segment.
        Warning: Unknown child uuid of segment.
        Warning: Unknown child uuid of segment.
        Warning: Unknown child uuid of segment.
        Warning: Unknown child uuid of segment.
        Warning: Unknown child uuid of segment.
        Warning: Unknown child uuid of segment.
        Warning: Unknown child uuid of segment.
        Warning: Unknown child uuid of segment.
        Warning: Unknown child uuid of segment.
        Warning: Unknown child uuid of segment.
        Warning: Unknown child uuid of segment.
        Warning: Unknown child uuid of segment.
        Warning: Unknown child uuid of segment.
        Warning: Unknown child uuid of segment.
        Warning: Unknown child uuid of segment.
        Warning: Unknown child uuid of segment.
        Warning: Unknown child uuid of segment.
        Warning: Unknown child uuid of segment.
        Warning: Unknown child uuid of segment.
        Warning: Unknown child uuid of segment.
        Warning: Unknown child uuid of segment.
        Warning: Unknown child uuid of segment.
        Warning: Unknown child uuid of segment.
        Warning: Unknown child uuid of segment.
        Warning: Unknown child uuid of segment.
        Warning: Unknown child uuid of segment.
        Warning: Unknown child uuid of segment.
        Warning: Unknown child uuid of segment.
        Warning: Unknown child uuid of segment.
        Warning: Unknown child uuid of segment.
        Warning: Unknown child uuid of via.
        Warning: Unknown child uuid of segment.
        Warning: Unknown child uuid of segment.
        Warning: Unknown child uuid of segment.
        Warning: Unknown child uuid of segment.
        Warning: Unknown child uuid of segment.
        Warning: Unknown child uuid of segment.
        Warning: Unknown child uuid of segment.
        Warning: Unknown child uuid of segment.
        Warning: Unknown child uuid of segment.
        Warning: Unknown child uuid of segment.
        Warning: Unknown child uuid of segment.
        Warning: Unknown child uuid of segment.
        Warning: Unknown child uuid of segment.
        Warning: Unknown child uuid of segment.
        Warning: Unknown child uuid of segment.
        Warning: Unknown child uuid of segment.
        Warning: Unknown child uuid of segment.
        Warning: Unknown child uuid of via.
        Warning: Unknown child uuid of via.
        Warning: Unknown child uuid of via.
        Warning: Unknown child uuid of via.
        Warning: Unknown child uuid of via.
        Warning: Unknown child uuid of via.
        Warning: Unknown child uuid of via.
        Warning: Unknown child uuid of via.
        Warning: Unknown child uuid of via.
        Warning: Unknown child uuid of segment.
        Warning: Unknown child uuid of segment.
        Warning: Unknown child uuid of segment.
        Warning: Unknown child uuid of segment.
        Warning: Unknown child uuid of segment.
        Warning: Unknown child uuid of segment.
        Warning: Unknown child uuid of via.
        Warning: Unknown child uuid of via.
        Warning: Unknown child uuid of via.
        Warning: Unknown child uuid of via.
        Warning: Unknown child uuid of via.
        Warning: Unknown child uuid of segment.
        Warning: Unknown child uuid of segment.
        Warning: Unknown child uuid of segment.
        Warning: Unknown child uuid of segment.
        Warning: Unknown child uuid of segment.
        Warning: Unknown child uuid of segment.
        Warning: Unknown child uuid of segment.
        Warning: Unknown child uuid of segment.
        Warning: Unknown child uuid of segment.
        Warning: Unknown child uuid of segment.
        Warning: Unknown child uuid of segment.
        Warning: Unknown child uuid of segment.
        Warning: Unknown child uuid of segment.
        Warning: Unknown child uuid of segment.
        Warning: Unknown child uuid of segment.
        Warning: Unknown child uuid of segment.
        Warning: Unknown child uuid of segment.
        Warning: Unknown child uuid of segment.
        Warning: Unknown child uuid of segment.
        Warning: Unknown child uuid of segment.
        Warning: Unknown child uuid of segment.
        Warning: Unknown child uuid of segment.
        Warning: Unknown child uuid of segment.
        Warning: Unknown child uuid of segment.
        Warning: Unknown child uuid of segment.
        Warning: Unknown child uuid of segment.
        Warning: Unknown child uuid of segment.
        Warning: Unknown child uuid of segment.
        Warning: Unknown child uuid of segment.
        Warning: Unknown child uuid of segment.
        Warning: Unknown child uuid of segment.
        Warning: Unknown child uuid of segment.
        Warning: Unknown child uuid of segment.
        Warning: Unknown child uuid of segment.
        Warning: Unknown child uuid of segment.
        Warning: Unknown child uuid of segment.
        Warning: Unknown child uuid of segment.
        Warning: Unknown child uuid of segment.
        Warning: Unknown child uuid of segment.
        Warning: Unknown child uuid of segment.
        Warning: Unknown child uuid of segment.
        Warning: Unknown child uuid of segment.
        Warning: Unknown child uuid of segment.
        Warning: Unknown child uuid of segment.
        Warning: Unknown child uuid of segment.
        Warning: Unknown child uuid of segment.
        Warning: Unknown child uuid of segment.
        Warning: Unknown child uuid of segment.
        Warning: Unknown child uuid of segment.
        Warning: Unknown child uuid of segment.
        Warning: Unknown child uuid of segment.
        Warning: Unknown child uuid of segment.
        Warning: Unknown child uuid of segment.
        Warning: Unknown child uuid of segment.
        Warning: Unknown child uuid of segment.
        Warning: Unknown child uuid of segment.
        Warning: Unknown child uuid of segment.
        Warning: Unknown child uuid of via.
        Warning: Unknown child uuid of via.
        Warning: Unknown child uuid of segment.
        Warning: Unknown child uuid of segment.
        Warning: Unknown child uuid of segment.
        Warning: Unknown child uuid of segment.
        Warning: Unknown child uuid of segment.
        Warning: Unknown child uuid of segment.
        Warning: Unknown child uuid of segment.
        Warning: Unknown child uuid of segment.
        Warning: Unknown child uuid of via.
        Warning: Unknown child uuid of via.
        Warning: Unknown child uuid of segment.
        Warning: Unknown child uuid of segment.
        Warning: Unknown child uuid of segment.
        Warning: Unknown child uuid of segment.
        Warning: Unknown child uuid of segment.
        Warning: Unknown child uuid of segment.
        Warning: Unknown child uuid of segment.
        Warning: Unknown child uuid of segment.
        Warning: Unknown child uuid of segment.
        Warning: Unknown child uuid of segment.
        Warning: Unknown child uuid of segment.
        Warning: Unknown child uuid of via.
        Warning: Unknown child uuid of via.
        Warning: Unknown child uuid of segment.
        Warning: Unknown child uuid of segment.
        Warning: Unknown child uuid of segment.
        Warning: Unknown child uuid of segment.
        Warning: Unknown child uuid of segment.
        Warning: Unknown child uuid of segment.
        Warning: Unknown child uuid of segment.
        Warning: Unknown child uuid of segment.
        Warning: Unknown child uuid of segment.
        Warning: Unknown child uuid of segment.
        Warning: Unknown child uuid of segment.
        Warning: Unknown child uuid of segment.
        Warning: Unknown child uuid of segment.
        Warning: Unknown child uuid of segment.
        Warning: Unknown child uuid of segment.
        Warning: Unknown child uuid of segment.
        Warning: Unknown child uuid of segment.
        Warning: Unknown child uuid of segment.
        Warning: Unknown child uuid of segment.
        Warning: Unknown child uuid of segment.
        Warning: Unknown child uuid of via.
        Warning: Unknown child uuid of via.
        Warning: Unknown child uuid of segment.
        Warning: Unknown child uuid of segment.
        Warning: Unknown child uuid of segment.
        Warning: Unknown child uuid of segment.
        Warning: Unknown child uuid of segment.
        Warning: Unknown child uuid of segment.
        Warning: Unknown child uuid of via.
        Warning: Unknown child uuid of segment.
        Warning: Unknown child uuid of segment.
        Warning: Unknown child uuid of via.
        Warning: Unknown child uuid of segment.
        Warning: Unknown child uuid of segment.
        Warning: Unknown child uuid of via.
        Warning: Unknown child uuid of segment.
        Warning: Unknown child uuid of segment.
        Warning: Unknown child uuid of segment.
        Warning: Unknown child uuid of segment.
        Warning: Unknown child uuid of segment.
        Warning: Unknown child uuid of via.
        Warning: Unknown child uuid of segment.
        Warning: Unknown child uuid of segment.
        Warning: Unknown child uuid of segment.
        Warning: Unknown child uuid of via.
        Warning: Unknown child uuid of segment.
        Warning: Unknown child uuid of segment.
        Warning: Unknown child uuid of via.
        Warning: Unknown child uuid of segment.
        Warning: Unknown child uuid of segment.
        Warning: Unknown child uuid of segment.
        Warning: Unknown child uuid of via.
        Warning: Unknown child uuid of segment.
        Warning: Unknown child uuid of segment.
        Warning: Unknown child uuid of segment.
        Warning: Unknown child uuid of segment.
        Warning: Unknown child uuid of via.
        Warning: Unknown child uuid of segment.
        Warning: Unknown child uuid of segment.
        Warning: Unknown child uuid of via.
        Warning: Unknown child uuid of via.
        Warning: Unknown child uuid of segment.
        Warning: Unknown child uuid of segment.
        Warning: Unknown child uuid of segment.
        Warning: Unknown child uuid of segment.
        Warning: Unknown child uuid of via.
        Warning: Unknown child uuid of segment.
        Warning: Unknown child uuid of segment.
        Warning: Unknown child uuid of segment.
        Warning: Unknown child uuid of segment.
        Warning: Unknown child uuid of via.
        Warning: Unknown child uuid of via.
        Warning: Unknown child uuid of segment.
        Warning: Unknown child uuid of segment.
        Warning: Unknown child uuid of segment.
        Warning: Unknown child uuid of via.
        Warning: Unknown child uuid of segment.
        Warning: Unknown child uuid of segment.
        Warning: Unknown child uuid of segment.
        Warning: Unknown child uuid of segment.
        Warning: Unknown child uuid of via.
        Warning: Unknown child uuid of segment.
        Warning: Unknown child uuid of segment.
        Warning: Unknown child uuid of segment.
        Warning: Unknown child uuid of via.
        Warning: Unknown child uuid of segment.
        Warning: Unknown child uuid of segment.
        Warning: Unknown child uuid of segment.
        Warning: Unknown child uuid of segment.
        Warning: Unknown child uuid of segment.
        Warning: Unknown child uuid of via.
        Warning: Unknown child uuid of segment.
        Warning: Unknown child uuid of segment.
        Warning: Unknown child uuid of segment.
        Warning: Unknown child uuid of segment.
        Warning: Unknown child uuid of segment.
        Warning: Unknown child uuid of segment.
        Warning: Unknown child uuid of via.
        Warning: Unknown child uuid of via.
        Warning: Unknown child uuid of segment.
        Warning: Unknown child uuid of segment.
        Warning: Unknown child uuid of segment.
        Warning: Unknown child uuid of segment.
        Warning: Unknown child uuid of segment.
        Warning: Unknown child uuid of segment.
        Warning: Unknown child uuid of segment.
        Warning: Unknown child uuid of segment.
        Warning: Unknown child uuid of zone.
        Warning: Unknown child 'generated' of 'kicad_pcb'.
        Warning: Unknown child 'generated' of 'kicad_pcb'.
        Warning: Unknown child 'embedded_fonts' of 'kicad_pcb'.
    EndSection
    Section : Import Document - C:\Users\tsifsa\Desktop\electroDIZZ\apu-mux\stm32h755xih3\Imported stm32h755xih3\stm32h755xih3.PcbDoc
        Error: Import is not implemented for: KiCadLib.PCB.PCBLine
        Error: Import is not implemented for: KiCadLib.PCB.PCBLine
        Error: Import is not implemented for: KiCadLib.PCB.PCBLine
        Error: Import is not implemented for: KiCadLib.PCB.PCBLine
        Error: Import is not implemented for: KiCadLib.PCB.PCBLine
        Error: Import is not implemented for: KiCadLib.PCB.PCBLine
        Error: Import is not implemented for: KiCadLib.PCB.PCBLine
        Error: Import is not implemented for: KiCadLib.PCB.PCBLine
        Error: Import is not implemented for: KiCadLib.PCB.PCBLine
        Error: Import is not implemented for: KiCadLib.PCB.PCBLine
        Error: Import is not implemented for: KiCadLib.PCB.PCBLine
        Error: Import is not implemented for: KiCadLib.PCB.PCBLine
        Error: Import is not implemented for: KiCadLib.PCB.PCBLine
        Error: Import is not implemented for: KiCadLib.PCB.PCBLine
        Error: Import is not implemented for: KiCadLib.PCB.PCBLine
        Error: Import is not implemented for: KiCadLib.PCB.PCBLine
        Error: Import is not implemented for: KiCadLib.PCB.PCBLine
        Error: Import is not implemented for: KiCadLib.PCB.PCBLine
        Error: Import is not implemented for: KiCadLib.PCB.PCBLine
        Error: Import is not implemented for: KiCadLib.PCB.PCBLine
        Error: Import is not implemented for: KiCadLib.PCB.PCBLine
        Error: Import is not implemented for: KiCadLib.PCB.PCBLine
        Error: Import is not implemented for: KiCadLib.PCB.PCBLine
        Error: Import is not implemented for: KiCadLib.PCB.PCBLine
        Error: Import is not implemented for: KiCadLib.PCB.PCBLine
        Error: Import is not implemented for: KiCadLib.PCB.PCBLine
        Error: Import is not implemented for: KiCadLib.PCB.PCBLine
        Error: Import is not implemented for: KiCadLib.PCB.PCBLine
        Error: Import is not implemented for: KiCadLib.PCB.PCBLine
        Error: Import is not implemented for: KiCadLib.PCB.PCBLine
        Error: Import is not implemented for: KiCadLib.PCB.PCBLine
        Error: Import is not implemented for: KiCadLib.PCB.PCBLine
        Error: Import is not implemented for: KiCadLib.PCB.PCBLine
        Error: Import is not implemented for: KiCadLib.PCB.PCBLine
        Error: Import is not implemented for: KiCadLib.PCB.PCBLine
        Error: Import is not implemented for: KiCadLib.PCB.PCBLine
        Error: Import is not implemented for: KiCadLib.PCB.PCBLine
        Error: Import is not implemented for: KiCadLib.PCB.PCBLine
        Error: Import is not implemented for: KiCadLib.PCB.PCBLine
        Error: Import is not implemented for: KiCadLib.PCB.PCBLine
        Error: Import is not implemented for: KiCadLib.PCB.PCBLine
        Error: Import is not implemented for: KiCadLib.PCB.PCBLine
        Error: Import is not implemented for: KiCadLib.PCB.PCBLine
        Error: Import is not implemented for: KiCadLib.PCB.PCBLine
        Error: Import is not implemented for: KiCadLib.PCB.PCBLine
        Error: Import is not implemented for: KiCadLib.PCB.PCBLine
        Error: Import is not implemented for: KiCadLib.PCB.PCBLine
        Error: Import is not implemented for: KiCadLib.PCB.PCBLine
        Error: Import is not implemented for: KiCadLib.PCB.PCBLine
        Error: Import is not implemented for: KiCadLib.PCB.PCBLine
        Error: Import is not implemented for: KiCadLib.PCB.PCBLine
        Error: Import is not implemented for: KiCadLib.PCB.PCBLine
        Error: Import is not implemented for: KiCadLib.PCB.PCBLine
        Error: Import is not implemented for: KiCadLib.PCB.PCBLine
        Error: Import is not implemented for: KiCadLib.PCB.PCBLine
        Error: Import is not implemented for: KiCadLib.PCB.PCBLine
        Error: Import is not implemented for: KiCadLib.PCB.PCBLine
        Error: Import is not implemented for: KiCadLib.PCB.PCBLine
        Error: Import is not implemented for: KiCadLib.PCB.PCBLine
        Error: Import is not implemented for: KiCadLib.PCB.PCBLine
        Error: Import is not implemented for: KiCadLib.PCB.PCBLine
        Error: Import is not implemented for: KiCadLib.PCB.PCBLine
        Error: Import is not implemented for: KiCadLib.PCB.PCBLine
        Error: Import is not implemented for: KiCadLib.PCB.PCBLine
        Error: Import is not implemented for: KiCadLib.PCB.PCBLine
        Error: Import is not implemented for: KiCadLib.PCB.PCBLine
        Error: Import is not implemented for: KiCadLib.PCB.PCBLine
        Error: Import is not implemented for: KiCadLib.PCB.PCBLine
        Error: Import is not implemented for: KiCadLib.PCB.PCBLine
        Error: Import is not implemented for: KiCadLib.PCB.PCBLine
        Error: Import is not implemented for: KiCadLib.PCB.PCBLine
        Error: Import is not implemented for: KiCadLib.PCB.PCBLine
        Error: Import is not implemented for: KiCadLib.PCB.PCBLine
        Error: Import is not implemented for: KiCadLib.PCB.PCBLine
        Error: Import is not implemented for: KiCadLib.PCB.PCBLine
        Error: Import is not implemented for: KiCadLib.PCB.PCBLine
        Error: Import is not implemented for: KiCadLib.PCB.PCBLine
        Error: Import is not implemented for: KiCadLib.PCB.PCBLine
        Error: Import is not implemented for: KiCadLib.PCB.PCBLine
        Error: Import is not implemented for: KiCadLib.PCB.PCBLine
        Error: Import is not implemented for: KiCadLib.PCB.PCBLine
        Error: Import is not implemented for: KiCadLib.PCB.PCBLine
        Error: Import is not implemented for: KiCadLib.PCB.PCBLine
        Error: Import is not implemented for: KiCadLib.PCB.PCBLine
        Error: Import is not implemented for: KiCadLib.PCB.PCBLine
        Error: Import is not implemented for: KiCadLib.PCB.PCBLine
        Error: Import is not implemented for: KiCadLib.PCB.PCBLine
        Error: Import is not implemented for: KiCadLib.PCB.PCBLine
        Error: Import is not implemented for: KiCadLib.PCB.PCBLine
        Error: Import is not implemented for: KiCadLib.PCB.PCBLine
        Error: Import is not implemented for: KiCadLib.PCB.PCBLine
        Error: Import is not implemented for: KiCadLib.PCB.PCBLine
        Error: Import is not implemented for: KiCadLib.PCB.PCBLine
        Error: Import is not implemented for: KiCadLib.PCB.PCBLine
        Error: Import is not implemented for: KiCadLib.PCB.PCBLine
        Error: Import is not implemented for: KiCadLib.PCB.PCBLine
        Error: Import is not implemented for: KiCadLib.PCB.PCBLine
        Error: Import is not implemented for: KiCadLib.PCB.PCBLine
        Error: Import is not implemented for: KiCadLib.PCB.PCBLine
        Error: Import is not implemented for: KiCadLib.PCB.PCBLine
        Error: Import is not implemented for: KiCadLib.PCB.PCBLine
        Error: Import is not implemented for: KiCadLib.PCB.PCBLine
        Error: Import is not implemented for: KiCadLib.PCB.PCBLine
        Error: Import is not implemented for: KiCadLib.PCB.PCBLine
        Error: Import is not implemented for: KiCadLib.PCB.PCBLine
        Error: Import is not implemented for: KiCadLib.PCB.PCBLine
        Error: Import is not implemented for: KiCadLib.PCB.PCBLine
        Error: Import is not implemented for: KiCadLib.PCB.PCBLine
        Error: Import is not implemented for: KiCadLib.PCB.PCBLine
        Error: Import is not implemented for: KiCadLib.PCB.PCBLine
        Error: Import is not implemented for: KiCadLib.PCB.PCBLine
        Error: Import is not implemented for: KiCadLib.PCB.PCBLine
        Error: Import is not implemented for: KiCadLib.PCB.PCBLine
        Error: Import is not implemented for: KiCadLib.PCB.PCBLine
        Error: Import is not implemented for: KiCadLib.PCB.PCBLine
        Error: Import is not implemented for: KiCadLib.PCB.PCBLine
        Error: Import is not implemented for: KiCadLib.PCB.PCBLine
        Error: Import is not implemented for: KiCadLib.PCB.PCBLine
        Error: Import is not implemented for: KiCadLib.PCB.PCBLine
        Error: Import is not implemented for: KiCadLib.PCB.PCBLine
        Error: Import is not implemented for: KiCadLib.PCB.PCBLine
        Error: Import is not implemented for: KiCadLib.PCB.PCBLine
        Error: Import is not implemented for: KiCadLib.PCB.PCBLine
        Error: Import is not implemented for: KiCadLib.PCB.PCBLine
        Error: Import is not implemented for: KiCadLib.PCB.PCBLine
        Error: Import is not implemented for: KiCadLib.PCB.PCBLine
        Error: Import is not implemented for: KiCadLib.PCB.PCBLine
        Error: Import is not implemented for: KiCadLib.PCB.PCBLine
        Error: Import is not implemented for: KiCadLib.PCB.PCBLine
        Error: Import is not implemented for: KiCadLib.PCB.PCBLine
        Error: Import is not implemented for: KiCadLib.PCB.PCBLine
        Error: Import is not implemented for: KiCadLib.PCB.PCBLine
        Error: Import is not implemented for: KiCadLib.PCB.PCBLine
        Error: Import is not implemented for: KiCadLib.PCB.PCBLine
        Error: Import is not implemented for: KiCadLib.PCB.PCBLine
        Error: Import is not implemented for: KiCadLib.PCB.PCBLine
        Error: Import is not implemented for: KiCadLib.PCB.PCBLine
        Error: Import is not implemented for: KiCadLib.PCB.PCBLine
        Error: Import is not implemented for: KiCadLib.PCB.PCBLine
        Error: Import is not implemented for: KiCadLib.PCB.PCBLine
        Error: Import is not implemented for: KiCadLib.PCB.PCBLine
        Error: Import is not implemented for: KiCadLib.PCB.PCBLine
        Error: Import is not implemented for: KiCadLib.PCB.PCBLine
        Error: Import is not implemented for: KiCadLib.PCB.PCBLine
        Error: Import is not implemented for: KiCadLib.PCB.PCBLine
        Error: Import is not implemented for: KiCadLib.PCB.PCBLine
        Error: Import is not implemented for: KiCadLib.PCB.PCBLine
        Error: Import is not implemented for: KiCadLib.PCB.PCBLine
        Error: Import is not implemented for: KiCadLib.PCB.PCBLine
        Error: Import is not implemented for: KiCadLib.PCB.PCBLine
        Error: Import is not implemented for: KiCadLib.PCB.PCBLine
        Error: Import is not implemented for: KiCadLib.PCB.PCBLine
        Error: Import is not implemented for: KiCadLib.PCB.PCBLine
        Error: Import is not implemented for: KiCadLib.PCB.PCBLine
        Error: Import is not implemented for: KiCadLib.PCB.PCBLine
        Error: Import is not implemented for: KiCadLib.PCB.PCBLine
        Error: Import is not implemented for: KiCadLib.PCB.PCBLine
        Error: Import is not implemented for: KiCadLib.PCB.PCBLine
        Error: Import is not implemented for: KiCadLib.PCB.PCBLine
        Error: Import is not implemented for: KiCadLib.PCB.PCBLine
        Error: Import is not implemented for: KiCadLib.PCB.PCBLine
        Error: Import is not implemented for: KiCadLib.PCB.PCBLine
        Error: Import is not implemented for: KiCadLib.PCB.PCBLine
        Error: Import is not implemented for: KiCadLib.PCB.PCBLine
        Error: Import is not implemented for: KiCadLib.PCB.PCBLine
        Error: Import is not implemented for: KiCadLib.PCB.PCBLine
        Error: Import is not implemented for: KiCadLib.PCB.PCBLine
        Error: Import is not implemented for: KiCadLib.PCB.PCBLine
        Error: Import is not implemented for: KiCadLib.PCB.PCBLine
        Error: Import is not implemented for: KiCadLib.PCB.PCBLine
        Error: Import is not implemented for: KiCadLib.PCB.PCBLine
        Error: Import is not implemented for: KiCadLib.PCB.PCBLine
        Error: Import is not implemented for: KiCadLib.PCB.PCBLine
        Error: Import is not implemented for: KiCadLib.PCB.PCBLine
        Error: Import is not implemented for: KiCadLib.PCB.PCBLine
        Error: Import is not implemented for: KiCadLib.PCB.PCBLine
        Error: Import is not implemented for: KiCadLib.PCB.PCBLine
        Error: Import is not implemented for: KiCadLib.PCB.PCBLine
        Error: Import is not implemented for: KiCadLib.PCB.PCBLine
        Error: Import is not implemented for: KiCadLib.PCB.PCBLine
        Error: Import is not implemented for: KiCadLib.PCB.PCBLine
        Error: Import is not implemented for: KiCadLib.PCB.PCBLine
        Error: Import is not implemented for: KiCadLib.PCB.PCBLine
        Error: Import is not implemented for: KiCadLib.PCB.PCBLine
        Error: Import is not implemented for: KiCadLib.PCB.PCBLine
        Error: Import is not implemented for: KiCadLib.PCB.PCBLine
        Error: Import is not implemented for: KiCadLib.PCB.PCBLine
        Error: Import is not implemented for: KiCadLib.PCB.PCBLine
        Error: Import is not implemented for: KiCadLib.PCB.PCBLine
        Error: Import is not implemented for: KiCadLib.PCB.PCBLine
        Error: Import is not implemented for: KiCadLib.PCB.PCBLine
        Error: Import is not implemented for: KiCadLib.PCB.PCBLine
        Error: Import is not implemented for: KiCadLib.PCB.PCBLine
        Error: Import is not implemented for: KiCadLib.PCB.PCBLine
        Error: Import is not implemented for: KiCadLib.PCB.PCBLine
        Error: Import is not implemented for: KiCadLib.PCB.PCBLine
        Error: Import is not implemented for: KiCadLib.PCB.PCBLine
        Error: Import is not implemented for: KiCadLib.PCB.PCBLine
        Error: Import is not implemented for: KiCadLib.PCB.PCBLine
        Error: Import is not implemented for: KiCadLib.PCB.PCBLine
        Error: Import is not implemented for: KiCadLib.PCB.PCBLine
        Error: Import is not implemented for: KiCadLib.PCB.PCBLine
        Error: Import is not implemented for: KiCadLib.PCB.PCBLine
        Error: Import is not implemented for: KiCadLib.PCB.PCBLine
        Error: Import is not implemented for: KiCadLib.PCB.PCBLine
        Error: Import is not implemented for: KiCadLib.PCB.PCBLine
        Error: Import is not implemented for: KiCadLib.PCB.PCBLine
        Error: Import is not implemented for: KiCadLib.PCB.PCBLine
        Error: Import is not implemented for: KiCadLib.PCB.PCBLine
        Error: Import is not implemented for: KiCadLib.PCB.PCBLine
        Error: Import is not implemented for: KiCadLib.PCB.PCBLine
        Error: Import is not implemented for: KiCadLib.PCB.PCBLine
        Error: Import is not implemented for: KiCadLib.PCB.PCBLine
        Error: Import is not implemented for: KiCadLib.PCB.PCBLine
        Error: Import is not implemented for: KiCadLib.PCB.PCBLine
        Error: Import is not implemented for: KiCadLib.PCB.PCBLine
        Error: Import is not implemented for: KiCadLib.PCB.PCBLine
        Error: Import is not implemented for: KiCadLib.PCB.PCBLine
        Error: Import is not implemented for: KiCadLib.PCB.PCBLine
        Error: Import is not implemented for: KiCadLib.PCB.PCBLine
        Section : Component J12 importing.
            Error: Import is not implemented for: KiCadLib.PCB.PCBLine
            Error: Import is not implemented for: KiCadLib.PCB.PCBLine
            Error: Import is not implemented for: KiCadLib.PCB.PCBLine
            Error: Import is not implemented for: KiCadLib.PCB.PCBLine
            Error: Import is not implemented for: KiCadLib.PCB.PCBLine
            Error: Import is not implemented for: KiCadLib.PCB.PCBLine
            Error: Import is not implemented for: KiCadLib.PCB.PCBLine
        EndSection
        Section : Component J8 importing.
            Error: Import is not implemented for: KiCadLib.PCB.PCBLine
            Error: Import is not implemented for: KiCadLib.PCB.PCBLine
            Error: Import is not implemented for: KiCadLib.PCB.PCBLine
            Error: Import is not implemented for: KiCadLib.PCB.PCBLine
            Error: Import is not implemented for: KiCadLib.PCB.PCBLine
            Error: Import is not implemented for: KiCadLib.PCB.PCBLine
            Error: Import is not implemented for: KiCadLib.PCB.PCBLine
        EndSection
        Section : Component L1 importing.
            Error: Import is not implemented for: KiCadLib.PCB.PCBLine
            Error: Import is not implemented for: KiCadLib.PCB.PCBLine
            Error: Import is not implemented for: KiCadLib.PCB.PCBLine
            Error: Import is not implemented for: KiCadLib.PCB.PCBLine
            Error: Import is not implemented for: KiCadLib.PCB.PCBLine
            Error: Import is not implemented for: KiCadLib.PCB.PCBLine
        EndSection
        Section : Component C24 importing.
            Error: Import is not implemented for: KiCadLib.PCB.PCBLine
            Error: Import is not implemented for: KiCadLib.PCB.PCBLine
            Error: Import is not implemented for: KiCadLib.PCB.PCBLine
            Error: Import is not implemented for: KiCadLib.PCB.PCBLine
            Error: Import is not implemented for: KiCadLib.PCB.PCBLine
            Error: Import is not implemented for: KiCadLib.PCB.PCBLine
        EndSection
        Section : Component R1 importing.
            Error: Import is not implemented for: KiCadLib.PCB.PCBLine
            Error: Import is not implemented for: KiCadLib.PCB.PCBLine
            Error: Import is not implemented for: KiCadLib.PCB.PCBLine
            Error: Import is not implemented for: KiCadLib.PCB.PCBLine
            Error: Import is not implemented for: KiCadLib.PCB.PCBLine
            Error: Import is not implemented for: KiCadLib.PCB.PCBLine
        EndSection
        Section : Component J14 importing.
            Error: Import is not implemented for: KiCadLib.PCB.PCBLine
            Error: Import is not implemented for: KiCadLib.PCB.PCBLine
            Error: Import is not implemented for: KiCadLib.PCB.PCBLine
            Error: Import is not implemented for: KiCadLib.PCB.PCBLine
            Error: Import is not implemented for: KiCadLib.PCB.PCBLine
            Error: Import is not implemented for: KiCadLib.PCB.PCBLine
            Error: Import is not implemented for: KiCadLib.PCB.PCBLine
        EndSection
        Section : Component R2 importing.
            Error: Import is not implemented for: KiCadLib.PCB.PCBLine
            Error: Import is not implemented for: KiCadLib.PCB.PCBLine
            Error: Import is not implemented for: KiCadLib.PCB.PCBLine
            Error: Import is not implemented for: KiCadLib.PCB.PCBLine
            Error: Import is not implemented for: KiCadLib.PCB.PCBLine
        EndSection
        Section : Component C34 importing.
            Error: Import is not implemented for: KiCadLib.PCB.PCBLine
            Error: Import is not implemented for: KiCadLib.PCB.PCBLine
            Error: Import is not implemented for: KiCadLib.PCB.PCBLine
            Error: Import is not implemented for: KiCadLib.PCB.PCBLine
            Error: Import is not implemented for: KiCadLib.PCB.PCBLine
            Error: Import is not implemented for: KiCadLib.PCB.PCBLine
        EndSection
        Section : Component U1 importing.
            Error: Import is not implemented for: KiCadLib.PCB.PCBLine
            Error: Import is not implemented for: KiCadLib.PCB.PCBLine
            Error: Import is not implemented for: KiCadLib.PCB.PCBLine
            Error: Import is not implemented for: KiCadLib.PCB.PCBLine
            Error: Import is not implemented for: KiCadLib.PCB.PCBLine
            Error: Import is not implemented for: KiCadLib.PCB.PCBLine
        EndSection
        Section : Component R3 importing.
            Error: Import is not implemented for: KiCadLib.PCB.PCBLine
            Error: Import is not implemented for: KiCadLib.PCB.PCBLine
            Error: Import is not implemented for: KiCadLib.PCB.PCBLine
            Error: Import is not implemented for: KiCadLib.PCB.PCBLine
            Error: Import is not implemented for: KiCadLib.PCB.PCBLine
        EndSection
        Section : Component J2 importing.
            Error: Import is not implemented for: KiCadLib.PCB.PCBLine
            Error: Import is not implemented for: KiCadLib.PCB.PCBLine
            Error: Import is not implemented for: KiCadLib.PCB.PCBLine
            Error: Import is not implemented for: KiCadLib.PCB.PCBLine
            Error: Import is not implemented for: KiCadLib.PCB.PCBLine
            Error: Import is not implemented for: KiCadLib.PCB.PCBLine
            Error: Import is not implemented for: KiCadLib.PCB.PCBLine
            Error: Import is not implemented for: KiCadLib.PCB.PCBLine
        EndSection
        Section : Component J11 importing.
            Error: Import is not implemented for: KiCadLib.PCB.PCBLine
            Error: Import is not implemented for: KiCadLib.PCB.PCBLine
            Error: Import is not implemented for: KiCadLib.PCB.PCBLine
            Error: Import is not implemented for: KiCadLib.PCB.PCBLine
            Error: Import is not implemented for: KiCadLib.PCB.PCBLine
            Error: Import is not implemented for: KiCadLib.PCB.PCBLine
            Error: Import is not implemented for: KiCadLib.PCB.PCBLine
        EndSection
        Section : Component C23 importing.
            Error: Import is not implemented for: KiCadLib.PCB.PCBLine
            Error: Import is not implemented for: KiCadLib.PCB.PCBLine
            Error: Import is not implemented for: KiCadLib.PCB.PCBLine
            Error: Import is not implemented for: KiCadLib.PCB.PCBLine
            Error: Import is not implemented for: KiCadLib.PCB.PCBLine
        EndSection
        Section : Component J4 importing.
            Error: Import is not implemented for: KiCadLib.PCB.PCBLine
            Error: Import is not implemented for: KiCadLib.PCB.PCBLine
            Error: Import is not implemented for: KiCadLib.PCB.PCBLine
            Error: Import is not implemented for: KiCadLib.PCB.PCBLine
            Error: Import is not implemented for: KiCadLib.PCB.PCBLine
            Error: Import is not implemented for: KiCadLib.PCB.PCBLine
            Error: Import is not implemented for: KiCadLib.PCB.PCBLine
        EndSection
        Section : Component R5 importing.
            Error: Import is not implemented for: KiCadLib.PCB.PCBLine
            Error: Import is not implemented for: KiCadLib.PCB.PCBLine
            Error: Import is not implemented for: KiCadLib.PCB.PCBLine
            Error: Import is not implemented for: KiCadLib.PCB.PCBLine
            Error: Import is not implemented for: KiCadLib.PCB.PCBLine
        EndSection
        Section : Component IC1 importing.
            Error: Import is not implemented for: KiCadLib.PCB.PCBLine
            Error: Import is not implemented for: KiCadLib.PCB.PCBLine
            Error: Import is not implemented for: KiCadLib.PCB.PCBLine
            Error: Import is not implemented for: KiCadLib.PCB.PCBLine
            Error: Import is not implemented for: KiCadLib.PCB.PCBLine
            Error: Import is not implemented for: KiCadLib.PCB.PCBLine
            Error: Import is not implemented for: KiCadLib.PCB.PCBLine
            Error: Import is not implemented for: KiCadLib.PCB.PCBLine
        EndSection
        Section : Component R4 importing.
            Error: Import is not implemented for: KiCadLib.PCB.PCBLine
            Error: Import is not implemented for: KiCadLib.PCB.PCBLine
            Error: Import is not implemented for: KiCadLib.PCB.PCBLine
            Error: Import is not implemented for: KiCadLib.PCB.PCBLine
            Error: Import is not implemented for: KiCadLib.PCB.PCBLine
        EndSection
        Section : Component D1 importing.
            Error: Import is not implemented for: KiCadLib.PCB.PCBLine
            Error: Import is not implemented for: KiCadLib.PCB.PCBLine
            Error: Import is not implemented for: KiCadLib.PCB.PCBLine
            Error: Import is not implemented for: KiCadLib.PCB.PCBLine
            Error: Import is not implemented for: KiCadLib.PCB.PCBLine
            Error: Import is not implemented for: KiCadLib.PCB.PCBLine
            Error: Import is not implemented for: KiCadLib.PCB.PCBLine
            Error: Import is not implemented for: KiCadLib.PCB.PCBLine
        EndSection
        Section : Component J7 importing.
            Error: Import is not implemented for: KiCadLib.PCB.PCBLine
            Error: Import is not implemented for: KiCadLib.PCB.PCBLine
            Error: Import is not implemented for: KiCadLib.PCB.PCBLine
            Error: Import is not implemented for: KiCadLib.PCB.PCBLine
            Error: Import is not implemented for: KiCadLib.PCB.PCBLine
            Error: Import is not implemented for: KiCadLib.PCB.PCBLine
            Error: Import is not implemented for: KiCadLib.PCB.PCBLine
        EndSection
        Section : Component J3 importing.
            Error: Import is not implemented for: KiCadLib.PCB.PCBLine
            Error: Import is not implemented for: KiCadLib.PCB.PCBLine
            Error: Import is not implemented for: KiCadLib.PCB.PCBLine
            Error: Import is not implemented for: KiCadLib.PCB.PCBLine
            Error: Import is not implemented for: KiCadLib.PCB.PCBLine
            Error: Import is not implemented for: KiCadLib.PCB.PCBLine
            Error: Import is not implemented for: KiCadLib.PCB.PCBLine
        EndSection
        Section : Component C35 importing.
            Error: Import is not implemented for: KiCadLib.PCB.PCBLine
            Error: Import is not implemented for: KiCadLib.PCB.PCBLine
            Error: Import is not implemented for: KiCadLib.PCB.PCBLine
            Error: Import is not implemented for: KiCadLib.PCB.PCBLine
            Error: Import is not implemented for: KiCadLib.PCB.PCBLine
            Error: Import is not implemented for: KiCadLib.PCB.PCBLine
        EndSection
        Section : Component C36 importing.
            Error: Import is not implemented for: KiCadLib.PCB.PCBLine
            Error: Import is not implemented for: KiCadLib.PCB.PCBLine
            Error: Import is not implemented for: KiCadLib.PCB.PCBLine
            Error: Import is not implemented for: KiCadLib.PCB.PCBLine
            Error: Import is not implemented for: KiCadLib.PCB.PCBLine
        EndSection
        Section : Component J1 importing.
            Error: Import is not implemented for: KiCadLib.PCB.PCBLine
            Error: Import is not implemented for: KiCadLib.PCB.PCBLine
            Error: Import is not implemented for: KiCadLib.PCB.PCBLine
            Error: Import is not implemented for: KiCadLib.PCB.PCBLine
            Error: Import is not implemented for: KiCadLib.PCB.PCBLine
            Error: Import is not implemented for: KiCadLib.PCB.PCBLine
            Error: Import is not implemented for: KiCadLib.PCB.PCBLine
        EndSection
        Section : Component C22 importing.
            Error: Import is not implemented for: KiCadLib.PCB.PCBLine
            Error: Import is not implemented for: KiCadLib.PCB.PCBLine
            Error: Import is not implemented for: KiCadLib.PCB.PCBLine
            Error: Import is not implemented for: KiCadLib.PCB.PCBLine
            Error: Import is not implemented for: KiCadLib.PCB.PCBLine
        EndSection
        Section : Component C31 importing.
            Error: Import is not implemented for: KiCadLib.PCB.PCBLine
            Error: Import is not implemented for: KiCadLib.PCB.PCBLine
            Error: Import is not implemented for: KiCadLib.PCB.PCBLine
            Error: Import is not implemented for: KiCadLib.PCB.PCBLine
            Error: Import is not implemented for: KiCadLib.PCB.PCBLine
        EndSection
        Section : Component IC3 importing.
            Error: Import is not implemented for: KiCadLib.PCB.PCBLine
            Error: Import is not implemented for: KiCadLib.PCB.PCBLine
            Error: Import is not implemented for: KiCadLib.PCB.PCBLine
            Error: Import is not implemented for: KiCadLib.PCB.PCBLine
            Error: Import is not implemented for: KiCadLib.PCB.PCBLine
            Error: Import is not implemented for: KiCadLib.PCB.PCBLine
            Error: Import is not implemented for: KiCadLib.PCB.PCBLine
            Error: Import is not implemented for: KiCadLib.PCB.PCBLine
        EndSection
        Section : Component IC2 importing.
            Error: Import is not implemented for: KiCadLib.PCB.PCBLine
            Error: Import is not implemented for: KiCadLib.PCB.PCBLine
            Error: Import is not implemented for: KiCadLib.PCB.PCBLine
            Error: Import is not implemented for: KiCadLib.PCB.PCBLine
            Error: Import is not implemented for: KiCadLib.PCB.PCBLine
            Error: Import is not implemented for: KiCadLib.PCB.PCBLine
            Error: Import is not implemented for: KiCadLib.PCB.PCBLine
            Error: Import is not implemented for: KiCadLib.PCB.PCBLine
        EndSection
        Section : Component Y1 importing.
            Error: Import is not implemented for: KiCadLib.PCB.PCBLine
            Error: Import is not implemented for: KiCadLib.PCB.PCBLine
            Error: Import is not implemented for: KiCadLib.PCB.PCBLine
            Error: Import is not implemented for: KiCadLib.PCB.PCBLine
            Error: Import is not implemented for: KiCadLib.PCB.PCBLine
            Error: Import is not implemented for: KiCadLib.PCB.PCBLine
        EndSection
        Section : Component C33 importing.
            Error: Import is not implemented for: KiCadLib.PCB.PCBLine
            Error: Import is not implemented for: KiCadLib.PCB.PCBLine
            Error: Import is not implemented for: KiCadLib.PCB.PCBLine
            Error: Import is not implemented for: KiCadLib.PCB.PCBLine
            Error: Import is not implemented for: KiCadLib.PCB.PCBLine
        EndSection
        Section : Component D2 importing.
            Error: Import is not implemented for: KiCadLib.PCB.PCBLine
            Error: Import is not implemented for: KiCadLib.PCB.PCBLine
            Error: Import is not implemented for: KiCadLib.PCB.PCBLine
            Error: Import is not implemented for: KiCadLib.PCB.PCBLine
            Error: Import is not implemented for: KiCadLib.PCB.PCBLine
            Error: Import is not implemented for: KiCadLib.PCB.PCBLine
            Error: Import is not implemented for: KiCadLib.PCB.PCBLine
            Error: Import is not implemented for: KiCadLib.PCB.PCBLine
        EndSection
        Section : Component J9 importing.
            Error: Import is not implemented for: KiCadLib.PCB.PCBLine
            Error: Import is not implemented for: KiCadLib.PCB.PCBLine
            Error: Import is not implemented for: KiCadLib.PCB.PCBLine
            Error: Import is not implemented for: KiCadLib.PCB.PCBLine
            Error: Import is not implemented for: KiCadLib.PCB.PCBLine
            Error: Import is not implemented for: KiCadLib.PCB.PCBLine
            Error: Import is not implemented for: KiCadLib.PCB.PCBLine
        EndSection
        Section : Component J13 importing.
            Error: Import is not implemented for: KiCadLib.PCB.PCBLine
            Error: Import is not implemented for: KiCadLib.PCB.PCBLine
            Error: Import is not implemented for: KiCadLib.PCB.PCBLine
            Error: Import is not implemented for: KiCadLib.PCB.PCBLine
            Error: Import is not implemented for: KiCadLib.PCB.PCBLine
            Error: Import is not implemented for: KiCadLib.PCB.PCBLine
            Error: Import is not implemented for: KiCadLib.PCB.PCBLine
        EndSection
        Section : Component J10 importing.
            Error: Import is not implemented for: KiCadLib.PCB.PCBLine
            Error: Import is not implemented for: KiCadLib.PCB.PCBLine
            Error: Import is not implemented for: KiCadLib.PCB.PCBLine
            Error: Import is not implemented for: KiCadLib.PCB.PCBLine
            Error: Import is not implemented for: KiCadLib.PCB.PCBLine
            Error: Import is not implemented for: KiCadLib.PCB.PCBLine
            Error: Import is not implemented for: KiCadLib.PCB.PCBLine
        EndSection
        Section : Component J5 importing.
            Error: Import is not implemented for: KiCadLib.PCB.PCBLine
            Error: Import is not implemented for: KiCadLib.PCB.PCBLine
            Error: Import is not implemented for: KiCadLib.PCB.PCBLine
            Error: Import is not implemented for: KiCadLib.PCB.PCBLine
            Error: Import is not implemented for: KiCadLib.PCB.PCBLine
            Error: Import is not implemented for: KiCadLib.PCB.PCBLine
            Error: Import is not implemented for: KiCadLib.PCB.PCBLine
        EndSection
        Section : Component J6 importing.
            Error: Import is not implemented for: KiCadLib.PCB.PCBLine
            Error: Import is not implemented for: KiCadLib.PCB.PCBLine
            Error: Import is not implemented for: KiCadLib.PCB.PCBLine
            Error: Import is not implemented for: KiCadLib.PCB.PCBLine
            Error: Import is not implemented for: KiCadLib.PCB.PCBLine
            Error: Import is not implemented for: KiCadLib.PCB.PCBLine
            Error: Import is not implemented for: KiCadLib.PCB.PCBLine
        EndSection
        Section : Component C41 importing.
            Error: Import is not implemented for: KiCadLib.PCB.PCBLine
            Error: Import is not implemented for: KiCadLib.PCB.PCBLine
            Error: Import is not implemented for: KiCadLib.PCB.PCBLine
            Error: Import is not implemented for: KiCadLib.PCB.PCBLine
            Error: Import is not implemented for: KiCadLib.PCB.PCBLine
        EndSection
        Section : Component C29 importing.
            Error: Import is not implemented for: KiCadLib.PCB.PCBLine
            Error: Import is not implemented for: KiCadLib.PCB.PCBLine
            Error: Import is not implemented for: KiCadLib.PCB.PCBLine
            Error: Import is not implemented for: KiCadLib.PCB.PCBLine
            Error: Import is not implemented for: KiCadLib.PCB.PCBLine
            Error: Import is not implemented for: KiCadLib.PCB.PCBLine
        EndSection
        Section : Component C11 importing.
            Error: Import is not implemented for: KiCadLib.PCB.PCBLine
            Error: Import is not implemented for: KiCadLib.PCB.PCBLine
            Error: Import is not implemented for: KiCadLib.PCB.PCBLine
            Error: Import is not implemented for: KiCadLib.PCB.PCBLine
            Error: Import is not implemented for: KiCadLib.PCB.PCBLine
        EndSection
        Section : Component C16 importing.
            Error: Import is not implemented for: KiCadLib.PCB.PCBLine
            Error: Import is not implemented for: KiCadLib.PCB.PCBLine
            Error: Import is not implemented for: KiCadLib.PCB.PCBLine
            Error: Import is not implemented for: KiCadLib.PCB.PCBLine
            Error: Import is not implemented for: KiCadLib.PCB.PCBLine
        EndSection
        Section : Component C21 importing.
            Error: Import is not implemented for: KiCadLib.PCB.PCBLine
            Error: Import is not implemented for: KiCadLib.PCB.PCBLine
            Error: Import is not implemented for: KiCadLib.PCB.PCBLine
            Error: Import is not implemented for: KiCadLib.PCB.PCBLine
            Error: Import is not implemented for: KiCadLib.PCB.PCBLine
        EndSection
        Section : Component C18 importing.
            Error: Import is not implemented for: KiCadLib.PCB.PCBLine
            Error: Import is not implemented for: KiCadLib.PCB.PCBLine
            Error: Import is not implemented for: KiCadLib.PCB.PCBLine
            Error: Import is not implemented for: KiCadLib.PCB.PCBLine
            Error: Import is not implemented for: KiCadLib.PCB.PCBLine
        EndSection
        Section : Component C20 importing.
            Error: Import is not implemented for: KiCadLib.PCB.PCBLine
            Error: Import is not implemented for: KiCadLib.PCB.PCBLine
            Error: Import is not implemented for: KiCadLib.PCB.PCBLine
            Error: Import is not implemented for: KiCadLib.PCB.PCBLine
            Error: Import is not implemented for: KiCadLib.PCB.PCBLine
        EndSection
        Section : Component C25 importing.
            Error: Import is not implemented for: KiCadLib.PCB.PCBLine
            Error: Import is not implemented for: KiCadLib.PCB.PCBLine
            Error: Import is not implemented for: KiCadLib.PCB.PCBLine
            Error: Import is not implemented for: KiCadLib.PCB.PCBLine
            Error: Import is not implemented for: KiCadLib.PCB.PCBLine
        EndSection
        Section : Component C27 importing.
            Error: Import is not implemented for: KiCadLib.PCB.PCBLine
            Error: Import is not implemented for: KiCadLib.PCB.PCBLine
            Error: Import is not implemented for: KiCadLib.PCB.PCBLine
            Error: Import is not implemented for: KiCadLib.PCB.PCBLine
            Error: Import is not implemented for: KiCadLib.PCB.PCBLine
            Error: Import is not implemented for: KiCadLib.PCB.PCBLine
        EndSection
        Section : Component C30 importing.
            Error: Import is not implemented for: KiCadLib.PCB.PCBLine
            Error: Import is not implemented for: KiCadLib.PCB.PCBLine
            Error: Import is not implemented for: KiCadLib.PCB.PCBLine
            Error: Import is not implemented for: KiCadLib.PCB.PCBLine
            Error: Import is not implemented for: KiCadLib.PCB.PCBLine
            Error: Import is not implemented for: KiCadLib.PCB.PCBLine
        EndSection
        Section : Component C28 importing.
            Error: Import is not implemented for: KiCadLib.PCB.PCBLine
            Error: Import is not implemented for: KiCadLib.PCB.PCBLine
            Error: Import is not implemented for: KiCadLib.PCB.PCBLine
            Error: Import is not implemented for: KiCadLib.PCB.PCBLine
            Error: Import is not implemented for: KiCadLib.PCB.PCBLine
        EndSection
        Section : Component C17 importing.
            Error: Import is not implemented for: KiCadLib.PCB.PCBLine
            Error: Import is not implemented for: KiCadLib.PCB.PCBLine
            Error: Import is not implemented for: KiCadLib.PCB.PCBLine
            Error: Import is not implemented for: KiCadLib.PCB.PCBLine
            Error: Import is not implemented for: KiCadLib.PCB.PCBLine
        EndSection
        Section : Component C37 importing.
            Error: Import is not implemented for: KiCadLib.PCB.PCBLine
            Error: Import is not implemented for: KiCadLib.PCB.PCBLine
            Error: Import is not implemented for: KiCadLib.PCB.PCBLine
            Error: Import is not implemented for: KiCadLib.PCB.PCBLine
            Error: Import is not implemented for: KiCadLib.PCB.PCBLine
        EndSection
        Section : Component C4 importing.
            Error: Import is not implemented for: KiCadLib.PCB.PCBLine
            Error: Import is not implemented for: KiCadLib.PCB.PCBLine
            Error: Import is not implemented for: KiCadLib.PCB.PCBLine
            Error: Import is not implemented for: KiCadLib.PCB.PCBLine
            Error: Import is not implemented for: KiCadLib.PCB.PCBLine
        EndSection
        Section : Component C10 importing.
            Error: Import is not implemented for: KiCadLib.PCB.PCBLine
            Error: Import is not implemented for: KiCadLib.PCB.PCBLine
            Error: Import is not implemented for: KiCadLib.PCB.PCBLine
            Error: Import is not implemented for: KiCadLib.PCB.PCBLine
            Error: Import is not implemented for: KiCadLib.PCB.PCBLine
        EndSection
        Section : Component FL1 importing.
            Error: Import is not implemented for: KiCadLib.PCB.PCBLine
            Error: Import is not implemented for: KiCadLib.PCB.PCBLine
            Error: Import is not implemented for: KiCadLib.PCB.PCBLine
            Error: Import is not implemented for: KiCadLib.PCB.PCBLine
            Error: Import is not implemented for: KiCadLib.PCB.PCBLine
            Error: Import is not implemented for: KiCadLib.PCB.PCBLine
        EndSection
        Section : Component C39 importing.
            Error: Import is not implemented for: KiCadLib.PCB.PCBLine
            Error: Import is not implemented for: KiCadLib.PCB.PCBLine
            Error: Import is not implemented for: KiCadLib.PCB.PCBLine
            Error: Import is not implemented for: KiCadLib.PCB.PCBLine
            Error: Import is not implemented for: KiCadLib.PCB.PCBLine
        EndSection
        Section : Component C1 importing.
            Error: Import is not implemented for: KiCadLib.PCB.PCBLine
            Error: Import is not implemented for: KiCadLib.PCB.PCBLine
            Error: Import is not implemented for: KiCadLib.PCB.PCBLine
            Error: Import is not implemented for: KiCadLib.PCB.PCBLine
            Error: Import is not implemented for: KiCadLib.PCB.PCBLine
        EndSection
        Section : Component C12 importing.
            Error: Import is not implemented for: KiCadLib.PCB.PCBLine
            Error: Import is not implemented for: KiCadLib.PCB.PCBLine
            Error: Import is not implemented for: KiCadLib.PCB.PCBLine
            Error: Import is not implemented for: KiCadLib.PCB.PCBLine
            Error: Import is not implemented for: KiCadLib.PCB.PCBLine
        EndSection
        Section : Component C14 importing.
            Error: Import is not implemented for: KiCadLib.PCB.PCBLine
            Error: Import is not implemented for: KiCadLib.PCB.PCBLine
            Error: Import is not implemented for: KiCadLib.PCB.PCBLine
            Error: Import is not implemented for: KiCadLib.PCB.PCBLine
            Error: Import is not implemented for: KiCadLib.PCB.PCBLine
        EndSection
        Section : Component C9 importing.
            Error: Import is not implemented for: KiCadLib.PCB.PCBLine
            Error: Import is not implemented for: KiCadLib.PCB.PCBLine
            Error: Import is not implemented for: KiCadLib.PCB.PCBLine
            Error: Import is not implemented for: KiCadLib.PCB.PCBLine
            Error: Import is not implemented for: KiCadLib.PCB.PCBLine
        EndSection
        Section : Component C13 importing.
            Error: Import is not implemented for: KiCadLib.PCB.PCBLine
            Error: Import is not implemented for: KiCadLib.PCB.PCBLine
            Error: Import is not implemented for: KiCadLib.PCB.PCBLine
            Error: Import is not implemented for: KiCadLib.PCB.PCBLine
            Error: Import is not implemented for: KiCadLib.PCB.PCBLine
        EndSection
        Section : Component C6 importing.
            Error: Import is not implemented for: KiCadLib.PCB.PCBLine
            Error: Import is not implemented for: KiCadLib.PCB.PCBLine
            Error: Import is not implemented for: KiCadLib.PCB.PCBLine
            Error: Import is not implemented for: KiCadLib.PCB.PCBLine
            Error: Import is not implemented for: KiCadLib.PCB.PCBLine
        EndSection
        Section : Component C5 importing.
            Error: Import is not implemented for: KiCadLib.PCB.PCBLine
            Error: Import is not implemented for: KiCadLib.PCB.PCBLine
            Error: Import is not implemented for: KiCadLib.PCB.PCBLine
            Error: Import is not implemented for: KiCadLib.PCB.PCBLine
            Error: Import is not implemented for: KiCadLib.PCB.PCBLine
        EndSection
        Section : Component C40 importing.
            Error: Import is not implemented for: KiCadLib.PCB.PCBLine
            Error: Import is not implemented for: KiCadLib.PCB.PCBLine
            Error: Import is not implemented for: KiCadLib.PCB.PCBLine
            Error: Import is not implemented for: KiCadLib.PCB.PCBLine
            Error: Import is not implemented for: KiCadLib.PCB.PCBLine
        EndSection
        Section : Component C8 importing.
            Error: Import is not implemented for: KiCadLib.PCB.PCBLine
            Error: Import is not implemented for: KiCadLib.PCB.PCBLine
            Error: Import is not implemented for: KiCadLib.PCB.PCBLine
            Error: Import is not implemented for: KiCadLib.PCB.PCBLine
            Error: Import is not implemented for: KiCadLib.PCB.PCBLine
        EndSection
        Section : Component C26 importing.
            Error: Import is not implemented for: KiCadLib.PCB.PCBLine
            Error: Import is not implemented for: KiCadLib.PCB.PCBLine
            Error: Import is not implemented for: KiCadLib.PCB.PCBLine
            Error: Import is not implemented for: KiCadLib.PCB.PCBLine
            Error: Import is not implemented for: KiCadLib.PCB.PCBLine
            Error: Import is not implemented for: KiCadLib.PCB.PCBLine
        EndSection
        Section : Component C19 importing.
            Error: Import is not implemented for: KiCadLib.PCB.PCBLine
            Error: Import is not implemented for: KiCadLib.PCB.PCBLine
            Error: Import is not implemented for: KiCadLib.PCB.PCBLine
            Error: Import is not implemented for: KiCadLib.PCB.PCBLine
            Error: Import is not implemented for: KiCadLib.PCB.PCBLine
        EndSection
        Section : Component C2 importing.
            Error: Import is not implemented for: KiCadLib.PCB.PCBLine
            Error: Import is not implemented for: KiCadLib.PCB.PCBLine
            Error: Import is not implemented for: KiCadLib.PCB.PCBLine
            Error: Import is not implemented for: KiCadLib.PCB.PCBLine
            Error: Import is not implemented for: KiCadLib.PCB.PCBLine
        EndSection
        Section : Component C32 importing.
            Error: Import is not implemented for: KiCadLib.PCB.PCBLine
            Error: Import is not implemented for: KiCadLib.PCB.PCBLine
            Error: Import is not implemented for: KiCadLib.PCB.PCBLine
            Error: Import is not implemented for: KiCadLib.PCB.PCBLine
            Error: Import is not implemented for: KiCadLib.PCB.PCBLine
            Error: Import is not implemented for: KiCadLib.PCB.PCBLine
        EndSection
        Section : Component C3 importing.
            Error: Import is not implemented for: KiCadLib.PCB.PCBLine
            Error: Import is not implemented for: KiCadLib.PCB.PCBLine
            Error: Import is not implemented for: KiCadLib.PCB.PCBLine
            Error: Import is not implemented for: KiCadLib.PCB.PCBLine
            Error: Import is not implemented for: KiCadLib.PCB.PCBLine
        EndSection
        Section : Component C38 importing.
            Error: Import is not implemented for: KiCadLib.PCB.PCBLine
            Error: Import is not implemented for: KiCadLib.PCB.PCBLine
            Error: Import is not implemented for: KiCadLib.PCB.PCBLine
            Error: Import is not implemented for: KiCadLib.PCB.PCBLine
            Error: Import is not implemented for: KiCadLib.PCB.PCBLine
        EndSection
        Section : Component C7 importing.
            Error: Import is not implemented for: KiCadLib.PCB.PCBLine
            Error: Import is not implemented for: KiCadLib.PCB.PCBLine
            Error: Import is not implemented for: KiCadLib.PCB.PCBLine
            Error: Import is not implemented for: KiCadLib.PCB.PCBLine
            Error: Import is not implemented for: KiCadLib.PCB.PCBLine
        EndSection
        Section : Component C15 importing.
            Error: Import is not implemented for: KiCadLib.PCB.PCBLine
            Error: Import is not implemented for: KiCadLib.PCB.PCBLine
            Error: Import is not implemented for: KiCadLib.PCB.PCBLine
            Error: Import is not implemented for: KiCadLib.PCB.PCBLine
            Error: Import is not implemented for: KiCadLib.PCB.PCBLine
        EndSection
    EndSection
