ISO-10303-21;
HEADER;
FILE_DESCRIPTION((''),'2;1');
FILE_NAME('2059570671','2019-11-06T',('gga'),(''),
'PRO/ENGINEER BY PARAMETRIC TECHNOLOGY CORPORATION, 2016010',
'PRO/ENGINEER BY PARAMETRIC TECHNOLOGY CORPORATION, 2016010','');
FILE_SCHEMA(('CONFIG_CONTROL_DESIGN'));
ENDSEC;
DATA;
#1=DIRECTION('',(1.E0,0.E0,0.E0));
#2=VECTOR('',#1,4.E-1);
#3=CARTESIAN_POINT('',(-2.075E0,-1.792273670013E0,-1.965585425805E-1));
#4=LINE('',#3,#2);
#5=DIRECTION('',(0.E0,0.E0,1.E0));
#6=VECTOR('',#5,1.75E0);
#7=CARTESIAN_POINT('',(-2.075E0,-9.8E-1,-6.2E-1));
#8=LINE('',#7,#6);
#9=CARTESIAN_POINT('',(-2.075E0,-1.18E0,1.13E0));
#10=DIRECTION('',(1.E0,0.E0,0.E0));
#11=DIRECTION('',(0.E0,1.E0,0.E0));
#12=AXIS2_PLACEMENT_3D('',#9,#10,#11);
#14=DIRECTION('',(0.E0,-1.E0,0.E0));
#15=VECTOR('',#14,2.5E-1);
#16=CARTESIAN_POINT('',(-2.075E0,-1.18E0,1.33E0));
#17=LINE('',#16,#15);
#18=DIRECTION('',(0.E0,-1.961161351382E-1,-9.805806756909E-1));
#19=VECTOR('',#18,2.549509756796E-1);
#20=CARTESIAN_POINT('',(-2.075E0,-1.43E0,1.33E0));
#21=LINE('',#20,#19);
#22=DIRECTION('',(0.E0,0.E0,-1.E0));
#23=VECTOR('',#22,3.E-1);
#24=CARTESIAN_POINT('',(-2.075E0,-1.48E0,1.08E0));
#25=LINE('',#24,#23);
#26=DIRECTION('',(0.E0,-1.E0,0.E0));
#27=VECTOR('',#26,3.5E-1);
#28=CARTESIAN_POINT('',(-2.075E0,-1.48E0,7.8E-1));
#29=LINE('',#28,#27);
#30=DIRECTION('',(0.E0,-2.425356250363E-1,-9.701425001453E-1));
#31=VECTOR('',#30,1.236931687685E-1);
#32=CARTESIAN_POINT('',(-2.075E0,-1.83E0,7.8E-1));
#33=LINE('',#32,#31);
#34=CARTESIAN_POINT('',(-2.075E0,-1.74E0,-5.596173101136E-2));
#35=DIRECTION('',(1.E0,0.E0,0.E0));
#36=DIRECTION('',(0.E0,-8.E-1,-6.E-1));
#37=AXIS2_PLACEMENT_3D('',#34,#35,#36);
#39=DIRECTION('',(0.E0,9.373120771278E-1,-3.484911334172E-1));
#40=VECTOR('',#39,3.685788422894E-2);
#41=CARTESIAN_POINT('',(-2.075E0,-1.792273670013E0,-1.965585425805E-1));
#42=LINE('',#41,#40);
#43=CARTESIAN_POINT('',(-2.075E0,-1.81E0,-3.5E-1));
#44=DIRECTION('',(-1.E0,0.E0,0.E0));
#45=DIRECTION('',(0.E0,3.484911334172E-1,9.373120771278E-1));
#46=AXIS2_PLACEMENT_3D('',#43,#44,#45);
#48=DIRECTION('',(0.E0,0.E0,-1.E0));
#49=VECTOR('',#48,2.7E-1);
#50=CARTESIAN_POINT('',(-2.075E0,-1.66E0,-3.5E-1));
#51=LINE('',#50,#49);
#52=DIRECTION('',(0.E0,-1.E0,0.E0));
#53=VECTOR('',#52,1.5E-1);
#54=CARTESIAN_POINT('',(-2.075E0,-2.43E0,-1.67E0));
#55=LINE('',#54,#53);
#56=DIRECTION('',(0.E0,-7.071067811866E-1,-7.071067811865E-1));
#57=VECTOR('',#56,1.414213562373E-1);
#58=CARTESIAN_POINT('',(-2.075E0,-2.58E0,-1.67E0));
#59=LINE('',#58,#57);
#60=DIRECTION('',(0.E0,0.E0,-1.E0));
#61=VECTOR('',#60,4.5E-1);
#62=CARTESIAN_POINT('',(-2.075E0,-2.68E0,-1.77E0));
#63=LINE('',#62,#61);
#64=DIRECTION('',(0.E0,7.071067811865E-1,-7.071067811865E-1));
#65=VECTOR('',#64,1.414213562373E-1);
#66=CARTESIAN_POINT('',(-2.075E0,-2.68E0,-2.22E0));
#67=LINE('',#66,#65);
#68=DIRECTION('',(0.E0,1.E0,0.E0));
#69=VECTOR('',#68,4.5E-1);
#70=CARTESIAN_POINT('',(-2.075E0,-2.58E0,-2.32E0));
#71=LINE('',#70,#69);
#72=DIRECTION('',(0.E0,7.071067811865E-1,7.071067811866E-1));
#73=VECTOR('',#72,1.414213562373E-1);
#74=CARTESIAN_POINT('',(-2.075E0,-2.13E0,-2.32E0));
#75=LINE('',#74,#73);
#76=DIRECTION('',(0.E0,0.E0,1.E0));
#77=VECTOR('',#76,5.E-2);
#78=CARTESIAN_POINT('',(-2.075E0,-2.03E0,-2.22E0));
#79=LINE('',#78,#77);
#80=DIRECTION('',(1.E0,0.E0,0.E0));
#81=VECTOR('',#80,9.25E-1);
#82=CARTESIAN_POINT('',(3.325E0,-1.86E0,-6.2E-1));
#83=LINE('',#82,#81);
#84=DIRECTION('',(1.E0,0.E0,0.E0));
#85=VECTOR('',#84,8.5E-1);
#86=CARTESIAN_POINT('',(2.075E0,-1.86E0,-6.2E-1));
#87=LINE('',#86,#85);
#88=DIRECTION('',(1.E0,0.E0,0.E0));
#89=VECTOR('',#88,8.5E-1);
#90=CARTESIAN_POINT('',(8.25E-1,-1.86E0,-6.2E-1));
#91=LINE('',#90,#89);
#92=DIRECTION('',(1.E0,0.E0,0.E0));
#93=VECTOR('',#92,8.5E-1);
#94=CARTESIAN_POINT('',(-4.25E-1,-1.86E0,-6.2E-1));
#95=LINE('',#94,#93);
#96=DIRECTION('',(1.E0,0.E0,0.E0));
#97=VECTOR('',#96,8.5E-1);
#98=CARTESIAN_POINT('',(-1.675E0,-1.86E0,-6.2E-1));
#99=LINE('',#98,#97);
#100=DIRECTION('',(1.E0,0.E0,0.E0));
#101=VECTOR('',#100,8.5E-1);
#102=CARTESIAN_POINT('',(-2.925E0,-1.86E0,-6.2E-1));
#103=LINE('',#102,#101);
#104=DIRECTION('',(1.E0,0.E0,0.E0));
#105=VECTOR('',#104,9.25E-1);
#106=CARTESIAN_POINT('',(-4.25E0,-1.86E0,-6.2E-1));
#107=LINE('',#106,#105);
#108=DIRECTION('',(0.E0,-1.E0,0.E0));
#109=VECTOR('',#108,1.12E0);
#110=CARTESIAN_POINT('',(-4.25E0,-7.4E-1,-6.2E-1));
#111=LINE('',#110,#109);
#112=DIRECTION('',(7.071067811865E-1,-7.071067811865E-1,0.E0));
#113=VECTOR('',#112,2.121320343560E-1);
#114=CARTESIAN_POINT('',(-4.4E0,-5.9E-1,-6.2E-1));
#115=LINE('',#114,#113);
#116=DIRECTION('',(0.E0,-1.E0,0.E0));
#117=VECTOR('',#116,1.35E0);
#118=CARTESIAN_POINT('',(-4.4E0,7.6E-1,-6.2E-1));
#119=LINE('',#118,#117);
#120=DIRECTION('',(-1.E0,0.E0,0.E0));
#121=VECTOR('',#120,6.3E-1);
#122=CARTESIAN_POINT('',(-3.77E0,7.6E-1,-6.2E-1));
#123=LINE('',#122,#121);
#124=DIRECTION('',(0.E0,1.E0,0.E0));
#125=VECTOR('',#124,8.5E-1);
#126=CARTESIAN_POINT('',(-3.77E0,-9.E-2,-6.2E-1));
#127=LINE('',#126,#125);
#128=DIRECTION('',(-1.E0,0.E0,0.E0));
#129=VECTOR('',#128,7.54E0);
#130=CARTESIAN_POINT('',(3.77E0,-9.E-2,-6.2E-1));
#131=LINE('',#130,#129);
#132=DIRECTION('',(0.E0,-1.E0,0.E0));
#133=VECTOR('',#132,8.5E-1);
#134=CARTESIAN_POINT('',(3.77E0,7.6E-1,-6.2E-1));
#135=LINE('',#134,#133);
#136=DIRECTION('',(-1.E0,0.E0,0.E0));
#137=VECTOR('',#136,6.3E-1);
#138=CARTESIAN_POINT('',(4.4E0,7.6E-1,-6.2E-1));
#139=LINE('',#138,#137);
#140=DIRECTION('',(0.E0,1.E0,0.E0));
#141=VECTOR('',#140,1.35E0);
#142=CARTESIAN_POINT('',(4.4E0,-5.9E-1,-6.2E-1));
#143=LINE('',#142,#141);
#144=DIRECTION('',(7.071067811865E-1,7.071067811865E-1,0.E0));
#145=VECTOR('',#144,2.121320343560E-1);
#146=CARTESIAN_POINT('',(4.25E0,-7.4E-1,-6.2E-1));
#147=LINE('',#146,#145);
#148=DIRECTION('',(0.E0,1.E0,0.E0));
#149=VECTOR('',#148,1.12E0);
#150=CARTESIAN_POINT('',(4.25E0,-1.86E0,-6.2E-1));
#151=LINE('',#150,#149);
#152=DIRECTION('',(0.E0,1.E0,0.E0));
#153=VECTOR('',#152,6.8E-1);
#154=CARTESIAN_POINT('',(-3.325E0,-1.66E0,-6.2E-1));
#155=LINE('',#154,#153);
#156=DIRECTION('',(1.E0,0.E0,0.E0));
#157=VECTOR('',#156,4.E-1);
#158=CARTESIAN_POINT('',(-3.325E0,-1.66E0,-6.2E-1));
#159=LINE('',#158,#157);
#160=DIRECTION('',(0.E0,1.E0,0.E0));
#161=VECTOR('',#160,6.8E-1);
#162=CARTESIAN_POINT('',(-2.925E0,-1.66E0,-6.2E-1));
#163=LINE('',#162,#161);
#164=DIRECTION('',(1.E0,0.E0,0.E0));
#165=VECTOR('',#164,4.E-1);
#166=CARTESIAN_POINT('',(-3.325E0,-9.8E-1,-6.2E-1));
#167=LINE('',#166,#165);
#168=DIRECTION('',(0.E0,1.E0,0.E0));
#169=VECTOR('',#168,6.8E-1);
#170=CARTESIAN_POINT('',(-2.075E0,-1.66E0,-6.2E-1));
#171=LINE('',#170,#169);
#172=DIRECTION('',(1.E0,0.E0,0.E0));
#173=VECTOR('',#172,4.E-1);
#174=CARTESIAN_POINT('',(-2.075E0,-1.66E0,-6.2E-1));
#175=LINE('',#174,#173);
#176=DIRECTION('',(0.E0,1.E0,0.E0));
#177=VECTOR('',#176,6.8E-1);
#178=CARTESIAN_POINT('',(-1.675E0,-1.66E0,-6.2E-1));
#179=LINE('',#178,#177);
#180=DIRECTION('',(1.E0,0.E0,0.E0));
#181=VECTOR('',#180,4.E-1);
#182=CARTESIAN_POINT('',(-2.075E0,-9.8E-1,-6.2E-1));
#183=LINE('',#182,#181);
#184=DIRECTION('',(0.E0,1.E0,0.E0));
#185=VECTOR('',#184,6.8E-1);
#186=CARTESIAN_POINT('',(-8.25E-1,-1.66E0,-6.2E-1));
#187=LINE('',#186,#185);
#188=DIRECTION('',(1.E0,0.E0,0.E0));
#189=VECTOR('',#188,4.E-1);
#190=CARTESIAN_POINT('',(-8.25E-1,-1.66E0,-6.2E-1));
#191=LINE('',#190,#189);
#192=DIRECTION('',(0.E0,1.E0,0.E0));
#193=VECTOR('',#192,6.8E-1);
#194=CARTESIAN_POINT('',(-4.25E-1,-1.66E0,-6.2E-1));
#195=LINE('',#194,#193);
#196=DIRECTION('',(1.E0,0.E0,0.E0));
#197=VECTOR('',#196,4.E-1);
#198=CARTESIAN_POINT('',(-8.25E-1,-9.8E-1,-6.2E-1));
#199=LINE('',#198,#197);
#200=DIRECTION('',(0.E0,1.E0,0.E0));
#201=VECTOR('',#200,6.8E-1);
#202=CARTESIAN_POINT('',(4.25E-1,-1.66E0,-6.2E-1));
#203=LINE('',#202,#201);
#204=DIRECTION('',(1.E0,0.E0,0.E0));
#205=VECTOR('',#204,4.E-1);
#206=CARTESIAN_POINT('',(4.25E-1,-1.66E0,-6.2E-1));
#207=LINE('',#206,#205);
#208=DIRECTION('',(0.E0,1.E0,0.E0));
#209=VECTOR('',#208,6.8E-1);
#210=CARTESIAN_POINT('',(8.25E-1,-1.66E0,-6.2E-1));
#211=LINE('',#210,#209);
#212=DIRECTION('',(1.E0,0.E0,0.E0));
#213=VECTOR('',#212,4.E-1);
#214=CARTESIAN_POINT('',(4.25E-1,-9.8E-1,-6.2E-1));
#215=LINE('',#214,#213);
#216=DIRECTION('',(0.E0,1.E0,0.E0));
#217=VECTOR('',#216,6.8E-1);
#218=CARTESIAN_POINT('',(1.675E0,-1.66E0,-6.2E-1));
#219=LINE('',#218,#217);
#220=DIRECTION('',(1.E0,0.E0,0.E0));
#221=VECTOR('',#220,4.E-1);
#222=CARTESIAN_POINT('',(1.675E0,-1.66E0,-6.2E-1));
#223=LINE('',#222,#221);
#224=DIRECTION('',(0.E0,1.E0,0.E0));
#225=VECTOR('',#224,6.8E-1);
#226=CARTESIAN_POINT('',(2.075E0,-1.66E0,-6.2E-1));
#227=LINE('',#226,#225);
#228=DIRECTION('',(1.E0,0.E0,0.E0));
#229=VECTOR('',#228,4.E-1);
#230=CARTESIAN_POINT('',(1.675E0,-9.8E-1,-6.2E-1));
#231=LINE('',#230,#229);
#232=DIRECTION('',(0.E0,1.E0,0.E0));
#233=VECTOR('',#232,6.8E-1);
#234=CARTESIAN_POINT('',(2.925E0,-1.66E0,-6.2E-1));
#235=LINE('',#234,#233);
#236=DIRECTION('',(1.E0,0.E0,0.E0));
#237=VECTOR('',#236,4.E-1);
#238=CARTESIAN_POINT('',(2.925E0,-1.66E0,-6.2E-1));
#239=LINE('',#238,#237);
#240=DIRECTION('',(0.E0,1.E0,0.E0));
#241=VECTOR('',#240,6.8E-1);
#242=CARTESIAN_POINT('',(3.325E0,-1.66E0,-6.2E-1));
#243=LINE('',#242,#241);
#244=DIRECTION('',(1.E0,0.E0,0.E0));
#245=VECTOR('',#244,4.E-1);
#246=CARTESIAN_POINT('',(2.925E0,-9.8E-1,-6.2E-1));
#247=LINE('',#246,#245);
#248=DIRECTION('',(0.E0,0.E0,1.E0));
#249=VECTOR('',#248,4.740382689886E-1);
#250=CARTESIAN_POINT('',(-3.325E0,-1.86E0,-6.2E-1));
#251=LINE('',#250,#249);
#252=DIRECTION('',(0.E0,0.E0,1.E0));
#253=VECTOR('',#252,8.059617310114E-1);
#254=CARTESIAN_POINT('',(-3.325E0,-1.86E0,-1.459617310114E-1));
#255=LINE('',#254,#253);
#256=DIRECTION('',(0.E0,0.E0,1.E0));
#257=VECTOR('',#256,4.3E-1);
#258=CARTESIAN_POINT('',(-3.325E0,-1.86E0,6.6E-1));
#259=LINE('',#258,#257);
#260=DIRECTION('',(0.E0,0.E0,1.E0));
#261=VECTOR('',#260,6.9E-1);
#262=CARTESIAN_POINT('',(-3.325E0,-1.86E0,1.09E0));
#263=LINE('',#262,#261);
#264=DIRECTION('',(1.E0,0.E0,0.E0));
#265=VECTOR('',#264,4.75E-1);
#266=CARTESIAN_POINT('',(-3.8E0,-1.86E0,1.78E0));
#267=LINE('',#266,#265);
#268=DIRECTION('',(0.E0,0.E0,-1.E0));
#269=VECTOR('',#268,4.9E-1);
#270=CARTESIAN_POINT('',(-3.8E0,-1.86E0,2.27E0));
#271=LINE('',#270,#269);
#272=DIRECTION('',(0.E0,0.E0,-1.E0));
#273=VECTOR('',#272,2.89E0);
#274=CARTESIAN_POINT('',(-4.25E0,-1.86E0,2.27E0));
#275=LINE('',#274,#273);
#276=DIRECTION('',(0.E0,0.E0,1.E0));
#277=VECTOR('',#276,4.740382689886E-1);
#278=CARTESIAN_POINT('',(-2.075E0,-1.86E0,-6.2E-1));
#279=LINE('',#278,#277);
#280=DIRECTION('',(0.E0,0.E0,1.E0));
#281=VECTOR('',#280,8.059617310114E-1);
#282=CARTESIAN_POINT('',(-2.075E0,-1.86E0,-1.459617310114E-1));
#283=LINE('',#282,#281);
#284=DIRECTION('',(0.E0,0.E0,1.E0));
#285=VECTOR('',#284,4.3E-1);
#286=CARTESIAN_POINT('',(-2.075E0,-1.86E0,6.6E-1));
#287=LINE('',#286,#285);
#288=DIRECTION('',(0.E0,0.E0,1.E0));
#289=VECTOR('',#288,6.9E-1);
#290=CARTESIAN_POINT('',(-2.075E0,-1.86E0,1.09E0));
#291=LINE('',#290,#289);
#292=DIRECTION('',(1.E0,0.E0,0.E0));
#293=VECTOR('',#292,8.5E-1);
#294=CARTESIAN_POINT('',(-2.925E0,-1.86E0,1.78E0));
#295=LINE('',#294,#293);
#296=DIRECTION('',(0.E0,0.E0,1.E0));
#297=VECTOR('',#296,6.9E-1);
#298=CARTESIAN_POINT('',(-2.925E0,-1.86E0,1.09E0));
#299=LINE('',#298,#297);
#300=DIRECTION('',(0.E0,0.E0,1.E0));
#301=VECTOR('',#300,4.3E-1);
#302=CARTESIAN_POINT('',(-2.925E0,-1.86E0,6.6E-1));
#303=LINE('',#302,#301);
#304=DIRECTION('',(0.E0,0.E0,1.E0));
#305=VECTOR('',#304,8.059617310114E-1);
#306=CARTESIAN_POINT('',(-2.925E0,-1.86E0,-1.459617310114E-1));
#307=LINE('',#306,#305);
#308=DIRECTION('',(0.E0,0.E0,1.E0));
#309=VECTOR('',#308,4.740382689886E-1);
#310=CARTESIAN_POINT('',(-2.925E0,-1.86E0,-6.2E-1));
#311=LINE('',#310,#309);
#312=DIRECTION('',(0.E0,0.E0,1.E0));
#313=VECTOR('',#312,4.740382689886E-1);
#314=CARTESIAN_POINT('',(-8.25E-1,-1.86E0,-6.2E-1));
#315=LINE('',#314,#313);
#316=DIRECTION('',(0.E0,0.E0,1.E0));
#317=VECTOR('',#316,8.059617310114E-1);
#318=CARTESIAN_POINT('',(-8.25E-1,-1.86E0,-1.459617310114E-1));
#319=LINE('',#318,#317);
#320=DIRECTION('',(0.E0,0.E0,1.E0));
#321=VECTOR('',#320,4.3E-1);
#322=CARTESIAN_POINT('',(-8.25E-1,-1.86E0,6.6E-1));
#323=LINE('',#322,#321);
#324=DIRECTION('',(0.E0,0.E0,1.E0));
#325=VECTOR('',#324,6.9E-1);
#326=CARTESIAN_POINT('',(-8.25E-1,-1.86E0,1.09E0));
#327=LINE('',#326,#325);
#328=DIRECTION('',(1.E0,0.E0,0.E0));
#329=VECTOR('',#328,8.5E-1);
#330=CARTESIAN_POINT('',(-1.675E0,-1.86E0,1.78E0));
#331=LINE('',#330,#329);
#332=DIRECTION('',(0.E0,0.E0,1.E0));
#333=VECTOR('',#332,6.9E-1);
#334=CARTESIAN_POINT('',(-1.675E0,-1.86E0,1.09E0));
#335=LINE('',#334,#333);
#336=DIRECTION('',(0.E0,0.E0,1.E0));
#337=VECTOR('',#336,4.3E-1);
#338=CARTESIAN_POINT('',(-1.675E0,-1.86E0,6.6E-1));
#339=LINE('',#338,#337);
#340=DIRECTION('',(0.E0,0.E0,1.E0));
#341=VECTOR('',#340,8.059617310114E-1);
#342=CARTESIAN_POINT('',(-1.675E0,-1.86E0,-1.459617310114E-1));
#343=LINE('',#342,#341);
#344=DIRECTION('',(0.E0,0.E0,1.E0));
#345=VECTOR('',#344,4.740382689886E-1);
#346=CARTESIAN_POINT('',(-1.675E0,-1.86E0,-6.2E-1));
#347=LINE('',#346,#345);
#348=DIRECTION('',(0.E0,0.E0,1.E0));
#349=VECTOR('',#348,4.740382689886E-1);
#350=CARTESIAN_POINT('',(4.25E-1,-1.86E0,-6.2E-1));
#351=LINE('',#350,#349);
#352=DIRECTION('',(0.E0,0.E0,1.E0));
#353=VECTOR('',#352,8.059617310114E-1);
#354=CARTESIAN_POINT('',(4.25E-1,-1.86E0,-1.459617310114E-1));
#355=LINE('',#354,#353);
#356=DIRECTION('',(0.E0,0.E0,1.E0));
#357=VECTOR('',#356,4.3E-1);
#358=CARTESIAN_POINT('',(4.25E-1,-1.86E0,6.6E-1));
#359=LINE('',#358,#357);
#360=DIRECTION('',(0.E0,0.E0,1.E0));
#361=VECTOR('',#360,6.9E-1);
#362=CARTESIAN_POINT('',(4.25E-1,-1.86E0,1.09E0));
#363=LINE('',#362,#361);
#364=DIRECTION('',(1.E0,0.E0,0.E0));
#365=VECTOR('',#364,8.5E-1);
#366=CARTESIAN_POINT('',(-4.25E-1,-1.86E0,1.78E0));
#367=LINE('',#366,#365);
#368=DIRECTION('',(0.E0,0.E0,1.E0));
#369=VECTOR('',#368,6.9E-1);
#370=CARTESIAN_POINT('',(-4.25E-1,-1.86E0,1.09E0));
#371=LINE('',#370,#369);
#372=DIRECTION('',(0.E0,0.E0,1.E0));
#373=VECTOR('',#372,4.3E-1);
#374=CARTESIAN_POINT('',(-4.25E-1,-1.86E0,6.6E-1));
#375=LINE('',#374,#373);
#376=DIRECTION('',(0.E0,0.E0,1.E0));
#377=VECTOR('',#376,8.059617310114E-1);
#378=CARTESIAN_POINT('',(-4.25E-1,-1.86E0,-1.459617310114E-1));
#379=LINE('',#378,#377);
#380=DIRECTION('',(0.E0,0.E0,1.E0));
#381=VECTOR('',#380,4.740382689886E-1);
#382=CARTESIAN_POINT('',(-4.25E-1,-1.86E0,-6.2E-1));
#383=LINE('',#382,#381);
#384=DIRECTION('',(0.E0,0.E0,1.E0));
#385=VECTOR('',#384,4.740382689886E-1);
#386=CARTESIAN_POINT('',(1.675E0,-1.86E0,-6.2E-1));
#387=LINE('',#386,#385);
#388=DIRECTION('',(0.E0,0.E0,1.E0));
#389=VECTOR('',#388,8.059617310114E-1);
#390=CARTESIAN_POINT('',(1.675E0,-1.86E0,-1.459617310114E-1));
#391=LINE('',#390,#389);
#392=DIRECTION('',(0.E0,0.E0,1.E0));
#393=VECTOR('',#392,4.3E-1);
#394=CARTESIAN_POINT('',(1.675E0,-1.86E0,6.6E-1));
#395=LINE('',#394,#393);
#396=DIRECTION('',(0.E0,0.E0,1.E0));
#397=VECTOR('',#396,6.9E-1);
#398=CARTESIAN_POINT('',(1.675E0,-1.86E0,1.09E0));
#399=LINE('',#398,#397);
#400=DIRECTION('',(1.E0,0.E0,0.E0));
#401=VECTOR('',#400,8.5E-1);
#402=CARTESIAN_POINT('',(8.25E-1,-1.86E0,1.78E0));
#403=LINE('',#402,#401);
#404=DIRECTION('',(0.E0,0.E0,1.E0));
#405=VECTOR('',#404,6.9E-1);
#406=CARTESIAN_POINT('',(8.25E-1,-1.86E0,1.09E0));
#407=LINE('',#406,#405);
#408=DIRECTION('',(0.E0,0.E0,1.E0));
#409=VECTOR('',#408,4.3E-1);
#410=CARTESIAN_POINT('',(8.25E-1,-1.86E0,6.6E-1));
#411=LINE('',#410,#409);
#412=DIRECTION('',(0.E0,0.E0,1.E0));
#413=VECTOR('',#412,8.059617310114E-1);
#414=CARTESIAN_POINT('',(8.25E-1,-1.86E0,-1.459617310114E-1));
#415=LINE('',#414,#413);
#416=DIRECTION('',(0.E0,0.E0,1.E0));
#417=VECTOR('',#416,4.740382689886E-1);
#418=CARTESIAN_POINT('',(8.25E-1,-1.86E0,-6.2E-1));
#419=LINE('',#418,#417);
#420=DIRECTION('',(0.E0,0.E0,1.E0));
#421=VECTOR('',#420,4.740382689886E-1);
#422=CARTESIAN_POINT('',(3.325E0,-1.86E0,-6.2E-1));
#423=LINE('',#422,#421);
#424=DIRECTION('',(0.E0,0.E0,-1.E0));
#425=VECTOR('',#424,4.9E-1);
#426=CARTESIAN_POINT('',(3.8E0,-1.86E0,2.27E0));
#427=LINE('',#426,#425);
#428=DIRECTION('',(1.E0,0.E0,0.E0));
#429=VECTOR('',#428,4.75E-1);
#430=CARTESIAN_POINT('',(3.325E0,-1.86E0,1.78E0));
#431=LINE('',#430,#429);
#432=DIRECTION('',(0.E0,0.E0,1.E0));
#433=VECTOR('',#432,6.9E-1);
#434=CARTESIAN_POINT('',(3.325E0,-1.86E0,1.09E0));
#435=LINE('',#434,#433);
#436=DIRECTION('',(0.E0,0.E0,1.E0));
#437=VECTOR('',#436,4.3E-1);
#438=CARTESIAN_POINT('',(3.325E0,-1.86E0,6.6E-1));
#439=LINE('',#438,#437);
#440=DIRECTION('',(0.E0,0.E0,1.E0));
#441=VECTOR('',#440,8.059617310114E-1);
#442=CARTESIAN_POINT('',(3.325E0,-1.86E0,-1.459617310114E-1));
#443=LINE('',#442,#441);
#444=DIRECTION('',(0.E0,0.E0,1.E0));
#445=VECTOR('',#444,4.740382689886E-1);
#446=CARTESIAN_POINT('',(2.925E0,-1.86E0,-6.2E-1));
#447=LINE('',#446,#445);
#448=DIRECTION('',(0.E0,0.E0,1.E0));
#449=VECTOR('',#448,8.059617310114E-1);
#450=CARTESIAN_POINT('',(2.925E0,-1.86E0,-1.459617310114E-1));
#451=LINE('',#450,#449);
#452=DIRECTION('',(0.E0,0.E0,1.E0));
#453=VECTOR('',#452,4.3E-1);
#454=CARTESIAN_POINT('',(2.925E0,-1.86E0,6.6E-1));
#455=LINE('',#454,#453);
#456=DIRECTION('',(0.E0,0.E0,1.E0));
#457=VECTOR('',#456,6.9E-1);
#458=CARTESIAN_POINT('',(2.925E0,-1.86E0,1.09E0));
#459=LINE('',#458,#457);
#460=DIRECTION('',(1.E0,0.E0,0.E0));
#461=VECTOR('',#460,8.5E-1);
#462=CARTESIAN_POINT('',(2.075E0,-1.86E0,1.78E0));
#463=LINE('',#462,#461);
#464=DIRECTION('',(0.E0,0.E0,1.E0));
#465=VECTOR('',#464,6.9E-1);
#466=CARTESIAN_POINT('',(2.075E0,-1.86E0,1.09E0));
#467=LINE('',#466,#465);
#468=DIRECTION('',(0.E0,0.E0,1.E0));
#469=VECTOR('',#468,4.3E-1);
#470=CARTESIAN_POINT('',(2.075E0,-1.86E0,6.6E-1));
#471=LINE('',#470,#469);
#472=DIRECTION('',(0.E0,0.E0,1.E0));
#473=VECTOR('',#472,8.059617310114E-1);
#474=CARTESIAN_POINT('',(2.075E0,-1.86E0,-1.459617310114E-1));
#475=LINE('',#474,#473);
#476=DIRECTION('',(0.E0,0.E0,1.E0));
#477=VECTOR('',#476,4.740382689886E-1);
#478=CARTESIAN_POINT('',(2.075E0,-1.86E0,-6.2E-1));
#479=LINE('',#478,#477);
#480=DIRECTION('',(0.E0,-2.425356250364E-1,-9.701425001453E-1));
#481=VECTOR('',#480,1.236931687685E-1);
#482=CARTESIAN_POINT('',(-3.325E0,-1.86E0,6.6E-1));
#483=LINE('',#482,#481);
#484=DIRECTION('',(0.E0,0.E0,-1.E0));
#485=VECTOR('',#484,5.959617310114E-1);
#486=CARTESIAN_POINT('',(-3.325E0,-1.89E0,5.4E-1));
#487=LINE('',#486,#485);
#488=CARTESIAN_POINT('',(-3.325E0,-1.74E0,-5.596173101136E-2));
#489=DIRECTION('',(1.E0,0.E0,0.E0));
#490=DIRECTION('',(0.E0,-1.E0,1.383152851512E-14));
#491=AXIS2_PLACEMENT_3D('',#488,#489,#490);
#493=DIRECTION('',(0.E0,-1.E0,0.E0));
#494=VECTOR('',#493,7.E-2);
#495=CARTESIAN_POINT('',(-3.325E0,-1.86E0,-6.2E-1));
#496=LINE('',#495,#494);
#497=DIRECTION('',(0.E0,0.E0,1.E0));
#498=VECTOR('',#497,1.71E0);
#499=CARTESIAN_POINT('',(-3.325E0,-1.93E0,-6.2E-1));
#500=LINE('',#499,#498);
#501=DIRECTION('',(0.E0,1.E0,0.E0));
#502=VECTOR('',#501,7.E-2);
#503=CARTESIAN_POINT('',(-3.325E0,-1.93E0,1.09E0));
#504=LINE('',#503,#502);
#505=DIRECTION('',(1.E0,0.E0,0.E0));
#506=VECTOR('',#505,4.E-1);
#507=CARTESIAN_POINT('',(-3.325E0,-1.83E0,7.8E-1));
#508=LINE('',#507,#506);
#509=DIRECTION('',(0.E0,-2.425356250364E-1,-9.701425001453E-1));
#510=VECTOR('',#509,1.236931687685E-1);
#511=CARTESIAN_POINT('',(-2.925E0,-1.86E0,6.6E-1));
#512=LINE('',#511,#510);
#513=DIRECTION('',(0.E0,1.E0,0.E0));
#514=VECTOR('',#513,7.E-2);
#515=CARTESIAN_POINT('',(-2.925E0,-1.93E0,1.09E0));
#516=LINE('',#515,#514);
#517=DIRECTION('',(0.E0,0.E0,1.E0));
#518=VECTOR('',#517,1.71E0);
#519=CARTESIAN_POINT('',(-2.925E0,-1.93E0,-6.2E-1));
#520=LINE('',#519,#518);
#521=DIRECTION('',(0.E0,-1.E0,0.E0));
#522=VECTOR('',#521,7.E-2);
#523=CARTESIAN_POINT('',(-2.925E0,-1.86E0,-6.2E-1));
#524=LINE('',#523,#522);
#525=CARTESIAN_POINT('',(-2.925E0,-1.74E0,-5.596173101136E-2));
#526=DIRECTION('',(1.E0,0.E0,0.E0));
#527=DIRECTION('',(0.E0,-1.E0,1.383152851512E-14));
#528=AXIS2_PLACEMENT_3D('',#525,#526,#527);
#530=DIRECTION('',(0.E0,0.E0,-1.E0));
#531=VECTOR('',#530,5.959617310114E-1);
#532=CARTESIAN_POINT('',(-2.925E0,-1.89E0,5.4E-1));
#533=LINE('',#532,#531);
#534=DIRECTION('',(-1.E0,0.E0,0.E0));
#535=VECTOR('',#534,4.E-1);
#536=CARTESIAN_POINT('',(-2.925E0,-1.93E0,1.09E0));
#537=LINE('',#536,#535);
#538=DIRECTION('',(-1.E0,0.E0,0.E0));
#539=VECTOR('',#538,4.E-1);
#540=CARTESIAN_POINT('',(-2.925E0,-1.58E0,1.09E0));
#541=LINE('',#540,#539);
#542=DIRECTION('',(0.E0,-1.E0,0.E0));
#543=VECTOR('',#542,2.8E-1);
#544=CARTESIAN_POINT('',(-3.325E0,-1.58E0,1.09E0));
#545=LINE('',#544,#543);
#546=DIRECTION('',(0.E0,0.E0,-1.E0));
#547=VECTOR('',#546,5.4E-1);
#548=CARTESIAN_POINT('',(-3.325E0,-1.58E0,1.63E0));
#549=LINE('',#548,#547);
#550=CARTESIAN_POINT('',(-3.325E0,-1.73E0,1.63E0));
#551=DIRECTION('',(-1.E0,0.E0,0.E0));
#552=DIRECTION('',(0.E0,0.E0,1.E0));
#553=AXIS2_PLACEMENT_3D('',#550,#551,#552);
#555=DIRECTION('',(0.E0,1.E0,0.E0));
#556=VECTOR('',#555,1.3E-1);
#557=CARTESIAN_POINT('',(-3.325E0,-1.86E0,1.78E0));
#558=LINE('',#557,#556);
#559=DIRECTION('',(-1.E0,0.E0,0.E0));
#560=VECTOR('',#559,4.E-1);
#561=CARTESIAN_POINT('',(-2.925E0,-1.58E0,1.63E0));
#562=LINE('',#561,#560);
#563=DIRECTION('',(0.E0,1.E0,0.E0));
#564=VECTOR('',#563,1.3E-1);
#565=CARTESIAN_POINT('',(-2.925E0,-1.86E0,1.78E0));
#566=LINE('',#565,#564);
#567=CARTESIAN_POINT('',(-2.925E0,-1.73E0,1.63E0));
#568=DIRECTION('',(-1.E0,0.E0,0.E0));
#569=DIRECTION('',(0.E0,0.E0,1.E0));
#570=AXIS2_PLACEMENT_3D('',#567,#568,#569);
#572=DIRECTION('',(0.E0,0.E0,-1.E0));
#573=VECTOR('',#572,5.4E-1);
#574=CARTESIAN_POINT('',(-2.925E0,-1.58E0,1.63E0));
#575=LINE('',#574,#573);
#576=DIRECTION('',(0.E0,-1.E0,0.E0));
#577=VECTOR('',#576,2.8E-1);
#578=CARTESIAN_POINT('',(-2.925E0,-1.58E0,1.09E0));
#579=LINE('',#578,#577);
#580=DIRECTION('',(0.E0,1.E0,0.E0));
#581=VECTOR('',#580,2.1E-1);
#582=CARTESIAN_POINT('',(3.8E0,-2.07E0,1.78E0));
#583=LINE('',#582,#581);
#584=DIRECTION('',(1.E0,0.E0,0.E0));
#585=VECTOR('',#584,7.6E0);
#586=CARTESIAN_POINT('',(-3.8E0,-2.07E0,1.78E0));
#587=LINE('',#586,#585);
#588=DIRECTION('',(0.E0,-1.E0,0.E0));
#589=VECTOR('',#588,2.1E-1);
#590=CARTESIAN_POINT('',(-3.8E0,-1.86E0,1.78E0));
#591=LINE('',#590,#589);
#592=DIRECTION('',(0.E0,-1.E0,0.E0));
#593=VECTOR('',#592,2.8E-1);
#594=CARTESIAN_POINT('',(2.925E0,-1.58E0,1.09E0));
#595=LINE('',#594,#593);
#596=DIRECTION('',(0.E0,0.E0,-1.E0));
#597=VECTOR('',#596,5.4E-1);
#598=CARTESIAN_POINT('',(2.925E0,-1.58E0,1.63E0));
#599=LINE('',#598,#597);
#600=CARTESIAN_POINT('',(2.925E0,-1.73E0,1.63E0));
#601=DIRECTION('',(-1.E0,0.E0,0.E0));
#602=DIRECTION('',(0.E0,0.E0,1.E0));
#603=AXIS2_PLACEMENT_3D('',#600,#601,#602);
#605=DIRECTION('',(0.E0,1.E0,0.E0));
#606=VECTOR('',#605,1.3E-1);
#607=CARTESIAN_POINT('',(2.925E0,-1.86E0,1.78E0));
#608=LINE('',#607,#606);
#609=DIRECTION('',(-1.E0,0.E0,0.E0));
#610=VECTOR('',#609,4.E-1);
#611=CARTESIAN_POINT('',(3.325E0,-1.93E0,1.09E0));
#612=LINE('',#611,#610);
#613=DIRECTION('',(-1.E0,0.E0,0.E0));
#614=VECTOR('',#613,4.E-1);
#615=CARTESIAN_POINT('',(3.325E0,-1.58E0,1.09E0));
#616=LINE('',#615,#614);
#617=DIRECTION('',(0.E0,-2.425356250364E-1,-9.701425001453E-1));
#618=VECTOR('',#617,1.236931687685E-1);
#619=CARTESIAN_POINT('',(2.925E0,-1.86E0,6.6E-1));
#620=LINE('',#619,#618);
#621=DIRECTION('',(0.E0,0.E0,-1.E0));
#622=VECTOR('',#621,5.959617310114E-1);
#623=CARTESIAN_POINT('',(2.925E0,-1.89E0,5.4E-1));
#624=LINE('',#623,#622);
#625=CARTESIAN_POINT('',(2.925E0,-1.74E0,-5.596173101136E-2));
#626=DIRECTION('',(1.E0,0.E0,0.E0));
#627=DIRECTION('',(0.E0,-1.E0,1.383152851512E-14));
#628=AXIS2_PLACEMENT_3D('',#625,#626,#627);
#630=DIRECTION('',(0.E0,-1.E0,0.E0));
#631=VECTOR('',#630,7.E-2);
#632=CARTESIAN_POINT('',(2.925E0,-1.86E0,-6.2E-1));
#633=LINE('',#632,#631);
#634=DIRECTION('',(0.E0,0.E0,1.E0));
#635=VECTOR('',#634,1.71E0);
#636=CARTESIAN_POINT('',(2.925E0,-1.93E0,-6.2E-1));
#637=LINE('',#636,#635);
#638=DIRECTION('',(1.268826313857E-14,1.E0,0.E0));
#639=VECTOR('',#638,7.E-2);
#640=CARTESIAN_POINT('',(2.925E0,-1.93E0,1.09E0));
#641=LINE('',#640,#639);
#642=DIRECTION('',(1.E0,0.E0,0.E0));
#643=VECTOR('',#642,4.E-1);
#644=CARTESIAN_POINT('',(2.925E0,-1.83E0,7.8E-1));
#645=LINE('',#644,#643);
#646=DIRECTION('',(0.E0,0.E0,1.E0));
#647=VECTOR('',#646,1.75E0);
#648=CARTESIAN_POINT('',(2.925E0,-9.8E-1,-6.2E-1));
#649=LINE('',#648,#647);
#650=CARTESIAN_POINT('',(2.925E0,-1.18E0,1.13E0));
#651=DIRECTION('',(1.E0,0.E0,0.E0));
#652=DIRECTION('',(0.E0,1.E0,0.E0));
#653=AXIS2_PLACEMENT_3D('',#650,#651,#652);
#655=DIRECTION('',(0.E0,-1.E0,0.E0));
#656=VECTOR('',#655,2.5E-1);
#657=CARTESIAN_POINT('',(2.925E0,-1.18E0,1.33E0));
#658=LINE('',#657,#656);
#659=DIRECTION('',(0.E0,-1.961161351382E-1,-9.805806756909E-1));
#660=VECTOR('',#659,2.549509756796E-1);
#661=CARTESIAN_POINT('',(2.925E0,-1.43E0,1.33E0));
#662=LINE('',#661,#660);
#663=DIRECTION('',(0.E0,0.E0,-1.E0));
#664=VECTOR('',#663,3.E-1);
#665=CARTESIAN_POINT('',(2.925E0,-1.48E0,1.08E0));
#666=LINE('',#665,#664);
#667=DIRECTION('',(0.E0,-1.E0,0.E0));
#668=VECTOR('',#667,3.5E-1);
#669=CARTESIAN_POINT('',(2.925E0,-1.48E0,7.8E-1));
#670=LINE('',#669,#668);
#671=DIRECTION('',(0.E0,-2.425356250363E-1,-9.701425001453E-1));
#672=VECTOR('',#671,1.236931687685E-1);
#673=CARTESIAN_POINT('',(2.925E0,-1.83E0,7.8E-1));
#674=LINE('',#673,#672);
#675=CARTESIAN_POINT('',(2.925E0,-1.74E0,-5.596173101136E-2));
#676=DIRECTION('',(1.E0,0.E0,0.E0));
#677=DIRECTION('',(0.E0,-8.E-1,-6.E-1));
#678=AXIS2_PLACEMENT_3D('',#675,#676,#677);
#680=DIRECTION('',(0.E0,9.373120771278E-1,-3.484911334172E-1));
#681=VECTOR('',#680,3.685788422894E-2);
#682=CARTESIAN_POINT('',(2.925E0,-1.792273670013E0,-1.965585425805E-1));
#683=LINE('',#682,#681);
#684=CARTESIAN_POINT('',(2.925E0,-1.81E0,-3.5E-1));
#685=DIRECTION('',(-1.E0,0.E0,0.E0));
#686=DIRECTION('',(0.E0,3.484911334172E-1,9.373120771278E-1));
#687=AXIS2_PLACEMENT_3D('',#684,#685,#686);
#689=DIRECTION('',(0.E0,0.E0,-1.E0));
#690=VECTOR('',#689,2.7E-1);
#691=CARTESIAN_POINT('',(2.925E0,-1.66E0,-3.5E-1));
#692=LINE('',#691,#690);
#693=DIRECTION('',(0.E0,-1.E0,0.E0));
#694=VECTOR('',#693,1.5E-1);
#695=CARTESIAN_POINT('',(2.925E0,-2.43E0,-1.67E0));
#696=LINE('',#695,#694);
#697=DIRECTION('',(0.E0,-7.071067811866E-1,-7.071067811865E-1));
#698=VECTOR('',#697,1.414213562373E-1);
#699=CARTESIAN_POINT('',(2.925E0,-2.58E0,-1.67E0));
#700=LINE('',#699,#698);
#701=DIRECTION('',(0.E0,0.E0,-1.E0));
#702=VECTOR('',#701,4.5E-1);
#703=CARTESIAN_POINT('',(2.925E0,-2.68E0,-1.77E0));
#704=LINE('',#703,#702);
#705=DIRECTION('',(0.E0,7.071067811865E-1,-7.071067811865E-1));
#706=VECTOR('',#705,1.414213562373E-1);
#707=CARTESIAN_POINT('',(2.925E0,-2.68E0,-2.22E0));
#708=LINE('',#707,#706);
#709=DIRECTION('',(0.E0,1.E0,0.E0));
#710=VECTOR('',#709,4.5E-1);
#711=CARTESIAN_POINT('',(2.925E0,-2.58E0,-2.32E0));
#712=LINE('',#711,#710);
#713=DIRECTION('',(0.E0,7.071067811865E-1,7.071067811866E-1));
#714=VECTOR('',#713,1.414213562373E-1);
#715=CARTESIAN_POINT('',(2.925E0,-2.13E0,-2.32E0));
#716=LINE('',#715,#714);
#717=DIRECTION('',(0.E0,0.E0,1.E0));
#718=VECTOR('',#717,5.E-2);
#719=CARTESIAN_POINT('',(2.925E0,-2.03E0,-2.22E0));
#720=LINE('',#719,#718);
#721=DIRECTION('',(0.E0,0.E0,-1.E0));
#722=VECTOR('',#721,2.7E-1);
#723=CARTESIAN_POINT('',(3.325E0,-1.66E0,-3.5E-1));
#724=LINE('',#723,#722);
#725=CARTESIAN_POINT('',(3.325E0,-1.81E0,-3.5E-1));
#726=DIRECTION('',(-1.E0,0.E0,0.E0));
#727=DIRECTION('',(0.E0,3.484911334172E-1,9.373120771278E-1));
#728=AXIS2_PLACEMENT_3D('',#725,#726,#727);
#730=DIRECTION('',(0.E0,9.373120771278E-1,-3.484911334172E-1));
#731=VECTOR('',#730,3.685788422894E-2);
#732=CARTESIAN_POINT('',(3.325E0,-1.792273670013E0,-1.965585425805E-1));
#733=LINE('',#732,#731);
#734=CARTESIAN_POINT('',(3.325E0,-1.74E0,-5.596173101136E-2));
#735=DIRECTION('',(1.E0,0.E0,0.E0));
#736=DIRECTION('',(0.E0,-8.E-1,-6.E-1));
#737=AXIS2_PLACEMENT_3D('',#734,#735,#736);
#739=DIRECTION('',(0.E0,-2.425356250363E-1,-9.701425001453E-1));
#740=VECTOR('',#739,1.236931687685E-1);
#741=CARTESIAN_POINT('',(3.325E0,-1.83E0,7.8E-1));
#742=LINE('',#741,#740);
#743=DIRECTION('',(0.E0,-1.E0,0.E0));
#744=VECTOR('',#743,3.5E-1);
#745=CARTESIAN_POINT('',(3.325E0,-1.48E0,7.8E-1));
#746=LINE('',#745,#744);
#747=DIRECTION('',(0.E0,0.E0,-1.E0));
#748=VECTOR('',#747,3.E-1);
#749=CARTESIAN_POINT('',(3.325E0,-1.48E0,1.08E0));
#750=LINE('',#749,#748);
#751=DIRECTION('',(0.E0,-1.961161351382E-1,-9.805806756909E-1));
#752=VECTOR('',#751,2.549509756796E-1);
#753=CARTESIAN_POINT('',(3.325E0,-1.43E0,1.33E0));
#754=LINE('',#753,#752);
#755=DIRECTION('',(0.E0,-1.E0,0.E0));
#756=VECTOR('',#755,2.5E-1);
#757=CARTESIAN_POINT('',(3.325E0,-1.18E0,1.33E0));
#758=LINE('',#757,#756);
#759=CARTESIAN_POINT('',(3.325E0,-1.18E0,1.13E0));
#760=DIRECTION('',(1.E0,0.E0,0.E0));
#761=DIRECTION('',(0.E0,1.E0,0.E0));
#762=AXIS2_PLACEMENT_3D('',#759,#760,#761);
#764=DIRECTION('',(0.E0,0.E0,1.E0));
#765=VECTOR('',#764,1.75E0);
#766=CARTESIAN_POINT('',(3.325E0,-9.8E-1,-6.2E-1));
#767=LINE('',#766,#765);
#768=DIRECTION('',(0.E0,0.E0,1.E0));
#769=VECTOR('',#768,5.E-2);
#770=CARTESIAN_POINT('',(3.325E0,-2.03E0,-2.22E0));
#771=LINE('',#770,#769);
#772=DIRECTION('',(0.E0,7.071067811865E-1,7.071067811866E-1));
#773=VECTOR('',#772,1.414213562373E-1);
#774=CARTESIAN_POINT('',(3.325E0,-2.13E0,-2.32E0));
#775=LINE('',#774,#773);
#776=DIRECTION('',(0.E0,1.E0,0.E0));
#777=VECTOR('',#776,4.5E-1);
#778=CARTESIAN_POINT('',(3.325E0,-2.58E0,-2.32E0));
#779=LINE('',#778,#777);
#780=DIRECTION('',(0.E0,7.071067811865E-1,-7.071067811865E-1));
#781=VECTOR('',#780,1.414213562373E-1);
#782=CARTESIAN_POINT('',(3.325E0,-2.68E0,-2.22E0));
#783=LINE('',#782,#781);
#784=DIRECTION('',(0.E0,0.E0,-1.E0));
#785=VECTOR('',#784,4.5E-1);
#786=CARTESIAN_POINT('',(3.325E0,-2.68E0,-1.77E0));
#787=LINE('',#786,#785);
#788=DIRECTION('',(0.E0,-7.071067811866E-1,-7.071067811865E-1));
#789=VECTOR('',#788,1.414213562373E-1);
#790=CARTESIAN_POINT('',(3.325E0,-2.58E0,-1.67E0));
#791=LINE('',#790,#789);
#792=DIRECTION('',(0.E0,-1.E0,0.E0));
#793=VECTOR('',#792,1.5E-1);
#794=CARTESIAN_POINT('',(3.325E0,-2.43E0,-1.67E0));
#795=LINE('',#794,#793);
#796=DIRECTION('',(1.E0,0.E0,0.E0));
#797=VECTOR('',#796,4.E-1);
#798=CARTESIAN_POINT('',(2.925E0,-1.66E0,-3.5E-1));
#799=LINE('',#798,#797);
#800=DIRECTION('',(1.E0,0.E0,0.E0));
#801=VECTOR('',#800,4.E-1);
#802=CARTESIAN_POINT('',(2.925E0,-1.757726329987E0,-2.094031884308E-1));
#803=LINE('',#802,#801);
#804=DIRECTION('',(1.E0,0.E0,0.E0));
#805=VECTOR('',#804,4.E-1);
#806=CARTESIAN_POINT('',(2.925E0,-1.792273670013E0,-1.965585425805E-1));
#807=LINE('',#806,#805);
#808=DIRECTION('',(1.E0,0.E0,0.E0));
#809=VECTOR('',#808,4.E-1);
#810=CARTESIAN_POINT('',(2.925E0,-1.89E0,-5.596173101136E-2));
#811=LINE('',#810,#809);
#812=DIRECTION('',(1.E0,0.E0,0.E0));
#813=VECTOR('',#812,4.E-1);
#814=CARTESIAN_POINT('',(2.925E0,-1.89E0,5.4E-1));
#815=LINE('',#814,#813);
#816=DIRECTION('',(0.E0,-2.425356250364E-1,-9.701425001453E-1));
#817=VECTOR('',#816,1.236931687685E-1);
#818=CARTESIAN_POINT('',(3.325E0,-1.86E0,6.6E-1));
#819=LINE('',#818,#817);
#820=DIRECTION('',(0.E0,1.E0,0.E0));
#821=VECTOR('',#820,7.E-2);
#822=CARTESIAN_POINT('',(3.325E0,-1.93E0,1.09E0));
#823=LINE('',#822,#821);
#824=DIRECTION('',(0.E0,0.E0,1.E0));
#825=VECTOR('',#824,1.71E0);
#826=CARTESIAN_POINT('',(3.325E0,-1.93E0,-6.2E-1));
#827=LINE('',#826,#825);
#828=DIRECTION('',(0.E0,-1.E0,0.E0));
#829=VECTOR('',#828,7.E-2);
#830=CARTESIAN_POINT('',(3.325E0,-1.86E0,-6.2E-1));
#831=LINE('',#830,#829);
#832=CARTESIAN_POINT('',(3.325E0,-1.74E0,-5.596173101136E-2));
#833=DIRECTION('',(1.E0,0.E0,0.E0));
#834=DIRECTION('',(0.E0,-1.E0,1.383152851512E-14));
#835=AXIS2_PLACEMENT_3D('',#832,#833,#834);
#837=DIRECTION('',(0.E0,0.E0,-1.E0));
#838=VECTOR('',#837,5.959617310114E-1);
#839=CARTESIAN_POINT('',(3.325E0,-1.89E0,5.4E-1));
#840=LINE('',#839,#838);
#841=DIRECTION('',(-1.E0,0.E0,0.E0));
#842=VECTOR('',#841,4.E-1);
#843=CARTESIAN_POINT('',(3.325E0,-1.93E0,-6.2E-1));
#844=LINE('',#843,#842);
#845=DIRECTION('',(1.E0,0.E0,0.E0));
#846=VECTOR('',#845,4.E-1);
#847=CARTESIAN_POINT('',(2.925E0,-1.48E0,7.8E-1));
#848=LINE('',#847,#846);
#849=DIRECTION('',(1.E0,0.E0,0.E0));
#850=VECTOR('',#849,4.E-1);
#851=CARTESIAN_POINT('',(2.925E0,-1.48E0,1.08E0));
#852=LINE('',#851,#850);
#853=DIRECTION('',(1.E0,0.E0,0.E0));
#854=VECTOR('',#853,4.E-1);
#855=CARTESIAN_POINT('',(2.925E0,-1.43E0,1.33E0));
#856=LINE('',#855,#854);
#857=DIRECTION('',(1.E0,0.E0,0.E0));
#858=VECTOR('',#857,4.E-1);
#859=CARTESIAN_POINT('',(2.925E0,-1.18E0,1.33E0));
#860=LINE('',#859,#858);
#861=DIRECTION('',(1.E0,0.E0,0.E0));
#862=VECTOR('',#861,4.E-1);
#863=CARTESIAN_POINT('',(2.925E0,-9.8E-1,1.13E0));
#864=LINE('',#863,#862);
#865=DIRECTION('',(0.E0,0.E0,1.E0));
#866=VECTOR('',#865,5.E-1);
#867=CARTESIAN_POINT('',(2.925E0,-2.43E0,-2.17E0));
#868=LINE('',#867,#866);
#869=DIRECTION('',(-1.E0,0.E0,0.E0));
#870=VECTOR('',#869,8.5E-1);
#871=CARTESIAN_POINT('',(2.925E0,-2.43E0,-2.17E0));
#872=LINE('',#871,#870);
#873=DIRECTION('',(0.E0,0.E0,1.E0));
#874=VECTOR('',#873,5.E-1);
#875=CARTESIAN_POINT('',(2.075E0,-2.43E0,-2.17E0));
#876=LINE('',#875,#874);
#877=DIRECTION('',(1.E0,0.E0,0.E0));
#878=VECTOR('',#877,4.E-1);
#879=CARTESIAN_POINT('',(1.675E0,-2.43E0,-1.67E0));
#880=LINE('',#879,#878);
#881=DIRECTION('',(0.E0,0.E0,1.E0));
#882=VECTOR('',#881,5.E-1);
#883=CARTESIAN_POINT('',(1.675E0,-2.43E0,-2.17E0));
#884=LINE('',#883,#882);
#885=DIRECTION('',(-1.E0,0.E0,0.E0));
#886=VECTOR('',#885,8.5E-1);
#887=CARTESIAN_POINT('',(1.675E0,-2.43E0,-2.17E0));
#888=LINE('',#887,#886);
#889=DIRECTION('',(0.E0,0.E0,1.E0));
#890=VECTOR('',#889,5.E-1);
#891=CARTESIAN_POINT('',(8.25E-1,-2.43E0,-2.17E0));
#892=LINE('',#891,#890);
#893=DIRECTION('',(1.E0,0.E0,0.E0));
#894=VECTOR('',#893,4.E-1);
#895=CARTESIAN_POINT('',(4.25E-1,-2.43E0,-1.67E0));
#896=LINE('',#895,#894);
#897=DIRECTION('',(0.E0,0.E0,1.E0));
#898=VECTOR('',#897,5.E-1);
#899=CARTESIAN_POINT('',(4.25E-1,-2.43E0,-2.17E0));
#900=LINE('',#899,#898);
#901=DIRECTION('',(-1.E0,0.E0,0.E0));
#902=VECTOR('',#901,8.5E-1);
#903=CARTESIAN_POINT('',(4.25E-1,-2.43E0,-2.17E0));
#904=LINE('',#903,#902);
#905=DIRECTION('',(0.E0,0.E0,1.E0));
#906=VECTOR('',#905,5.E-1);
#907=CARTESIAN_POINT('',(-4.25E-1,-2.43E0,-2.17E0));
#908=LINE('',#907,#906);
#909=DIRECTION('',(1.E0,0.E0,0.E0));
#910=VECTOR('',#909,4.E-1);
#911=CARTESIAN_POINT('',(-8.25E-1,-2.43E0,-1.67E0));
#912=LINE('',#911,#910);
#913=DIRECTION('',(0.E0,0.E0,1.E0));
#914=VECTOR('',#913,5.E-1);
#915=CARTESIAN_POINT('',(-8.25E-1,-2.43E0,-2.17E0));
#916=LINE('',#915,#914);
#917=DIRECTION('',(-1.E0,0.E0,0.E0));
#918=VECTOR('',#917,8.5E-1);
#919=CARTESIAN_POINT('',(-8.25E-1,-2.43E0,-2.17E0));
#920=LINE('',#919,#918);
#921=DIRECTION('',(0.E0,0.E0,1.E0));
#922=VECTOR('',#921,5.E-1);
#923=CARTESIAN_POINT('',(-1.675E0,-2.43E0,-2.17E0));
#924=LINE('',#923,#922);
#925=DIRECTION('',(1.E0,0.E0,0.E0));
#926=VECTOR('',#925,4.E-1);
#927=CARTESIAN_POINT('',(-2.075E0,-2.43E0,-1.67E0));
#928=LINE('',#927,#926);
#929=DIRECTION('',(0.E0,0.E0,1.E0));
#930=VECTOR('',#929,5.E-1);
#931=CARTESIAN_POINT('',(-2.075E0,-2.43E0,-2.17E0));
#932=LINE('',#931,#930);
#933=DIRECTION('',(-1.E0,0.E0,0.E0));
#934=VECTOR('',#933,8.5E-1);
#935=CARTESIAN_POINT('',(-2.075E0,-2.43E0,-2.17E0));
#936=LINE('',#935,#934);
#937=DIRECTION('',(0.E0,0.E0,1.E0));
#938=VECTOR('',#937,5.E-1);
#939=CARTESIAN_POINT('',(-2.925E0,-2.43E0,-2.17E0));
#940=LINE('',#939,#938);
#941=DIRECTION('',(1.E0,0.E0,0.E0));
#942=VECTOR('',#941,4.E-1);
#943=CARTESIAN_POINT('',(-3.325E0,-2.43E0,-1.67E0));
#944=LINE('',#943,#942);
#945=DIRECTION('',(0.E0,0.E0,1.E0));
#946=VECTOR('',#945,5.E-1);
#947=CARTESIAN_POINT('',(-3.325E0,-2.43E0,-2.17E0));
#948=LINE('',#947,#946);
#949=DIRECTION('',(-1.E0,0.E0,0.E0));
#950=VECTOR('',#949,2.25E-1);
#951=CARTESIAN_POINT('',(-3.325E0,-2.43E0,-2.17E0));
#952=LINE('',#951,#950);
#953=DIRECTION('',(0.E0,0.E0,-1.E0));
#954=VECTOR('',#953,4.44E0);
#955=CARTESIAN_POINT('',(3.55E0,-2.43E0,2.27E0));
#956=LINE('',#955,#954);
#957=DIRECTION('',(-1.E0,0.E0,0.E0));
#958=VECTOR('',#957,2.25E-1);
#959=CARTESIAN_POINT('',(3.55E0,-2.43E0,-2.17E0));
#960=LINE('',#959,#958);
#961=DIRECTION('',(0.E0,0.E0,1.E0));
#962=VECTOR('',#961,5.E-1);
#963=CARTESIAN_POINT('',(3.325E0,-2.43E0,-2.17E0));
#964=LINE('',#963,#962);
#965=DIRECTION('',(1.E0,0.E0,0.E0));
#966=VECTOR('',#965,4.E-1);
#967=CARTESIAN_POINT('',(2.925E0,-2.43E0,-1.67E0));
#968=LINE('',#967,#966);
#969=DIRECTION('',(0.E0,1.E0,0.E0));
#970=VECTOR('',#969,4.E-1);
#971=CARTESIAN_POINT('',(2.925E0,-2.43E0,-2.17E0));
#972=LINE('',#971,#970);
#973=DIRECTION('',(1.E0,0.E0,0.E0));
#974=VECTOR('',#973,4.E-1);
#975=CARTESIAN_POINT('',(2.925E0,-2.03E0,-2.17E0));
#976=LINE('',#975,#974);
#977=DIRECTION('',(0.E0,1.E0,0.E0));
#978=VECTOR('',#977,4.E-1);
#979=CARTESIAN_POINT('',(3.325E0,-2.43E0,-2.17E0));
#980=LINE('',#979,#978);
#981=DIRECTION('',(-7.071067811866E-1,7.071067811865E-1,0.E0));
#982=VECTOR('',#981,1.697056274848E-1);
#983=CARTESIAN_POINT('',(4.8E0,-5.982842712475E-1,-2.17E0));
#984=LINE('',#983,#982);
#985=DIRECTION('',(0.E0,1.E0,0.E0));
#986=VECTOR('',#985,5.065685424949E-1);
#987=CARTESIAN_POINT('',(4.68E0,-4.782842712475E-1,-2.17E0));
#988=LINE('',#987,#986);
#989=DIRECTION('',(7.071067811865E-1,7.071067811866E-1,0.E0));
#990=VECTOR('',#989,1.697056274848E-1);
#991=CARTESIAN_POINT('',(4.68E0,2.828427124748E-2,-2.17E0));
#992=LINE('',#991,#990);
#993=DIRECTION('',(-1.E0,0.E0,0.E0));
#994=VECTOR('',#993,5.E-1);
#995=CARTESIAN_POINT('',(4.8E0,1.32E0,-2.17E0));
#996=LINE('',#995,#994);
#997=DIRECTION('',(0.E0,-1.E0,0.E0));
#998=VECTOR('',#997,1.1E0);
#999=CARTESIAN_POINT('',(4.3E0,1.32E0,-2.17E0));
#1000=LINE('',#999,#998);
#1001=DIRECTION('',(-1.E0,0.E0,0.E0));
#1002=VECTOR('',#1001,7.E-1);
#1003=CARTESIAN_POINT('',(4.3E0,2.2E-1,-2.17E0));
#1004=LINE('',#1003,#1002);
#1005=DIRECTION('',(0.E0,1.E0,0.E0));
#1006=VECTOR('',#1005,1.1E0);
#1007=CARTESIAN_POINT('',(3.6E0,2.2E-1,-2.17E0));
#1008=LINE('',#1007,#1006);
#1009=DIRECTION('',(1.E0,0.E0,0.E0));
#1010=VECTOR('',#1009,6.5E-1);
#1011=CARTESIAN_POINT('',(3.6E0,1.32E0,-2.17E0));
#1012=LINE('',#1011,#1010);
#1013=DIRECTION('',(1.E0,0.E0,0.E0));
#1014=VECTOR('',#1013,6.5E-1);
#1015=CARTESIAN_POINT('',(-4.25E0,1.32E0,-2.17E0));
#1016=LINE('',#1015,#1014);
#1017=DIRECTION('',(0.E0,-1.E0,0.E0));
#1018=VECTOR('',#1017,1.1E0);
#1019=CARTESIAN_POINT('',(-3.6E0,1.32E0,-2.17E0));
#1020=LINE('',#1019,#1018);
#1021=DIRECTION('',(-1.E0,0.E0,0.E0));
#1022=VECTOR('',#1021,7.E-1);
#1023=CARTESIAN_POINT('',(-3.6E0,2.2E-1,-2.17E0));
#1024=LINE('',#1023,#1022);
#1025=DIRECTION('',(0.E0,1.E0,0.E0));
#1026=VECTOR('',#1025,1.1E0);
#1027=CARTESIAN_POINT('',(-4.3E0,2.2E-1,-2.17E0));
#1028=LINE('',#1027,#1026);
#1029=DIRECTION('',(-1.E0,0.E0,0.E0));
#1030=VECTOR('',#1029,5.E-1);
#1031=CARTESIAN_POINT('',(-4.3E0,1.32E0,-2.17E0));
#1032=LINE('',#1031,#1030);
#1033=DIRECTION('',(0.E0,-1.E0,0.E0));
#1034=VECTOR('',#1033,1.171715728753E0);
#1035=CARTESIAN_POINT('',(-4.8E0,1.32E0,-2.17E0));
#1036=LINE('',#1035,#1034);
#1037=DIRECTION('',(7.071067811865E-1,-7.071067811866E-1,0.E0));
#1038=VECTOR('',#1037,1.697056274848E-1);
#1039=CARTESIAN_POINT('',(-4.8E0,1.482842712475E-1,-2.17E0));
#1040=LINE('',#1039,#1038);
#1041=DIRECTION('',(0.E0,-1.E0,0.E0));
#1042=VECTOR('',#1041,5.065685424949E-1);
#1043=CARTESIAN_POINT('',(-4.68E0,2.828427124748E-2,-2.17E0));
#1044=LINE('',#1043,#1042);
#1045=DIRECTION('',(-7.071067811866E-1,-7.071067811865E-1,0.E0));
#1046=VECTOR('',#1045,1.697056274848E-1);
#1047=CARTESIAN_POINT('',(-4.68E0,-4.782842712475E-1,-2.17E0));
#1048=LINE('',#1047,#1046);
#1049=DIRECTION('',(0.E0,-1.E0,0.E0));
#1050=VECTOR('',#1049,1.021715728753E0);
#1051=CARTESIAN_POINT('',(-4.8E0,-5.982842712475E-1,-2.17E0));
#1052=LINE('',#1051,#1050);
#1053=DIRECTION('',(0.E0,-1.E0,0.E0));
#1054=VECTOR('',#1053,1.E0);
#1055=CARTESIAN_POINT('',(-4.375E0,-1.62E0,-2.17E0));
#1056=LINE('',#1055,#1054);
#1057=DIRECTION('',(0.E0,1.E0,0.E0));
#1058=VECTOR('',#1057,4.E-1);
#1059=CARTESIAN_POINT('',(-3.325E0,-2.43E0,-2.17E0));
#1060=LINE('',#1059,#1058);
#1061=DIRECTION('',(1.E0,0.E0,0.E0));
#1062=VECTOR('',#1061,4.E-1);
#1063=CARTESIAN_POINT('',(-3.325E0,-2.03E0,-2.17E0));
#1064=LINE('',#1063,#1062);
#1065=DIRECTION('',(0.E0,1.E0,0.E0));
#1066=VECTOR('',#1065,4.E-1);
#1067=CARTESIAN_POINT('',(-2.925E0,-2.43E0,-2.17E0));
#1068=LINE('',#1067,#1066);
#1069=DIRECTION('',(0.E0,1.E0,0.E0));
#1070=VECTOR('',#1069,4.E-1);
#1071=CARTESIAN_POINT('',(-2.075E0,-2.43E0,-2.17E0));
#1072=LINE('',#1071,#1070);
#1073=DIRECTION('',(1.E0,0.E0,0.E0));
#1074=VECTOR('',#1073,4.E-1);
#1075=CARTESIAN_POINT('',(-2.075E0,-2.03E0,-2.17E0));
#1076=LINE('',#1075,#1074);
#1077=DIRECTION('',(0.E0,1.E0,0.E0));
#1078=VECTOR('',#1077,4.E-1);
#1079=CARTESIAN_POINT('',(-1.675E0,-2.43E0,-2.17E0));
#1080=LINE('',#1079,#1078);
#1081=DIRECTION('',(0.E0,1.E0,0.E0));
#1082=VECTOR('',#1081,4.E-1);
#1083=CARTESIAN_POINT('',(-8.25E-1,-2.43E0,-2.17E0));
#1084=LINE('',#1083,#1082);
#1085=DIRECTION('',(1.E0,0.E0,0.E0));
#1086=VECTOR('',#1085,4.E-1);
#1087=CARTESIAN_POINT('',(-8.25E-1,-2.03E0,-2.17E0));
#1088=LINE('',#1087,#1086);
#1089=DIRECTION('',(0.E0,1.E0,0.E0));
#1090=VECTOR('',#1089,4.E-1);
#1091=CARTESIAN_POINT('',(-4.25E-1,-2.43E0,-2.17E0));
#1092=LINE('',#1091,#1090);
#1093=DIRECTION('',(0.E0,1.E0,0.E0));
#1094=VECTOR('',#1093,4.E-1);
#1095=CARTESIAN_POINT('',(4.25E-1,-2.43E0,-2.17E0));
#1096=LINE('',#1095,#1094);
#1097=DIRECTION('',(1.E0,0.E0,0.E0));
#1098=VECTOR('',#1097,4.E-1);
#1099=CARTESIAN_POINT('',(4.25E-1,-2.03E0,-2.17E0));
#1100=LINE('',#1099,#1098);
#1101=DIRECTION('',(0.E0,1.E0,0.E0));
#1102=VECTOR('',#1101,4.E-1);
#1103=CARTESIAN_POINT('',(8.25E-1,-2.43E0,-2.17E0));
#1104=LINE('',#1103,#1102);
#1105=DIRECTION('',(0.E0,1.E0,0.E0));
#1106=VECTOR('',#1105,4.E-1);
#1107=CARTESIAN_POINT('',(1.675E0,-2.43E0,-2.17E0));
#1108=LINE('',#1107,#1106);
#1109=DIRECTION('',(1.E0,0.E0,0.E0));
#1110=VECTOR('',#1109,4.E-1);
#1111=CARTESIAN_POINT('',(1.675E0,-2.03E0,-2.17E0));
#1112=LINE('',#1111,#1110);
#1113=DIRECTION('',(0.E0,1.E0,0.E0));
#1114=VECTOR('',#1113,4.E-1);
#1115=CARTESIAN_POINT('',(2.075E0,-2.43E0,-2.17E0));
#1116=LINE('',#1115,#1114);
#1117=DIRECTION('',(1.E0,0.E0,0.E0));
#1118=VECTOR('',#1117,4.E-1);
#1119=CARTESIAN_POINT('',(2.925E0,-2.03E0,-2.22E0));
#1120=LINE('',#1119,#1118);
#1121=DIRECTION('',(1.E0,0.E0,0.E0));
#1122=VECTOR('',#1121,4.E-1);
#1123=CARTESIAN_POINT('',(2.925E0,-2.13E0,-2.32E0));
#1124=LINE('',#1123,#1122);
#1125=DIRECTION('',(1.E0,0.E0,0.E0));
#1126=VECTOR('',#1125,4.E-1);
#1127=CARTESIAN_POINT('',(2.925E0,-2.58E0,-2.32E0));
#1128=LINE('',#1127,#1126);
#1129=DIRECTION('',(1.E0,0.E0,0.E0));
#1130=VECTOR('',#1129,4.E-1);
#1131=CARTESIAN_POINT('',(2.925E0,-2.68E0,-2.22E0));
#1132=LINE('',#1131,#1130);
#1133=DIRECTION('',(1.E0,0.E0,0.E0));
#1134=VECTOR('',#1133,4.E-1);
#1135=CARTESIAN_POINT('',(2.925E0,-2.68E0,-1.77E0));
#1136=LINE('',#1135,#1134);
#1137=DIRECTION('',(1.E0,0.E0,0.E0));
#1138=VECTOR('',#1137,4.E-1);
#1139=CARTESIAN_POINT('',(2.925E0,-2.58E0,-1.67E0));
#1140=LINE('',#1139,#1138);
#1141=DIRECTION('',(-7.249994335944E-1,6.887494619147E-1,0.E0));
#1142=VECTOR('',#1141,2.758622844827E-1);
#1143=CARTESIAN_POINT('',(3.75E0,-2.62E0,-2.17E0));
#1144=LINE('',#1143,#1142);
#1145=DIRECTION('',(0.E0,-1.E0,0.E0));
#1146=VECTOR('',#1145,1.96E0);
#1147=CARTESIAN_POINT('',(-3.45E0,2.22E0,2.27E0));
#1148=LINE('',#1147,#1146);
#1149=DIRECTION('',(1.E0,0.E0,0.E0));
#1150=VECTOR('',#1149,6.9E0);
#1151=CARTESIAN_POINT('',(-3.45E0,2.6E-1,2.27E0));
#1152=LINE('',#1151,#1150);
#1153=DIRECTION('',(0.E0,1.E0,0.E0));
#1154=VECTOR('',#1153,1.96E0);
#1155=CARTESIAN_POINT('',(3.45E0,2.6E-1,2.27E0));
#1156=LINE('',#1155,#1154);
#1157=DIRECTION('',(-1.E0,0.E0,0.E0));
#1158=VECTOR('',#1157,6.9E0);
#1159=CARTESIAN_POINT('',(3.45E0,2.22E0,2.27E0));
#1160=LINE('',#1159,#1158);
#1161=DIRECTION('',(0.E0,1.E0,0.E0));
#1162=VECTOR('',#1161,3.94E0);
#1163=CARTESIAN_POINT('',(4.7E0,-2.62E0,2.27E0));
#1164=LINE('',#1163,#1162);
#1165=DIRECTION('',(1.E0,0.E0,0.E0));
#1166=VECTOR('',#1165,9.5E-1);
#1167=CARTESIAN_POINT('',(3.75E0,-2.62E0,2.27E0));
#1168=LINE('',#1167,#1166);
#1169=DIRECTION('',(-7.249994335944E-1,6.887494619147E-1,0.E0));
#1170=VECTOR('',#1169,2.758622844827E-1);
#1171=CARTESIAN_POINT('',(3.75E0,-2.62E0,2.27E0));
#1172=LINE('',#1171,#1170);
#1173=DIRECTION('',(-1.E0,0.E0,0.E0));
#1174=VECTOR('',#1173,7.1E0);
#1175=CARTESIAN_POINT('',(3.55E0,-2.43E0,2.27E0));
#1176=LINE('',#1175,#1174);
#1177=DIRECTION('',(-7.249994335944E-1,-6.887494619147E-1,0.E0));
#1178=VECTOR('',#1177,2.758622844827E-1);
#1179=CARTESIAN_POINT('',(-3.55E0,-2.43E0,2.27E0));
#1180=LINE('',#1179,#1178);
#1181=DIRECTION('',(1.E0,0.E0,0.E0));
#1182=VECTOR('',#1181,9.5E-1);
#1183=CARTESIAN_POINT('',(-4.7E0,-2.62E0,2.27E0));
#1184=LINE('',#1183,#1182);
#1185=DIRECTION('',(0.E0,1.E0,0.E0));
#1186=VECTOR('',#1185,3.94E0);
#1187=CARTESIAN_POINT('',(-4.7E0,-2.62E0,2.27E0));
#1188=LINE('',#1187,#1186);
#1189=DIRECTION('',(1.E0,0.E0,0.E0));
#1190=VECTOR('',#1189,4.5E-1);
#1191=CARTESIAN_POINT('',(-4.7E0,1.32E0,2.27E0));
#1192=LINE('',#1191,#1190);
#1193=DIRECTION('',(0.E0,-1.E0,0.E0));
#1194=VECTOR('',#1193,1.3E0);
#1195=CARTESIAN_POINT('',(-4.25E0,2.62E0,2.27E0));
#1196=LINE('',#1195,#1194);
#1197=DIRECTION('',(-1.E0,0.E0,0.E0));
#1198=VECTOR('',#1197,8.5E0);
#1199=CARTESIAN_POINT('',(4.25E0,2.62E0,2.27E0));
#1200=LINE('',#1199,#1198);
#1201=DIRECTION('',(0.E0,-1.E0,0.E0));
#1202=VECTOR('',#1201,1.3E0);
#1203=CARTESIAN_POINT('',(4.25E0,2.62E0,2.27E0));
#1204=LINE('',#1203,#1202);
#1205=DIRECTION('',(-1.E0,0.E0,0.E0));
#1206=VECTOR('',#1205,4.5E-1);
#1207=CARTESIAN_POINT('',(4.7E0,1.32E0,2.27E0));
#1208=LINE('',#1207,#1206);
#1209=DIRECTION('',(0.E0,-1.E0,0.E0));
#1210=VECTOR('',#1209,2.1E-1);
#1211=CARTESIAN_POINT('',(-3.8E0,-1.86E0,2.27E0));
#1212=LINE('',#1211,#1210);
#1213=DIRECTION('',(1.E0,0.E0,0.E0));
#1214=VECTOR('',#1213,7.6E0);
#1215=CARTESIAN_POINT('',(-3.8E0,-2.07E0,2.27E0));
#1216=LINE('',#1215,#1214);
#1217=DIRECTION('',(0.E0,1.E0,0.E0));
#1218=VECTOR('',#1217,2.1E-1);
#1219=CARTESIAN_POINT('',(3.8E0,-2.07E0,2.27E0));
#1220=LINE('',#1219,#1218);
#1221=DIRECTION('',(1.E0,0.E0,0.E0));
#1222=VECTOR('',#1221,4.5E-1);
#1223=CARTESIAN_POINT('',(3.8E0,-1.86E0,2.27E0));
#1224=LINE('',#1223,#1222);
#1225=DIRECTION('',(0.E0,1.E0,0.E0));
#1226=VECTOR('',#1225,1.12E0);
#1227=CARTESIAN_POINT('',(4.25E0,-1.86E0,2.27E0));
#1228=LINE('',#1227,#1226);
#1229=DIRECTION('',(7.071067811865E-1,7.071067811865E-1,0.E0));
#1230=VECTOR('',#1229,2.121320343560E-1);
#1231=CARTESIAN_POINT('',(4.25E0,-7.4E-1,2.27E0));
#1232=LINE('',#1231,#1230);
#1233=DIRECTION('',(0.E0,1.E0,0.E0));
#1234=VECTOR('',#1233,1.35E0);
#1235=CARTESIAN_POINT('',(4.4E0,-5.9E-1,2.27E0));
#1236=LINE('',#1235,#1234);
#1237=DIRECTION('',(-1.E0,0.E0,0.E0));
#1238=VECTOR('',#1237,6.3E-1);
#1239=CARTESIAN_POINT('',(4.4E0,7.6E-1,2.27E0));
#1240=LINE('',#1239,#1238);
#1241=DIRECTION('',(0.E0,-1.E0,0.E0));
#1242=VECTOR('',#1241,8.5E-1);
#1243=CARTESIAN_POINT('',(3.77E0,7.6E-1,2.27E0));
#1244=LINE('',#1243,#1242);
#1245=DIRECTION('',(-1.E0,0.E0,0.E0));
#1246=VECTOR('',#1245,7.54E0);
#1247=CARTESIAN_POINT('',(3.77E0,-9.E-2,2.27E0));
#1248=LINE('',#1247,#1246);
#1249=DIRECTION('',(0.E0,1.E0,0.E0));
#1250=VECTOR('',#1249,8.5E-1);
#1251=CARTESIAN_POINT('',(-3.77E0,-9.E-2,2.27E0));
#1252=LINE('',#1251,#1250);
#1253=DIRECTION('',(-1.E0,0.E0,0.E0));
#1254=VECTOR('',#1253,6.3E-1);
#1255=CARTESIAN_POINT('',(-3.77E0,7.6E-1,2.27E0));
#1256=LINE('',#1255,#1254);
#1257=DIRECTION('',(0.E0,-1.E0,0.E0));
#1258=VECTOR('',#1257,1.35E0);
#1259=CARTESIAN_POINT('',(-4.4E0,7.6E-1,2.27E0));
#1260=LINE('',#1259,#1258);
#1261=DIRECTION('',(7.071067811865E-1,-7.071067811865E-1,0.E0));
#1262=VECTOR('',#1261,2.121320343560E-1);
#1263=CARTESIAN_POINT('',(-4.4E0,-5.9E-1,2.27E0));
#1264=LINE('',#1263,#1262);
#1265=DIRECTION('',(0.E0,-1.E0,0.E0));
#1266=VECTOR('',#1265,1.12E0);
#1267=CARTESIAN_POINT('',(-4.25E0,-7.4E-1,2.27E0));
#1268=LINE('',#1267,#1266);
#1269=DIRECTION('',(1.E0,0.E0,0.E0));
#1270=VECTOR('',#1269,4.5E-1);
#1271=CARTESIAN_POINT('',(-4.25E0,-1.86E0,2.27E0));
#1272=LINE('',#1271,#1270);
#1273=DIRECTION('',(0.E0,0.E0,1.E0));
#1274=VECTOR('',#1273,2.022222222222E0);
#1275=CARTESIAN_POINT('',(-3.45E0,3.6E-1,-1.02E0));
#1276=LINE('',#1275,#1274);
#1277=DIRECTION('',(0.E0,-4.902612396326E-1,8.715755371245E-1));
#1278=VECTOR('',#1277,2.039728861187E-1);
#1279=CARTESIAN_POINT('',(-3.45E0,3.6E-1,1.002222222222E0));
#1280=LINE('',#1279,#1278);
#1281=DIRECTION('',(0.E0,0.E0,-1.E0));
#1282=VECTOR('',#1281,3.29E0);
#1283=CARTESIAN_POINT('',(-3.45E0,2.22E0,2.27E0));
#1284=LINE('',#1283,#1282);
#1285=DIRECTION('',(0.E0,0.E0,1.E0));
#1286=VECTOR('',#1285,1.022222222222E0);
#1287=CARTESIAN_POINT('',(-2.015E0,3.6E-1,-2.E-2));
#1288=LINE('',#1287,#1286);
#1289=DIRECTION('',(-1.E0,0.E0,0.E0));
#1290=VECTOR('',#1289,1.435E0);
#1291=CARTESIAN_POINT('',(-2.015E0,3.6E-1,1.002222222222E0));
#1292=LINE('',#1291,#1290);
#1293=DIRECTION('',(1.E0,0.E0,0.E0));
#1294=VECTOR('',#1293,6.9E0);
#1295=CARTESIAN_POINT('',(-3.45E0,3.6E-1,-1.02E0));
#1296=LINE('',#1295,#1294);
#1297=DIRECTION('',(-1.E0,0.E0,0.E0));
#1298=VECTOR('',#1297,1.435E0);
#1299=CARTESIAN_POINT('',(3.45E0,3.6E-1,1.002222222222E0));
#1300=LINE('',#1299,#1298);
#1301=DIRECTION('',(-1.E0,0.E0,0.E0));
#1302=VECTOR('',#1301,4.03E0);
#1303=CARTESIAN_POINT('',(2.015E0,3.6E-1,-2.E-2));
#1304=LINE('',#1303,#1302);
#1305=DIRECTION('',(-4.923659639173E-1,8.616404368553E-1,1.230914909793E-1));
#1306=VECTOR('',#1305,4.062019202318E-1);
#1307=CARTESIAN_POINT('',(2.015E0,3.6E-1,-2.E-2));
#1308=LINE('',#1307,#1306);
#1309=DIRECTION('',(0.E0,0.E0,1.E0));
#1310=VECTOR('',#1309,1.022222222222E0);
#1311=CARTESIAN_POINT('',(2.015E0,3.6E-1,-2.E-2));
#1312=LINE('',#1311,#1310);
#1313=DIRECTION('',(-2.697632180906E-1,4.720856316585E-1,-8.392633451706E-1));
#1314=VECTOR('',#1313,7.413909183603E-1);
#1315=CARTESIAN_POINT('',(2.015E0,3.6E-1,1.002222222222E0));
#1316=LINE('',#1315,#1314);
#1317=DIRECTION('',(0.E0,-4.902612396326E-1,8.715755371245E-1));
#1318=VECTOR('',#1317,2.039728861187E-1);
#1319=CARTESIAN_POINT('',(3.45E0,3.6E-1,1.002222222222E0));
#1320=LINE('',#1319,#1318);
#1321=DIRECTION('',(0.E0,0.E0,1.E0));
#1322=VECTOR('',#1321,2.022222222222E0);
#1323=CARTESIAN_POINT('',(3.45E0,3.6E-1,-1.02E0));
#1324=LINE('',#1323,#1322);
#1325=DIRECTION('',(0.E0,0.E0,-1.E0));
#1326=VECTOR('',#1325,1.09E0);
#1327=CARTESIAN_POINT('',(-3.45E0,2.6E-1,2.27E0));
#1328=LINE('',#1327,#1326);
#1329=DIRECTION('',(-1.E0,0.E0,0.E0));
#1330=VECTOR('',#1329,6.9E0);
#1331=CARTESIAN_POINT('',(3.45E0,2.6E-1,1.18E0));
#1332=LINE('',#1331,#1330);
#1333=DIRECTION('',(0.E0,0.E0,1.E0));
#1334=VECTOR('',#1333,1.09E0);
#1335=CARTESIAN_POINT('',(3.45E0,2.6E-1,1.18E0));
#1336=LINE('',#1335,#1334);
#1337=DIRECTION('',(0.E0,-1.E0,0.E0));
#1338=VECTOR('',#1337,1.86E0);
#1339=CARTESIAN_POINT('',(-3.45E0,2.22E0,-1.02E0));
#1340=LINE('',#1339,#1338);
#1341=DIRECTION('',(-1.E0,0.E0,0.E0));
#1342=VECTOR('',#1341,6.9E0);
#1343=CARTESIAN_POINT('',(3.45E0,2.22E0,-1.02E0));
#1344=LINE('',#1343,#1342);
#1345=DIRECTION('',(0.E0,1.E0,0.E0));
#1346=VECTOR('',#1345,1.86E0);
#1347=CARTESIAN_POINT('',(3.45E0,3.6E-1,-1.02E0));
#1348=LINE('',#1347,#1346);
#1349=DIRECTION('',(0.E0,0.E0,-1.E0));
#1350=VECTOR('',#1349,3.29E0);
#1351=CARTESIAN_POINT('',(3.45E0,2.22E0,2.27E0));
#1352=LINE('',#1351,#1350);
#1353=DIRECTION('',(-4.923659639173E-1,-8.616404368553E-1,-1.230914909793E-1));
#1354=VECTOR('',#1353,4.062019202318E-1);
#1355=CARTESIAN_POINT('',(-1.815E0,7.1E-1,3.E-2));
#1356=LINE('',#1355,#1354);
#1357=DIRECTION('',(0.E0,0.E0,1.E0));
#1358=VECTOR('',#1357,3.5E-1);
#1359=CARTESIAN_POINT('',(-1.815E0,7.1E-1,3.E-2));
#1360=LINE('',#1359,#1358);
#1361=DIRECTION('',(2.697632180906E-1,4.720856316585E-1,-8.392633451706E-1));
#1362=VECTOR('',#1361,7.413909183603E-1);
#1363=CARTESIAN_POINT('',(-2.015E0,3.6E-1,1.002222222222E0));
#1364=LINE('',#1363,#1362);
#1365=DIRECTION('',(-1.E0,0.E0,0.E0));
#1366=VECTOR('',#1365,3.63E0);
#1367=CARTESIAN_POINT('',(1.815E0,7.1E-1,3.E-2));
#1368=LINE('',#1367,#1366);
#1369=DIRECTION('',(0.E0,0.E0,1.E0));
#1370=VECTOR('',#1369,3.5E-1);
#1371=CARTESIAN_POINT('',(1.815E0,7.1E-1,3.E-2));
#1372=LINE('',#1371,#1370);
#1373=DIRECTION('',(-1.E0,0.E0,0.E0));
#1374=VECTOR('',#1373,3.63E0);
#1375=CARTESIAN_POINT('',(1.815E0,7.1E-1,3.8E-1));
#1376=LINE('',#1375,#1374);
#1377=DIRECTION('',(0.E0,0.E0,1.E0));
#1378=VECTOR('',#1377,3.31E0);
#1379=CARTESIAN_POINT('',(4.7E0,-4.7E-1,-1.72E0));
#1380=LINE('',#1379,#1378);
#1381=DIRECTION('',(0.E0,-1.E0,0.E0));
#1382=VECTOR('',#1381,2.15E0);
#1383=CARTESIAN_POINT('',(4.7E0,-4.7E-1,1.59E0));
#1384=LINE('',#1383,#1382);
#1385=DIRECTION('',(0.E0,-1.E0,0.E0));
#1386=VECTOR('',#1385,1.3E0);
#1387=CARTESIAN_POINT('',(4.7E0,1.32E0,1.59E0));
#1388=LINE('',#1387,#1386);
#1389=DIRECTION('',(0.E0,1.E0,0.E0));
#1390=VECTOR('',#1389,4.9E-1);
#1391=CARTESIAN_POINT('',(4.7E0,-4.7E-1,-1.72E0));
#1392=LINE('',#1391,#1390);
#1393=DIRECTION('',(7.071067811865E-1,-7.071067811866E-1,0.E0));
#1394=VECTOR('',#1393,1.697056274848E-1);
#1395=CARTESIAN_POINT('',(-4.8E0,1.482842712475E-1,-1.72E0));
#1396=LINE('',#1395,#1394);
#1397=DIRECTION('',(-7.071067811866E-1,-7.071067811865E-1,0.E0));
#1398=VECTOR('',#1397,1.697056274848E-1);
#1399=CARTESIAN_POINT('',(-4.68E0,-4.782842712475E-1,-1.72E0));
#1400=LINE('',#1399,#1398);
#1401=DIRECTION('',(0.E0,-1.E0,0.E0));
#1402=VECTOR('',#1401,5.065685424949E-1);
#1403=CARTESIAN_POINT('',(-4.68E0,2.828427124748E-2,-1.72E0));
#1404=LINE('',#1403,#1402);
#1405=DIRECTION('',(0.E0,-1.E0,0.E0));
#1406=VECTOR('',#1405,1.171715728753E0);
#1407=CARTESIAN_POINT('',(4.8E0,1.32E0,-1.72E0));
#1408=LINE('',#1407,#1406);
#1409=DIRECTION('',(7.071067811865E-1,7.071067811865E-1,0.E0));
#1410=VECTOR('',#1409,1.697056274848E-1);
#1411=CARTESIAN_POINT('',(4.68E0,2.828427124748E-2,-1.72E0));
#1412=LINE('',#1411,#1410);
#1413=DIRECTION('',(0.E0,1.E0,0.E0));
#1414=VECTOR('',#1413,5.065685424949E-1);
#1415=CARTESIAN_POINT('',(4.68E0,-4.782842712475E-1,-1.72E0));
#1416=LINE('',#1415,#1414);
#1417=DIRECTION('',(-7.071067811866E-1,7.071067811865E-1,0.E0));
#1418=VECTOR('',#1417,1.697056274848E-1);
#1419=CARTESIAN_POINT('',(4.8E0,-5.982842712475E-1,-1.72E0));
#1420=LINE('',#1419,#1418);
#1421=DIRECTION('',(0.E0,-1.E0,0.E0));
#1422=VECTOR('',#1421,1.021715728753E0);
#1423=CARTESIAN_POINT('',(4.8E0,-5.982842712475E-1,-1.72E0));
#1424=LINE('',#1423,#1422);
#1425=DIRECTION('',(1.E0,-1.110223024625E-13,-2.220446049250E-14));
#1426=VECTOR('',#1425,1.E-2);
#1427=CARTESIAN_POINT('',(4.85E0,5.9E-1,-1.72E0));
#1428=LINE('',#1427,#1426);
#1429=DIRECTION('',(-1.E0,0.E0,0.E0));
#1430=VECTOR('',#1429,2.E-1);
#1431=CARTESIAN_POINT('',(5.06E0,5.9E-1,-1.72E0));
#1432=LINE('',#1431,#1430);
#1433=DIRECTION('',(1.E0,7.401486830835E-14,1.480297366167E-14));
#1434=VECTOR('',#1433,1.5E-2);
#1435=CARTESIAN_POINT('',(5.06E0,5.9E-1,-1.72E0));
#1436=LINE('',#1435,#1434);
#1437=DIRECTION('',(0.E0,-1.E0,0.E0));
#1438=VECTOR('',#1437,1.63E0);
#1439=CARTESIAN_POINT('',(5.075E0,5.9E-1,-1.72E0));
#1440=LINE('',#1439,#1438);
#1441=DIRECTION('',(-1.E0,0.E0,0.E0));
#1442=VECTOR('',#1441,2.25E-1);
#1443=CARTESIAN_POINT('',(5.075E0,-1.04E0,-1.72E0));
#1444=LINE('',#1443,#1442);
#1445=DIRECTION('',(0.E0,1.E0,0.E0));
#1446=VECTOR('',#1445,4.2E-1);
#1447=CARTESIAN_POINT('',(4.85E0,-1.04E0,-1.72E0));
#1448=LINE('',#1447,#1446);
#1449=DIRECTION('',(-7.071067811865E-1,7.071067811865E-1,0.E0));
#1450=VECTOR('',#1449,2.121320343560E-1);
#1451=CARTESIAN_POINT('',(4.85E0,-6.2E-1,-1.72E0));
#1452=LINE('',#1451,#1450);
#1453=DIRECTION('',(7.071067811865E-1,7.071067811865E-1,0.E0));
#1454=VECTOR('',#1453,2.121320343560E-1);
#1455=CARTESIAN_POINT('',(4.7E0,2.E-2,-1.72E0));
#1456=LINE('',#1455,#1454);
#1457=DIRECTION('',(0.E0,1.E0,0.E0));
#1458=VECTOR('',#1457,4.2E-1);
#1459=CARTESIAN_POINT('',(4.85E0,1.7E-1,-1.72E0));
#1460=LINE('',#1459,#1458);
#1461=DIRECTION('',(1.E0,1.110223024625E-13,2.220446049250E-14));
#1462=VECTOR('',#1461,1.E-2);
#1463=CARTESIAN_POINT('',(-4.86E0,5.9E-1,-1.72E0));
#1464=LINE('',#1463,#1462);
#1465=DIRECTION('',(0.E0,-1.E0,0.E0));
#1466=VECTOR('',#1465,4.2E-1);
#1467=CARTESIAN_POINT('',(-4.85E0,5.9E-1,-1.72E0));
#1468=LINE('',#1467,#1466);
#1469=DIRECTION('',(7.071067811865E-1,-7.071067811865E-1,0.E0));
#1470=VECTOR('',#1469,2.121320343560E-1);
#1471=CARTESIAN_POINT('',(-4.85E0,1.7E-1,-1.72E0));
#1472=LINE('',#1471,#1470);
#1473=DIRECTION('',(-7.071067811865E-1,-7.071067811865E-1,0.E0));
#1474=VECTOR('',#1473,2.121320343560E-1);
#1475=CARTESIAN_POINT('',(-4.7E0,-4.7E-1,-1.72E0));
#1476=LINE('',#1475,#1474);
#1477=DIRECTION('',(0.E0,-1.E0,0.E0));
#1478=VECTOR('',#1477,4.2E-1);
#1479=CARTESIAN_POINT('',(-4.85E0,-6.2E-1,-1.72E0));
#1480=LINE('',#1479,#1478);
#1481=DIRECTION('',(-1.E0,0.E0,0.E0));
#1482=VECTOR('',#1481,2.25E-1);
#1483=CARTESIAN_POINT('',(-4.85E0,-1.04E0,-1.72E0));
#1484=LINE('',#1483,#1482);
#1485=DIRECTION('',(0.E0,1.E0,0.E0));
#1486=VECTOR('',#1485,1.63E0);
#1487=CARTESIAN_POINT('',(-5.075E0,-1.04E0,-1.72E0));
#1488=LINE('',#1487,#1486);
#1489=DIRECTION('',(1.E0,-7.401486830835E-14,1.480297366167E-14));
#1490=VECTOR('',#1489,1.5E-2);
#1491=CARTESIAN_POINT('',(-5.075E0,5.9E-1,-1.72E0));
#1492=LINE('',#1491,#1490);
#1493=DIRECTION('',(1.E0,0.E0,0.E0));
#1494=VECTOR('',#1493,2.E-1);
#1495=CARTESIAN_POINT('',(-5.06E0,5.9E-1,-1.72E0));
#1496=LINE('',#1495,#1494);
#1497=DIRECTION('',(0.E0,0.E0,-1.E0));
#1498=VECTOR('',#1497,4.5E-1);
#1499=CARTESIAN_POINT('',(-4.8E0,1.482842712475E-1,-1.72E0));
#1500=LINE('',#1499,#1498);
#1501=DIRECTION('',(0.E0,-1.E0,0.E0));
#1502=VECTOR('',#1501,1.171715728753E0);
#1503=CARTESIAN_POINT('',(-4.8E0,1.32E0,-1.72E0));
#1504=LINE('',#1503,#1502);
#1505=DIRECTION('',(0.E0,0.E0,-1.E0));
#1506=VECTOR('',#1505,4.5E-1);
#1507=CARTESIAN_POINT('',(-4.8E0,-5.982842712475E-1,-1.72E0));
#1508=LINE('',#1507,#1506);
#1509=DIRECTION('',(0.E0,-1.E0,0.E0));
#1510=VECTOR('',#1509,1.021715728753E0);
#1511=CARTESIAN_POINT('',(-4.8E0,-5.982842712475E-1,-1.72E0));
#1512=LINE('',#1511,#1510);
#1513=DIRECTION('',(1.E0,0.E0,0.E0));
#1514=VECTOR('',#1513,5.E-2);
#1515=CARTESIAN_POINT('',(-4.3E0,1.32E0,-2.17E0));
#1516=LINE('',#1515,#1514);
#1517=DIRECTION('',(0.E0,0.E0,-1.E0));
#1518=VECTOR('',#1517,6.8E-1);
#1519=CARTESIAN_POINT('',(-4.7E0,1.32E0,2.27E0));
#1520=LINE('',#1519,#1518);
#1521=DIRECTION('',(-9.662349396012E-1,0.E0,-2.576626505603E-1));
#1522=VECTOR('',#1521,1.552417469626E-1);
#1523=CARTESIAN_POINT('',(-4.7E0,1.32E0,1.59E0));
#1524=LINE('',#1523,#1522);
#1525=DIRECTION('',(0.E0,0.E0,-1.E0));
#1526=VECTOR('',#1525,9.2E-1);
#1527=CARTESIAN_POINT('',(-4.85E0,1.32E0,1.55E0));
#1528=LINE('',#1527,#1526);
#1529=DIRECTION('',(1.E0,0.E0,0.E0));
#1530=VECTOR('',#1529,5.25E-1);
#1531=CARTESIAN_POINT('',(-5.375E0,1.32E0,6.3E-1));
#1532=LINE('',#1531,#1530);
#1533=DIRECTION('',(1.E0,0.E0,0.E0));
#1534=VECTOR('',#1533,5.75E-1);
#1535=CARTESIAN_POINT('',(-5.375E0,1.32E0,-1.72E0));
#1536=LINE('',#1535,#1534);
#1537=DIRECTION('',(0.E0,0.E0,-1.E0));
#1538=VECTOR('',#1537,4.5E-1);
#1539=CARTESIAN_POINT('',(-4.8E0,1.32E0,-1.72E0));
#1540=LINE('',#1539,#1538);
#1541=DIRECTION('',(0.E0,9.486832980505E-1,3.162277660168E-1));
#1542=VECTOR('',#1541,3.162277660168E-1);
#1543=CARTESIAN_POINT('',(-3.6E0,1.02E0,-2.27E0));
#1544=LINE('',#1543,#1542);
#1545=DIRECTION('',(0.E0,-1.E0,0.E0));
#1546=VECTOR('',#1545,8.E-1);
#1547=CARTESIAN_POINT('',(4.E0,1.02E0,-2.27E0));
#1548=LINE('',#1547,#1546);
#1549=DIRECTION('',(1.E0,0.E0,0.E0));
#1550=VECTOR('',#1549,4.E-1);
#1551=CARTESIAN_POINT('',(3.6E0,1.02E0,-2.27E0));
#1552=LINE('',#1551,#1550);
#1553=DIRECTION('',(0.E0,1.E0,0.E0));
#1554=VECTOR('',#1553,8.E-1);
#1555=CARTESIAN_POINT('',(3.6E0,2.2E-1,-2.27E0));
#1556=LINE('',#1555,#1554);
#1557=DIRECTION('',(-1.E0,0.E0,0.E0));
#1558=VECTOR('',#1557,4.E-1);
#1559=CARTESIAN_POINT('',(4.E0,2.2E-1,-2.27E0));
#1560=LINE('',#1559,#1558);
#1561=DIRECTION('',(1.E0,0.E0,0.E0));
#1562=VECTOR('',#1561,4.E-1);
#1563=CARTESIAN_POINT('',(-4.E0,1.02E0,-2.27E0));
#1564=LINE('',#1563,#1562);
#1565=DIRECTION('',(0.E0,1.E0,0.E0));
#1566=VECTOR('',#1565,8.E-1);
#1567=CARTESIAN_POINT('',(-4.E0,2.2E-1,-2.27E0));
#1568=LINE('',#1567,#1566);
#1569=DIRECTION('',(-1.E0,0.E0,0.E0));
#1570=VECTOR('',#1569,4.E-1);
#1571=CARTESIAN_POINT('',(-3.6E0,2.2E-1,-2.27E0));
#1572=LINE('',#1571,#1570);
#1573=DIRECTION('',(0.E0,-1.E0,0.E0));
#1574=VECTOR('',#1573,8.E-1);
#1575=CARTESIAN_POINT('',(-3.6E0,1.02E0,-2.27E0));
#1576=LINE('',#1575,#1574);
#1577=DIRECTION('',(6.882472016117E-1,6.882472016117E-1,2.294157338706E-1));
#1578=VECTOR('',#1577,4.358898943541E-1);
#1579=CARTESIAN_POINT('',(4.E0,1.02E0,-2.27E0));
#1580=LINE('',#1579,#1578);
#1581=DIRECTION('',(9.486832980505E-1,0.E0,3.162277660168E-1));
#1582=VECTOR('',#1581,3.162277660168E-1);
#1583=CARTESIAN_POINT('',(4.E0,2.2E-1,-2.27E0));
#1584=LINE('',#1583,#1582);
#1585=DIRECTION('',(0.E0,-9.486832980505E-1,-3.162277660168E-1));
#1586=VECTOR('',#1585,3.162277660168E-1);
#1587=CARTESIAN_POINT('',(3.6E0,1.32E0,-2.17E0));
#1588=LINE('',#1587,#1586);
#1589=DIRECTION('',(0.E0,0.E0,-1.E0));
#1590=VECTOR('',#1589,1.E-1);
#1591=CARTESIAN_POINT('',(3.6E0,2.2E-1,-2.17E0));
#1592=LINE('',#1591,#1590);
#1593=DIRECTION('',(1.E0,0.E0,0.E0));
#1594=VECTOR('',#1593,5.E-2);
#1595=CARTESIAN_POINT('',(4.25E0,1.32E0,-2.17E0));
#1596=LINE('',#1595,#1594);
#1597=DIRECTION('',(0.E0,0.E0,1.E0));
#1598=VECTOR('',#1597,4.5E-1);
#1599=CARTESIAN_POINT('',(4.8E0,1.32E0,-2.17E0));
#1600=LINE('',#1599,#1598);
#1601=DIRECTION('',(-1.E0,0.E0,0.E0));
#1602=VECTOR('',#1601,5.75E-1);
#1603=CARTESIAN_POINT('',(5.375E0,1.32E0,-1.72E0));
#1604=LINE('',#1603,#1602);
#1605=DIRECTION('',(-1.E0,0.E0,0.E0));
#1606=VECTOR('',#1605,5.25E-1);
#1607=CARTESIAN_POINT('',(5.375E0,1.32E0,6.3E-1));
#1608=LINE('',#1607,#1606);
#1609=DIRECTION('',(0.E0,0.E0,1.E0));
#1610=VECTOR('',#1609,9.2E-1);
#1611=CARTESIAN_POINT('',(4.85E0,1.32E0,6.3E-1));
#1612=LINE('',#1611,#1610);
#1613=DIRECTION('',(-9.662349396012E-1,0.E0,2.576626505603E-1));
#1614=VECTOR('',#1613,1.552417469626E-1);
#1615=CARTESIAN_POINT('',(4.85E0,1.32E0,1.55E0));
#1616=LINE('',#1615,#1614);
#1617=DIRECTION('',(0.E0,0.E0,-1.E0));
#1618=VECTOR('',#1617,6.8E-1);
#1619=CARTESIAN_POINT('',(4.7E0,1.32E0,2.27E0));
#1620=LINE('',#1619,#1618);
#1621=DIRECTION('',(0.E0,0.E0,-1.E0));
#1622=VECTOR('',#1621,4.44E0);
#1623=CARTESIAN_POINT('',(4.25E0,1.32E0,2.27E0));
#1624=LINE('',#1623,#1622);
#1625=DIRECTION('',(0.E0,0.E0,1.E0));
#1626=VECTOR('',#1625,4.5E-1);
#1627=CARTESIAN_POINT('',(4.8E0,-5.982842712475E-1,-2.17E0));
#1628=LINE('',#1627,#1626);
#1629=DIRECTION('',(0.E0,-1.E0,0.E0));
#1630=VECTOR('',#1629,1.021715728753E0);
#1631=CARTESIAN_POINT('',(4.8E0,-5.982842712475E-1,-2.17E0));
#1632=LINE('',#1631,#1630);
#1633=DIRECTION('',(0.E0,0.E0,1.E0));
#1634=VECTOR('',#1633,4.5E-1);
#1635=CARTESIAN_POINT('',(4.8E0,1.482842712475E-1,-2.17E0));
#1636=LINE('',#1635,#1634);
#1637=DIRECTION('',(0.E0,-1.E0,0.E0));
#1638=VECTOR('',#1637,1.171715728753E0);
#1639=CARTESIAN_POINT('',(4.8E0,1.32E0,-2.17E0));
#1640=LINE('',#1639,#1638);
#1641=DIRECTION('',(0.E0,0.E0,1.E0));
#1642=VECTOR('',#1641,4.5E-1);
#1643=CARTESIAN_POINT('',(4.68E0,-4.782842712475E-1,-2.17E0));
#1644=LINE('',#1643,#1642);
#1645=DIRECTION('',(0.E0,0.E0,1.E0));
#1646=VECTOR('',#1645,4.5E-1);
#1647=CARTESIAN_POINT('',(4.68E0,2.828427124748E-2,-2.17E0));
#1648=LINE('',#1647,#1646);
#1649=DIRECTION('',(1.E0,0.E0,0.E0));
#1650=VECTOR('',#1649,4.25E-1);
#1651=CARTESIAN_POINT('',(-4.8E0,-1.62E0,-2.17E0));
#1652=LINE('',#1651,#1650);
#1653=DIRECTION('',(0.E0,0.E0,-1.E0));
#1654=VECTOR('',#1653,4.5E-1);
#1655=CARTESIAN_POINT('',(-4.8E0,-1.62E0,-1.72E0));
#1656=LINE('',#1655,#1654);
#1657=DIRECTION('',(1.E0,0.E0,0.E0));
#1658=VECTOR('',#1657,5.75E-1);
#1659=CARTESIAN_POINT('',(-5.375E0,-1.62E0,-1.72E0));
#1660=LINE('',#1659,#1658);
#1661=DIRECTION('',(1.E0,0.E0,0.E0));
#1662=VECTOR('',#1661,5.75E-1);
#1663=CARTESIAN_POINT('',(4.8E0,-1.62E0,-1.72E0));
#1664=LINE('',#1663,#1662);
#1665=DIRECTION('',(0.E0,0.E0,1.E0));
#1666=VECTOR('',#1665,4.5E-1);
#1667=CARTESIAN_POINT('',(4.8E0,-1.62E0,-2.17E0));
#1668=LINE('',#1667,#1666);
#1669=DIRECTION('',(1.E0,0.E0,0.E0));
#1670=VECTOR('',#1669,4.25E-1);
#1671=CARTESIAN_POINT('',(4.375E0,-1.62E0,-2.17E0));
#1672=LINE('',#1671,#1670);
#1673=DIRECTION('',(0.E0,1.E0,0.E0));
#1674=VECTOR('',#1673,5.E-1);
#1675=CARTESIAN_POINT('',(-5.375E0,-2.11E0,5.3E-1));
#1676=LINE('',#1675,#1674);
#1677=DIRECTION('',(0.E0,0.E0,-1.E0));
#1678=VECTOR('',#1677,1.E-1);
#1679=CARTESIAN_POINT('',(-5.375E0,-2.11E0,6.3E-1));
#1680=LINE('',#1679,#1678);
#1681=DIRECTION('',(0.E0,-1.E0,0.E0));
#1682=VECTOR('',#1681,5.1E-1);
#1683=CARTESIAN_POINT('',(-5.375E0,-2.11E0,6.3E-1));
#1684=LINE('',#1683,#1682);
#1685=DIRECTION('',(0.E0,0.E0,1.E0));
#1686=VECTOR('',#1685,5.5E-1);
#1687=CARTESIAN_POINT('',(-5.375E0,-1.62E0,-2.27E0));
#1688=LINE('',#1687,#1686);
#1689=DIRECTION('',(0.E0,-1.E0,0.E0));
#1690=VECTOR('',#1689,2.94E0);
#1691=CARTESIAN_POINT('',(-5.375E0,1.32E0,-1.72E0));
#1692=LINE('',#1691,#1690);
#1693=DIRECTION('',(0.E0,0.E0,1.E0));
#1694=VECTOR('',#1693,2.35E0);
#1695=CARTESIAN_POINT('',(-5.375E0,1.32E0,-1.72E0));
#1696=LINE('',#1695,#1694);
#1697=DIRECTION('',(0.E0,-1.E0,0.E0));
#1698=VECTOR('',#1697,2.93E0);
#1699=CARTESIAN_POINT('',(-5.375E0,1.32E0,6.3E-1));
#1700=LINE('',#1699,#1698);
#1701=DIRECTION('',(0.E0,0.E0,-1.E0));
#1702=VECTOR('',#1701,1.E-1);
#1703=CARTESIAN_POINT('',(-5.375E0,-1.61E0,6.3E-1));
#1704=LINE('',#1703,#1702);
#1705=DIRECTION('',(-8.944271909999E-1,4.472135955E-1,0.E0));
#1706=VECTOR('',#1705,5.590169943749E-1);
#1707=CARTESIAN_POINT('',(-4.875E0,-1.86E0,5.3E-1));
#1708=LINE('',#1707,#1706);
#1709=DIRECTION('',(8.944271909999E-1,4.472135955E-1,0.E0));
#1710=VECTOR('',#1709,5.590169943749E-1);
#1711=CARTESIAN_POINT('',(-5.375E0,-2.11E0,5.3E-1));
#1712=LINE('',#1711,#1710);
#1713=DIRECTION('',(0.E0,0.E0,-1.E0));
#1714=VECTOR('',#1713,1.E-1);
#1715=CARTESIAN_POINT('',(-4.875E0,-1.86E0,6.3E-1));
#1716=LINE('',#1715,#1714);
#1717=DIRECTION('',(8.944271909999E-1,4.472135955E-1,0.E0));
#1718=VECTOR('',#1717,5.590169943749E-1);
#1719=CARTESIAN_POINT('',(-5.375E0,-2.11E0,6.3E-1));
#1720=LINE('',#1719,#1718);
#1721=DIRECTION('',(-8.944271909999E-1,4.472135955E-1,0.E0));
#1722=VECTOR('',#1721,5.590169943749E-1);
#1723=CARTESIAN_POINT('',(-4.875E0,-1.86E0,6.3E-1));
#1724=LINE('',#1723,#1722);
#1725=DIRECTION('',(0.E0,-1.E0,0.E0));
#1726=VECTOR('',#1725,7.3E-1);
#1727=CARTESIAN_POINT('',(-4.85E0,1.32E0,6.3E-1));
#1728=LINE('',#1727,#1726);
#1729=DIRECTION('',(1.E0,1.110223024625E-13,0.E0));
#1730=VECTOR('',#1729,1.E-2);
#1731=CARTESIAN_POINT('',(-4.86E0,5.9E-1,6.3E-1));
#1732=LINE('',#1731,#1730);
#1733=DIRECTION('',(1.E0,0.E0,0.E0));
#1734=VECTOR('',#1733,2.E-1);
#1735=CARTESIAN_POINT('',(-5.06E0,5.9E-1,6.3E-1));
#1736=LINE('',#1735,#1734);
#1737=DIRECTION('',(1.E0,-7.401486830835E-14,0.E0));
#1738=VECTOR('',#1737,1.5E-2);
#1739=CARTESIAN_POINT('',(-5.075E0,5.9E-1,6.3E-1));
#1740=LINE('',#1739,#1738);
#1741=DIRECTION('',(0.E0,1.E0,0.E0));
#1742=VECTOR('',#1741,1.63E0);
#1743=CARTESIAN_POINT('',(-5.075E0,-1.04E0,6.3E-1));
#1744=LINE('',#1743,#1742);
#1745=DIRECTION('',(-1.E0,0.E0,0.E0));
#1746=VECTOR('',#1745,2.25E-1);
#1747=CARTESIAN_POINT('',(-4.85E0,-1.04E0,6.3E-1));
#1748=LINE('',#1747,#1746);
#1749=DIRECTION('',(0.E0,-1.E0,0.E0));
#1750=VECTOR('',#1749,1.58E0);
#1751=CARTESIAN_POINT('',(-4.85E0,-1.04E0,6.3E-1));
#1752=LINE('',#1751,#1750);
#1753=DIRECTION('',(0.E0,0.E0,-1.E0));
#1754=VECTOR('',#1753,3.27E0);
#1755=CARTESIAN_POINT('',(-4.85E0,1.7E-1,1.55E0));
#1756=LINE('',#1755,#1754);
#1757=DIRECTION('',(0.E0,0.E0,1.E0));
#1758=VECTOR('',#1757,2.35E0);
#1759=CARTESIAN_POINT('',(-4.85E0,5.9E-1,-1.72E0));
#1760=LINE('',#1759,#1758);
#1761=DIRECTION('',(0.E0,-1.E0,0.E0));
#1762=VECTOR('',#1761,1.15E0);
#1763=CARTESIAN_POINT('',(-4.85E0,1.32E0,1.55E0));
#1764=LINE('',#1763,#1762);
#1765=DIRECTION('',(0.E0,0.E0,1.E0));
#1766=VECTOR('',#1765,3.27E0);
#1767=CARTESIAN_POINT('',(-4.85E0,-6.2E-1,-1.72E0));
#1768=LINE('',#1767,#1766);
#1769=DIRECTION('',(0.E0,-1.E0,0.E0));
#1770=VECTOR('',#1769,2.E0);
#1771=CARTESIAN_POINT('',(-4.85E0,-6.2E-1,1.55E0));
#1772=LINE('',#1771,#1770);
#1773=DIRECTION('',(6.948615819181E-1,-6.948615819181E-1,1.852964218448E-1));
#1774=VECTOR('',#1773,2.158703314492E-1);
#1775=CARTESIAN_POINT('',(-4.85E0,1.7E-1,1.55E0));
#1776=LINE('',#1775,#1774);
#1777=DIRECTION('',(0.E0,-1.E0,0.E0));
#1778=VECTOR('',#1777,1.3E0);
#1779=CARTESIAN_POINT('',(-4.7E0,1.32E0,1.59E0));
#1780=LINE('',#1779,#1778);
#1781=DIRECTION('',(-6.948615819181E-1,-6.948615819181E-1,-1.852964218448E-1));
#1782=VECTOR('',#1781,2.158703314492E-1);
#1783=CARTESIAN_POINT('',(-4.7E0,-4.7E-1,1.59E0));
#1784=LINE('',#1783,#1782);
#1785=DIRECTION('',(0.E0,-1.E0,0.E0));
#1786=VECTOR('',#1785,2.15E0);
#1787=CARTESIAN_POINT('',(-4.7E0,-4.7E-1,1.59E0));
#1788=LINE('',#1787,#1786);
#1789=DIRECTION('',(0.E0,0.E0,1.E0));
#1790=VECTOR('',#1789,3.31E0);
#1791=CARTESIAN_POINT('',(-4.7E0,2.E-2,-1.72E0));
#1792=LINE('',#1791,#1790);
#1793=DIRECTION('',(0.E0,1.E0,0.E0));
#1794=VECTOR('',#1793,4.9E-1);
#1795=CARTESIAN_POINT('',(-4.7E0,-4.7E-1,-1.72E0));
#1796=LINE('',#1795,#1794);
#1797=DIRECTION('',(-1.E0,0.E0,0.E0));
#1798=VECTOR('',#1797,5.25E-1);
#1799=CARTESIAN_POINT('',(5.375E0,-2.62E0,6.3E-1));
#1800=LINE('',#1799,#1798);
#1801=DIRECTION('',(0.E0,0.E0,1.E0));
#1802=VECTOR('',#1801,1.E-1);
#1803=CARTESIAN_POINT('',(4.375E0,-2.62E0,-2.27E0));
#1804=LINE('',#1803,#1802);
#1805=DIRECTION('',(1.E0,0.E0,0.E0));
#1806=VECTOR('',#1805,6.25E-1);
#1807=CARTESIAN_POINT('',(3.75E0,-2.62E0,-2.17E0));
#1808=LINE('',#1807,#1806);
#1809=DIRECTION('',(0.E0,0.E0,1.E0));
#1810=VECTOR('',#1809,4.44E0);
#1811=CARTESIAN_POINT('',(3.75E0,-2.62E0,-2.17E0));
#1812=LINE('',#1811,#1810);
#1813=DIRECTION('',(0.E0,0.E0,-1.E0));
#1814=VECTOR('',#1813,6.8E-1);
#1815=CARTESIAN_POINT('',(4.7E0,-2.62E0,2.27E0));
#1816=LINE('',#1815,#1814);
#1817=DIRECTION('',(-9.662349396012E-1,0.E0,2.576626505603E-1));
#1818=VECTOR('',#1817,1.552417469626E-1);
#1819=CARTESIAN_POINT('',(4.85E0,-2.62E0,1.55E0));
#1820=LINE('',#1819,#1818);
#1821=DIRECTION('',(0.E0,0.E0,1.E0));
#1822=VECTOR('',#1821,9.2E-1);
#1823=CARTESIAN_POINT('',(4.85E0,-2.62E0,6.3E-1));
#1824=LINE('',#1823,#1822);
#1825=DIRECTION('',(0.E0,0.E0,1.E0));
#1826=VECTOR('',#1825,2.9E0);
#1827=CARTESIAN_POINT('',(-5.375E0,-2.62E0,-2.27E0));
#1828=LINE('',#1827,#1826);
#1829=DIRECTION('',(1.E0,0.E0,0.E0));
#1830=VECTOR('',#1829,5.25E-1);
#1831=CARTESIAN_POINT('',(-5.375E0,-2.62E0,6.3E-1));
#1832=LINE('',#1831,#1830);
#1833=DIRECTION('',(0.E0,0.E0,-1.E0));
#1834=VECTOR('',#1833,9.2E-1);
#1835=CARTESIAN_POINT('',(-4.85E0,-2.62E0,1.55E0));
#1836=LINE('',#1835,#1834);
#1837=DIRECTION('',(-9.662349396012E-1,0.E0,-2.576626505603E-1));
#1838=VECTOR('',#1837,1.552417469626E-1);
#1839=CARTESIAN_POINT('',(-4.7E0,-2.62E0,1.59E0));
#1840=LINE('',#1839,#1838);
#1841=DIRECTION('',(0.E0,0.E0,-1.E0));
#1842=VECTOR('',#1841,6.8E-1);
#1843=CARTESIAN_POINT('',(-4.7E0,-2.62E0,2.27E0));
#1844=LINE('',#1843,#1842);
#1845=DIRECTION('',(0.E0,0.E0,1.E0));
#1846=VECTOR('',#1845,4.44E0);
#1847=CARTESIAN_POINT('',(-3.75E0,-2.62E0,-2.17E0));
#1848=LINE('',#1847,#1846);
#1849=DIRECTION('',(1.E0,0.E0,0.E0));
#1850=VECTOR('',#1849,6.25E-1);
#1851=CARTESIAN_POINT('',(-4.375E0,-2.62E0,-2.17E0));
#1852=LINE('',#1851,#1850);
#1853=DIRECTION('',(0.E0,0.E0,1.E0));
#1854=VECTOR('',#1853,1.E-1);
#1855=CARTESIAN_POINT('',(-4.375E0,-2.62E0,-2.27E0));
#1856=LINE('',#1855,#1854);
#1857=DIRECTION('',(1.E0,-1.110223024625E-13,0.E0));
#1858=VECTOR('',#1857,1.E-2);
#1859=CARTESIAN_POINT('',(4.85E0,5.9E-1,6.3E-1));
#1860=LINE('',#1859,#1858);
#1861=DIRECTION('',(-1.E0,0.E0,0.E0));
#1862=VECTOR('',#1861,2.25E-1);
#1863=CARTESIAN_POINT('',(5.075E0,-1.04E0,6.3E-1));
#1864=LINE('',#1863,#1862);
#1865=DIRECTION('',(0.E0,-1.E0,0.E0));
#1866=VECTOR('',#1865,1.63E0);
#1867=CARTESIAN_POINT('',(5.075E0,5.9E-1,6.3E-1));
#1868=LINE('',#1867,#1866);
#1869=DIRECTION('',(1.E0,7.401486830835E-14,0.E0));
#1870=VECTOR('',#1869,1.5E-2);
#1871=CARTESIAN_POINT('',(5.06E0,5.9E-1,6.3E-1));
#1872=LINE('',#1871,#1870);
#1873=DIRECTION('',(-1.E0,0.E0,0.E0));
#1874=VECTOR('',#1873,2.E-1);
#1875=CARTESIAN_POINT('',(5.06E0,5.9E-1,6.3E-1));
#1876=LINE('',#1875,#1874);
#1877=DIRECTION('',(0.E0,0.E0,-1.E0));
#1878=VECTOR('',#1877,2.35E0);
#1879=CARTESIAN_POINT('',(5.06E0,5.9E-1,6.3E-1));
#1880=LINE('',#1879,#1878);
#1881=DIRECTION('',(0.E0,0.E0,-1.E0));
#1882=VECTOR('',#1881,2.35E0);
#1883=CARTESIAN_POINT('',(4.86E0,5.9E-1,6.3E-1));
#1884=LINE('',#1883,#1882);
#1885=DIRECTION('',(0.E0,0.E0,1.E0));
#1886=VECTOR('',#1885,2.35E0);
#1887=CARTESIAN_POINT('',(4.85E0,5.9E-1,-1.72E0));
#1888=LINE('',#1887,#1886);
#1889=DIRECTION('',(0.E0,-1.E0,0.E0));
#1890=VECTOR('',#1889,1.3E-1);
#1891=CARTESIAN_POINT('',(5.06E0,-9.1E-1,-7.5E-1));
#1892=LINE('',#1891,#1890);
#1893=DIRECTION('',(0.E0,0.E0,-1.E0));
#1894=VECTOR('',#1893,1.43E0);
#1895=CARTESIAN_POINT('',(5.06E0,-9.1E-1,6.8E-1));
#1896=LINE('',#1895,#1894);
#1897=DIRECTION('',(0.E0,1.E0,0.E0));
#1898=VECTOR('',#1897,5.3E-1);
#1899=CARTESIAN_POINT('',(5.06E0,-1.44E0,6.8E-1));
#1900=LINE('',#1899,#1898);
#1901=DIRECTION('',(0.E0,0.E0,-1.E0));
#1902=VECTOR('',#1901,8.7E-1);
#1903=CARTESIAN_POINT('',(5.06E0,-1.44E0,1.55E0));
#1904=LINE('',#1903,#1902);
#1905=DIRECTION('',(0.E0,-7.071067811866E-1,-7.071067811865E-1));
#1906=VECTOR('',#1905,2.121320343560E-1);
#1907=CARTESIAN_POINT('',(5.06E0,-1.29E0,1.7E0));
#1908=LINE('',#1907,#1906);
#1909=DIRECTION('',(0.E0,-1.E0,0.E0));
#1910=VECTOR('',#1909,7.E-1);
#1911=CARTESIAN_POINT('',(5.06E0,-5.9E-1,1.7E0));
#1912=LINE('',#1911,#1910);
#1913=DIRECTION('',(0.E0,0.E0,1.E0));
#1914=VECTOR('',#1913,8.E-2);
#1915=CARTESIAN_POINT('',(5.06E0,-5.9E-1,1.62E0));
#1916=LINE('',#1915,#1914);
#1917=CARTESIAN_POINT('',(5.06E0,-4.4E-1,1.62E0));
#1918=DIRECTION('',(-1.E0,0.E0,0.E0));
#1919=DIRECTION('',(0.E0,1.E0,0.E0));
#1920=AXIS2_PLACEMENT_3D('',#1917,#1918,#1919);
#1922=DIRECTION('',(0.E0,0.E0,-1.E0));
#1923=VECTOR('',#1922,8.E-2);
#1924=CARTESIAN_POINT('',(5.06E0,-2.9E-1,1.7E0));
#1925=LINE('',#1924,#1923);
#1926=DIRECTION('',(0.E0,-1.E0,0.E0));
#1927=VECTOR('',#1926,5.E-1);
#1928=CARTESIAN_POINT('',(5.06E0,2.1E-1,1.7E0));
#1929=LINE('',#1928,#1927);
#1930=DIRECTION('',(0.E0,0.E0,1.E0));
#1931=VECTOR('',#1930,8.E-2);
#1932=CARTESIAN_POINT('',(5.06E0,2.1E-1,1.62E0));
#1933=LINE('',#1932,#1931);
#1934=CARTESIAN_POINT('',(5.06E0,3.6E-1,1.62E0));
#1935=DIRECTION('',(-1.E0,0.E0,0.E0));
#1936=DIRECTION('',(0.E0,1.E0,0.E0));
#1937=AXIS2_PLACEMENT_3D('',#1934,#1935,#1936);
#1939=DIRECTION('',(0.E0,0.E0,-1.E0));
#1940=VECTOR('',#1939,8.E-2);
#1941=CARTESIAN_POINT('',(5.06E0,5.1E-1,1.7E0));
#1942=LINE('',#1941,#1940);
#1943=DIRECTION('',(0.E0,-1.E0,0.E0));
#1944=VECTOR('',#1943,5.3E-1);
#1945=CARTESIAN_POINT('',(5.06E0,1.04E0,1.7E0));
#1946=LINE('',#1945,#1944);
#1947=DIRECTION('',(0.E0,-7.071067811865E-1,7.071067811865E-1));
#1948=VECTOR('',#1947,2.121320343560E-1);
#1949=CARTESIAN_POINT('',(5.06E0,1.19E0,1.55E0));
#1950=LINE('',#1949,#1948);
#1951=DIRECTION('',(0.E0,0.E0,1.E0));
#1952=VECTOR('',#1951,8.7E-1);
#1953=CARTESIAN_POINT('',(5.06E0,1.19E0,6.8E-1));
#1954=LINE('',#1953,#1952);
#1955=DIRECTION('',(0.E0,1.E0,0.E0));
#1956=VECTOR('',#1955,6.E-1);
#1957=CARTESIAN_POINT('',(5.06E0,5.9E-1,6.8E-1));
#1958=LINE('',#1957,#1956);
#1959=DIRECTION('',(-1.776356839400E-14,-2.220446049250E-14,1.E0));
#1960=VECTOR('',#1959,5.E-2);
#1961=CARTESIAN_POINT('',(5.06E0,5.9E-1,6.3E-1));
#1962=LINE('',#1961,#1960);
#1963=DIRECTION('',(0.E0,0.E0,1.E0));
#1964=VECTOR('',#1963,4.E-1);
#1965=CARTESIAN_POINT('',(5.06E0,5.9E-1,-2.12E0));
#1966=LINE('',#1965,#1964);
#1967=DIRECTION('',(0.E0,7.071067811865E-1,7.071067811865E-1));
#1968=VECTOR('',#1967,2.828427124746E-1);
#1969=CARTESIAN_POINT('',(5.06E0,3.9E-1,-2.32E0));
#1970=LINE('',#1969,#1968);
#1971=DIRECTION('',(0.E0,1.E0,0.E0));
#1972=VECTOR('',#1971,1.1E0);
#1973=CARTESIAN_POINT('',(5.06E0,-7.1E-1,-2.32E0));
#1974=LINE('',#1973,#1972);
#1975=DIRECTION('',(0.E0,7.071067811865E-1,-7.071067811865E-1));
#1976=VECTOR('',#1975,2.828427124746E-1);
#1977=CARTESIAN_POINT('',(5.06E0,-9.1E-1,-2.12E0));
#1978=LINE('',#1977,#1976);
#1979=DIRECTION('',(0.E0,0.E0,-1.E0));
#1980=VECTOR('',#1979,7.2E-1);
#1981=CARTESIAN_POINT('',(5.06E0,-9.1E-1,-1.4E0));
#1982=LINE('',#1981,#1980);
#1983=DIRECTION('',(0.E0,3.713906763541E-1,-9.284766908853E-1));
#1984=VECTOR('',#1983,3.500357124637E-1);
#1985=CARTESIAN_POINT('',(5.06E0,-1.04E0,-1.075E0));
#1986=LINE('',#1985,#1984);
#1987=DIRECTION('',(0.E0,0.E0,1.E0));
#1988=VECTOR('',#1987,2.35E0);
#1989=CARTESIAN_POINT('',(5.075E0,-1.04E0,-1.72E0));
#1990=LINE('',#1989,#1988);
#1991=DIRECTION('',(0.E0,0.E0,-1.E0));
#1992=VECTOR('',#1991,3.25E-1);
#1993=CARTESIAN_POINT('',(5.06E0,-1.04E0,-7.5E-1));
#1994=LINE('',#1993,#1992);
#1995=DIRECTION('',(-1.E0,0.E0,0.E0));
#1996=VECTOR('',#1995,2.E-1);
#1997=CARTESIAN_POINT('',(5.06E0,-1.04E0,-1.075E0));
#1998=LINE('',#1997,#1996);
#1999=DIRECTION('',(0.E0,0.E0,-1.E0));
#2000=VECTOR('',#1999,3.25E-1);
#2001=CARTESIAN_POINT('',(4.86E0,-1.04E0,-7.5E-1));
#2002=LINE('',#2001,#2000);
#2003=DIRECTION('',(-1.E0,0.E0,0.E0));
#2004=VECTOR('',#2003,2.E-1);
#2005=CARTESIAN_POINT('',(5.06E0,-1.04E0,-7.5E-1));
#2006=LINE('',#2005,#2004);
#2007=DIRECTION('',(0.E0,0.E0,-1.E0));
#2008=VECTOR('',#2007,3.27E0);
#2009=CARTESIAN_POINT('',(4.85E0,-6.2E-1,1.55E0));
#2010=LINE('',#2009,#2008);
#2011=DIRECTION('',(0.E0,0.E0,1.E0));
#2012=VECTOR('',#2011,2.35E0);
#2013=CARTESIAN_POINT('',(4.85E0,-1.04E0,-1.72E0));
#2014=LINE('',#2013,#2012);
#2015=DIRECTION('',(0.E0,-1.E0,0.E0));
#2016=VECTOR('',#2015,1.58E0);
#2017=CARTESIAN_POINT('',(4.85E0,-1.04E0,6.3E-1));
#2018=LINE('',#2017,#2016);
#2019=DIRECTION('',(0.E0,-1.E0,0.E0));
#2020=VECTOR('',#2019,7.3E-1);
#2021=CARTESIAN_POINT('',(4.85E0,1.32E0,6.3E-1));
#2022=LINE('',#2021,#2020);
#2023=DIRECTION('',(0.E0,0.E0,1.E0));
#2024=VECTOR('',#2023,3.27E0);
#2025=CARTESIAN_POINT('',(4.85E0,1.7E-1,-1.72E0));
#2026=LINE('',#2025,#2024);
#2027=DIRECTION('',(-6.948615819181E-1,6.948615819181E-1,1.852964218448E-1));
#2028=VECTOR('',#2027,2.158703314492E-1);
#2029=CARTESIAN_POINT('',(4.85E0,-6.2E-1,1.55E0));
#2030=LINE('',#2029,#2028);
#2031=DIRECTION('',(0.E0,-1.E0,0.E0));
#2032=VECTOR('',#2031,2.E0);
#2033=CARTESIAN_POINT('',(4.85E0,-6.2E-1,1.55E0));
#2034=LINE('',#2033,#2032);
#2035=DIRECTION('',(6.948615819181E-1,6.948615819181E-1,-1.852964218448E-1));
#2036=VECTOR('',#2035,2.158703314492E-1);
#2037=CARTESIAN_POINT('',(4.7E0,2.E-2,1.59E0));
#2038=LINE('',#2037,#2036);
#2039=DIRECTION('',(0.E0,-1.E0,0.E0));
#2040=VECTOR('',#2039,1.15E0);
#2041=CARTESIAN_POINT('',(4.85E0,1.32E0,1.55E0));
#2042=LINE('',#2041,#2040);
#2043=DIRECTION('',(0.E0,0.E0,1.E0));
#2044=VECTOR('',#2043,3.31E0);
#2045=CARTESIAN_POINT('',(4.7E0,2.E-2,-1.72E0));
#2046=LINE('',#2045,#2044);
#2047=DIRECTION('',(0.E0,0.E0,1.E0));
#2048=VECTOR('',#2047,2.35E0);
#2049=CARTESIAN_POINT('',(5.075E0,5.9E-1,-1.72E0));
#2050=LINE('',#2049,#2048);
#2051=DIRECTION('',(1.E0,0.E0,0.E0));
#2052=VECTOR('',#2051,2.E-1);
#2053=CARTESIAN_POINT('',(4.86E0,-9.1E-1,-1.4E0));
#2054=LINE('',#2053,#2052);
#2055=DIRECTION('',(1.E0,0.E0,0.E0));
#2056=VECTOR('',#2055,2.E-1);
#2057=CARTESIAN_POINT('',(4.86E0,-9.1E-1,-2.12E0));
#2058=LINE('',#2057,#2056);
#2059=DIRECTION('',(1.E0,0.E0,0.E0));
#2060=VECTOR('',#2059,2.E-1);
#2061=CARTESIAN_POINT('',(4.86E0,-7.1E-1,-2.32E0));
#2062=LINE('',#2061,#2060);
#2063=DIRECTION('',(1.E0,0.E0,0.E0));
#2064=VECTOR('',#2063,2.E-1);
#2065=CARTESIAN_POINT('',(4.86E0,3.9E-1,-2.32E0));
#2066=LINE('',#2065,#2064);
#2067=DIRECTION('',(1.E0,0.E0,0.E0));
#2068=VECTOR('',#2067,2.E-1);
#2069=CARTESIAN_POINT('',(4.86E0,5.9E-1,-2.12E0));
#2070=LINE('',#2069,#2068);
#2071=DIRECTION('',(1.E0,0.E0,0.E0));
#2072=VECTOR('',#2071,2.E-1);
#2073=CARTESIAN_POINT('',(4.86E0,5.9E-1,6.8E-1));
#2074=LINE('',#2073,#2072);
#2075=DIRECTION('',(1.E0,0.E0,0.E0));
#2076=VECTOR('',#2075,2.E-1);
#2077=CARTESIAN_POINT('',(4.86E0,1.19E0,6.8E-1));
#2078=LINE('',#2077,#2076);
#2079=DIRECTION('',(1.E0,0.E0,0.E0));
#2080=VECTOR('',#2079,2.E-1);
#2081=CARTESIAN_POINT('',(4.86E0,1.19E0,1.55E0));
#2082=LINE('',#2081,#2080);
#2083=DIRECTION('',(1.E0,0.E0,0.E0));
#2084=VECTOR('',#2083,2.E-1);
#2085=CARTESIAN_POINT('',(4.86E0,1.04E0,1.7E0));
#2086=LINE('',#2085,#2084);
#2087=DIRECTION('',(1.E0,0.E0,0.E0));
#2088=VECTOR('',#2087,2.E-1);
#2089=CARTESIAN_POINT('',(4.86E0,5.1E-1,1.7E0));
#2090=LINE('',#2089,#2088);
#2091=DIRECTION('',(1.E0,0.E0,0.E0));
#2092=VECTOR('',#2091,2.E-1);
#2093=CARTESIAN_POINT('',(4.86E0,5.1E-1,1.62E0));
#2094=LINE('',#2093,#2092);
#2095=DIRECTION('',(1.E0,0.E0,0.E0));
#2096=VECTOR('',#2095,2.E-1);
#2097=CARTESIAN_POINT('',(4.86E0,2.1E-1,1.62E0));
#2098=LINE('',#2097,#2096);
#2099=DIRECTION('',(1.E0,0.E0,0.E0));
#2100=VECTOR('',#2099,2.E-1);
#2101=CARTESIAN_POINT('',(4.86E0,2.1E-1,1.7E0));
#2102=LINE('',#2101,#2100);
#2103=DIRECTION('',(1.E0,0.E0,0.E0));
#2104=VECTOR('',#2103,2.E-1);
#2105=CARTESIAN_POINT('',(4.86E0,-2.9E-1,1.7E0));
#2106=LINE('',#2105,#2104);
#2107=DIRECTION('',(1.E0,0.E0,0.E0));
#2108=VECTOR('',#2107,2.E-1);
#2109=CARTESIAN_POINT('',(4.86E0,-2.9E-1,1.62E0));
#2110=LINE('',#2109,#2108);
#2111=DIRECTION('',(1.E0,0.E0,0.E0));
#2112=VECTOR('',#2111,2.E-1);
#2113=CARTESIAN_POINT('',(4.86E0,-5.9E-1,1.62E0));
#2114=LINE('',#2113,#2112);
#2115=DIRECTION('',(1.E0,0.E0,0.E0));
#2116=VECTOR('',#2115,2.E-1);
#2117=CARTESIAN_POINT('',(4.86E0,-5.9E-1,1.7E0));
#2118=LINE('',#2117,#2116);
#2119=DIRECTION('',(1.E0,0.E0,0.E0));
#2120=VECTOR('',#2119,2.E-1);
#2121=CARTESIAN_POINT('',(4.86E0,-1.29E0,1.7E0));
#2122=LINE('',#2121,#2120);
#2123=DIRECTION('',(1.E0,0.E0,0.E0));
#2124=VECTOR('',#2123,2.E-1);
#2125=CARTESIAN_POINT('',(4.86E0,-1.44E0,1.55E0));
#2126=LINE('',#2125,#2124);
#2127=DIRECTION('',(1.E0,0.E0,0.E0));
#2128=VECTOR('',#2127,2.E-1);
#2129=CARTESIAN_POINT('',(4.86E0,-1.44E0,6.8E-1));
#2130=LINE('',#2129,#2128);
#2131=DIRECTION('',(1.E0,0.E0,0.E0));
#2132=VECTOR('',#2131,2.E-1);
#2133=CARTESIAN_POINT('',(4.86E0,-9.1E-1,6.8E-1));
#2134=LINE('',#2133,#2132);
#2135=DIRECTION('',(1.E0,0.E0,0.E0));
#2136=VECTOR('',#2135,2.E-1);
#2137=CARTESIAN_POINT('',(4.86E0,-9.1E-1,-7.5E-1));
#2138=LINE('',#2137,#2136);
#2139=DIRECTION('',(0.E0,-3.713906763541E-1,9.284766908853E-1));
#2140=VECTOR('',#2139,3.500357124637E-1);
#2141=CARTESIAN_POINT('',(4.86E0,-9.1E-1,-1.4E0));
#2142=LINE('',#2141,#2140);
#2143=DIRECTION('',(0.E0,0.E0,-1.E0));
#2144=VECTOR('',#2143,7.2E-1);
#2145=CARTESIAN_POINT('',(4.86E0,-9.1E-1,-1.4E0));
#2146=LINE('',#2145,#2144);
#2147=DIRECTION('',(0.E0,7.071067811865E-1,-7.071067811865E-1));
#2148=VECTOR('',#2147,2.828427124746E-1);
#2149=CARTESIAN_POINT('',(4.86E0,-9.1E-1,-2.12E0));
#2150=LINE('',#2149,#2148);
#2151=DIRECTION('',(0.E0,1.E0,0.E0));
#2152=VECTOR('',#2151,1.1E0);
#2153=CARTESIAN_POINT('',(4.86E0,-7.1E-1,-2.32E0));
#2154=LINE('',#2153,#2152);
#2155=DIRECTION('',(0.E0,7.071067811865E-1,7.071067811865E-1));
#2156=VECTOR('',#2155,2.828427124746E-1);
#2157=CARTESIAN_POINT('',(4.86E0,3.9E-1,-2.32E0));
#2158=LINE('',#2157,#2156);
#2159=DIRECTION('',(0.E0,0.E0,1.E0));
#2160=VECTOR('',#2159,4.E-1);
#2161=CARTESIAN_POINT('',(4.86E0,5.9E-1,-2.12E0));
#2162=LINE('',#2161,#2160);
#2163=DIRECTION('',(0.E0,-2.220446049250E-14,1.E0));
#2164=VECTOR('',#2163,5.E-2);
#2165=CARTESIAN_POINT('',(4.86E0,5.9E-1,6.3E-1));
#2166=LINE('',#2165,#2164);
#2167=DIRECTION('',(0.E0,1.E0,0.E0));
#2168=VECTOR('',#2167,6.E-1);
#2169=CARTESIAN_POINT('',(4.86E0,5.9E-1,6.8E-1));
#2170=LINE('',#2169,#2168);
#2171=DIRECTION('',(0.E0,0.E0,1.E0));
#2172=VECTOR('',#2171,8.7E-1);
#2173=CARTESIAN_POINT('',(4.86E0,1.19E0,6.8E-1));
#2174=LINE('',#2173,#2172);
#2175=DIRECTION('',(0.E0,-7.071067811865E-1,7.071067811865E-1));
#2176=VECTOR('',#2175,2.121320343560E-1);
#2177=CARTESIAN_POINT('',(4.86E0,1.19E0,1.55E0));
#2178=LINE('',#2177,#2176);
#2179=DIRECTION('',(0.E0,-1.E0,0.E0));
#2180=VECTOR('',#2179,5.3E-1);
#2181=CARTESIAN_POINT('',(4.86E0,1.04E0,1.7E0));
#2182=LINE('',#2181,#2180);
#2183=DIRECTION('',(0.E0,0.E0,-1.E0));
#2184=VECTOR('',#2183,8.E-2);
#2185=CARTESIAN_POINT('',(4.86E0,5.1E-1,1.7E0));
#2186=LINE('',#2185,#2184);
#2187=CARTESIAN_POINT('',(4.86E0,3.6E-1,1.62E0));
#2188=DIRECTION('',(-1.E0,0.E0,0.E0));
#2189=DIRECTION('',(0.E0,1.E0,0.E0));
#2190=AXIS2_PLACEMENT_3D('',#2187,#2188,#2189);
#2192=DIRECTION('',(0.E0,0.E0,1.E0));
#2193=VECTOR('',#2192,8.E-2);
#2194=CARTESIAN_POINT('',(4.86E0,2.1E-1,1.62E0));
#2195=LINE('',#2194,#2193);
#2196=DIRECTION('',(0.E0,-1.E0,0.E0));
#2197=VECTOR('',#2196,5.E-1);
#2198=CARTESIAN_POINT('',(4.86E0,2.1E-1,1.7E0));
#2199=LINE('',#2198,#2197);
#2200=DIRECTION('',(0.E0,0.E0,-1.E0));
#2201=VECTOR('',#2200,8.E-2);
#2202=CARTESIAN_POINT('',(4.86E0,-2.9E-1,1.7E0));
#2203=LINE('',#2202,#2201);
#2204=CARTESIAN_POINT('',(4.86E0,-4.4E-1,1.62E0));
#2205=DIRECTION('',(-1.E0,0.E0,0.E0));
#2206=DIRECTION('',(0.E0,1.E0,0.E0));
#2207=AXIS2_PLACEMENT_3D('',#2204,#2205,#2206);
#2209=DIRECTION('',(0.E0,0.E0,1.E0));
#2210=VECTOR('',#2209,8.E-2);
#2211=CARTESIAN_POINT('',(4.86E0,-5.9E-1,1.62E0));
#2212=LINE('',#2211,#2210);
#2213=DIRECTION('',(0.E0,-1.E0,0.E0));
#2214=VECTOR('',#2213,7.E-1);
#2215=CARTESIAN_POINT('',(4.86E0,-5.9E-1,1.7E0));
#2216=LINE('',#2215,#2214);
#2217=DIRECTION('',(0.E0,-7.071067811866E-1,-7.071067811865E-1));
#2218=VECTOR('',#2217,2.121320343560E-1);
#2219=CARTESIAN_POINT('',(4.86E0,-1.29E0,1.7E0));
#2220=LINE('',#2219,#2218);
#2221=DIRECTION('',(0.E0,0.E0,-1.E0));
#2222=VECTOR('',#2221,8.7E-1);
#2223=CARTESIAN_POINT('',(4.86E0,-1.44E0,1.55E0));
#2224=LINE('',#2223,#2222);
#2225=DIRECTION('',(0.E0,1.E0,0.E0));
#2226=VECTOR('',#2225,5.3E-1);
#2227=CARTESIAN_POINT('',(4.86E0,-1.44E0,6.8E-1));
#2228=LINE('',#2227,#2226);
#2229=DIRECTION('',(0.E0,0.E0,-1.E0));
#2230=VECTOR('',#2229,1.43E0);
#2231=CARTESIAN_POINT('',(4.86E0,-9.1E-1,6.8E-1));
#2232=LINE('',#2231,#2230);
#2233=DIRECTION('',(0.E0,1.E0,0.E0));
#2234=VECTOR('',#2233,1.3E-1);
#2235=CARTESIAN_POINT('',(4.86E0,-1.04E0,-7.5E-1));
#2236=LINE('',#2235,#2234);
#2237=DIRECTION('',(0.E0,0.E0,1.E0));
#2238=VECTOR('',#2237,5.5E-1);
#2239=CARTESIAN_POINT('',(5.375E0,-1.62E0,-2.27E0));
#2240=LINE('',#2239,#2238);
#2241=DIRECTION('',(0.E0,0.E0,1.E0));
#2242=VECTOR('',#2241,2.9E0);
#2243=CARTESIAN_POINT('',(5.375E0,-2.62E0,-2.27E0));
#2244=LINE('',#2243,#2242);
#2245=DIRECTION('',(0.E0,1.E0,0.E0));
#2246=VECTOR('',#2245,3.94E0);
#2247=CARTESIAN_POINT('',(5.375E0,-2.62E0,6.3E-1));
#2248=LINE('',#2247,#2246);
#2249=DIRECTION('',(0.E0,0.E0,1.E0));
#2250=VECTOR('',#2249,2.35E0);
#2251=CARTESIAN_POINT('',(5.375E0,1.32E0,-1.72E0));
#2252=LINE('',#2251,#2250);
#2253=DIRECTION('',(0.E0,-1.E0,0.E0));
#2254=VECTOR('',#2253,2.94E0);
#2255=CARTESIAN_POINT('',(5.375E0,1.32E0,-1.72E0));
#2256=LINE('',#2255,#2254);
#2257=DIRECTION('',(1.E0,0.E0,0.E0));
#2258=VECTOR('',#2257,1.E0);
#2259=CARTESIAN_POINT('',(-5.375E0,-1.62E0,-2.27E0));
#2260=LINE('',#2259,#2258);
#2261=DIRECTION('',(0.E0,-1.E0,0.E0));
#2262=VECTOR('',#2261,1.E0);
#2263=CARTESIAN_POINT('',(-5.375E0,-1.62E0,-2.27E0));
#2264=LINE('',#2263,#2262);
#2265=DIRECTION('',(1.E0,0.E0,0.E0));
#2266=VECTOR('',#2265,1.E0);
#2267=CARTESIAN_POINT('',(-5.375E0,-2.62E0,-2.27E0));
#2268=LINE('',#2267,#2266);
#2269=DIRECTION('',(0.E0,1.E0,0.E0));
#2270=VECTOR('',#2269,1.E0);
#2271=CARTESIAN_POINT('',(-4.375E0,-2.62E0,-2.27E0));
#2272=LINE('',#2271,#2270);
#2273=DIRECTION('',(1.E0,0.E0,0.E0));
#2274=VECTOR('',#2273,1.E0);
#2275=CARTESIAN_POINT('',(4.375E0,-1.62E0,-2.27E0));
#2276=LINE('',#2275,#2274);
#2277=DIRECTION('',(0.E0,1.E0,0.E0));
#2278=VECTOR('',#2277,1.E0);
#2279=CARTESIAN_POINT('',(4.375E0,-2.62E0,-2.27E0));
#2280=LINE('',#2279,#2278);
#2281=DIRECTION('',(1.E0,0.E0,0.E0));
#2282=VECTOR('',#2281,1.E0);
#2283=CARTESIAN_POINT('',(4.375E0,-2.62E0,-2.27E0));
#2284=LINE('',#2283,#2282);
#2285=DIRECTION('',(0.E0,1.E0,0.E0));
#2286=VECTOR('',#2285,1.E0);
#2287=CARTESIAN_POINT('',(5.375E0,-2.62E0,-2.27E0));
#2288=LINE('',#2287,#2286);
#2289=DIRECTION('',(0.E0,0.E0,1.E0));
#2290=VECTOR('',#2289,1.E-1);
#2291=CARTESIAN_POINT('',(-4.375E0,-1.62E0,-2.27E0));
#2292=LINE('',#2291,#2290);
#2293=DIRECTION('',(0.E0,0.E0,-1.E0));
#2294=VECTOR('',#2293,1.E-1);
#2295=CARTESIAN_POINT('',(4.375E0,-1.62E0,-2.17E0));
#2296=LINE('',#2295,#2294);
#2297=DIRECTION('',(0.E0,-1.E0,0.E0));
#2298=VECTOR('',#2297,1.E0);
#2299=CARTESIAN_POINT('',(4.375E0,-1.62E0,-2.17E0));
#2300=LINE('',#2299,#2298);
#2301=DIRECTION('',(-7.249994335944E-1,-6.887494619147E-1,0.E0));
#2302=VECTOR('',#2301,2.758622844827E-1);
#2303=CARTESIAN_POINT('',(-3.55E0,-2.43E0,-2.17E0));
#2304=LINE('',#2303,#2302);
#2305=DIRECTION('',(0.E0,0.E0,-1.E0));
#2306=VECTOR('',#2305,4.44E0);
#2307=CARTESIAN_POINT('',(-3.55E0,-2.43E0,2.27E0));
#2308=LINE('',#2307,#2306);
#2309=DIRECTION('',(0.E0,0.E0,1.E0));
#2310=VECTOR('',#2309,3.31E0);
#2311=CARTESIAN_POINT('',(-4.7E0,-4.7E-1,-1.72E0));
#2312=LINE('',#2311,#2310);
#2313=DIRECTION('',(0.E0,0.E0,-1.E0));
#2314=VECTOR('',#2313,2.35E0);
#2315=CARTESIAN_POINT('',(-5.06E0,5.9E-1,6.3E-1));
#2316=LINE('',#2315,#2314);
#2317=DIRECTION('',(0.E0,0.E0,1.E0));
#2318=VECTOR('',#2317,2.35E0);
#2319=CARTESIAN_POINT('',(-5.075E0,5.9E-1,-1.72E0));
#2320=LINE('',#2319,#2318);
#2321=DIRECTION('',(0.E0,0.E0,-1.E0));
#2322=VECTOR('',#2321,2.35E0);
#2323=CARTESIAN_POINT('',(-4.86E0,5.9E-1,6.3E-1));
#2324=LINE('',#2323,#2322);
#2325=DIRECTION('',(-1.776356839400E-14,2.220446049250E-14,-1.E0));
#2326=VECTOR('',#2325,5.E-2);
#2327=CARTESIAN_POINT('',(-5.06E0,5.9E-1,6.8E-1));
#2328=LINE('',#2327,#2326);
#2329=DIRECTION('',(0.E0,-1.E0,0.E0));
#2330=VECTOR('',#2329,6.E-1);
#2331=CARTESIAN_POINT('',(-5.06E0,1.19E0,6.8E-1));
#2332=LINE('',#2331,#2330);
#2333=DIRECTION('',(0.E0,0.E0,-1.E0));
#2334=VECTOR('',#2333,8.7E-1);
#2335=CARTESIAN_POINT('',(-5.06E0,1.19E0,1.55E0));
#2336=LINE('',#2335,#2334);
#2337=DIRECTION('',(0.E0,7.071067811865E-1,-7.071067811865E-1));
#2338=VECTOR('',#2337,2.121320343560E-1);
#2339=CARTESIAN_POINT('',(-5.06E0,1.04E0,1.7E0));
#2340=LINE('',#2339,#2338);
#2341=DIRECTION('',(0.E0,1.E0,0.E0));
#2342=VECTOR('',#2341,5.3E-1);
#2343=CARTESIAN_POINT('',(-5.06E0,5.1E-1,1.7E0));
#2344=LINE('',#2343,#2342);
#2345=DIRECTION('',(0.E0,0.E0,1.E0));
#2346=VECTOR('',#2345,8.E-2);
#2347=CARTESIAN_POINT('',(-5.06E0,5.1E-1,1.62E0));
#2348=LINE('',#2347,#2346);
#2349=CARTESIAN_POINT('',(-5.06E0,3.6E-1,1.62E0));
#2350=DIRECTION('',(1.E0,0.E0,0.E0));
#2351=DIRECTION('',(0.E0,-1.E0,0.E0));
#2352=AXIS2_PLACEMENT_3D('',#2349,#2350,#2351);
#2354=DIRECTION('',(0.E0,0.E0,-1.E0));
#2355=VECTOR('',#2354,8.E-2);
#2356=CARTESIAN_POINT('',(-5.06E0,2.1E-1,1.7E0));
#2357=LINE('',#2356,#2355);
#2358=DIRECTION('',(0.E0,1.E0,0.E0));
#2359=VECTOR('',#2358,5.E-1);
#2360=CARTESIAN_POINT('',(-5.06E0,-2.9E-1,1.7E0));
#2361=LINE('',#2360,#2359);
#2362=DIRECTION('',(0.E0,0.E0,1.E0));
#2363=VECTOR('',#2362,8.E-2);
#2364=CARTESIAN_POINT('',(-5.06E0,-2.9E-1,1.62E0));
#2365=LINE('',#2364,#2363);
#2366=CARTESIAN_POINT('',(-5.06E0,-4.4E-1,1.62E0));
#2367=DIRECTION('',(1.E0,0.E0,0.E0));
#2368=DIRECTION('',(0.E0,-1.E0,0.E0));
#2369=AXIS2_PLACEMENT_3D('',#2366,#2367,#2368);
#2371=DIRECTION('',(0.E0,0.E0,-1.E0));
#2372=VECTOR('',#2371,8.E-2);
#2373=CARTESIAN_POINT('',(-5.06E0,-5.9E-1,1.7E0));
#2374=LINE('',#2373,#2372);
#2375=DIRECTION('',(0.E0,1.E0,0.E0));
#2376=VECTOR('',#2375,7.E-1);
#2377=CARTESIAN_POINT('',(-5.06E0,-1.29E0,1.7E0));
#2378=LINE('',#2377,#2376);
#2379=DIRECTION('',(0.E0,7.071067811866E-1,7.071067811865E-1));
#2380=VECTOR('',#2379,2.121320343560E-1);
#2381=CARTESIAN_POINT('',(-5.06E0,-1.44E0,1.55E0));
#2382=LINE('',#2381,#2380);
#2383=DIRECTION('',(0.E0,0.E0,1.E0));
#2384=VECTOR('',#2383,8.7E-1);
#2385=CARTESIAN_POINT('',(-5.06E0,-1.44E0,6.8E-1));
#2386=LINE('',#2385,#2384);
#2387=DIRECTION('',(0.E0,-1.E0,0.E0));
#2388=VECTOR('',#2387,5.3E-1);
#2389=CARTESIAN_POINT('',(-5.06E0,-9.1E-1,6.8E-1));
#2390=LINE('',#2389,#2388);
#2391=DIRECTION('',(0.E0,0.E0,1.E0));
#2392=VECTOR('',#2391,1.43E0);
#2393=CARTESIAN_POINT('',(-5.06E0,-9.1E-1,-7.5E-1));
#2394=LINE('',#2393,#2392);
#2395=DIRECTION('',(0.E0,1.E0,0.E0));
#2396=VECTOR('',#2395,1.3E-1);
#2397=CARTESIAN_POINT('',(-5.06E0,-1.04E0,-7.5E-1));
#2398=LINE('',#2397,#2396);
#2399=DIRECTION('',(0.E0,-3.713906763541E-1,9.284766908853E-1));
#2400=VECTOR('',#2399,3.500357124637E-1);
#2401=CARTESIAN_POINT('',(-5.06E0,-9.1E-1,-1.4E0));
#2402=LINE('',#2401,#2400);
#2403=DIRECTION('',(0.E0,0.E0,1.E0));
#2404=VECTOR('',#2403,7.2E-1);
#2405=CARTESIAN_POINT('',(-5.06E0,-9.1E-1,-2.12E0));
#2406=LINE('',#2405,#2404);
#2407=DIRECTION('',(0.E0,-7.071067811865E-1,7.071067811865E-1));
#2408=VECTOR('',#2407,2.828427124746E-1);
#2409=CARTESIAN_POINT('',(-5.06E0,-7.1E-1,-2.32E0));
#2410=LINE('',#2409,#2408);
#2411=DIRECTION('',(0.E0,-1.E0,0.E0));
#2412=VECTOR('',#2411,1.1E0);
#2413=CARTESIAN_POINT('',(-5.06E0,3.9E-1,-2.32E0));
#2414=LINE('',#2413,#2412);
#2415=DIRECTION('',(0.E0,-7.071067811865E-1,-7.071067811865E-1));
#2416=VECTOR('',#2415,2.828427124746E-1);
#2417=CARTESIAN_POINT('',(-5.06E0,5.9E-1,-2.12E0));
#2418=LINE('',#2417,#2416);
#2419=DIRECTION('',(0.E0,0.E0,-1.E0));
#2420=VECTOR('',#2419,4.E-1);
#2421=CARTESIAN_POINT('',(-5.06E0,5.9E-1,-1.72E0));
#2422=LINE('',#2421,#2420);
#2423=DIRECTION('',(1.E0,0.E0,0.E0));
#2424=VECTOR('',#2423,2.E-1);
#2425=CARTESIAN_POINT('',(-5.06E0,5.9E-1,6.8E-1));
#2426=LINE('',#2425,#2424);
#2427=DIRECTION('',(0.E0,2.220446049250E-14,-1.E0));
#2428=VECTOR('',#2427,5.E-2);
#2429=CARTESIAN_POINT('',(-4.86E0,5.9E-1,6.8E-1));
#2430=LINE('',#2429,#2428);
#2431=DIRECTION('',(0.E0,0.E0,-1.E0));
#2432=VECTOR('',#2431,4.E-1);
#2433=CARTESIAN_POINT('',(-4.86E0,5.9E-1,-1.72E0));
#2434=LINE('',#2433,#2432);
#2435=DIRECTION('',(0.E0,-7.071067811865E-1,-7.071067811865E-1));
#2436=VECTOR('',#2435,2.828427124746E-1);
#2437=CARTESIAN_POINT('',(-4.86E0,5.9E-1,-2.12E0));
#2438=LINE('',#2437,#2436);
#2439=DIRECTION('',(0.E0,-1.E0,0.E0));
#2440=VECTOR('',#2439,1.1E0);
#2441=CARTESIAN_POINT('',(-4.86E0,3.9E-1,-2.32E0));
#2442=LINE('',#2441,#2440);
#2443=DIRECTION('',(0.E0,-7.071067811865E-1,7.071067811865E-1));
#2444=VECTOR('',#2443,2.828427124746E-1);
#2445=CARTESIAN_POINT('',(-4.86E0,-7.1E-1,-2.32E0));
#2446=LINE('',#2445,#2444);
#2447=DIRECTION('',(0.E0,0.E0,1.E0));
#2448=VECTOR('',#2447,7.2E-1);
#2449=CARTESIAN_POINT('',(-4.86E0,-9.1E-1,-2.12E0));
#2450=LINE('',#2449,#2448);
#2451=DIRECTION('',(0.E0,-3.713906763541E-1,9.284766908853E-1));
#2452=VECTOR('',#2451,3.500357124637E-1);
#2453=CARTESIAN_POINT('',(-4.86E0,-9.1E-1,-1.4E0));
#2454=LINE('',#2453,#2452);
#2455=DIRECTION('',(0.E0,1.E0,0.E0));
#2456=VECTOR('',#2455,1.3E-1);
#2457=CARTESIAN_POINT('',(-4.86E0,-1.04E0,-7.5E-1));
#2458=LINE('',#2457,#2456);
#2459=DIRECTION('',(0.E0,0.E0,1.E0));
#2460=VECTOR('',#2459,1.43E0);
#2461=CARTESIAN_POINT('',(-4.86E0,-9.1E-1,-7.5E-1));
#2462=LINE('',#2461,#2460);
#2463=DIRECTION('',(0.E0,-1.E0,0.E0));
#2464=VECTOR('',#2463,5.3E-1);
#2465=CARTESIAN_POINT('',(-4.86E0,-9.1E-1,6.8E-1));
#2466=LINE('',#2465,#2464);
#2467=DIRECTION('',(0.E0,0.E0,1.E0));
#2468=VECTOR('',#2467,8.7E-1);
#2469=CARTESIAN_POINT('',(-4.86E0,-1.44E0,6.8E-1));
#2470=LINE('',#2469,#2468);
#2471=DIRECTION('',(0.E0,7.071067811866E-1,7.071067811865E-1));
#2472=VECTOR('',#2471,2.121320343560E-1);
#2473=CARTESIAN_POINT('',(-4.86E0,-1.44E0,1.55E0));
#2474=LINE('',#2473,#2472);
#2475=DIRECTION('',(0.E0,1.E0,0.E0));
#2476=VECTOR('',#2475,7.E-1);
#2477=CARTESIAN_POINT('',(-4.86E0,-1.29E0,1.7E0));
#2478=LINE('',#2477,#2476);
#2479=DIRECTION('',(0.E0,0.E0,-1.E0));
#2480=VECTOR('',#2479,8.E-2);
#2481=CARTESIAN_POINT('',(-4.86E0,-5.9E-1,1.7E0));
#2482=LINE('',#2481,#2480);
#2483=CARTESIAN_POINT('',(-4.86E0,-4.4E-1,1.62E0));
#2484=DIRECTION('',(1.E0,0.E0,0.E0));
#2485=DIRECTION('',(0.E0,-1.E0,0.E0));
#2486=AXIS2_PLACEMENT_3D('',#2483,#2484,#2485);
#2488=DIRECTION('',(0.E0,0.E0,1.E0));
#2489=VECTOR('',#2488,8.E-2);
#2490=CARTESIAN_POINT('',(-4.86E0,-2.9E-1,1.62E0));
#2491=LINE('',#2490,#2489);
#2492=DIRECTION('',(0.E0,1.E0,0.E0));
#2493=VECTOR('',#2492,5.E-1);
#2494=CARTESIAN_POINT('',(-4.86E0,-2.9E-1,1.7E0));
#2495=LINE('',#2494,#2493);
#2496=DIRECTION('',(0.E0,0.E0,-1.E0));
#2497=VECTOR('',#2496,8.E-2);
#2498=CARTESIAN_POINT('',(-4.86E0,2.1E-1,1.7E0));
#2499=LINE('',#2498,#2497);
#2500=CARTESIAN_POINT('',(-4.86E0,3.6E-1,1.62E0));
#2501=DIRECTION('',(1.E0,0.E0,0.E0));
#2502=DIRECTION('',(0.E0,-1.E0,0.E0));
#2503=AXIS2_PLACEMENT_3D('',#2500,#2501,#2502);
#2505=DIRECTION('',(0.E0,0.E0,1.E0));
#2506=VECTOR('',#2505,8.E-2);
#2507=CARTESIAN_POINT('',(-4.86E0,5.1E-1,1.62E0));
#2508=LINE('',#2507,#2506);
#2509=DIRECTION('',(0.E0,1.E0,0.E0));
#2510=VECTOR('',#2509,5.3E-1);
#2511=CARTESIAN_POINT('',(-4.86E0,5.1E-1,1.7E0));
#2512=LINE('',#2511,#2510);
#2513=DIRECTION('',(0.E0,7.071067811865E-1,-7.071067811865E-1));
#2514=VECTOR('',#2513,2.121320343560E-1);
#2515=CARTESIAN_POINT('',(-4.86E0,1.04E0,1.7E0));
#2516=LINE('',#2515,#2514);
#2517=DIRECTION('',(0.E0,0.E0,-1.E0));
#2518=VECTOR('',#2517,8.7E-1);
#2519=CARTESIAN_POINT('',(-4.86E0,1.19E0,1.55E0));
#2520=LINE('',#2519,#2518);
#2521=DIRECTION('',(0.E0,-1.E0,0.E0));
#2522=VECTOR('',#2521,6.E-1);
#2523=CARTESIAN_POINT('',(-4.86E0,1.19E0,6.8E-1));
#2524=LINE('',#2523,#2522);
#2525=DIRECTION('',(1.E0,0.E0,0.E0));
#2526=VECTOR('',#2525,2.E-1);
#2527=CARTESIAN_POINT('',(-5.06E0,5.9E-1,-2.12E0));
#2528=LINE('',#2527,#2526);
#2529=DIRECTION('',(1.E0,0.E0,0.E0));
#2530=VECTOR('',#2529,2.E-1);
#2531=CARTESIAN_POINT('',(-5.06E0,3.9E-1,-2.32E0));
#2532=LINE('',#2531,#2530);
#2533=DIRECTION('',(1.E0,0.E0,0.E0));
#2534=VECTOR('',#2533,2.E-1);
#2535=CARTESIAN_POINT('',(-5.06E0,-7.1E-1,-2.32E0));
#2536=LINE('',#2535,#2534);
#2537=DIRECTION('',(1.E0,0.E0,0.E0));
#2538=VECTOR('',#2537,2.E-1);
#2539=CARTESIAN_POINT('',(-5.06E0,-9.1E-1,-2.12E0));
#2540=LINE('',#2539,#2538);
#2541=DIRECTION('',(1.E0,0.E0,0.E0));
#2542=VECTOR('',#2541,2.E-1);
#2543=CARTESIAN_POINT('',(-5.06E0,-9.1E-1,-1.4E0));
#2544=LINE('',#2543,#2542);
#2545=DIRECTION('',(0.E0,0.E0,1.E0));
#2546=VECTOR('',#2545,2.35E0);
#2547=CARTESIAN_POINT('',(-4.85E0,-1.04E0,-1.72E0));
#2548=LINE('',#2547,#2546);
#2549=DIRECTION('',(0.E0,0.E0,-1.E0));
#2550=VECTOR('',#2549,3.25E-1);
#2551=CARTESIAN_POINT('',(-5.06E0,-1.04E0,-7.5E-1));
#2552=LINE('',#2551,#2550);
#2553=DIRECTION('',(1.E0,0.E0,0.E0));
#2554=VECTOR('',#2553,2.E-1);
#2555=CARTESIAN_POINT('',(-5.06E0,-1.04E0,-7.5E-1));
#2556=LINE('',#2555,#2554);
#2557=DIRECTION('',(0.E0,0.E0,-1.E0));
#2558=VECTOR('',#2557,3.25E-1);
#2559=CARTESIAN_POINT('',(-4.86E0,-1.04E0,-7.5E-1));
#2560=LINE('',#2559,#2558);
#2561=DIRECTION('',(1.E0,0.E0,0.E0));
#2562=VECTOR('',#2561,2.E-1);
#2563=CARTESIAN_POINT('',(-5.06E0,-1.04E0,-1.075E0));
#2564=LINE('',#2563,#2562);
#2565=DIRECTION('',(0.E0,0.E0,1.E0));
#2566=VECTOR('',#2565,2.35E0);
#2567=CARTESIAN_POINT('',(-5.075E0,-1.04E0,-1.72E0));
#2568=LINE('',#2567,#2566);
#2569=DIRECTION('',(1.E0,0.E0,0.E0));
#2570=VECTOR('',#2569,2.E-1);
#2571=CARTESIAN_POINT('',(-5.06E0,-9.1E-1,-7.5E-1));
#2572=LINE('',#2571,#2570);
#2573=DIRECTION('',(1.E0,0.E0,0.E0));
#2574=VECTOR('',#2573,2.E-1);
#2575=CARTESIAN_POINT('',(-5.06E0,-9.1E-1,6.8E-1));
#2576=LINE('',#2575,#2574);
#2577=DIRECTION('',(1.E0,0.E0,0.E0));
#2578=VECTOR('',#2577,2.E-1);
#2579=CARTESIAN_POINT('',(-5.06E0,-1.44E0,6.8E-1));
#2580=LINE('',#2579,#2578);
#2581=DIRECTION('',(1.E0,0.E0,0.E0));
#2582=VECTOR('',#2581,2.E-1);
#2583=CARTESIAN_POINT('',(-5.06E0,-1.44E0,1.55E0));
#2584=LINE('',#2583,#2582);
#2585=DIRECTION('',(1.E0,0.E0,0.E0));
#2586=VECTOR('',#2585,2.E-1);
#2587=CARTESIAN_POINT('',(-5.06E0,-1.29E0,1.7E0));
#2588=LINE('',#2587,#2586);
#2589=DIRECTION('',(1.E0,0.E0,0.E0));
#2590=VECTOR('',#2589,2.E-1);
#2591=CARTESIAN_POINT('',(-5.06E0,-5.9E-1,1.7E0));
#2592=LINE('',#2591,#2590);
#2593=DIRECTION('',(1.E0,0.E0,0.E0));
#2594=VECTOR('',#2593,2.E-1);
#2595=CARTESIAN_POINT('',(-5.06E0,-5.9E-1,1.62E0));
#2596=LINE('',#2595,#2594);
#2597=DIRECTION('',(1.E0,0.E0,0.E0));
#2598=VECTOR('',#2597,2.E-1);
#2599=CARTESIAN_POINT('',(-5.06E0,-2.9E-1,1.62E0));
#2600=LINE('',#2599,#2598);
#2601=DIRECTION('',(1.E0,0.E0,0.E0));
#2602=VECTOR('',#2601,2.E-1);
#2603=CARTESIAN_POINT('',(-5.06E0,-2.9E-1,1.7E0));
#2604=LINE('',#2603,#2602);
#2605=DIRECTION('',(1.E0,0.E0,0.E0));
#2606=VECTOR('',#2605,2.E-1);
#2607=CARTESIAN_POINT('',(-5.06E0,2.1E-1,1.7E0));
#2608=LINE('',#2607,#2606);
#2609=DIRECTION('',(1.E0,0.E0,0.E0));
#2610=VECTOR('',#2609,2.E-1);
#2611=CARTESIAN_POINT('',(-5.06E0,2.1E-1,1.62E0));
#2612=LINE('',#2611,#2610);
#2613=DIRECTION('',(1.E0,0.E0,0.E0));
#2614=VECTOR('',#2613,2.E-1);
#2615=CARTESIAN_POINT('',(-5.06E0,5.1E-1,1.62E0));
#2616=LINE('',#2615,#2614);
#2617=DIRECTION('',(1.E0,0.E0,0.E0));
#2618=VECTOR('',#2617,2.E-1);
#2619=CARTESIAN_POINT('',(-5.06E0,5.1E-1,1.7E0));
#2620=LINE('',#2619,#2618);
#2621=DIRECTION('',(1.E0,0.E0,0.E0));
#2622=VECTOR('',#2621,2.E-1);
#2623=CARTESIAN_POINT('',(-5.06E0,1.04E0,1.7E0));
#2624=LINE('',#2623,#2622);
#2625=DIRECTION('',(1.E0,0.E0,0.E0));
#2626=VECTOR('',#2625,2.E-1);
#2627=CARTESIAN_POINT('',(-5.06E0,1.19E0,1.55E0));
#2628=LINE('',#2627,#2626);
#2629=DIRECTION('',(1.E0,0.E0,0.E0));
#2630=VECTOR('',#2629,2.E-1);
#2631=CARTESIAN_POINT('',(-5.06E0,1.19E0,6.8E-1));
#2632=LINE('',#2631,#2630);
#2633=DIRECTION('',(0.E0,-1.E0,0.E0));
#2634=VECTOR('',#2633,1.3E0);
#2635=CARTESIAN_POINT('',(4.25E0,2.62E0,-2.17E0));
#2636=LINE('',#2635,#2634);
#2637=DIRECTION('',(-1.E0,0.E0,0.E0));
#2638=VECTOR('',#2637,8.5E0);
#2639=CARTESIAN_POINT('',(4.25E0,2.62E0,-2.17E0));
#2640=LINE('',#2639,#2638);
#2641=DIRECTION('',(0.E0,0.E0,1.E0));
#2642=VECTOR('',#2641,4.44E0);
#2643=CARTESIAN_POINT('',(4.25E0,2.62E0,-2.17E0));
#2644=LINE('',#2643,#2642);
#2645=DIRECTION('',(0.E0,0.E0,1.E0));
#2646=VECTOR('',#2645,4.44E0);
#2647=CARTESIAN_POINT('',(-4.25E0,2.62E0,-2.17E0));
#2648=LINE('',#2647,#2646);
#2649=DIRECTION('',(0.E0,1.E0,0.E0));
#2650=VECTOR('',#2649,1.3E0);
#2651=CARTESIAN_POINT('',(-4.25E0,1.32E0,-2.17E0));
#2652=LINE('',#2651,#2650);
#2653=DIRECTION('',(0.E0,0.E0,-1.E0));
#2654=VECTOR('',#2653,4.44E0);
#2655=CARTESIAN_POINT('',(-4.25E0,1.32E0,2.27E0));
#2656=LINE('',#2655,#2654);
#2657=DIRECTION('',(6.882472016117E-1,-6.882472016117E-1,-2.294157338706E-1));
#2658=VECTOR('',#2657,4.358898943541E-1);
#2659=CARTESIAN_POINT('',(-4.3E0,1.32E0,-2.17E0));
#2660=LINE('',#2659,#2658);
#2661=DIRECTION('',(9.486832980505E-1,0.E0,-3.162277660168E-1));
#2662=VECTOR('',#2661,3.162277660168E-1);
#2663=CARTESIAN_POINT('',(-4.3E0,2.2E-1,-2.17E0));
#2664=LINE('',#2663,#2662);
#2665=DIRECTION('',(0.E0,0.E0,-1.E0));
#2666=VECTOR('',#2665,1.E-1);
#2667=CARTESIAN_POINT('',(-3.6E0,2.2E-1,-2.17E0));
#2668=LINE('',#2667,#2666);
#2669=DIRECTION('',(0.E0,0.E0,1.E0));
#2670=VECTOR('',#2669,4.5E-1);
#2671=CARTESIAN_POINT('',(-4.68E0,-4.782842712475E-1,-2.17E0));
#2672=LINE('',#2671,#2670);
#2673=DIRECTION('',(0.E0,0.E0,1.E0));
#2674=VECTOR('',#2673,4.5E-1);
#2675=CARTESIAN_POINT('',(-4.68E0,2.828427124748E-2,-2.17E0));
#2676=LINE('',#2675,#2674);
#2677=DIRECTION('',(0.E0,0.E0,-1.E0));
#2678=VECTOR('',#2677,4.9E-1);
#2679=CARTESIAN_POINT('',(-3.8E0,-2.07E0,2.27E0));
#2680=LINE('',#2679,#2678);
#2681=DIRECTION('',(0.E0,0.E0,-1.E0));
#2682=VECTOR('',#2681,4.9E-1);
#2683=CARTESIAN_POINT('',(3.8E0,-2.07E0,2.27E0));
#2684=LINE('',#2683,#2682);
#2685=DIRECTION('',(0.E0,0.E0,-1.E0));
#2686=VECTOR('',#2685,2.89E0);
#2687=CARTESIAN_POINT('',(4.25E0,-1.86E0,2.27E0));
#2688=LINE('',#2687,#2686);
#2689=DIRECTION('',(0.E0,0.E0,-1.E0));
#2690=VECTOR('',#2689,2.89E0);
#2691=CARTESIAN_POINT('',(4.25E0,-7.4E-1,2.27E0));
#2692=LINE('',#2691,#2690);
#2693=DIRECTION('',(0.E0,0.E0,-1.E0));
#2694=VECTOR('',#2693,2.89E0);
#2695=CARTESIAN_POINT('',(4.4E0,-5.9E-1,2.27E0));
#2696=LINE('',#2695,#2694);
#2697=DIRECTION('',(0.E0,0.E0,-1.E0));
#2698=VECTOR('',#2697,2.89E0);
#2699=CARTESIAN_POINT('',(4.4E0,7.6E-1,2.27E0));
#2700=LINE('',#2699,#2698);
#2701=DIRECTION('',(0.E0,0.E0,-1.E0));
#2702=VECTOR('',#2701,2.89E0);
#2703=CARTESIAN_POINT('',(3.77E0,7.6E-1,2.27E0));
#2704=LINE('',#2703,#2702);
#2705=DIRECTION('',(0.E0,0.E0,-1.E0));
#2706=VECTOR('',#2705,2.89E0);
#2707=CARTESIAN_POINT('',(3.77E0,-9.E-2,2.27E0));
#2708=LINE('',#2707,#2706);
#2709=DIRECTION('',(0.E0,0.E0,-1.E0));
#2710=VECTOR('',#2709,2.89E0);
#2711=CARTESIAN_POINT('',(-3.77E0,-9.E-2,2.27E0));
#2712=LINE('',#2711,#2710);
#2713=DIRECTION('',(0.E0,0.E0,-1.E0));
#2714=VECTOR('',#2713,2.89E0);
#2715=CARTESIAN_POINT('',(-3.77E0,7.6E-1,2.27E0));
#2716=LINE('',#2715,#2714);
#2717=DIRECTION('',(0.E0,0.E0,-1.E0));
#2718=VECTOR('',#2717,2.89E0);
#2719=CARTESIAN_POINT('',(-4.4E0,7.6E-1,2.27E0));
#2720=LINE('',#2719,#2718);
#2721=DIRECTION('',(0.E0,0.E0,-1.E0));
#2722=VECTOR('',#2721,2.89E0);
#2723=CARTESIAN_POINT('',(-4.4E0,-5.9E-1,2.27E0));
#2724=LINE('',#2723,#2722);
#2725=DIRECTION('',(0.E0,0.E0,-1.E0));
#2726=VECTOR('',#2725,2.89E0);
#2727=CARTESIAN_POINT('',(-4.25E0,-7.4E-1,2.27E0));
#2728=LINE('',#2727,#2726);
#2729=DIRECTION('',(0.E0,0.E0,1.E0));
#2730=VECTOR('',#2729,1.75E0);
#2731=CARTESIAN_POINT('',(-3.325E0,-9.8E-1,-6.2E-1));
#2732=LINE('',#2731,#2730);
#2733=CARTESIAN_POINT('',(-3.325E0,-1.18E0,1.13E0));
#2734=DIRECTION('',(1.E0,0.E0,0.E0));
#2735=DIRECTION('',(0.E0,1.E0,0.E0));
#2736=AXIS2_PLACEMENT_3D('',#2733,#2734,#2735);
#2738=DIRECTION('',(0.E0,-1.E0,0.E0));
#2739=VECTOR('',#2738,2.5E-1);
#2740=CARTESIAN_POINT('',(-3.325E0,-1.18E0,1.33E0));
#2741=LINE('',#2740,#2739);
#2742=DIRECTION('',(0.E0,-1.961161351382E-1,-9.805806756909E-1));
#2743=VECTOR('',#2742,2.549509756796E-1);
#2744=CARTESIAN_POINT('',(-3.325E0,-1.43E0,1.33E0));
#2745=LINE('',#2744,#2743);
#2746=DIRECTION('',(0.E0,0.E0,-1.E0));
#2747=VECTOR('',#2746,3.E-1);
#2748=CARTESIAN_POINT('',(-3.325E0,-1.48E0,1.08E0));
#2749=LINE('',#2748,#2747);
#2750=DIRECTION('',(0.E0,-1.E0,0.E0));
#2751=VECTOR('',#2750,3.5E-1);
#2752=CARTESIAN_POINT('',(-3.325E0,-1.48E0,7.8E-1));
#2753=LINE('',#2752,#2751);
#2754=DIRECTION('',(0.E0,-2.425356250363E-1,-9.701425001453E-1));
#2755=VECTOR('',#2754,1.236931687685E-1);
#2756=CARTESIAN_POINT('',(-3.325E0,-1.83E0,7.8E-1));
#2757=LINE('',#2756,#2755);
#2758=CARTESIAN_POINT('',(-3.325E0,-1.74E0,-5.596173101136E-2));
#2759=DIRECTION('',(1.E0,0.E0,0.E0));
#2760=DIRECTION('',(0.E0,-8.E-1,-6.E-1));
#2761=AXIS2_PLACEMENT_3D('',#2758,#2759,#2760);
#2763=DIRECTION('',(0.E0,9.373120771278E-1,-3.484911334172E-1));
#2764=VECTOR('',#2763,3.685788422894E-2);
#2765=CARTESIAN_POINT('',(-3.325E0,-1.792273670013E0,-1.965585425805E-1));
#2766=LINE('',#2765,#2764);
#2767=CARTESIAN_POINT('',(-3.325E0,-1.81E0,-3.5E-1));
#2768=DIRECTION('',(-1.E0,0.E0,0.E0));
#2769=DIRECTION('',(0.E0,3.484911334172E-1,9.373120771278E-1));
#2770=AXIS2_PLACEMENT_3D('',#2767,#2768,#2769);
#2772=DIRECTION('',(0.E0,0.E0,-1.E0));
#2773=VECTOR('',#2772,2.7E-1);
#2774=CARTESIAN_POINT('',(-3.325E0,-1.66E0,-3.5E-1));
#2775=LINE('',#2774,#2773);
#2776=DIRECTION('',(0.E0,-1.E0,0.E0));
#2777=VECTOR('',#2776,1.5E-1);
#2778=CARTESIAN_POINT('',(-3.325E0,-2.43E0,-1.67E0));
#2779=LINE('',#2778,#2777);
#2780=DIRECTION('',(0.E0,-7.071067811866E-1,-7.071067811865E-1));
#2781=VECTOR('',#2780,1.414213562373E-1);
#2782=CARTESIAN_POINT('',(-3.325E0,-2.58E0,-1.67E0));
#2783=LINE('',#2782,#2781);
#2784=DIRECTION('',(0.E0,0.E0,-1.E0));
#2785=VECTOR('',#2784,4.5E-1);
#2786=CARTESIAN_POINT('',(-3.325E0,-2.68E0,-1.77E0));
#2787=LINE('',#2786,#2785);
#2788=DIRECTION('',(0.E0,7.071067811865E-1,-7.071067811865E-1));
#2789=VECTOR('',#2788,1.414213562373E-1);
#2790=CARTESIAN_POINT('',(-3.325E0,-2.68E0,-2.22E0));
#2791=LINE('',#2790,#2789);
#2792=DIRECTION('',(0.E0,1.E0,0.E0));
#2793=VECTOR('',#2792,4.5E-1);
#2794=CARTESIAN_POINT('',(-3.325E0,-2.58E0,-2.32E0));
#2795=LINE('',#2794,#2793);
#2796=DIRECTION('',(0.E0,7.071067811865E-1,7.071067811866E-1));
#2797=VECTOR('',#2796,1.414213562373E-1);
#2798=CARTESIAN_POINT('',(-3.325E0,-2.13E0,-2.32E0));
#2799=LINE('',#2798,#2797);
#2800=DIRECTION('',(0.E0,0.E0,1.E0));
#2801=VECTOR('',#2800,5.E-2);
#2802=CARTESIAN_POINT('',(-3.325E0,-2.03E0,-2.22E0));
#2803=LINE('',#2802,#2801);
#2804=DIRECTION('',(0.E0,0.E0,-1.E0));
#2805=VECTOR('',#2804,2.7E-1);
#2806=CARTESIAN_POINT('',(-2.925E0,-1.66E0,-3.5E-1));
#2807=LINE('',#2806,#2805);
#2808=CARTESIAN_POINT('',(-2.925E0,-1.81E0,-3.5E-1));
#2809=DIRECTION('',(-1.E0,0.E0,0.E0));
#2810=DIRECTION('',(0.E0,3.484911334172E-1,9.373120771278E-1));
#2811=AXIS2_PLACEMENT_3D('',#2808,#2809,#2810);
#2813=DIRECTION('',(0.E0,9.373120771278E-1,-3.484911334172E-1));
#2814=VECTOR('',#2813,3.685788422894E-2);
#2815=CARTESIAN_POINT('',(-2.925E0,-1.792273670013E0,-1.965585425805E-1));
#2816=LINE('',#2815,#2814);
#2817=CARTESIAN_POINT('',(-2.925E0,-1.74E0,-5.596173101136E-2));
#2818=DIRECTION('',(1.E0,0.E0,0.E0));
#2819=DIRECTION('',(0.E0,-8.E-1,-6.E-1));
#2820=AXIS2_PLACEMENT_3D('',#2817,#2818,#2819);
#2822=DIRECTION('',(0.E0,-2.425356250363E-1,-9.701425001453E-1));
#2823=VECTOR('',#2822,1.236931687685E-1);
#2824=CARTESIAN_POINT('',(-2.925E0,-1.83E0,7.8E-1));
#2825=LINE('',#2824,#2823);
#2826=DIRECTION('',(0.E0,-1.E0,0.E0));
#2827=VECTOR('',#2826,3.5E-1);
#2828=CARTESIAN_POINT('',(-2.925E0,-1.48E0,7.8E-1));
#2829=LINE('',#2828,#2827);
#2830=DIRECTION('',(0.E0,0.E0,-1.E0));
#2831=VECTOR('',#2830,3.E-1);
#2832=CARTESIAN_POINT('',(-2.925E0,-1.48E0,1.08E0));
#2833=LINE('',#2832,#2831);
#2834=DIRECTION('',(0.E0,-1.961161351382E-1,-9.805806756909E-1));
#2835=VECTOR('',#2834,2.549509756796E-1);
#2836=CARTESIAN_POINT('',(-2.925E0,-1.43E0,1.33E0));
#2837=LINE('',#2836,#2835);
#2838=DIRECTION('',(0.E0,-1.E0,0.E0));
#2839=VECTOR('',#2838,2.5E-1);
#2840=CARTESIAN_POINT('',(-2.925E0,-1.18E0,1.33E0));
#2841=LINE('',#2840,#2839);
#2842=CARTESIAN_POINT('',(-2.925E0,-1.18E0,1.13E0));
#2843=DIRECTION('',(1.E0,0.E0,0.E0));
#2844=DIRECTION('',(0.E0,1.E0,0.E0));
#2845=AXIS2_PLACEMENT_3D('',#2842,#2843,#2844);
#2847=DIRECTION('',(0.E0,0.E0,1.E0));
#2848=VECTOR('',#2847,1.75E0);
#2849=CARTESIAN_POINT('',(-2.925E0,-9.8E-1,-6.2E-1));
#2850=LINE('',#2849,#2848);
#2851=DIRECTION('',(0.E0,0.E0,1.E0));
#2852=VECTOR('',#2851,5.E-2);
#2853=CARTESIAN_POINT('',(-2.925E0,-2.03E0,-2.22E0));
#2854=LINE('',#2853,#2852);
#2855=DIRECTION('',(0.E0,7.071067811865E-1,7.071067811866E-1));
#2856=VECTOR('',#2855,1.414213562373E-1);
#2857=CARTESIAN_POINT('',(-2.925E0,-2.13E0,-2.32E0));
#2858=LINE('',#2857,#2856);
#2859=DIRECTION('',(0.E0,1.E0,0.E0));
#2860=VECTOR('',#2859,4.5E-1);
#2861=CARTESIAN_POINT('',(-2.925E0,-2.58E0,-2.32E0));
#2862=LINE('',#2861,#2860);
#2863=DIRECTION('',(0.E0,7.071067811865E-1,-7.071067811865E-1));
#2864=VECTOR('',#2863,1.414213562373E-1);
#2865=CARTESIAN_POINT('',(-2.925E0,-2.68E0,-2.22E0));
#2866=LINE('',#2865,#2864);
#2867=DIRECTION('',(0.E0,0.E0,-1.E0));
#2868=VECTOR('',#2867,4.5E-1);
#2869=CARTESIAN_POINT('',(-2.925E0,-2.68E0,-1.77E0));
#2870=LINE('',#2869,#2868);
#2871=DIRECTION('',(0.E0,-7.071067811866E-1,-7.071067811865E-1));
#2872=VECTOR('',#2871,1.414213562373E-1);
#2873=CARTESIAN_POINT('',(-2.925E0,-2.58E0,-1.67E0));
#2874=LINE('',#2873,#2872);
#2875=DIRECTION('',(0.E0,-1.E0,0.E0));
#2876=VECTOR('',#2875,1.5E-1);
#2877=CARTESIAN_POINT('',(-2.925E0,-2.43E0,-1.67E0));
#2878=LINE('',#2877,#2876);
#2879=DIRECTION('',(1.E0,0.E0,0.E0));
#2880=VECTOR('',#2879,4.E-1);
#2881=CARTESIAN_POINT('',(-3.325E0,-1.66E0,-3.5E-1));
#2882=LINE('',#2881,#2880);
#2883=DIRECTION('',(1.E0,0.E0,0.E0));
#2884=VECTOR('',#2883,4.E-1);
#2885=CARTESIAN_POINT('',(-3.325E0,-1.757726329987E0,-2.094031884308E-1));
#2886=LINE('',#2885,#2884);
#2887=DIRECTION('',(1.E0,0.E0,0.E0));
#2888=VECTOR('',#2887,4.E-1);
#2889=CARTESIAN_POINT('',(-3.325E0,-1.792273670013E0,-1.965585425805E-1));
#2890=LINE('',#2889,#2888);
#2891=DIRECTION('',(1.E0,0.E0,0.E0));
#2892=VECTOR('',#2891,4.E-1);
#2893=CARTESIAN_POINT('',(-3.325E0,-1.89E0,-5.596173101136E-2));
#2894=LINE('',#2893,#2892);
#2895=DIRECTION('',(1.E0,0.E0,0.E0));
#2896=VECTOR('',#2895,4.E-1);
#2897=CARTESIAN_POINT('',(-3.325E0,-1.89E0,5.4E-1));
#2898=LINE('',#2897,#2896);
#2899=DIRECTION('',(1.E0,0.E0,0.E0));
#2900=VECTOR('',#2899,4.E-1);
#2901=CARTESIAN_POINT('',(-3.325E0,-1.48E0,7.8E-1));
#2902=LINE('',#2901,#2900);
#2903=DIRECTION('',(1.E0,0.E0,0.E0));
#2904=VECTOR('',#2903,4.E-1);
#2905=CARTESIAN_POINT('',(-3.325E0,-1.48E0,1.08E0));
#2906=LINE('',#2905,#2904);
#2907=DIRECTION('',(1.E0,0.E0,0.E0));
#2908=VECTOR('',#2907,4.E-1);
#2909=CARTESIAN_POINT('',(-3.325E0,-1.43E0,1.33E0));
#2910=LINE('',#2909,#2908);
#2911=DIRECTION('',(1.E0,0.E0,0.E0));
#2912=VECTOR('',#2911,4.E-1);
#2913=CARTESIAN_POINT('',(-3.325E0,-1.18E0,1.33E0));
#2914=LINE('',#2913,#2912);
#2915=DIRECTION('',(1.E0,0.E0,0.E0));
#2916=VECTOR('',#2915,4.E-1);
#2917=CARTESIAN_POINT('',(-3.325E0,-9.8E-1,1.13E0));
#2918=LINE('',#2917,#2916);
#2919=DIRECTION('',(1.E0,0.E0,0.E0));
#2920=VECTOR('',#2919,4.E-1);
#2921=CARTESIAN_POINT('',(-3.325E0,-2.03E0,-2.22E0));
#2922=LINE('',#2921,#2920);
#2923=DIRECTION('',(1.E0,0.E0,0.E0));
#2924=VECTOR('',#2923,4.E-1);
#2925=CARTESIAN_POINT('',(-3.325E0,-2.13E0,-2.32E0));
#2926=LINE('',#2925,#2924);
#2927=DIRECTION('',(1.E0,0.E0,0.E0));
#2928=VECTOR('',#2927,4.E-1);
#2929=CARTESIAN_POINT('',(-3.325E0,-2.58E0,-2.32E0));
#2930=LINE('',#2929,#2928);
#2931=DIRECTION('',(1.E0,0.E0,0.E0));
#2932=VECTOR('',#2931,4.E-1);
#2933=CARTESIAN_POINT('',(-3.325E0,-2.68E0,-2.22E0));
#2934=LINE('',#2933,#2932);
#2935=DIRECTION('',(1.E0,0.E0,0.E0));
#2936=VECTOR('',#2935,4.E-1);
#2937=CARTESIAN_POINT('',(-3.325E0,-2.68E0,-1.77E0));
#2938=LINE('',#2937,#2936);
#2939=DIRECTION('',(1.E0,0.E0,0.E0));
#2940=VECTOR('',#2939,4.E-1);
#2941=CARTESIAN_POINT('',(-3.325E0,-2.58E0,-1.67E0));
#2942=LINE('',#2941,#2940);
#2943=DIRECTION('',(1.E0,0.E0,0.E0));
#2944=VECTOR('',#2943,4.E-1);
#2945=CARTESIAN_POINT('',(-2.075E0,-2.03E0,-2.22E0));
#2946=LINE('',#2945,#2944);
#2947=DIRECTION('',(1.E0,0.E0,0.E0));
#2948=VECTOR('',#2947,4.E-1);
#2949=CARTESIAN_POINT('',(-2.075E0,-2.13E0,-2.32E0));
#2950=LINE('',#2949,#2948);
#2951=DIRECTION('',(1.E0,0.E0,0.E0));
#2952=VECTOR('',#2951,4.E-1);
#2953=CARTESIAN_POINT('',(-2.075E0,-2.58E0,-2.32E0));
#2954=LINE('',#2953,#2952);
#2955=DIRECTION('',(1.E0,0.E0,0.E0));
#2956=VECTOR('',#2955,4.E-1);
#2957=CARTESIAN_POINT('',(-2.075E0,-2.68E0,-2.22E0));
#2958=LINE('',#2957,#2956);
#2959=DIRECTION('',(1.E0,0.E0,0.E0));
#2960=VECTOR('',#2959,4.E-1);
#2961=CARTESIAN_POINT('',(-2.075E0,-2.68E0,-1.77E0));
#2962=LINE('',#2961,#2960);
#2963=DIRECTION('',(1.E0,0.E0,0.E0));
#2964=VECTOR('',#2963,4.E-1);
#2965=CARTESIAN_POINT('',(-2.075E0,-2.58E0,-1.67E0));
#2966=LINE('',#2965,#2964);
#2967=DIRECTION('',(0.E0,0.E0,-1.E0));
#2968=VECTOR('',#2967,2.7E-1);
#2969=CARTESIAN_POINT('',(-1.675E0,-1.66E0,-3.5E-1));
#2970=LINE('',#2969,#2968);
#2971=CARTESIAN_POINT('',(-1.675E0,-1.81E0,-3.5E-1));
#2972=DIRECTION('',(-1.E0,0.E0,0.E0));
#2973=DIRECTION('',(0.E0,3.484911334172E-1,9.373120771278E-1));
#2974=AXIS2_PLACEMENT_3D('',#2971,#2972,#2973);
#2976=DIRECTION('',(0.E0,9.373120771278E-1,-3.484911334172E-1));
#2977=VECTOR('',#2976,3.685788422894E-2);
#2978=CARTESIAN_POINT('',(-1.675E0,-1.792273670013E0,-1.965585425805E-1));
#2979=LINE('',#2978,#2977);
#2980=CARTESIAN_POINT('',(-1.675E0,-1.74E0,-5.596173101136E-2));
#2981=DIRECTION('',(1.E0,0.E0,0.E0));
#2982=DIRECTION('',(0.E0,-8.E-1,-6.E-1));
#2983=AXIS2_PLACEMENT_3D('',#2980,#2981,#2982);
#2985=DIRECTION('',(0.E0,-2.425356250363E-1,-9.701425001453E-1));
#2986=VECTOR('',#2985,1.236931687685E-1);
#2987=CARTESIAN_POINT('',(-1.675E0,-1.83E0,7.8E-1));
#2988=LINE('',#2987,#2986);
#2989=DIRECTION('',(0.E0,-1.E0,0.E0));
#2990=VECTOR('',#2989,3.5E-1);
#2991=CARTESIAN_POINT('',(-1.675E0,-1.48E0,7.8E-1));
#2992=LINE('',#2991,#2990);
#2993=DIRECTION('',(0.E0,0.E0,-1.E0));
#2994=VECTOR('',#2993,3.E-1);
#2995=CARTESIAN_POINT('',(-1.675E0,-1.48E0,1.08E0));
#2996=LINE('',#2995,#2994);
#2997=DIRECTION('',(0.E0,-1.961161351382E-1,-9.805806756909E-1));
#2998=VECTOR('',#2997,2.549509756796E-1);
#2999=CARTESIAN_POINT('',(-1.675E0,-1.43E0,1.33E0));
#3000=LINE('',#2999,#2998);
#3001=DIRECTION('',(0.E0,-1.E0,0.E0));
#3002=VECTOR('',#3001,2.5E-1);
#3003=CARTESIAN_POINT('',(-1.675E0,-1.18E0,1.33E0));
#3004=LINE('',#3003,#3002);
#3005=CARTESIAN_POINT('',(-1.675E0,-1.18E0,1.13E0));
#3006=DIRECTION('',(1.E0,0.E0,0.E0));
#3007=DIRECTION('',(0.E0,1.E0,0.E0));
#3008=AXIS2_PLACEMENT_3D('',#3005,#3006,#3007);
#3010=DIRECTION('',(0.E0,0.E0,1.E0));
#3011=VECTOR('',#3010,1.75E0);
#3012=CARTESIAN_POINT('',(-1.675E0,-9.8E-1,-6.2E-1));
#3013=LINE('',#3012,#3011);
#3014=DIRECTION('',(0.E0,0.E0,1.E0));
#3015=VECTOR('',#3014,5.E-2);
#3016=CARTESIAN_POINT('',(-1.675E0,-2.03E0,-2.22E0));
#3017=LINE('',#3016,#3015);
#3018=DIRECTION('',(0.E0,7.071067811865E-1,7.071067811866E-1));
#3019=VECTOR('',#3018,1.414213562373E-1);
#3020=CARTESIAN_POINT('',(-1.675E0,-2.13E0,-2.32E0));
#3021=LINE('',#3020,#3019);
#3022=DIRECTION('',(0.E0,1.E0,0.E0));
#3023=VECTOR('',#3022,4.5E-1);
#3024=CARTESIAN_POINT('',(-1.675E0,-2.58E0,-2.32E0));
#3025=LINE('',#3024,#3023);
#3026=DIRECTION('',(0.E0,7.071067811865E-1,-7.071067811865E-1));
#3027=VECTOR('',#3026,1.414213562373E-1);
#3028=CARTESIAN_POINT('',(-1.675E0,-2.68E0,-2.22E0));
#3029=LINE('',#3028,#3027);
#3030=DIRECTION('',(0.E0,0.E0,-1.E0));
#3031=VECTOR('',#3030,4.5E-1);
#3032=CARTESIAN_POINT('',(-1.675E0,-2.68E0,-1.77E0));
#3033=LINE('',#3032,#3031);
#3034=DIRECTION('',(0.E0,-7.071067811866E-1,-7.071067811865E-1));
#3035=VECTOR('',#3034,1.414213562373E-1);
#3036=CARTESIAN_POINT('',(-1.675E0,-2.58E0,-1.67E0));
#3037=LINE('',#3036,#3035);
#3038=DIRECTION('',(0.E0,-1.E0,0.E0));
#3039=VECTOR('',#3038,1.5E-1);
#3040=CARTESIAN_POINT('',(-1.675E0,-2.43E0,-1.67E0));
#3041=LINE('',#3040,#3039);
#3042=DIRECTION('',(1.E0,0.E0,0.E0));
#3043=VECTOR('',#3042,4.E-1);
#3044=CARTESIAN_POINT('',(-2.075E0,-1.66E0,-3.5E-1));
#3045=LINE('',#3044,#3043);
#3046=DIRECTION('',(1.E0,0.E0,0.E0));
#3047=VECTOR('',#3046,4.E-1);
#3048=CARTESIAN_POINT('',(-2.075E0,-1.757726329987E0,-2.094031884308E-1));
#3049=LINE('',#3048,#3047);
#3050=DIRECTION('',(1.E0,0.E0,0.E0));
#3051=VECTOR('',#3050,4.E-1);
#3052=CARTESIAN_POINT('',(-2.075E0,-1.89E0,-5.596173101136E-2));
#3053=LINE('',#3052,#3051);
#3054=DIRECTION('',(0.E0,-2.425356250364E-1,-9.701425001453E-1));
#3055=VECTOR('',#3054,1.236931687685E-1);
#3056=CARTESIAN_POINT('',(-1.675E0,-1.86E0,6.6E-1));
#3057=LINE('',#3056,#3055);
#3058=DIRECTION('',(0.E0,1.E0,0.E0));
#3059=VECTOR('',#3058,7.E-2);
#3060=CARTESIAN_POINT('',(-1.675E0,-1.93E0,1.09E0));
#3061=LINE('',#3060,#3059);
#3062=DIRECTION('',(0.E0,0.E0,1.E0));
#3063=VECTOR('',#3062,1.71E0);
#3064=CARTESIAN_POINT('',(-1.675E0,-1.93E0,-6.2E-1));
#3065=LINE('',#3064,#3063);
#3066=DIRECTION('',(0.E0,-1.E0,0.E0));
#3067=VECTOR('',#3066,7.E-2);
#3068=CARTESIAN_POINT('',(-1.675E0,-1.86E0,-6.2E-1));
#3069=LINE('',#3068,#3067);
#3070=CARTESIAN_POINT('',(-1.675E0,-1.74E0,-5.596173101136E-2));
#3071=DIRECTION('',(1.E0,0.E0,0.E0));
#3072=DIRECTION('',(0.E0,-1.E0,1.383152851512E-14));
#3073=AXIS2_PLACEMENT_3D('',#3070,#3071,#3072);
#3075=DIRECTION('',(0.E0,0.E0,-1.E0));
#3076=VECTOR('',#3075,5.959617310114E-1);
#3077=CARTESIAN_POINT('',(-1.675E0,-1.89E0,5.4E-1));
#3078=LINE('',#3077,#3076);
#3079=DIRECTION('',(1.E0,0.E0,0.E0));
#3080=VECTOR('',#3079,4.E-1);
#3081=CARTESIAN_POINT('',(-2.075E0,-1.83E0,7.8E-1));
#3082=LINE('',#3081,#3080);
#3083=DIRECTION('',(1.E0,0.E0,0.E0));
#3084=VECTOR('',#3083,4.E-1);
#3085=CARTESIAN_POINT('',(-2.075E0,-1.89E0,5.4E-1));
#3086=LINE('',#3085,#3084);
#3087=DIRECTION('',(0.E0,-2.425356250364E-1,-9.701425001453E-1));
#3088=VECTOR('',#3087,1.236931687685E-1);
#3089=CARTESIAN_POINT('',(-2.075E0,-1.86E0,6.6E-1));
#3090=LINE('',#3089,#3088);
#3091=DIRECTION('',(0.E0,0.E0,-1.E0));
#3092=VECTOR('',#3091,5.959617310114E-1);
#3093=CARTESIAN_POINT('',(-2.075E0,-1.89E0,5.4E-1));
#3094=LINE('',#3093,#3092);
#3095=CARTESIAN_POINT('',(-2.075E0,-1.74E0,-5.596173101136E-2));
#3096=DIRECTION('',(1.E0,0.E0,0.E0));
#3097=DIRECTION('',(0.E0,-1.E0,1.383152851512E-14));
#3098=AXIS2_PLACEMENT_3D('',#3095,#3096,#3097);
#3100=DIRECTION('',(0.E0,-1.E0,0.E0));
#3101=VECTOR('',#3100,7.E-2);
#3102=CARTESIAN_POINT('',(-2.075E0,-1.86E0,-6.2E-1));
#3103=LINE('',#3102,#3101);
#3104=DIRECTION('',(0.E0,0.E0,1.E0));
#3105=VECTOR('',#3104,1.71E0);
#3106=CARTESIAN_POINT('',(-2.075E0,-1.93E0,-6.2E-1));
#3107=LINE('',#3106,#3105);
#3108=DIRECTION('',(0.E0,1.E0,0.E0));
#3109=VECTOR('',#3108,7.E-2);
#3110=CARTESIAN_POINT('',(-2.075E0,-1.93E0,1.09E0));
#3111=LINE('',#3110,#3109);
#3112=DIRECTION('',(-1.E0,0.E0,0.E0));
#3113=VECTOR('',#3112,4.E-1);
#3114=CARTESIAN_POINT('',(-1.675E0,-1.93E0,-6.2E-1));
#3115=LINE('',#3114,#3113);
#3116=DIRECTION('',(-1.E0,0.E0,0.E0));
#3117=VECTOR('',#3116,4.E-1);
#3118=CARTESIAN_POINT('',(-1.675E0,-1.93E0,1.09E0));
#3119=LINE('',#3118,#3117);
#3120=DIRECTION('',(-1.E0,0.E0,0.E0));
#3121=VECTOR('',#3120,4.E-1);
#3122=CARTESIAN_POINT('',(-1.675E0,-1.58E0,1.09E0));
#3123=LINE('',#3122,#3121);
#3124=DIRECTION('',(0.E0,-1.E0,0.E0));
#3125=VECTOR('',#3124,2.8E-1);
#3126=CARTESIAN_POINT('',(-2.075E0,-1.58E0,1.09E0));
#3127=LINE('',#3126,#3125);
#3128=DIRECTION('',(0.E0,0.E0,-1.E0));
#3129=VECTOR('',#3128,5.4E-1);
#3130=CARTESIAN_POINT('',(-2.075E0,-1.58E0,1.63E0));
#3131=LINE('',#3130,#3129);
#3132=CARTESIAN_POINT('',(-2.075E0,-1.73E0,1.63E0));
#3133=DIRECTION('',(-1.E0,0.E0,0.E0));
#3134=DIRECTION('',(0.E0,0.E0,1.E0));
#3135=AXIS2_PLACEMENT_3D('',#3132,#3133,#3134);
#3137=DIRECTION('',(0.E0,1.E0,0.E0));
#3138=VECTOR('',#3137,1.3E-1);
#3139=CARTESIAN_POINT('',(-2.075E0,-1.86E0,1.78E0));
#3140=LINE('',#3139,#3138);
#3141=DIRECTION('',(-1.E0,0.E0,0.E0));
#3142=VECTOR('',#3141,4.E-1);
#3143=CARTESIAN_POINT('',(-1.675E0,-1.58E0,1.63E0));
#3144=LINE('',#3143,#3142);
#3145=DIRECTION('',(0.E0,1.E0,0.E0));
#3146=VECTOR('',#3145,1.3E-1);
#3147=CARTESIAN_POINT('',(-1.675E0,-1.86E0,1.78E0));
#3148=LINE('',#3147,#3146);
#3149=CARTESIAN_POINT('',(-1.675E0,-1.73E0,1.63E0));
#3150=DIRECTION('',(-1.E0,0.E0,0.E0));
#3151=DIRECTION('',(0.E0,0.E0,1.E0));
#3152=AXIS2_PLACEMENT_3D('',#3149,#3150,#3151);
#3154=DIRECTION('',(0.E0,0.E0,-1.E0));
#3155=VECTOR('',#3154,5.4E-1);
#3156=CARTESIAN_POINT('',(-1.675E0,-1.58E0,1.63E0));
#3157=LINE('',#3156,#3155);
#3158=DIRECTION('',(0.E0,-1.E0,0.E0));
#3159=VECTOR('',#3158,2.8E-1);
#3160=CARTESIAN_POINT('',(-1.675E0,-1.58E0,1.09E0));
#3161=LINE('',#3160,#3159);
#3162=DIRECTION('',(-1.E0,0.E0,0.E0));
#3163=VECTOR('',#3162,4.E-1);
#3164=CARTESIAN_POINT('',(-1.675E0,-1.73E0,1.78E0));
#3165=LINE('',#3164,#3163);
#3166=DIRECTION('',(1.E0,0.E0,0.E0));
#3167=VECTOR('',#3166,4.E-1);
#3168=CARTESIAN_POINT('',(-2.075E0,-1.48E0,7.8E-1));
#3169=LINE('',#3168,#3167);
#3170=DIRECTION('',(1.E0,0.E0,0.E0));
#3171=VECTOR('',#3170,4.E-1);
#3172=CARTESIAN_POINT('',(-2.075E0,-1.48E0,1.08E0));
#3173=LINE('',#3172,#3171);
#3174=DIRECTION('',(1.E0,0.E0,0.E0));
#3175=VECTOR('',#3174,4.E-1);
#3176=CARTESIAN_POINT('',(-2.075E0,-1.43E0,1.33E0));
#3177=LINE('',#3176,#3175);
#3178=DIRECTION('',(1.E0,0.E0,0.E0));
#3179=VECTOR('',#3178,4.E-1);
#3180=CARTESIAN_POINT('',(-2.075E0,-1.18E0,1.33E0));
#3181=LINE('',#3180,#3179);
#3182=DIRECTION('',(1.E0,0.E0,0.E0));
#3183=VECTOR('',#3182,4.E-1);
#3184=CARTESIAN_POINT('',(-2.075E0,-9.8E-1,1.13E0));
#3185=LINE('',#3184,#3183);
#3186=DIRECTION('',(0.E0,0.E0,1.E0));
#3187=VECTOR('',#3186,1.75E0);
#3188=CARTESIAN_POINT('',(-8.25E-1,-9.8E-1,-6.2E-1));
#3189=LINE('',#3188,#3187);
#3190=CARTESIAN_POINT('',(-8.25E-1,-1.18E0,1.13E0));
#3191=DIRECTION('',(1.E0,0.E0,0.E0));
#3192=DIRECTION('',(0.E0,1.E0,0.E0));
#3193=AXIS2_PLACEMENT_3D('',#3190,#3191,#3192);
#3195=DIRECTION('',(0.E0,-1.E0,0.E0));
#3196=VECTOR('',#3195,2.5E-1);
#3197=CARTESIAN_POINT('',(-8.25E-1,-1.18E0,1.33E0));
#3198=LINE('',#3197,#3196);
#3199=DIRECTION('',(0.E0,-1.961161351382E-1,-9.805806756909E-1));
#3200=VECTOR('',#3199,2.549509756796E-1);
#3201=CARTESIAN_POINT('',(-8.25E-1,-1.43E0,1.33E0));
#3202=LINE('',#3201,#3200);
#3203=DIRECTION('',(0.E0,0.E0,-1.E0));
#3204=VECTOR('',#3203,3.E-1);
#3205=CARTESIAN_POINT('',(-8.25E-1,-1.48E0,1.08E0));
#3206=LINE('',#3205,#3204);
#3207=DIRECTION('',(0.E0,-1.E0,0.E0));
#3208=VECTOR('',#3207,3.5E-1);
#3209=CARTESIAN_POINT('',(-8.25E-1,-1.48E0,7.8E-1));
#3210=LINE('',#3209,#3208);
#3211=DIRECTION('',(0.E0,-2.425356250363E-1,-9.701425001453E-1));
#3212=VECTOR('',#3211,1.236931687685E-1);
#3213=CARTESIAN_POINT('',(-8.25E-1,-1.83E0,7.8E-1));
#3214=LINE('',#3213,#3212);
#3215=CARTESIAN_POINT('',(-8.25E-1,-1.74E0,-5.596173101136E-2));
#3216=DIRECTION('',(1.E0,0.E0,0.E0));
#3217=DIRECTION('',(0.E0,-8.E-1,-6.E-1));
#3218=AXIS2_PLACEMENT_3D('',#3215,#3216,#3217);
#3220=DIRECTION('',(0.E0,9.373120771278E-1,-3.484911334172E-1));
#3221=VECTOR('',#3220,3.685788422894E-2);
#3222=CARTESIAN_POINT('',(-8.25E-1,-1.792273670013E0,-1.965585425805E-1));
#3223=LINE('',#3222,#3221);
#3224=CARTESIAN_POINT('',(-8.25E-1,-1.81E0,-3.5E-1));
#3225=DIRECTION('',(-1.E0,0.E0,0.E0));
#3226=DIRECTION('',(0.E0,3.484911334172E-1,9.373120771278E-1));
#3227=AXIS2_PLACEMENT_3D('',#3224,#3225,#3226);
#3229=DIRECTION('',(0.E0,0.E0,-1.E0));
#3230=VECTOR('',#3229,2.7E-1);
#3231=CARTESIAN_POINT('',(-8.25E-1,-1.66E0,-3.5E-1));
#3232=LINE('',#3231,#3230);
#3233=DIRECTION('',(0.E0,-1.E0,0.E0));
#3234=VECTOR('',#3233,1.5E-1);
#3235=CARTESIAN_POINT('',(-8.25E-1,-2.43E0,-1.67E0));
#3236=LINE('',#3235,#3234);
#3237=DIRECTION('',(0.E0,-7.071067811866E-1,-7.071067811865E-1));
#3238=VECTOR('',#3237,1.414213562373E-1);
#3239=CARTESIAN_POINT('',(-8.25E-1,-2.58E0,-1.67E0));
#3240=LINE('',#3239,#3238);
#3241=DIRECTION('',(0.E0,0.E0,-1.E0));
#3242=VECTOR('',#3241,4.5E-1);
#3243=CARTESIAN_POINT('',(-8.25E-1,-2.68E0,-1.77E0));
#3244=LINE('',#3243,#3242);
#3245=DIRECTION('',(0.E0,7.071067811865E-1,-7.071067811865E-1));
#3246=VECTOR('',#3245,1.414213562373E-1);
#3247=CARTESIAN_POINT('',(-8.25E-1,-2.68E0,-2.22E0));
#3248=LINE('',#3247,#3246);
#3249=DIRECTION('',(0.E0,1.E0,0.E0));
#3250=VECTOR('',#3249,4.5E-1);
#3251=CARTESIAN_POINT('',(-8.25E-1,-2.58E0,-2.32E0));
#3252=LINE('',#3251,#3250);
#3253=DIRECTION('',(0.E0,7.071067811865E-1,7.071067811866E-1));
#3254=VECTOR('',#3253,1.414213562373E-1);
#3255=CARTESIAN_POINT('',(-8.25E-1,-2.13E0,-2.32E0));
#3256=LINE('',#3255,#3254);
#3257=DIRECTION('',(0.E0,0.E0,1.E0));
#3258=VECTOR('',#3257,5.E-2);
#3259=CARTESIAN_POINT('',(-8.25E-1,-2.03E0,-2.22E0));
#3260=LINE('',#3259,#3258);
#3261=DIRECTION('',(0.E0,0.E0,-1.E0));
#3262=VECTOR('',#3261,2.7E-1);
#3263=CARTESIAN_POINT('',(-4.25E-1,-1.66E0,-3.5E-1));
#3264=LINE('',#3263,#3262);
#3265=CARTESIAN_POINT('',(-4.25E-1,-1.81E0,-3.5E-1));
#3266=DIRECTION('',(-1.E0,0.E0,0.E0));
#3267=DIRECTION('',(0.E0,3.484911334172E-1,9.373120771278E-1));
#3268=AXIS2_PLACEMENT_3D('',#3265,#3266,#3267);
#3270=DIRECTION('',(0.E0,9.373120771278E-1,-3.484911334172E-1));
#3271=VECTOR('',#3270,3.685788422894E-2);
#3272=CARTESIAN_POINT('',(-4.25E-1,-1.792273670013E0,-1.965585425805E-1));
#3273=LINE('',#3272,#3271);
#3274=CARTESIAN_POINT('',(-4.25E-1,-1.74E0,-5.596173101136E-2));
#3275=DIRECTION('',(1.E0,0.E0,0.E0));
#3276=DIRECTION('',(0.E0,-8.E-1,-6.E-1));
#3277=AXIS2_PLACEMENT_3D('',#3274,#3275,#3276);
#3279=DIRECTION('',(0.E0,-2.425356250363E-1,-9.701425001453E-1));
#3280=VECTOR('',#3279,1.236931687685E-1);
#3281=CARTESIAN_POINT('',(-4.25E-1,-1.83E0,7.8E-1));
#3282=LINE('',#3281,#3280);
#3283=DIRECTION('',(0.E0,-1.E0,0.E0));
#3284=VECTOR('',#3283,3.5E-1);
#3285=CARTESIAN_POINT('',(-4.25E-1,-1.48E0,7.8E-1));
#3286=LINE('',#3285,#3284);
#3287=DIRECTION('',(0.E0,0.E0,-1.E0));
#3288=VECTOR('',#3287,3.E-1);
#3289=CARTESIAN_POINT('',(-4.25E-1,-1.48E0,1.08E0));
#3290=LINE('',#3289,#3288);
#3291=DIRECTION('',(0.E0,-1.961161351382E-1,-9.805806756909E-1));
#3292=VECTOR('',#3291,2.549509756796E-1);
#3293=CARTESIAN_POINT('',(-4.25E-1,-1.43E0,1.33E0));
#3294=LINE('',#3293,#3292);
#3295=DIRECTION('',(0.E0,-1.E0,0.E0));
#3296=VECTOR('',#3295,2.5E-1);
#3297=CARTESIAN_POINT('',(-4.25E-1,-1.18E0,1.33E0));
#3298=LINE('',#3297,#3296);
#3299=CARTESIAN_POINT('',(-4.25E-1,-1.18E0,1.13E0));
#3300=DIRECTION('',(1.E0,0.E0,0.E0));
#3301=DIRECTION('',(0.E0,1.E0,0.E0));
#3302=AXIS2_PLACEMENT_3D('',#3299,#3300,#3301);
#3304=DIRECTION('',(0.E0,0.E0,1.E0));
#3305=VECTOR('',#3304,1.75E0);
#3306=CARTESIAN_POINT('',(-4.25E-1,-9.8E-1,-6.2E-1));
#3307=LINE('',#3306,#3305);
#3308=DIRECTION('',(0.E0,0.E0,1.E0));
#3309=VECTOR('',#3308,5.E-2);
#3310=CARTESIAN_POINT('',(-4.25E-1,-2.03E0,-2.22E0));
#3311=LINE('',#3310,#3309);
#3312=DIRECTION('',(0.E0,7.071067811865E-1,7.071067811866E-1));
#3313=VECTOR('',#3312,1.414213562373E-1);
#3314=CARTESIAN_POINT('',(-4.25E-1,-2.13E0,-2.32E0));
#3315=LINE('',#3314,#3313);
#3316=DIRECTION('',(0.E0,1.E0,0.E0));
#3317=VECTOR('',#3316,4.5E-1);
#3318=CARTESIAN_POINT('',(-4.25E-1,-2.58E0,-2.32E0));
#3319=LINE('',#3318,#3317);
#3320=DIRECTION('',(0.E0,7.071067811865E-1,-7.071067811865E-1));
#3321=VECTOR('',#3320,1.414213562373E-1);
#3322=CARTESIAN_POINT('',(-4.25E-1,-2.68E0,-2.22E0));
#3323=LINE('',#3322,#3321);
#3324=DIRECTION('',(0.E0,0.E0,-1.E0));
#3325=VECTOR('',#3324,4.5E-1);
#3326=CARTESIAN_POINT('',(-4.25E-1,-2.68E0,-1.77E0));
#3327=LINE('',#3326,#3325);
#3328=DIRECTION('',(0.E0,-7.071067811866E-1,-7.071067811865E-1));
#3329=VECTOR('',#3328,1.414213562373E-1);
#3330=CARTESIAN_POINT('',(-4.25E-1,-2.58E0,-1.67E0));
#3331=LINE('',#3330,#3329);
#3332=DIRECTION('',(0.E0,-1.E0,0.E0));
#3333=VECTOR('',#3332,1.5E-1);
#3334=CARTESIAN_POINT('',(-4.25E-1,-2.43E0,-1.67E0));
#3335=LINE('',#3334,#3333);
#3336=DIRECTION('',(1.E0,0.E0,0.E0));
#3337=VECTOR('',#3336,4.E-1);
#3338=CARTESIAN_POINT('',(-8.25E-1,-1.66E0,-3.5E-1));
#3339=LINE('',#3338,#3337);
#3340=DIRECTION('',(1.E0,0.E0,0.E0));
#3341=VECTOR('',#3340,4.E-1);
#3342=CARTESIAN_POINT('',(-8.25E-1,-1.757726329987E0,-2.094031884308E-1));
#3343=LINE('',#3342,#3341);
#3344=DIRECTION('',(1.E0,0.E0,0.E0));
#3345=VECTOR('',#3344,4.E-1);
#3346=CARTESIAN_POINT('',(-8.25E-1,-1.792273670013E0,-1.965585425805E-1));
#3347=LINE('',#3346,#3345);
#3348=DIRECTION('',(1.E0,0.E0,0.E0));
#3349=VECTOR('',#3348,4.E-1);
#3350=CARTESIAN_POINT('',(-8.25E-1,-1.89E0,-5.596173101136E-2));
#3351=LINE('',#3350,#3349);
#3352=DIRECTION('',(0.E0,-2.425356250364E-1,-9.701425001453E-1));
#3353=VECTOR('',#3352,1.236931687685E-1);
#3354=CARTESIAN_POINT('',(-8.25E-1,-1.86E0,6.6E-1));
#3355=LINE('',#3354,#3353);
#3356=DIRECTION('',(0.E0,0.E0,-1.E0));
#3357=VECTOR('',#3356,5.959617310114E-1);
#3358=CARTESIAN_POINT('',(-8.25E-1,-1.89E0,5.4E-1));
#3359=LINE('',#3358,#3357);
#3360=CARTESIAN_POINT('',(-8.25E-1,-1.74E0,-5.596173101136E-2));
#3361=DIRECTION('',(1.E0,0.E0,0.E0));
#3362=DIRECTION('',(0.E0,-1.E0,1.383152851512E-14));
#3363=AXIS2_PLACEMENT_3D('',#3360,#3361,#3362);
#3365=DIRECTION('',(0.E0,-1.E0,0.E0));
#3366=VECTOR('',#3365,7.E-2);
#3367=CARTESIAN_POINT('',(-8.25E-1,-1.86E0,-6.2E-1));
#3368=LINE('',#3367,#3366);
#3369=DIRECTION('',(0.E0,0.E0,1.E0));
#3370=VECTOR('',#3369,1.71E0);
#3371=CARTESIAN_POINT('',(-8.25E-1,-1.93E0,-6.2E-1));
#3372=LINE('',#3371,#3370);
#3373=DIRECTION('',(0.E0,1.E0,0.E0));
#3374=VECTOR('',#3373,7.E-2);
#3375=CARTESIAN_POINT('',(-8.25E-1,-1.93E0,1.09E0));
#3376=LINE('',#3375,#3374);
#3377=DIRECTION('',(1.E0,0.E0,0.E0));
#3378=VECTOR('',#3377,4.E-1);
#3379=CARTESIAN_POINT('',(-8.25E-1,-1.83E0,7.8E-1));
#3380=LINE('',#3379,#3378);
#3381=DIRECTION('',(1.E0,0.E0,0.E0));
#3382=VECTOR('',#3381,4.E-1);
#3383=CARTESIAN_POINT('',(-8.25E-1,-1.48E0,7.8E-1));
#3384=LINE('',#3383,#3382);
#3385=DIRECTION('',(1.E0,0.E0,0.E0));
#3386=VECTOR('',#3385,4.E-1);
#3387=CARTESIAN_POINT('',(-8.25E-1,-1.48E0,1.08E0));
#3388=LINE('',#3387,#3386);
#3389=DIRECTION('',(1.E0,0.E0,0.E0));
#3390=VECTOR('',#3389,4.E-1);
#3391=CARTESIAN_POINT('',(-8.25E-1,-1.43E0,1.33E0));
#3392=LINE('',#3391,#3390);
#3393=DIRECTION('',(1.E0,0.E0,0.E0));
#3394=VECTOR('',#3393,4.E-1);
#3395=CARTESIAN_POINT('',(-8.25E-1,-1.18E0,1.33E0));
#3396=LINE('',#3395,#3394);
#3397=DIRECTION('',(1.E0,0.E0,0.E0));
#3398=VECTOR('',#3397,4.E-1);
#3399=CARTESIAN_POINT('',(-8.25E-1,-9.8E-1,1.13E0));
#3400=LINE('',#3399,#3398);
#3401=DIRECTION('',(0.E0,-2.425356250364E-1,-9.701425001453E-1));
#3402=VECTOR('',#3401,1.236931687685E-1);
#3403=CARTESIAN_POINT('',(-4.25E-1,-1.86E0,6.6E-1));
#3404=LINE('',#3403,#3402);
#3405=DIRECTION('',(0.E0,1.E0,0.E0));
#3406=VECTOR('',#3405,7.E-2);
#3407=CARTESIAN_POINT('',(-4.25E-1,-1.93E0,1.09E0));
#3408=LINE('',#3407,#3406);
#3409=DIRECTION('',(0.E0,0.E0,1.E0));
#3410=VECTOR('',#3409,1.71E0);
#3411=CARTESIAN_POINT('',(-4.25E-1,-1.93E0,-6.2E-1));
#3412=LINE('',#3411,#3410);
#3413=DIRECTION('',(0.E0,-1.E0,0.E0));
#3414=VECTOR('',#3413,7.E-2);
#3415=CARTESIAN_POINT('',(-4.25E-1,-1.86E0,-6.2E-1));
#3416=LINE('',#3415,#3414);
#3417=CARTESIAN_POINT('',(-4.25E-1,-1.74E0,-5.596173101136E-2));
#3418=DIRECTION('',(1.E0,0.E0,0.E0));
#3419=DIRECTION('',(0.E0,-1.E0,1.383152851512E-14));
#3420=AXIS2_PLACEMENT_3D('',#3417,#3418,#3419);
#3422=DIRECTION('',(0.E0,0.E0,-1.E0));
#3423=VECTOR('',#3422,5.959617310114E-1);
#3424=CARTESIAN_POINT('',(-4.25E-1,-1.89E0,5.4E-1));
#3425=LINE('',#3424,#3423);
#3426=DIRECTION('',(-1.E0,0.E0,0.E0));
#3427=VECTOR('',#3426,4.E-1);
#3428=CARTESIAN_POINT('',(-4.25E-1,-1.93E0,1.09E0));
#3429=LINE('',#3428,#3427);
#3430=DIRECTION('',(-1.E0,0.E0,0.E0));
#3431=VECTOR('',#3430,4.E-1);
#3432=CARTESIAN_POINT('',(-4.25E-1,-1.58E0,1.09E0));
#3433=LINE('',#3432,#3431);
#3434=DIRECTION('',(0.E0,-1.E0,0.E0));
#3435=VECTOR('',#3434,2.8E-1);
#3436=CARTESIAN_POINT('',(-8.25E-1,-1.58E0,1.09E0));
#3437=LINE('',#3436,#3435);
#3438=DIRECTION('',(0.E0,0.E0,-1.E0));
#3439=VECTOR('',#3438,5.4E-1);
#3440=CARTESIAN_POINT('',(-8.25E-1,-1.58E0,1.63E0));
#3441=LINE('',#3440,#3439);
#3442=CARTESIAN_POINT('',(-8.25E-1,-1.73E0,1.63E0));
#3443=DIRECTION('',(-1.E0,0.E0,0.E0));
#3444=DIRECTION('',(0.E0,0.E0,1.E0));
#3445=AXIS2_PLACEMENT_3D('',#3442,#3443,#3444);
#3447=DIRECTION('',(0.E0,1.E0,0.E0));
#3448=VECTOR('',#3447,1.3E-1);
#3449=CARTESIAN_POINT('',(-8.25E-1,-1.86E0,1.78E0));
#3450=LINE('',#3449,#3448);
#3451=DIRECTION('',(-1.E0,0.E0,0.E0));
#3452=VECTOR('',#3451,4.E-1);
#3453=CARTESIAN_POINT('',(-4.25E-1,-1.58E0,1.63E0));
#3454=LINE('',#3453,#3452);
#3455=DIRECTION('',(0.E0,1.E0,0.E0));
#3456=VECTOR('',#3455,1.3E-1);
#3457=CARTESIAN_POINT('',(-4.25E-1,-1.86E0,1.78E0));
#3458=LINE('',#3457,#3456);
#3459=CARTESIAN_POINT('',(-4.25E-1,-1.73E0,1.63E0));
#3460=DIRECTION('',(-1.E0,0.E0,0.E0));
#3461=DIRECTION('',(0.E0,0.E0,1.E0));
#3462=AXIS2_PLACEMENT_3D('',#3459,#3460,#3461);
#3464=DIRECTION('',(0.E0,0.E0,-1.E0));
#3465=VECTOR('',#3464,5.4E-1);
#3466=CARTESIAN_POINT('',(-4.25E-1,-1.58E0,1.63E0));
#3467=LINE('',#3466,#3465);
#3468=DIRECTION('',(0.E0,-1.E0,0.E0));
#3469=VECTOR('',#3468,2.8E-1);
#3470=CARTESIAN_POINT('',(-4.25E-1,-1.58E0,1.09E0));
#3471=LINE('',#3470,#3469);
#3472=DIRECTION('',(-1.E0,0.E0,0.E0));
#3473=VECTOR('',#3472,4.E-1);
#3474=CARTESIAN_POINT('',(-4.25E-1,-1.73E0,1.78E0));
#3475=LINE('',#3474,#3473);
#3476=DIRECTION('',(-1.E0,0.E0,0.E0));
#3477=VECTOR('',#3476,4.E-1);
#3478=CARTESIAN_POINT('',(-4.25E-1,-1.93E0,-6.2E-1));
#3479=LINE('',#3478,#3477);
#3480=DIRECTION('',(1.E0,0.E0,0.E0));
#3481=VECTOR('',#3480,4.E-1);
#3482=CARTESIAN_POINT('',(-8.25E-1,-1.89E0,5.4E-1));
#3483=LINE('',#3482,#3481);
#3484=DIRECTION('',(1.E0,0.E0,0.E0));
#3485=VECTOR('',#3484,4.E-1);
#3486=CARTESIAN_POINT('',(-8.25E-1,-2.03E0,-2.22E0));
#3487=LINE('',#3486,#3485);
#3488=DIRECTION('',(1.E0,0.E0,0.E0));
#3489=VECTOR('',#3488,4.E-1);
#3490=CARTESIAN_POINT('',(-8.25E-1,-2.13E0,-2.32E0));
#3491=LINE('',#3490,#3489);
#3492=DIRECTION('',(1.E0,0.E0,0.E0));
#3493=VECTOR('',#3492,4.E-1);
#3494=CARTESIAN_POINT('',(-8.25E-1,-2.58E0,-2.32E0));
#3495=LINE('',#3494,#3493);
#3496=DIRECTION('',(1.E0,0.E0,0.E0));
#3497=VECTOR('',#3496,4.E-1);
#3498=CARTESIAN_POINT('',(-8.25E-1,-2.68E0,-2.22E0));
#3499=LINE('',#3498,#3497);
#3500=DIRECTION('',(1.E0,0.E0,0.E0));
#3501=VECTOR('',#3500,4.E-1);
#3502=CARTESIAN_POINT('',(-8.25E-1,-2.68E0,-1.77E0));
#3503=LINE('',#3502,#3501);
#3504=DIRECTION('',(1.E0,0.E0,0.E0));
#3505=VECTOR('',#3504,4.E-1);
#3506=CARTESIAN_POINT('',(-8.25E-1,-2.58E0,-1.67E0));
#3507=LINE('',#3506,#3505);
#3508=DIRECTION('',(0.E0,0.E0,1.E0));
#3509=VECTOR('',#3508,1.75E0);
#3510=CARTESIAN_POINT('',(4.25E-1,-9.8E-1,-6.2E-1));
#3511=LINE('',#3510,#3509);
#3512=CARTESIAN_POINT('',(4.25E-1,-1.18E0,1.13E0));
#3513=DIRECTION('',(1.E0,0.E0,0.E0));
#3514=DIRECTION('',(0.E0,1.E0,0.E0));
#3515=AXIS2_PLACEMENT_3D('',#3512,#3513,#3514);
#3517=DIRECTION('',(0.E0,-1.E0,0.E0));
#3518=VECTOR('',#3517,2.5E-1);
#3519=CARTESIAN_POINT('',(4.25E-1,-1.18E0,1.33E0));
#3520=LINE('',#3519,#3518);
#3521=DIRECTION('',(0.E0,-1.961161351382E-1,-9.805806756909E-1));
#3522=VECTOR('',#3521,2.549509756796E-1);
#3523=CARTESIAN_POINT('',(4.25E-1,-1.43E0,1.33E0));
#3524=LINE('',#3523,#3522);
#3525=DIRECTION('',(0.E0,0.E0,-1.E0));
#3526=VECTOR('',#3525,3.E-1);
#3527=CARTESIAN_POINT('',(4.25E-1,-1.48E0,1.08E0));
#3528=LINE('',#3527,#3526);
#3529=DIRECTION('',(0.E0,-1.E0,0.E0));
#3530=VECTOR('',#3529,3.5E-1);
#3531=CARTESIAN_POINT('',(4.25E-1,-1.48E0,7.8E-1));
#3532=LINE('',#3531,#3530);
#3533=DIRECTION('',(0.E0,-2.425356250363E-1,-9.701425001453E-1));
#3534=VECTOR('',#3533,1.236931687685E-1);
#3535=CARTESIAN_POINT('',(4.25E-1,-1.83E0,7.8E-1));
#3536=LINE('',#3535,#3534);
#3537=CARTESIAN_POINT('',(4.25E-1,-1.74E0,-5.596173101136E-2));
#3538=DIRECTION('',(1.E0,0.E0,0.E0));
#3539=DIRECTION('',(0.E0,-8.E-1,-6.E-1));
#3540=AXIS2_PLACEMENT_3D('',#3537,#3538,#3539);
#3542=DIRECTION('',(0.E0,9.373120771278E-1,-3.484911334172E-1));
#3543=VECTOR('',#3542,3.685788422894E-2);
#3544=CARTESIAN_POINT('',(4.25E-1,-1.792273670013E0,-1.965585425805E-1));
#3545=LINE('',#3544,#3543);
#3546=CARTESIAN_POINT('',(4.25E-1,-1.81E0,-3.5E-1));
#3547=DIRECTION('',(-1.E0,0.E0,0.E0));
#3548=DIRECTION('',(0.E0,3.484911334172E-1,9.373120771278E-1));
#3549=AXIS2_PLACEMENT_3D('',#3546,#3547,#3548);
#3551=DIRECTION('',(0.E0,0.E0,-1.E0));
#3552=VECTOR('',#3551,2.7E-1);
#3553=CARTESIAN_POINT('',(4.25E-1,-1.66E0,-3.5E-1));
#3554=LINE('',#3553,#3552);
#3555=DIRECTION('',(0.E0,-1.E0,0.E0));
#3556=VECTOR('',#3555,1.5E-1);
#3557=CARTESIAN_POINT('',(4.25E-1,-2.43E0,-1.67E0));
#3558=LINE('',#3557,#3556);
#3559=DIRECTION('',(0.E0,-7.071067811866E-1,-7.071067811865E-1));
#3560=VECTOR('',#3559,1.414213562373E-1);
#3561=CARTESIAN_POINT('',(4.25E-1,-2.58E0,-1.67E0));
#3562=LINE('',#3561,#3560);
#3563=DIRECTION('',(0.E0,0.E0,-1.E0));
#3564=VECTOR('',#3563,4.5E-1);
#3565=CARTESIAN_POINT('',(4.25E-1,-2.68E0,-1.77E0));
#3566=LINE('',#3565,#3564);
#3567=DIRECTION('',(0.E0,7.071067811865E-1,-7.071067811865E-1));
#3568=VECTOR('',#3567,1.414213562373E-1);
#3569=CARTESIAN_POINT('',(4.25E-1,-2.68E0,-2.22E0));
#3570=LINE('',#3569,#3568);
#3571=DIRECTION('',(0.E0,1.E0,0.E0));
#3572=VECTOR('',#3571,4.5E-1);
#3573=CARTESIAN_POINT('',(4.25E-1,-2.58E0,-2.32E0));
#3574=LINE('',#3573,#3572);
#3575=DIRECTION('',(0.E0,7.071067811865E-1,7.071067811866E-1));
#3576=VECTOR('',#3575,1.414213562373E-1);
#3577=CARTESIAN_POINT('',(4.25E-1,-2.13E0,-2.32E0));
#3578=LINE('',#3577,#3576);
#3579=DIRECTION('',(0.E0,0.E0,1.E0));
#3580=VECTOR('',#3579,5.E-2);
#3581=CARTESIAN_POINT('',(4.25E-1,-2.03E0,-2.22E0));
#3582=LINE('',#3581,#3580);
#3583=DIRECTION('',(0.E0,0.E0,-1.E0));
#3584=VECTOR('',#3583,2.7E-1);
#3585=CARTESIAN_POINT('',(8.25E-1,-1.66E0,-3.5E-1));
#3586=LINE('',#3585,#3584);
#3587=CARTESIAN_POINT('',(8.25E-1,-1.81E0,-3.5E-1));
#3588=DIRECTION('',(-1.E0,0.E0,0.E0));
#3589=DIRECTION('',(0.E0,3.484911334172E-1,9.373120771278E-1));
#3590=AXIS2_PLACEMENT_3D('',#3587,#3588,#3589);
#3592=DIRECTION('',(0.E0,9.373120771278E-1,-3.484911334172E-1));
#3593=VECTOR('',#3592,3.685788422894E-2);
#3594=CARTESIAN_POINT('',(8.25E-1,-1.792273670013E0,-1.965585425805E-1));
#3595=LINE('',#3594,#3593);
#3596=CARTESIAN_POINT('',(8.25E-1,-1.74E0,-5.596173101136E-2));
#3597=DIRECTION('',(1.E0,0.E0,0.E0));
#3598=DIRECTION('',(0.E0,-8.E-1,-6.E-1));
#3599=AXIS2_PLACEMENT_3D('',#3596,#3597,#3598);
#3601=DIRECTION('',(0.E0,-2.425356250363E-1,-9.701425001453E-1));
#3602=VECTOR('',#3601,1.236931687685E-1);
#3603=CARTESIAN_POINT('',(8.25E-1,-1.83E0,7.8E-1));
#3604=LINE('',#3603,#3602);
#3605=DIRECTION('',(0.E0,-1.E0,0.E0));
#3606=VECTOR('',#3605,3.5E-1);
#3607=CARTESIAN_POINT('',(8.25E-1,-1.48E0,7.8E-1));
#3608=LINE('',#3607,#3606);
#3609=DIRECTION('',(0.E0,0.E0,-1.E0));
#3610=VECTOR('',#3609,3.E-1);
#3611=CARTESIAN_POINT('',(8.25E-1,-1.48E0,1.08E0));
#3612=LINE('',#3611,#3610);
#3613=DIRECTION('',(0.E0,-1.961161351382E-1,-9.805806756909E-1));
#3614=VECTOR('',#3613,2.549509756796E-1);
#3615=CARTESIAN_POINT('',(8.25E-1,-1.43E0,1.33E0));
#3616=LINE('',#3615,#3614);
#3617=DIRECTION('',(0.E0,-1.E0,0.E0));
#3618=VECTOR('',#3617,2.5E-1);
#3619=CARTESIAN_POINT('',(8.25E-1,-1.18E0,1.33E0));
#3620=LINE('',#3619,#3618);
#3621=CARTESIAN_POINT('',(8.25E-1,-1.18E0,1.13E0));
#3622=DIRECTION('',(1.E0,0.E0,0.E0));
#3623=DIRECTION('',(0.E0,1.E0,0.E0));
#3624=AXIS2_PLACEMENT_3D('',#3621,#3622,#3623);
#3626=DIRECTION('',(0.E0,0.E0,1.E0));
#3627=VECTOR('',#3626,1.75E0);
#3628=CARTESIAN_POINT('',(8.25E-1,-9.8E-1,-6.2E-1));
#3629=LINE('',#3628,#3627);
#3630=DIRECTION('',(0.E0,0.E0,1.E0));
#3631=VECTOR('',#3630,5.E-2);
#3632=CARTESIAN_POINT('',(8.25E-1,-2.03E0,-2.22E0));
#3633=LINE('',#3632,#3631);
#3634=DIRECTION('',(0.E0,7.071067811865E-1,7.071067811866E-1));
#3635=VECTOR('',#3634,1.414213562373E-1);
#3636=CARTESIAN_POINT('',(8.25E-1,-2.13E0,-2.32E0));
#3637=LINE('',#3636,#3635);
#3638=DIRECTION('',(0.E0,1.E0,0.E0));
#3639=VECTOR('',#3638,4.5E-1);
#3640=CARTESIAN_POINT('',(8.25E-1,-2.58E0,-2.32E0));
#3641=LINE('',#3640,#3639);
#3642=DIRECTION('',(0.E0,7.071067811865E-1,-7.071067811865E-1));
#3643=VECTOR('',#3642,1.414213562373E-1);
#3644=CARTESIAN_POINT('',(8.25E-1,-2.68E0,-2.22E0));
#3645=LINE('',#3644,#3643);
#3646=DIRECTION('',(0.E0,0.E0,-1.E0));
#3647=VECTOR('',#3646,4.5E-1);
#3648=CARTESIAN_POINT('',(8.25E-1,-2.68E0,-1.77E0));
#3649=LINE('',#3648,#3647);
#3650=DIRECTION('',(0.E0,-7.071067811866E-1,-7.071067811865E-1));
#3651=VECTOR('',#3650,1.414213562373E-1);
#3652=CARTESIAN_POINT('',(8.25E-1,-2.58E0,-1.67E0));
#3653=LINE('',#3652,#3651);
#3654=DIRECTION('',(0.E0,-1.E0,0.E0));
#3655=VECTOR('',#3654,1.5E-1);
#3656=CARTESIAN_POINT('',(8.25E-1,-2.43E0,-1.67E0));
#3657=LINE('',#3656,#3655);
#3658=DIRECTION('',(1.E0,0.E0,0.E0));
#3659=VECTOR('',#3658,4.E-1);
#3660=CARTESIAN_POINT('',(4.25E-1,-1.66E0,-3.5E-1));
#3661=LINE('',#3660,#3659);
#3662=DIRECTION('',(1.E0,0.E0,0.E0));
#3663=VECTOR('',#3662,4.E-1);
#3664=CARTESIAN_POINT('',(4.25E-1,-1.757726329987E0,-2.094031884308E-1));
#3665=LINE('',#3664,#3663);
#3666=DIRECTION('',(1.E0,0.E0,0.E0));
#3667=VECTOR('',#3666,4.E-1);
#3668=CARTESIAN_POINT('',(4.25E-1,-1.792273670013E0,-1.965585425805E-1));
#3669=LINE('',#3668,#3667);
#3670=DIRECTION('',(1.E0,0.E0,0.E0));
#3671=VECTOR('',#3670,4.E-1);
#3672=CARTESIAN_POINT('',(4.25E-1,-1.89E0,-5.596173101136E-2));
#3673=LINE('',#3672,#3671);
#3674=DIRECTION('',(0.E0,-2.425356250364E-1,-9.701425001453E-1));
#3675=VECTOR('',#3674,1.236931687685E-1);
#3676=CARTESIAN_POINT('',(4.25E-1,-1.86E0,6.6E-1));
#3677=LINE('',#3676,#3675);
#3678=DIRECTION('',(0.E0,0.E0,-1.E0));
#3679=VECTOR('',#3678,5.959617310114E-1);
#3680=CARTESIAN_POINT('',(4.25E-1,-1.89E0,5.4E-1));
#3681=LINE('',#3680,#3679);
#3682=CARTESIAN_POINT('',(4.25E-1,-1.74E0,-5.596173101136E-2));
#3683=DIRECTION('',(1.E0,0.E0,0.E0));
#3684=DIRECTION('',(0.E0,-1.E0,1.383152851512E-14));
#3685=AXIS2_PLACEMENT_3D('',#3682,#3683,#3684);
#3687=DIRECTION('',(0.E0,-1.E0,0.E0));
#3688=VECTOR('',#3687,7.E-2);
#3689=CARTESIAN_POINT('',(4.25E-1,-1.86E0,-6.2E-1));
#3690=LINE('',#3689,#3688);
#3691=DIRECTION('',(0.E0,0.E0,1.E0));
#3692=VECTOR('',#3691,1.71E0);
#3693=CARTESIAN_POINT('',(4.25E-1,-1.93E0,-6.2E-1));
#3694=LINE('',#3693,#3692);
#3695=DIRECTION('',(0.E0,1.E0,0.E0));
#3696=VECTOR('',#3695,7.E-2);
#3697=CARTESIAN_POINT('',(4.25E-1,-1.93E0,1.09E0));
#3698=LINE('',#3697,#3696);
#3699=DIRECTION('',(1.E0,0.E0,0.E0));
#3700=VECTOR('',#3699,4.E-1);
#3701=CARTESIAN_POINT('',(4.25E-1,-1.83E0,7.8E-1));
#3702=LINE('',#3701,#3700);
#3703=DIRECTION('',(1.E0,0.E0,0.E0));
#3704=VECTOR('',#3703,4.E-1);
#3705=CARTESIAN_POINT('',(4.25E-1,-1.48E0,7.8E-1));
#3706=LINE('',#3705,#3704);
#3707=DIRECTION('',(1.E0,0.E0,0.E0));
#3708=VECTOR('',#3707,4.E-1);
#3709=CARTESIAN_POINT('',(4.25E-1,-1.48E0,1.08E0));
#3710=LINE('',#3709,#3708);
#3711=DIRECTION('',(1.E0,0.E0,0.E0));
#3712=VECTOR('',#3711,4.E-1);
#3713=CARTESIAN_POINT('',(4.25E-1,-1.43E0,1.33E0));
#3714=LINE('',#3713,#3712);
#3715=DIRECTION('',(1.E0,0.E0,0.E0));
#3716=VECTOR('',#3715,4.E-1);
#3717=CARTESIAN_POINT('',(4.25E-1,-1.18E0,1.33E0));
#3718=LINE('',#3717,#3716);
#3719=DIRECTION('',(1.E0,0.E0,0.E0));
#3720=VECTOR('',#3719,4.E-1);
#3721=CARTESIAN_POINT('',(4.25E-1,-9.8E-1,1.13E0));
#3722=LINE('',#3721,#3720);
#3723=DIRECTION('',(0.E0,-2.425356250364E-1,-9.701425001453E-1));
#3724=VECTOR('',#3723,1.236931687685E-1);
#3725=CARTESIAN_POINT('',(8.25E-1,-1.86E0,6.6E-1));
#3726=LINE('',#3725,#3724);
#3727=DIRECTION('',(0.E0,1.E0,0.E0));
#3728=VECTOR('',#3727,7.E-2);
#3729=CARTESIAN_POINT('',(8.25E-1,-1.93E0,1.09E0));
#3730=LINE('',#3729,#3728);
#3731=DIRECTION('',(0.E0,0.E0,1.E0));
#3732=VECTOR('',#3731,1.71E0);
#3733=CARTESIAN_POINT('',(8.25E-1,-1.93E0,-6.2E-1));
#3734=LINE('',#3733,#3732);
#3735=DIRECTION('',(0.E0,-1.E0,0.E0));
#3736=VECTOR('',#3735,7.E-2);
#3737=CARTESIAN_POINT('',(8.25E-1,-1.86E0,-6.2E-1));
#3738=LINE('',#3737,#3736);
#3739=CARTESIAN_POINT('',(8.25E-1,-1.74E0,-5.596173101136E-2));
#3740=DIRECTION('',(1.E0,0.E0,0.E0));
#3741=DIRECTION('',(0.E0,-1.E0,1.383152851512E-14));
#3742=AXIS2_PLACEMENT_3D('',#3739,#3740,#3741);
#3744=DIRECTION('',(0.E0,0.E0,-1.E0));
#3745=VECTOR('',#3744,5.959617310114E-1);
#3746=CARTESIAN_POINT('',(8.25E-1,-1.89E0,5.4E-1));
#3747=LINE('',#3746,#3745);
#3748=DIRECTION('',(-1.E0,0.E0,0.E0));
#3749=VECTOR('',#3748,4.E-1);
#3750=CARTESIAN_POINT('',(8.25E-1,-1.93E0,1.09E0));
#3751=LINE('',#3750,#3749);
#3752=DIRECTION('',(-1.E0,0.E0,0.E0));
#3753=VECTOR('',#3752,4.E-1);
#3754=CARTESIAN_POINT('',(8.25E-1,-1.58E0,1.09E0));
#3755=LINE('',#3754,#3753);
#3756=DIRECTION('',(0.E0,-1.E0,0.E0));
#3757=VECTOR('',#3756,2.8E-1);
#3758=CARTESIAN_POINT('',(4.25E-1,-1.58E0,1.09E0));
#3759=LINE('',#3758,#3757);
#3760=DIRECTION('',(0.E0,0.E0,-1.E0));
#3761=VECTOR('',#3760,5.4E-1);
#3762=CARTESIAN_POINT('',(4.25E-1,-1.58E0,1.63E0));
#3763=LINE('',#3762,#3761);
#3764=CARTESIAN_POINT('',(4.25E-1,-1.73E0,1.63E0));
#3765=DIRECTION('',(-1.E0,0.E0,0.E0));
#3766=DIRECTION('',(0.E0,0.E0,1.E0));
#3767=AXIS2_PLACEMENT_3D('',#3764,#3765,#3766);
#3769=DIRECTION('',(0.E0,1.E0,0.E0));
#3770=VECTOR('',#3769,1.3E-1);
#3771=CARTESIAN_POINT('',(4.25E-1,-1.86E0,1.78E0));
#3772=LINE('',#3771,#3770);
#3773=DIRECTION('',(-1.E0,0.E0,0.E0));
#3774=VECTOR('',#3773,4.E-1);
#3775=CARTESIAN_POINT('',(8.25E-1,-1.58E0,1.63E0));
#3776=LINE('',#3775,#3774);
#3777=DIRECTION('',(0.E0,1.E0,0.E0));
#3778=VECTOR('',#3777,1.3E-1);
#3779=CARTESIAN_POINT('',(8.25E-1,-1.86E0,1.78E0));
#3780=LINE('',#3779,#3778);
#3781=CARTESIAN_POINT('',(8.25E-1,-1.73E0,1.63E0));
#3782=DIRECTION('',(-1.E0,0.E0,0.E0));
#3783=DIRECTION('',(0.E0,0.E0,1.E0));
#3784=AXIS2_PLACEMENT_3D('',#3781,#3782,#3783);
#3786=DIRECTION('',(0.E0,0.E0,-1.E0));
#3787=VECTOR('',#3786,5.4E-1);
#3788=CARTESIAN_POINT('',(8.25E-1,-1.58E0,1.63E0));
#3789=LINE('',#3788,#3787);
#3790=DIRECTION('',(0.E0,-1.E0,0.E0));
#3791=VECTOR('',#3790,2.8E-1);
#3792=CARTESIAN_POINT('',(8.25E-1,-1.58E0,1.09E0));
#3793=LINE('',#3792,#3791);
#3794=DIRECTION('',(-1.E0,0.E0,0.E0));
#3795=VECTOR('',#3794,4.E-1);
#3796=CARTESIAN_POINT('',(8.25E-1,-1.73E0,1.78E0));
#3797=LINE('',#3796,#3795);
#3798=DIRECTION('',(-1.E0,0.E0,0.E0));
#3799=VECTOR('',#3798,4.E-1);
#3800=CARTESIAN_POINT('',(8.25E-1,-1.93E0,-6.2E-1));
#3801=LINE('',#3800,#3799);
#3802=DIRECTION('',(1.E0,0.E0,0.E0));
#3803=VECTOR('',#3802,4.E-1);
#3804=CARTESIAN_POINT('',(4.25E-1,-1.89E0,5.4E-1));
#3805=LINE('',#3804,#3803);
#3806=DIRECTION('',(1.E0,0.E0,0.E0));
#3807=VECTOR('',#3806,4.E-1);
#3808=CARTESIAN_POINT('',(4.25E-1,-2.03E0,-2.22E0));
#3809=LINE('',#3808,#3807);
#3810=DIRECTION('',(1.E0,0.E0,0.E0));
#3811=VECTOR('',#3810,4.E-1);
#3812=CARTESIAN_POINT('',(4.25E-1,-2.13E0,-2.32E0));
#3813=LINE('',#3812,#3811);
#3814=DIRECTION('',(1.E0,0.E0,0.E0));
#3815=VECTOR('',#3814,4.E-1);
#3816=CARTESIAN_POINT('',(4.25E-1,-2.58E0,-2.32E0));
#3817=LINE('',#3816,#3815);
#3818=DIRECTION('',(1.E0,0.E0,0.E0));
#3819=VECTOR('',#3818,4.E-1);
#3820=CARTESIAN_POINT('',(4.25E-1,-2.68E0,-2.22E0));
#3821=LINE('',#3820,#3819);
#3822=DIRECTION('',(1.E0,0.E0,0.E0));
#3823=VECTOR('',#3822,4.E-1);
#3824=CARTESIAN_POINT('',(4.25E-1,-2.68E0,-1.77E0));
#3825=LINE('',#3824,#3823);
#3826=DIRECTION('',(1.E0,0.E0,0.E0));
#3827=VECTOR('',#3826,4.E-1);
#3828=CARTESIAN_POINT('',(4.25E-1,-2.58E0,-1.67E0));
#3829=LINE('',#3828,#3827);
#3830=DIRECTION('',(0.E0,0.E0,1.E0));
#3831=VECTOR('',#3830,1.75E0);
#3832=CARTESIAN_POINT('',(1.675E0,-9.8E-1,-6.2E-1));
#3833=LINE('',#3832,#3831);
#3834=CARTESIAN_POINT('',(1.675E0,-1.18E0,1.13E0));
#3835=DIRECTION('',(1.E0,0.E0,0.E0));
#3836=DIRECTION('',(0.E0,1.E0,0.E0));
#3837=AXIS2_PLACEMENT_3D('',#3834,#3835,#3836);
#3839=DIRECTION('',(0.E0,-1.E0,0.E0));
#3840=VECTOR('',#3839,2.5E-1);
#3841=CARTESIAN_POINT('',(1.675E0,-1.18E0,1.33E0));
#3842=LINE('',#3841,#3840);
#3843=DIRECTION('',(0.E0,-1.961161351382E-1,-9.805806756909E-1));
#3844=VECTOR('',#3843,2.549509756796E-1);
#3845=CARTESIAN_POINT('',(1.675E0,-1.43E0,1.33E0));
#3846=LINE('',#3845,#3844);
#3847=DIRECTION('',(0.E0,0.E0,-1.E0));
#3848=VECTOR('',#3847,3.E-1);
#3849=CARTESIAN_POINT('',(1.675E0,-1.48E0,1.08E0));
#3850=LINE('',#3849,#3848);
#3851=DIRECTION('',(0.E0,-1.E0,0.E0));
#3852=VECTOR('',#3851,3.5E-1);
#3853=CARTESIAN_POINT('',(1.675E0,-1.48E0,7.8E-1));
#3854=LINE('',#3853,#3852);
#3855=DIRECTION('',(0.E0,-2.425356250363E-1,-9.701425001453E-1));
#3856=VECTOR('',#3855,1.236931687685E-1);
#3857=CARTESIAN_POINT('',(1.675E0,-1.83E0,7.8E-1));
#3858=LINE('',#3857,#3856);
#3859=CARTESIAN_POINT('',(1.675E0,-1.74E0,-5.596173101136E-2));
#3860=DIRECTION('',(1.E0,0.E0,0.E0));
#3861=DIRECTION('',(0.E0,-8.E-1,-6.E-1));
#3862=AXIS2_PLACEMENT_3D('',#3859,#3860,#3861);
#3864=DIRECTION('',(0.E0,9.373120771278E-1,-3.484911334172E-1));
#3865=VECTOR('',#3864,3.685788422894E-2);
#3866=CARTESIAN_POINT('',(1.675E0,-1.792273670013E0,-1.965585425805E-1));
#3867=LINE('',#3866,#3865);
#3868=CARTESIAN_POINT('',(1.675E0,-1.81E0,-3.5E-1));
#3869=DIRECTION('',(-1.E0,0.E0,0.E0));
#3870=DIRECTION('',(0.E0,3.484911334172E-1,9.373120771278E-1));
#3871=AXIS2_PLACEMENT_3D('',#3868,#3869,#3870);
#3873=DIRECTION('',(0.E0,0.E0,-1.E0));
#3874=VECTOR('',#3873,2.7E-1);
#3875=CARTESIAN_POINT('',(1.675E0,-1.66E0,-3.5E-1));
#3876=LINE('',#3875,#3874);
#3877=DIRECTION('',(0.E0,-1.E0,0.E0));
#3878=VECTOR('',#3877,1.5E-1);
#3879=CARTESIAN_POINT('',(1.675E0,-2.43E0,-1.67E0));
#3880=LINE('',#3879,#3878);
#3881=DIRECTION('',(0.E0,-7.071067811866E-1,-7.071067811865E-1));
#3882=VECTOR('',#3881,1.414213562373E-1);
#3883=CARTESIAN_POINT('',(1.675E0,-2.58E0,-1.67E0));
#3884=LINE('',#3883,#3882);
#3885=DIRECTION('',(0.E0,0.E0,-1.E0));
#3886=VECTOR('',#3885,4.5E-1);
#3887=CARTESIAN_POINT('',(1.675E0,-2.68E0,-1.77E0));
#3888=LINE('',#3887,#3886);
#3889=DIRECTION('',(0.E0,7.071067811865E-1,-7.071067811865E-1));
#3890=VECTOR('',#3889,1.414213562373E-1);
#3891=CARTESIAN_POINT('',(1.675E0,-2.68E0,-2.22E0));
#3892=LINE('',#3891,#3890);
#3893=DIRECTION('',(0.E0,1.E0,0.E0));
#3894=VECTOR('',#3893,4.5E-1);
#3895=CARTESIAN_POINT('',(1.675E0,-2.58E0,-2.32E0));
#3896=LINE('',#3895,#3894);
#3897=DIRECTION('',(0.E0,7.071067811865E-1,7.071067811866E-1));
#3898=VECTOR('',#3897,1.414213562373E-1);
#3899=CARTESIAN_POINT('',(1.675E0,-2.13E0,-2.32E0));
#3900=LINE('',#3899,#3898);
#3901=DIRECTION('',(0.E0,0.E0,1.E0));
#3902=VECTOR('',#3901,5.E-2);
#3903=CARTESIAN_POINT('',(1.675E0,-2.03E0,-2.22E0));
#3904=LINE('',#3903,#3902);
#3905=DIRECTION('',(0.E0,0.E0,-1.E0));
#3906=VECTOR('',#3905,2.7E-1);
#3907=CARTESIAN_POINT('',(2.075E0,-1.66E0,-3.5E-1));
#3908=LINE('',#3907,#3906);
#3909=CARTESIAN_POINT('',(2.075E0,-1.81E0,-3.5E-1));
#3910=DIRECTION('',(-1.E0,0.E0,0.E0));
#3911=DIRECTION('',(0.E0,3.484911334172E-1,9.373120771278E-1));
#3912=AXIS2_PLACEMENT_3D('',#3909,#3910,#3911);
#3914=DIRECTION('',(0.E0,9.373120771278E-1,-3.484911334172E-1));
#3915=VECTOR('',#3914,3.685788422894E-2);
#3916=CARTESIAN_POINT('',(2.075E0,-1.792273670013E0,-1.965585425805E-1));
#3917=LINE('',#3916,#3915);
#3918=CARTESIAN_POINT('',(2.075E0,-1.74E0,-5.596173101136E-2));
#3919=DIRECTION('',(1.E0,0.E0,0.E0));
#3920=DIRECTION('',(0.E0,-8.E-1,-6.E-1));
#3921=AXIS2_PLACEMENT_3D('',#3918,#3919,#3920);
#3923=DIRECTION('',(0.E0,-2.425356250363E-1,-9.701425001453E-1));
#3924=VECTOR('',#3923,1.236931687685E-1);
#3925=CARTESIAN_POINT('',(2.075E0,-1.83E0,7.8E-1));
#3926=LINE('',#3925,#3924);
#3927=DIRECTION('',(0.E0,-1.E0,0.E0));
#3928=VECTOR('',#3927,3.5E-1);
#3929=CARTESIAN_POINT('',(2.075E0,-1.48E0,7.8E-1));
#3930=LINE('',#3929,#3928);
#3931=DIRECTION('',(0.E0,0.E0,-1.E0));
#3932=VECTOR('',#3931,3.E-1);
#3933=CARTESIAN_POINT('',(2.075E0,-1.48E0,1.08E0));
#3934=LINE('',#3933,#3932);
#3935=DIRECTION('',(0.E0,-1.961161351382E-1,-9.805806756909E-1));
#3936=VECTOR('',#3935,2.549509756796E-1);
#3937=CARTESIAN_POINT('',(2.075E0,-1.43E0,1.33E0));
#3938=LINE('',#3937,#3936);
#3939=DIRECTION('',(0.E0,-1.E0,0.E0));
#3940=VECTOR('',#3939,2.5E-1);
#3941=CARTESIAN_POINT('',(2.075E0,-1.18E0,1.33E0));
#3942=LINE('',#3941,#3940);
#3943=CARTESIAN_POINT('',(2.075E0,-1.18E0,1.13E0));
#3944=DIRECTION('',(1.E0,0.E0,0.E0));
#3945=DIRECTION('',(0.E0,1.E0,0.E0));
#3946=AXIS2_PLACEMENT_3D('',#3943,#3944,#3945);
#3948=DIRECTION('',(0.E0,0.E0,1.E0));
#3949=VECTOR('',#3948,1.75E0);
#3950=CARTESIAN_POINT('',(2.075E0,-9.8E-1,-6.2E-1));
#3951=LINE('',#3950,#3949);
#3952=DIRECTION('',(0.E0,0.E0,1.E0));
#3953=VECTOR('',#3952,5.E-2);
#3954=CARTESIAN_POINT('',(2.075E0,-2.03E0,-2.22E0));
#3955=LINE('',#3954,#3953);
#3956=DIRECTION('',(0.E0,7.071067811865E-1,7.071067811866E-1));
#3957=VECTOR('',#3956,1.414213562373E-1);
#3958=CARTESIAN_POINT('',(2.075E0,-2.13E0,-2.32E0));
#3959=LINE('',#3958,#3957);
#3960=DIRECTION('',(0.E0,1.E0,0.E0));
#3961=VECTOR('',#3960,4.5E-1);
#3962=CARTESIAN_POINT('',(2.075E0,-2.58E0,-2.32E0));
#3963=LINE('',#3962,#3961);
#3964=DIRECTION('',(0.E0,7.071067811865E-1,-7.071067811865E-1));
#3965=VECTOR('',#3964,1.414213562373E-1);
#3966=CARTESIAN_POINT('',(2.075E0,-2.68E0,-2.22E0));
#3967=LINE('',#3966,#3965);
#3968=DIRECTION('',(0.E0,0.E0,-1.E0));
#3969=VECTOR('',#3968,4.5E-1);
#3970=CARTESIAN_POINT('',(2.075E0,-2.68E0,-1.77E0));
#3971=LINE('',#3970,#3969);
#3972=DIRECTION('',(0.E0,-7.071067811866E-1,-7.071067811865E-1));
#3973=VECTOR('',#3972,1.414213562373E-1);
#3974=CARTESIAN_POINT('',(2.075E0,-2.58E0,-1.67E0));
#3975=LINE('',#3974,#3973);
#3976=DIRECTION('',(0.E0,-1.E0,0.E0));
#3977=VECTOR('',#3976,1.5E-1);
#3978=CARTESIAN_POINT('',(2.075E0,-2.43E0,-1.67E0));
#3979=LINE('',#3978,#3977);
#3980=DIRECTION('',(1.E0,0.E0,0.E0));
#3981=VECTOR('',#3980,4.E-1);
#3982=CARTESIAN_POINT('',(1.675E0,-1.66E0,-3.5E-1));
#3983=LINE('',#3982,#3981);
#3984=DIRECTION('',(1.E0,0.E0,0.E0));
#3985=VECTOR('',#3984,4.E-1);
#3986=CARTESIAN_POINT('',(1.675E0,-1.757726329987E0,-2.094031884308E-1));
#3987=LINE('',#3986,#3985);
#3988=DIRECTION('',(1.E0,0.E0,0.E0));
#3989=VECTOR('',#3988,4.E-1);
#3990=CARTESIAN_POINT('',(1.675E0,-1.792273670013E0,-1.965585425805E-1));
#3991=LINE('',#3990,#3989);
#3992=DIRECTION('',(1.E0,0.E0,0.E0));
#3993=VECTOR('',#3992,4.E-1);
#3994=CARTESIAN_POINT('',(1.675E0,-1.89E0,-5.596173101136E-2));
#3995=LINE('',#3994,#3993);
#3996=DIRECTION('',(0.E0,-2.425356250364E-1,-9.701425001453E-1));
#3997=VECTOR('',#3996,1.236931687685E-1);
#3998=CARTESIAN_POINT('',(1.675E0,-1.86E0,6.6E-1));
#3999=LINE('',#3998,#3997);
#4000=DIRECTION('',(0.E0,0.E0,-1.E0));
#4001=VECTOR('',#4000,5.959617310114E-1);
#4002=CARTESIAN_POINT('',(1.675E0,-1.89E0,5.4E-1));
#4003=LINE('',#4002,#4001);
#4004=CARTESIAN_POINT('',(1.675E0,-1.74E0,-5.596173101136E-2));
#4005=DIRECTION('',(1.E0,0.E0,0.E0));
#4006=DIRECTION('',(0.E0,-1.E0,1.383152851512E-14));
#4007=AXIS2_PLACEMENT_3D('',#4004,#4005,#4006);
#4009=DIRECTION('',(0.E0,-1.E0,0.E0));
#4010=VECTOR('',#4009,7.E-2);
#4011=CARTESIAN_POINT('',(1.675E0,-1.86E0,-6.2E-1));
#4012=LINE('',#4011,#4010);
#4013=DIRECTION('',(0.E0,0.E0,1.E0));
#4014=VECTOR('',#4013,1.71E0);
#4015=CARTESIAN_POINT('',(1.675E0,-1.93E0,-6.2E-1));
#4016=LINE('',#4015,#4014);
#4017=DIRECTION('',(0.E0,1.E0,0.E0));
#4018=VECTOR('',#4017,7.E-2);
#4019=CARTESIAN_POINT('',(1.675E0,-1.93E0,1.09E0));
#4020=LINE('',#4019,#4018);
#4021=DIRECTION('',(1.E0,0.E0,0.E0));
#4022=VECTOR('',#4021,4.E-1);
#4023=CARTESIAN_POINT('',(1.675E0,-1.83E0,7.8E-1));
#4024=LINE('',#4023,#4022);
#4025=DIRECTION('',(1.E0,0.E0,0.E0));
#4026=VECTOR('',#4025,4.E-1);
#4027=CARTESIAN_POINT('',(1.675E0,-1.48E0,7.8E-1));
#4028=LINE('',#4027,#4026);
#4029=DIRECTION('',(1.E0,0.E0,0.E0));
#4030=VECTOR('',#4029,4.E-1);
#4031=CARTESIAN_POINT('',(1.675E0,-1.48E0,1.08E0));
#4032=LINE('',#4031,#4030);
#4033=DIRECTION('',(1.E0,0.E0,0.E0));
#4034=VECTOR('',#4033,4.E-1);
#4035=CARTESIAN_POINT('',(1.675E0,-1.43E0,1.33E0));
#4036=LINE('',#4035,#4034);
#4037=DIRECTION('',(1.E0,0.E0,0.E0));
#4038=VECTOR('',#4037,4.E-1);
#4039=CARTESIAN_POINT('',(1.675E0,-1.18E0,1.33E0));
#4040=LINE('',#4039,#4038);
#4041=DIRECTION('',(1.E0,0.E0,0.E0));
#4042=VECTOR('',#4041,4.E-1);
#4043=CARTESIAN_POINT('',(1.675E0,-9.8E-1,1.13E0));
#4044=LINE('',#4043,#4042);
#4045=DIRECTION('',(0.E0,-2.425356250364E-1,-9.701425001453E-1));
#4046=VECTOR('',#4045,1.236931687685E-1);
#4047=CARTESIAN_POINT('',(2.075E0,-1.86E0,6.6E-1));
#4048=LINE('',#4047,#4046);
#4049=DIRECTION('',(0.E0,1.E0,0.E0));
#4050=VECTOR('',#4049,7.E-2);
#4051=CARTESIAN_POINT('',(2.075E0,-1.93E0,1.09E0));
#4052=LINE('',#4051,#4050);
#4053=DIRECTION('',(0.E0,0.E0,1.E0));
#4054=VECTOR('',#4053,1.71E0);
#4055=CARTESIAN_POINT('',(2.075E0,-1.93E0,-6.2E-1));
#4056=LINE('',#4055,#4054);
#4057=DIRECTION('',(0.E0,-1.E0,0.E0));
#4058=VECTOR('',#4057,7.E-2);
#4059=CARTESIAN_POINT('',(2.075E0,-1.86E0,-6.2E-1));
#4060=LINE('',#4059,#4058);
#4061=CARTESIAN_POINT('',(2.075E0,-1.74E0,-5.596173101136E-2));
#4062=DIRECTION('',(1.E0,0.E0,0.E0));
#4063=DIRECTION('',(0.E0,-1.E0,1.383152851512E-14));
#4064=AXIS2_PLACEMENT_3D('',#4061,#4062,#4063);
#4066=DIRECTION('',(0.E0,0.E0,-1.E0));
#4067=VECTOR('',#4066,5.959617310114E-1);
#4068=CARTESIAN_POINT('',(2.075E0,-1.89E0,5.4E-1));
#4069=LINE('',#4068,#4067);
#4070=DIRECTION('',(-1.E0,0.E0,0.E0));
#4071=VECTOR('',#4070,4.E-1);
#4072=CARTESIAN_POINT('',(2.075E0,-1.93E0,1.09E0));
#4073=LINE('',#4072,#4071);
#4074=DIRECTION('',(-1.E0,0.E0,0.E0));
#4075=VECTOR('',#4074,4.E-1);
#4076=CARTESIAN_POINT('',(2.075E0,-1.58E0,1.09E0));
#4077=LINE('',#4076,#4075);
#4078=DIRECTION('',(0.E0,-1.E0,0.E0));
#4079=VECTOR('',#4078,2.8E-1);
#4080=CARTESIAN_POINT('',(1.675E0,-1.58E0,1.09E0));
#4081=LINE('',#4080,#4079);
#4082=DIRECTION('',(0.E0,0.E0,-1.E0));
#4083=VECTOR('',#4082,5.4E-1);
#4084=CARTESIAN_POINT('',(1.675E0,-1.58E0,1.63E0));
#4085=LINE('',#4084,#4083);
#4086=CARTESIAN_POINT('',(1.675E0,-1.73E0,1.63E0));
#4087=DIRECTION('',(-1.E0,0.E0,0.E0));
#4088=DIRECTION('',(0.E0,0.E0,1.E0));
#4089=AXIS2_PLACEMENT_3D('',#4086,#4087,#4088);
#4091=DIRECTION('',(0.E0,1.E0,0.E0));
#4092=VECTOR('',#4091,1.3E-1);
#4093=CARTESIAN_POINT('',(1.675E0,-1.86E0,1.78E0));
#4094=LINE('',#4093,#4092);
#4095=DIRECTION('',(-1.E0,0.E0,0.E0));
#4096=VECTOR('',#4095,4.E-1);
#4097=CARTESIAN_POINT('',(2.075E0,-1.58E0,1.63E0));
#4098=LINE('',#4097,#4096);
#4099=DIRECTION('',(0.E0,1.E0,0.E0));
#4100=VECTOR('',#4099,1.3E-1);
#4101=CARTESIAN_POINT('',(2.075E0,-1.86E0,1.78E0));
#4102=LINE('',#4101,#4100);
#4103=CARTESIAN_POINT('',(2.075E0,-1.73E0,1.63E0));
#4104=DIRECTION('',(-1.E0,0.E0,0.E0));
#4105=DIRECTION('',(0.E0,0.E0,1.E0));
#4106=AXIS2_PLACEMENT_3D('',#4103,#4104,#4105);
#4108=DIRECTION('',(0.E0,0.E0,-1.E0));
#4109=VECTOR('',#4108,5.4E-1);
#4110=CARTESIAN_POINT('',(2.075E0,-1.58E0,1.63E0));
#4111=LINE('',#4110,#4109);
#4112=DIRECTION('',(0.E0,-1.E0,0.E0));
#4113=VECTOR('',#4112,2.8E-1);
#4114=CARTESIAN_POINT('',(2.075E0,-1.58E0,1.09E0));
#4115=LINE('',#4114,#4113);
#4116=DIRECTION('',(-1.E0,0.E0,0.E0));
#4117=VECTOR('',#4116,4.E-1);
#4118=CARTESIAN_POINT('',(2.075E0,-1.73E0,1.78E0));
#4119=LINE('',#4118,#4117);
#4120=DIRECTION('',(-1.E0,0.E0,0.E0));
#4121=VECTOR('',#4120,4.E-1);
#4122=CARTESIAN_POINT('',(2.075E0,-1.93E0,-6.2E-1));
#4123=LINE('',#4122,#4121);
#4124=DIRECTION('',(1.E0,0.E0,0.E0));
#4125=VECTOR('',#4124,4.E-1);
#4126=CARTESIAN_POINT('',(1.675E0,-1.89E0,5.4E-1));
#4127=LINE('',#4126,#4125);
#4128=DIRECTION('',(1.E0,0.E0,0.E0));
#4129=VECTOR('',#4128,4.E-1);
#4130=CARTESIAN_POINT('',(1.675E0,-2.03E0,-2.22E0));
#4131=LINE('',#4130,#4129);
#4132=DIRECTION('',(1.E0,0.E0,0.E0));
#4133=VECTOR('',#4132,4.E-1);
#4134=CARTESIAN_POINT('',(1.675E0,-2.13E0,-2.32E0));
#4135=LINE('',#4134,#4133);
#4136=DIRECTION('',(1.E0,0.E0,0.E0));
#4137=VECTOR('',#4136,4.E-1);
#4138=CARTESIAN_POINT('',(1.675E0,-2.58E0,-2.32E0));
#4139=LINE('',#4138,#4137);
#4140=DIRECTION('',(1.E0,0.E0,0.E0));
#4141=VECTOR('',#4140,4.E-1);
#4142=CARTESIAN_POINT('',(1.675E0,-2.68E0,-2.22E0));
#4143=LINE('',#4142,#4141);
#4144=DIRECTION('',(1.E0,0.E0,0.E0));
#4145=VECTOR('',#4144,4.E-1);
#4146=CARTESIAN_POINT('',(1.675E0,-2.68E0,-1.77E0));
#4147=LINE('',#4146,#4145);
#4148=DIRECTION('',(1.E0,0.E0,0.E0));
#4149=VECTOR('',#4148,4.E-1);
#4150=CARTESIAN_POINT('',(1.675E0,-2.58E0,-1.67E0));
#4151=LINE('',#4150,#4149);
#4152=DIRECTION('',(0.E0,1.E0,0.E0));
#4153=VECTOR('',#4152,1.3E-1);
#4154=CARTESIAN_POINT('',(3.325E0,-1.86E0,1.78E0));
#4155=LINE('',#4154,#4153);
#4156=CARTESIAN_POINT('',(3.325E0,-1.73E0,1.63E0));
#4157=DIRECTION('',(-1.E0,0.E0,0.E0));
#4158=DIRECTION('',(0.E0,0.E0,1.E0));
#4159=AXIS2_PLACEMENT_3D('',#4156,#4157,#4158);
#4161=DIRECTION('',(0.E0,0.E0,-1.E0));
#4162=VECTOR('',#4161,5.4E-1);
#4163=CARTESIAN_POINT('',(3.325E0,-1.58E0,1.63E0));
#4164=LINE('',#4163,#4162);
#4165=DIRECTION('',(0.E0,-1.E0,0.E0));
#4166=VECTOR('',#4165,2.8E-1);
#4167=CARTESIAN_POINT('',(3.325E0,-1.58E0,1.09E0));
#4168=LINE('',#4167,#4166);
#4169=DIRECTION('',(-1.E0,0.E0,0.E0));
#4170=VECTOR('',#4169,4.E-1);
#4171=CARTESIAN_POINT('',(3.325E0,-1.73E0,1.78E0));
#4172=LINE('',#4171,#4170);
#4173=DIRECTION('',(-1.E0,0.E0,0.E0));
#4174=VECTOR('',#4173,4.E-1);
#4175=CARTESIAN_POINT('',(3.325E0,-1.58E0,1.63E0));
#4176=LINE('',#4175,#4174);
#4177=DIRECTION('',(-1.E0,0.E0,0.E0));
#4178=VECTOR('',#4177,4.E-1);
#4179=CARTESIAN_POINT('',(-2.925E0,-1.73E0,1.78E0));
#4180=LINE('',#4179,#4178);
#4181=DIRECTION('',(-1.E0,0.E0,0.E0));
#4182=VECTOR('',#4181,4.E-1);
#4183=CARTESIAN_POINT('',(-2.925E0,-1.93E0,-6.2E-1));
#4184=LINE('',#4183,#4182);
#4185=CARTESIAN_POINT('',(-4.25E0,-7.4E-1,-6.2E-1));
#4186=CARTESIAN_POINT('',(-4.25E0,-1.86E0,-6.2E-1));
#4187=VERTEX_POINT('',#4185);
#4188=VERTEX_POINT('',#4186);
#4189=CARTESIAN_POINT('',(-4.4E0,-5.9E-1,-6.2E-1));
#4190=VERTEX_POINT('',#4189);
#4191=CARTESIAN_POINT('',(-4.25E0,-7.4E-1,2.27E0));
#4192=CARTESIAN_POINT('',(-4.25E0,-1.86E0,2.27E0));
#4193=VERTEX_POINT('',#4191);
#4194=VERTEX_POINT('',#4192);
#4195=CARTESIAN_POINT('',(-4.4E0,-5.9E-1,2.27E0));
#4196=VERTEX_POINT('',#4195);
#4197=CARTESIAN_POINT('',(4.25E0,-1.86E0,-6.2E-1));
#4198=CARTESIAN_POINT('',(4.25E0,-7.4E-1,-6.2E-1));
#4199=VERTEX_POINT('',#4197);
#4200=VERTEX_POINT('',#4198);
#4201=CARTESIAN_POINT('',(4.4E0,-5.9E-1,-6.2E-1));
#4202=VERTEX_POINT('',#4201);
#4203=CARTESIAN_POINT('',(4.4E0,7.6E-1,-6.2E-1));
#4204=VERTEX_POINT('',#4203);
#4205=CARTESIAN_POINT('',(3.77E0,7.6E-1,-6.2E-1));
#4206=VERTEX_POINT('',#4205);
#4207=CARTESIAN_POINT('',(3.77E0,-9.E-2,-6.2E-1));
#4208=VERTEX_POINT('',#4207);
#4209=CARTESIAN_POINT('',(-3.77E0,-9.E-2,-6.2E-1));
#4210=VERTEX_POINT('',#4209);
#4211=CARTESIAN_POINT('',(-3.77E0,7.6E-1,-6.2E-1));
#4212=VERTEX_POINT('',#4211);
#4213=CARTESIAN_POINT('',(-4.4E0,7.6E-1,-6.2E-1));
#4214=VERTEX_POINT('',#4213);
#4215=CARTESIAN_POINT('',(4.25E0,-1.86E0,2.27E0));
#4216=CARTESIAN_POINT('',(4.25E0,-7.4E-1,2.27E0));
#4217=VERTEX_POINT('',#4215);
#4218=VERTEX_POINT('',#4216);
#4219=CARTESIAN_POINT('',(4.4E0,-5.9E-1,2.27E0));
#4220=VERTEX_POINT('',#4219);
#4221=CARTESIAN_POINT('',(4.4E0,7.6E-1,2.27E0));
#4222=VERTEX_POINT('',#4221);
#4223=CARTESIAN_POINT('',(3.77E0,7.6E-1,2.27E0));
#4224=VERTEX_POINT('',#4223);
#4225=CARTESIAN_POINT('',(3.77E0,-9.E-2,2.27E0));
#4226=VERTEX_POINT('',#4225);
#4227=CARTESIAN_POINT('',(-3.77E0,-9.E-2,2.27E0));
#4228=VERTEX_POINT('',#4227);
#4229=CARTESIAN_POINT('',(-3.77E0,7.6E-1,2.27E0));
#4230=VERTEX_POINT('',#4229);
#4231=CARTESIAN_POINT('',(-4.4E0,7.6E-1,2.27E0));
#4232=VERTEX_POINT('',#4231);
#4233=CARTESIAN_POINT('',(-4.25E0,2.62E0,2.27E0));
#4234=CARTESIAN_POINT('',(-4.25E0,1.32E0,2.27E0));
#4235=VERTEX_POINT('',#4233);
#4236=VERTEX_POINT('',#4234);
#4237=CARTESIAN_POINT('',(4.25E0,2.62E0,2.27E0));
#4238=CARTESIAN_POINT('',(4.25E0,1.32E0,2.27E0));
#4239=VERTEX_POINT('',#4237);
#4240=VERTEX_POINT('',#4238);
#4241=CARTESIAN_POINT('',(3.75E0,-2.62E0,2.27E0));
#4242=CARTESIAN_POINT('',(3.55E0,-2.43E0,2.27E0));
#4243=VERTEX_POINT('',#4241);
#4244=VERTEX_POINT('',#4242);
#4245=CARTESIAN_POINT('',(-3.55E0,-2.43E0,2.27E0));
#4246=VERTEX_POINT('',#4245);
#4247=CARTESIAN_POINT('',(-3.75E0,-2.62E0,2.27E0));
#4248=VERTEX_POINT('',#4247);
#4249=CARTESIAN_POINT('',(3.45E0,2.22E0,-1.02E0));
#4250=CARTESIAN_POINT('',(-3.45E0,2.22E0,-1.02E0));
#4251=VERTEX_POINT('',#4249);
#4252=VERTEX_POINT('',#4250);
#4253=CARTESIAN_POINT('',(-3.45E0,2.22E0,2.27E0));
#4254=CARTESIAN_POINT('',(-3.45E0,2.6E-1,2.27E0));
#4255=VERTEX_POINT('',#4253);
#4256=VERTEX_POINT('',#4254);
#4257=CARTESIAN_POINT('',(3.45E0,2.6E-1,2.27E0));
#4258=VERTEX_POINT('',#4257);
#4259=CARTESIAN_POINT('',(3.45E0,2.22E0,2.27E0));
#4260=VERTEX_POINT('',#4259);
#4261=CARTESIAN_POINT('',(-3.45E0,3.6E-1,-1.02E0));
#4262=VERTEX_POINT('',#4261);
#4263=CARTESIAN_POINT('',(3.45E0,3.6E-1,-1.02E0));
#4264=VERTEX_POINT('',#4263);
#4265=CARTESIAN_POINT('',(3.45E0,2.6E-1,1.18E0));
#4266=CARTESIAN_POINT('',(-3.45E0,2.6E-1,1.18E0));
#4267=VERTEX_POINT('',#4265);
#4268=VERTEX_POINT('',#4266);
#4269=CARTESIAN_POINT('',(3.45E0,3.6E-1,1.002222222222E0));
#4270=CARTESIAN_POINT('',(2.015E0,3.6E-1,1.002222222222E0));
#4271=VERTEX_POINT('',#4269);
#4272=VERTEX_POINT('',#4270);
#4273=CARTESIAN_POINT('',(2.015E0,3.6E-1,-2.E-2));
#4274=CARTESIAN_POINT('',(1.815E0,7.1E-1,3.E-2));
#4275=VERTEX_POINT('',#4273);
#4276=VERTEX_POINT('',#4274);
#4277=CARTESIAN_POINT('',(1.815E0,7.1E-1,3.8E-1));
#4278=VERTEX_POINT('',#4277);
#4279=CARTESIAN_POINT('',(-1.815E0,7.1E-1,3.E-2));
#4280=VERTEX_POINT('',#4279);
#4281=CARTESIAN_POINT('',(-1.815E0,7.1E-1,3.8E-1));
#4282=VERTEX_POINT('',#4281);
#4283=CARTESIAN_POINT('',(-2.015E0,3.6E-1,-2.E-2));
#4284=VERTEX_POINT('',#4283);
#4285=CARTESIAN_POINT('',(-2.015E0,3.6E-1,1.002222222222E0));
#4286=VERTEX_POINT('',#4285);
#4287=CARTESIAN_POINT('',(-3.45E0,3.6E-1,1.002222222222E0));
#4288=VERTEX_POINT('',#4287);
#4289=CARTESIAN_POINT('',(4.7E0,-2.62E0,2.27E0));
#4290=CARTESIAN_POINT('',(4.7E0,1.32E0,2.27E0));
#4291=VERTEX_POINT('',#4289);
#4292=VERTEX_POINT('',#4290);
#4293=CARTESIAN_POINT('',(5.375E0,-2.62E0,6.3E-1));
#4294=CARTESIAN_POINT('',(4.85E0,-2.62E0,6.3E-1));
#4295=VERTEX_POINT('',#4293);
#4296=VERTEX_POINT('',#4294);
#4297=CARTESIAN_POINT('',(4.85E0,-2.62E0,1.55E0));
#4298=VERTEX_POINT('',#4297);
#4299=CARTESIAN_POINT('',(4.7E0,-2.62E0,1.59E0));
#4300=VERTEX_POINT('',#4299);
#4301=CARTESIAN_POINT('',(5.375E0,1.32E0,6.3E-1));
#4302=VERTEX_POINT('',#4301);
#4303=CARTESIAN_POINT('',(4.85E0,1.32E0,6.3E-1));
#4304=VERTEX_POINT('',#4303);
#4305=CARTESIAN_POINT('',(4.85E0,1.32E0,1.55E0));
#4306=VERTEX_POINT('',#4305);
#4307=CARTESIAN_POINT('',(4.7E0,1.32E0,1.59E0));
#4308=VERTEX_POINT('',#4307);
#4309=CARTESIAN_POINT('',(-5.375E0,-2.62E0,-2.27E0));
#4310=CARTESIAN_POINT('',(-5.375E0,-2.62E0,6.3E-1));
#4311=VERTEX_POINT('',#4309);
#4312=VERTEX_POINT('',#4310);
#4313=CARTESIAN_POINT('',(5.375E0,-2.62E0,-2.27E0));
#4314=VERTEX_POINT('',#4313);
#4315=CARTESIAN_POINT('',(-4.7E0,1.32E0,2.27E0));
#4316=VERTEX_POINT('',#4315);
#4317=CARTESIAN_POINT('',(-4.7E0,-2.62E0,2.27E0));
#4318=VERTEX_POINT('',#4317);
#4319=CARTESIAN_POINT('',(-4.7E0,-2.62E0,1.59E0));
#4320=VERTEX_POINT('',#4319);
#4321=CARTESIAN_POINT('',(-4.85E0,-2.62E0,1.55E0));
#4322=VERTEX_POINT('',#4321);
#4323=CARTESIAN_POINT('',(-4.85E0,-2.62E0,6.3E-1));
#4324=VERTEX_POINT('',#4323);
#4325=CARTESIAN_POINT('',(-4.7E0,1.32E0,1.59E0));
#4326=VERTEX_POINT('',#4325);
#4327=CARTESIAN_POINT('',(-4.85E0,1.32E0,1.55E0));
#4328=VERTEX_POINT('',#4327);
#4329=CARTESIAN_POINT('',(-4.85E0,1.32E0,6.3E-1));
#4330=VERTEX_POINT('',#4329);
#4331=CARTESIAN_POINT('',(-5.375E0,1.32E0,6.3E-1));
#4332=VERTEX_POINT('',#4331);
#4333=CARTESIAN_POINT('',(4.375E0,-2.62E0,-2.27E0));
#4334=CARTESIAN_POINT('',(4.375E0,-2.62E0,-2.17E0));
#4335=VERTEX_POINT('',#4333);
#4336=VERTEX_POINT('',#4334);
#4337=CARTESIAN_POINT('',(-4.375E0,-2.62E0,-2.27E0));
#4338=CARTESIAN_POINT('',(-4.375E0,-2.62E0,-2.17E0));
#4339=VERTEX_POINT('',#4337);
#4340=VERTEX_POINT('',#4338);
#4341=CARTESIAN_POINT('',(-3.75E0,-2.62E0,-2.17E0));
#4342=VERTEX_POINT('',#4341);
#4343=CARTESIAN_POINT('',(3.75E0,-2.62E0,-2.17E0));
#4344=VERTEX_POINT('',#4343);
#4345=CARTESIAN_POINT('',(4.25E0,2.62E0,-2.17E0));
#4346=CARTESIAN_POINT('',(-4.25E0,2.62E0,-2.17E0));
#4347=VERTEX_POINT('',#4345);
#4348=VERTEX_POINT('',#4346);
#4349=CARTESIAN_POINT('',(3.55E0,-2.43E0,-2.17E0));
#4350=VERTEX_POINT('',#4349);
#4351=CARTESIAN_POINT('',(-3.55E0,-2.43E0,-2.17E0));
#4352=VERTEX_POINT('',#4351);
#4353=CARTESIAN_POINT('',(-5.375E0,-1.62E0,-2.27E0));
#4354=CARTESIAN_POINT('',(-5.375E0,-1.62E0,-1.72E0));
#4355=VERTEX_POINT('',#4353);
#4356=VERTEX_POINT('',#4354);
#4357=CARTESIAN_POINT('',(5.375E0,-1.62E0,-2.27E0));
#4358=CARTESIAN_POINT('',(5.375E0,-1.62E0,-1.72E0));
#4359=VERTEX_POINT('',#4357);
#4360=VERTEX_POINT('',#4358);
#4361=CARTESIAN_POINT('',(5.375E0,1.32E0,-1.72E0));
#4362=VERTEX_POINT('',#4361);
#4363=CARTESIAN_POINT('',(4.8E0,1.32E0,-1.72E0));
#4364=VERTEX_POINT('',#4363);
#4365=CARTESIAN_POINT('',(-5.375E0,1.32E0,-1.72E0));
#4366=VERTEX_POINT('',#4365);
#4367=CARTESIAN_POINT('',(4.8E0,-1.62E0,-1.72E0));
#4368=VERTEX_POINT('',#4367);
#4369=CARTESIAN_POINT('',(-4.375E0,-1.62E0,-2.27E0));
#4370=VERTEX_POINT('',#4369);
#4371=CARTESIAN_POINT('',(4.375E0,-1.62E0,-2.27E0));
#4372=VERTEX_POINT('',#4371);
#4373=CARTESIAN_POINT('',(4.375E0,-1.62E0,-2.17E0));
#4374=VERTEX_POINT('',#4373);
#4375=CARTESIAN_POINT('',(-4.375E0,-1.62E0,-2.17E0));
#4376=VERTEX_POINT('',#4375);
#4377=CARTESIAN_POINT('',(4.8E0,-1.62E0,-2.17E0));
#4378=VERTEX_POINT('',#4377);
#4379=CARTESIAN_POINT('',(-4.8E0,-1.62E0,-1.72E0));
#4380=CARTESIAN_POINT('',(-4.8E0,-1.62E0,-2.17E0));
#4381=VERTEX_POINT('',#4379);
#4382=VERTEX_POINT('',#4380);
#4383=CARTESIAN_POINT('',(-4.8E0,1.32E0,-1.72E0));
#4384=VERTEX_POINT('',#4383);
#4385=CARTESIAN_POINT('',(-4.8E0,1.32E0,-2.17E0));
#4386=VERTEX_POINT('',#4385);
#4387=CARTESIAN_POINT('',(4.8E0,1.32E0,-2.17E0));
#4388=VERTEX_POINT('',#4387);
#4389=CARTESIAN_POINT('',(5.075E0,5.9E-1,6.3E-1));
#4390=CARTESIAN_POINT('',(5.075E0,-1.04E0,6.3E-1));
#4391=VERTEX_POINT('',#4389);
#4392=VERTEX_POINT('',#4390);
#4393=CARTESIAN_POINT('',(4.85E0,-1.04E0,6.3E-1));
#4394=VERTEX_POINT('',#4393);
#4395=CARTESIAN_POINT('',(4.85E0,-6.2E-1,1.55E0));
#4396=CARTESIAN_POINT('',(4.7E0,-4.7E-1,1.59E0));
#4397=VERTEX_POINT('',#4395);
#4398=VERTEX_POINT('',#4396);
#4399=CARTESIAN_POINT('',(4.7E0,2.E-2,1.59E0));
#4400=CARTESIAN_POINT('',(4.85E0,1.7E-1,1.55E0));
#4401=VERTEX_POINT('',#4399);
#4402=VERTEX_POINT('',#4400);
#4403=CARTESIAN_POINT('',(-4.85E0,1.7E-1,1.55E0));
#4404=CARTESIAN_POINT('',(-4.7E0,2.E-2,1.59E0));
#4405=VERTEX_POINT('',#4403);
#4406=VERTEX_POINT('',#4404);
#4407=CARTESIAN_POINT('',(-4.7E0,-4.7E-1,1.59E0));
#4408=CARTESIAN_POINT('',(-4.85E0,-6.2E-1,1.55E0));
#4409=VERTEX_POINT('',#4407);
#4410=VERTEX_POINT('',#4408);
#4411=CARTESIAN_POINT('',(-4.85E0,-1.04E0,6.3E-1));
#4412=CARTESIAN_POINT('',(-5.075E0,-1.04E0,6.3E-1));
#4413=VERTEX_POINT('',#4411);
#4414=VERTEX_POINT('',#4412);
#4415=CARTESIAN_POINT('',(-5.075E0,5.9E-1,6.3E-1));
#4416=VERTEX_POINT('',#4415);
#4417=CARTESIAN_POINT('',(5.075E0,5.9E-1,-1.72E0));
#4418=CARTESIAN_POINT('',(5.075E0,-1.04E0,-1.72E0));
#4419=VERTEX_POINT('',#4417);
#4420=VERTEX_POINT('',#4418);
#4421=CARTESIAN_POINT('',(4.85E0,-1.04E0,-1.72E0));
#4422=VERTEX_POINT('',#4421);
#4423=CARTESIAN_POINT('',(4.85E0,-6.2E-1,-1.72E0));
#4424=VERTEX_POINT('',#4423);
#4425=CARTESIAN_POINT('',(4.85E0,1.7E-1,-1.72E0));
#4426=CARTESIAN_POINT('',(4.85E0,5.9E-1,-1.72E0));
#4427=VERTEX_POINT('',#4425);
#4428=VERTEX_POINT('',#4426);
#4429=CARTESIAN_POINT('',(-4.85E0,5.9E-1,-1.72E0));
#4430=CARTESIAN_POINT('',(-4.85E0,1.7E-1,-1.72E0));
#4431=VERTEX_POINT('',#4429);
#4432=VERTEX_POINT('',#4430);
#4433=CARTESIAN_POINT('',(-4.85E0,-6.2E-1,-1.72E0));
#4434=CARTESIAN_POINT('',(-4.85E0,-1.04E0,-1.72E0));
#4435=VERTEX_POINT('',#4433);
#4436=VERTEX_POINT('',#4434);
#4437=CARTESIAN_POINT('',(-5.075E0,-1.04E0,-1.72E0));
#4438=VERTEX_POINT('',#4437);
#4439=CARTESIAN_POINT('',(-5.075E0,5.9E-1,-1.72E0));
#4440=VERTEX_POINT('',#4439);
#4441=CARTESIAN_POINT('',(4.85E0,5.9E-1,6.3E-1));
#4442=VERTEX_POINT('',#4441);
#4443=CARTESIAN_POINT('',(-4.85E0,5.9E-1,6.3E-1));
#4444=VERTEX_POINT('',#4443);
#4445=CARTESIAN_POINT('',(4.68E0,-4.782842712475E-1,-1.72E0));
#4446=CARTESIAN_POINT('',(4.68E0,2.828427124748E-2,-1.72E0));
#4447=VERTEX_POINT('',#4445);
#4448=VERTEX_POINT('',#4446);
#4449=CARTESIAN_POINT('',(-4.68E0,2.828427124748E-2,-1.72E0));
#4450=CARTESIAN_POINT('',(-4.68E0,-4.782842712475E-1,-1.72E0));
#4451=VERTEX_POINT('',#4449);
#4452=VERTEX_POINT('',#4450);
#4453=CARTESIAN_POINT('',(4.8E0,-5.982842712475E-1,-2.17E0));
#4454=CARTESIAN_POINT('',(4.68E0,-4.782842712475E-1,-2.17E0));
#4455=VERTEX_POINT('',#4453);
#4456=VERTEX_POINT('',#4454);
#4457=CARTESIAN_POINT('',(4.68E0,2.828427124748E-2,-2.17E0));
#4458=VERTEX_POINT('',#4457);
#4459=CARTESIAN_POINT('',(4.8E0,1.482842712475E-1,-2.17E0));
#4460=VERTEX_POINT('',#4459);
#4461=CARTESIAN_POINT('',(-4.8E0,1.482842712475E-1,-2.17E0));
#4462=CARTESIAN_POINT('',(-4.68E0,2.828427124748E-2,-2.17E0));
#4463=VERTEX_POINT('',#4461);
#4464=VERTEX_POINT('',#4462);
#4465=CARTESIAN_POINT('',(-4.68E0,-4.782842712475E-1,-2.17E0));
#4466=VERTEX_POINT('',#4465);
#4467=CARTESIAN_POINT('',(-4.8E0,-5.982842712475E-1,-2.17E0));
#4468=VERTEX_POINT('',#4467);
#4469=CARTESIAN_POINT('',(4.8E0,-5.982842712475E-1,-1.72E0));
#4470=VERTEX_POINT('',#4469);
#4471=CARTESIAN_POINT('',(4.8E0,1.482842712475E-1,-1.72E0));
#4472=VERTEX_POINT('',#4471);
#4473=CARTESIAN_POINT('',(-4.8E0,1.482842712475E-1,-1.72E0));
#4474=VERTEX_POINT('',#4473);
#4475=CARTESIAN_POINT('',(-4.8E0,-5.982842712475E-1,-1.72E0));
#4476=VERTEX_POINT('',#4475);
#4477=CARTESIAN_POINT('',(4.7E0,-4.7E-1,-1.72E0));
#4478=VERTEX_POINT('',#4477);
#4479=CARTESIAN_POINT('',(4.7E0,2.E-2,-1.72E0));
#4480=VERTEX_POINT('',#4479);
#4481=CARTESIAN_POINT('',(-4.7E0,2.E-2,-1.72E0));
#4482=VERTEX_POINT('',#4481);
#4483=CARTESIAN_POINT('',(-4.7E0,-4.7E-1,-1.72E0));
#4484=VERTEX_POINT('',#4483);
#4485=CARTESIAN_POINT('',(5.06E0,1.19E0,1.55E0));
#4486=CARTESIAN_POINT('',(5.06E0,1.04E0,1.7E0));
#4487=VERTEX_POINT('',#4485);
#4488=VERTEX_POINT('',#4486);
#4489=CARTESIAN_POINT('',(5.06E0,1.19E0,6.8E-1));
#4490=VERTEX_POINT('',#4489);
#4491=CARTESIAN_POINT('',(5.06E0,5.9E-1,6.8E-1));
#4492=VERTEX_POINT('',#4491);
#4493=CARTESIAN_POINT('',(5.06E0,3.9E-1,-2.32E0));
#4494=CARTESIAN_POINT('',(5.06E0,5.9E-1,-2.12E0));
#4495=VERTEX_POINT('',#4493);
#4496=VERTEX_POINT('',#4494);
#4497=CARTESIAN_POINT('',(5.06E0,-7.1E-1,-2.32E0));
#4498=VERTEX_POINT('',#4497);
#4499=CARTESIAN_POINT('',(5.06E0,-9.1E-1,-2.12E0));
#4500=VERTEX_POINT('',#4499);
#4501=CARTESIAN_POINT('',(5.06E0,-9.1E-1,-1.4E0));
#4502=VERTEX_POINT('',#4501);
#4503=CARTESIAN_POINT('',(5.06E0,-9.1E-1,6.8E-1));
#4504=CARTESIAN_POINT('',(5.06E0,-9.1E-1,-7.5E-1));
#4505=VERTEX_POINT('',#4503);
#4506=VERTEX_POINT('',#4504);
#4507=CARTESIAN_POINT('',(5.06E0,-1.44E0,6.8E-1));
#4508=VERTEX_POINT('',#4507);
#4509=CARTESIAN_POINT('',(5.06E0,-1.44E0,1.55E0));
#4510=VERTEX_POINT('',#4509);
#4511=CARTESIAN_POINT('',(5.06E0,-1.29E0,1.7E0));
#4512=VERTEX_POINT('',#4511);
#4513=CARTESIAN_POINT('',(5.06E0,-5.9E-1,1.7E0));
#4514=VERTEX_POINT('',#4513);
#4515=CARTESIAN_POINT('',(5.06E0,-5.9E-1,1.62E0));
#4516=VERTEX_POINT('',#4515);
#4517=CARTESIAN_POINT('',(5.06E0,-2.9E-1,1.62E0));
#4518=VERTEX_POINT('',#4517);
#4519=CARTESIAN_POINT('',(5.06E0,-2.9E-1,1.7E0));
#4520=VERTEX_POINT('',#4519);
#4521=CARTESIAN_POINT('',(5.06E0,2.1E-1,1.7E0));
#4522=VERTEX_POINT('',#4521);
#4523=CARTESIAN_POINT('',(5.06E0,2.1E-1,1.62E0));
#4524=VERTEX_POINT('',#4523);
#4525=CARTESIAN_POINT('',(5.06E0,5.1E-1,1.62E0));
#4526=VERTEX_POINT('',#4525);
#4527=CARTESIAN_POINT('',(5.06E0,5.1E-1,1.7E0));
#4528=VERTEX_POINT('',#4527);
#4529=CARTESIAN_POINT('',(4.86E0,1.19E0,1.55E0));
#4530=CARTESIAN_POINT('',(4.86E0,1.04E0,1.7E0));
#4531=VERTEX_POINT('',#4529);
#4532=VERTEX_POINT('',#4530);
#4533=CARTESIAN_POINT('',(4.86E0,1.19E0,6.8E-1));
#4534=VERTEX_POINT('',#4533);
#4535=CARTESIAN_POINT('',(4.86E0,5.9E-1,6.8E-1));
#4536=VERTEX_POINT('',#4535);
#4537=CARTESIAN_POINT('',(4.86E0,3.9E-1,-2.32E0));
#4538=CARTESIAN_POINT('',(4.86E0,5.9E-1,-2.12E0));
#4539=VERTEX_POINT('',#4537);
#4540=VERTEX_POINT('',#4538);
#4541=CARTESIAN_POINT('',(4.86E0,-7.1E-1,-2.32E0));
#4542=VERTEX_POINT('',#4541);
#4543=CARTESIAN_POINT('',(4.86E0,-9.1E-1,-2.12E0));
#4544=VERTEX_POINT('',#4543);
#4545=CARTESIAN_POINT('',(4.86E0,-9.1E-1,-1.4E0));
#4546=VERTEX_POINT('',#4545);
#4547=CARTESIAN_POINT('',(4.86E0,-9.1E-1,6.8E-1));
#4548=CARTESIAN_POINT('',(4.86E0,-9.1E-1,-7.5E-1));
#4549=VERTEX_POINT('',#4547);
#4550=VERTEX_POINT('',#4548);
#4551=CARTESIAN_POINT('',(4.86E0,-1.44E0,6.8E-1));
#4552=VERTEX_POINT('',#4551);
#4553=CARTESIAN_POINT('',(4.86E0,-1.44E0,1.55E0));
#4554=VERTEX_POINT('',#4553);
#4555=CARTESIAN_POINT('',(4.86E0,-1.29E0,1.7E0));
#4556=VERTEX_POINT('',#4555);
#4557=CARTESIAN_POINT('',(4.86E0,-5.9E-1,1.7E0));
#4558=VERTEX_POINT('',#4557);
#4559=CARTESIAN_POINT('',(4.86E0,-5.9E-1,1.62E0));
#4560=VERTEX_POINT('',#4559);
#4561=CARTESIAN_POINT('',(4.86E0,-2.9E-1,1.62E0));
#4562=VERTEX_POINT('',#4561);
#4563=CARTESIAN_POINT('',(4.86E0,-2.9E-1,1.7E0));
#4564=VERTEX_POINT('',#4563);
#4565=CARTESIAN_POINT('',(4.86E0,2.1E-1,1.7E0));
#4566=VERTEX_POINT('',#4565);
#4567=CARTESIAN_POINT('',(4.86E0,2.1E-1,1.62E0));
#4568=VERTEX_POINT('',#4567);
#4569=CARTESIAN_POINT('',(4.86E0,5.1E-1,1.62E0));
#4570=VERTEX_POINT('',#4569);
#4571=CARTESIAN_POINT('',(4.86E0,5.1E-1,1.7E0));
#4572=VERTEX_POINT('',#4571);
#4573=CARTESIAN_POINT('',(5.06E0,-1.04E0,-7.5E-1));
#4574=CARTESIAN_POINT('',(5.06E0,-1.04E0,-1.075E0));
#4575=VERTEX_POINT('',#4573);
#4576=VERTEX_POINT('',#4574);
#4577=CARTESIAN_POINT('',(4.86E0,-1.04E0,-7.5E-1));
#4578=CARTESIAN_POINT('',(4.86E0,-1.04E0,-1.075E0));
#4579=VERTEX_POINT('',#4577);
#4580=VERTEX_POINT('',#4578);
#4581=CARTESIAN_POINT('',(5.06E0,5.9E-1,6.3E-1));
#4582=CARTESIAN_POINT('',(5.06E0,5.9E-1,-1.72E0));
#4583=VERTEX_POINT('',#4581);
#4584=VERTEX_POINT('',#4582);
#4585=CARTESIAN_POINT('',(4.86E0,5.9E-1,6.3E-1));
#4586=CARTESIAN_POINT('',(4.86E0,5.9E-1,-1.72E0));
#4587=VERTEX_POINT('',#4585);
#4588=VERTEX_POINT('',#4586);
#4589=CARTESIAN_POINT('',(-5.06E0,1.04E0,1.7E0));
#4590=CARTESIAN_POINT('',(-5.06E0,1.19E0,1.55E0));
#4591=VERTEX_POINT('',#4589);
#4592=VERTEX_POINT('',#4590);
#4593=CARTESIAN_POINT('',(-5.06E0,1.19E0,6.8E-1));
#4594=VERTEX_POINT('',#4593);
#4595=CARTESIAN_POINT('',(-5.06E0,5.9E-1,6.8E-1));
#4596=VERTEX_POINT('',#4595);
#4597=CARTESIAN_POINT('',(-5.06E0,5.9E-1,-2.12E0));
#4598=CARTESIAN_POINT('',(-5.06E0,3.9E-1,-2.32E0));
#4599=VERTEX_POINT('',#4597);
#4600=VERTEX_POINT('',#4598);
#4601=CARTESIAN_POINT('',(-5.06E0,-7.1E-1,-2.32E0));
#4602=VERTEX_POINT('',#4601);
#4603=CARTESIAN_POINT('',(-5.06E0,-9.1E-1,-2.12E0));
#4604=VERTEX_POINT('',#4603);
#4605=CARTESIAN_POINT('',(-5.06E0,-9.1E-1,-1.4E0));
#4606=VERTEX_POINT('',#4605);
#4607=CARTESIAN_POINT('',(-5.06E0,-9.1E-1,-7.5E-1));
#4608=CARTESIAN_POINT('',(-5.06E0,-9.1E-1,6.8E-1));
#4609=VERTEX_POINT('',#4607);
#4610=VERTEX_POINT('',#4608);
#4611=CARTESIAN_POINT('',(-5.06E0,-1.44E0,6.8E-1));
#4612=VERTEX_POINT('',#4611);
#4613=CARTESIAN_POINT('',(-5.06E0,-1.44E0,1.55E0));
#4614=VERTEX_POINT('',#4613);
#4615=CARTESIAN_POINT('',(-5.06E0,-1.29E0,1.7E0));
#4616=VERTEX_POINT('',#4615);
#4617=CARTESIAN_POINT('',(-5.06E0,-5.9E-1,1.7E0));
#4618=VERTEX_POINT('',#4617);
#4619=CARTESIAN_POINT('',(-5.06E0,-5.9E-1,1.62E0));
#4620=VERTEX_POINT('',#4619);
#4621=CARTESIAN_POINT('',(-5.06E0,-2.9E-1,1.62E0));
#4622=VERTEX_POINT('',#4621);
#4623=CARTESIAN_POINT('',(-5.06E0,-2.9E-1,1.7E0));
#4624=VERTEX_POINT('',#4623);
#4625=CARTESIAN_POINT('',(-5.06E0,2.1E-1,1.7E0));
#4626=VERTEX_POINT('',#4625);
#4627=CARTESIAN_POINT('',(-5.06E0,2.1E-1,1.62E0));
#4628=VERTEX_POINT('',#4627);
#4629=CARTESIAN_POINT('',(-5.06E0,5.1E-1,1.62E0));
#4630=VERTEX_POINT('',#4629);
#4631=CARTESIAN_POINT('',(-5.06E0,5.1E-1,1.7E0));
#4632=VERTEX_POINT('',#4631);
#4633=CARTESIAN_POINT('',(-4.86E0,1.04E0,1.7E0));
#4634=CARTESIAN_POINT('',(-4.86E0,1.19E0,1.55E0));
#4635=VERTEX_POINT('',#4633);
#4636=VERTEX_POINT('',#4634);
#4637=CARTESIAN_POINT('',(-4.86E0,1.19E0,6.8E-1));
#4638=VERTEX_POINT('',#4637);
#4639=CARTESIAN_POINT('',(-4.86E0,5.9E-1,6.8E-1));
#4640=VERTEX_POINT('',#4639);
#4641=CARTESIAN_POINT('',(-4.86E0,5.9E-1,-2.12E0));
#4642=CARTESIAN_POINT('',(-4.86E0,3.9E-1,-2.32E0));
#4643=VERTEX_POINT('',#4641);
#4644=VERTEX_POINT('',#4642);
#4645=CARTESIAN_POINT('',(-4.86E0,-7.1E-1,-2.32E0));
#4646=VERTEX_POINT('',#4645);
#4647=CARTESIAN_POINT('',(-4.86E0,-9.1E-1,-2.12E0));
#4648=VERTEX_POINT('',#4647);
#4649=CARTESIAN_POINT('',(-4.86E0,-9.1E-1,-1.4E0));
#4650=VERTEX_POINT('',#4649);
#4651=CARTESIAN_POINT('',(-4.86E0,-9.1E-1,-7.5E-1));
#4652=CARTESIAN_POINT('',(-4.86E0,-9.1E-1,6.8E-1));
#4653=VERTEX_POINT('',#4651);
#4654=VERTEX_POINT('',#4652);
#4655=CARTESIAN_POINT('',(-4.86E0,-1.44E0,6.8E-1));
#4656=VERTEX_POINT('',#4655);
#4657=CARTESIAN_POINT('',(-4.86E0,-1.44E0,1.55E0));
#4658=VERTEX_POINT('',#4657);
#4659=CARTESIAN_POINT('',(-4.86E0,-1.29E0,1.7E0));
#4660=VERTEX_POINT('',#4659);
#4661=CARTESIAN_POINT('',(-4.86E0,-5.9E-1,1.7E0));
#4662=VERTEX_POINT('',#4661);
#4663=CARTESIAN_POINT('',(-4.86E0,-5.9E-1,1.62E0));
#4664=VERTEX_POINT('',#4663);
#4665=CARTESIAN_POINT('',(-4.86E0,-2.9E-1,1.62E0));
#4666=VERTEX_POINT('',#4665);
#4667=CARTESIAN_POINT('',(-4.86E0,-2.9E-1,1.7E0));
#4668=VERTEX_POINT('',#4667);
#4669=CARTESIAN_POINT('',(-4.86E0,2.1E-1,1.7E0));
#4670=VERTEX_POINT('',#4669);
#4671=CARTESIAN_POINT('',(-4.86E0,2.1E-1,1.62E0));
#4672=VERTEX_POINT('',#4671);
#4673=CARTESIAN_POINT('',(-4.86E0,5.1E-1,1.62E0));
#4674=VERTEX_POINT('',#4673);
#4675=CARTESIAN_POINT('',(-4.86E0,5.1E-1,1.7E0));
#4676=VERTEX_POINT('',#4675);
#4677=CARTESIAN_POINT('',(-5.06E0,5.9E-1,6.3E-1));
#4678=VERTEX_POINT('',#4677);
#4679=CARTESIAN_POINT('',(-4.86E0,5.9E-1,6.3E-1));
#4680=VERTEX_POINT('',#4679);
#4681=CARTESIAN_POINT('',(-5.06E0,5.9E-1,-1.72E0));
#4682=VERTEX_POINT('',#4681);
#4683=CARTESIAN_POINT('',(-4.86E0,5.9E-1,-1.72E0));
#4684=VERTEX_POINT('',#4683);
#4685=CARTESIAN_POINT('',(-5.06E0,-1.04E0,-1.075E0));
#4686=VERTEX_POINT('',#4685);
#4687=CARTESIAN_POINT('',(-5.06E0,-1.04E0,-7.5E-1));
#4688=VERTEX_POINT('',#4687);
#4689=CARTESIAN_POINT('',(-4.86E0,-1.04E0,-1.075E0));
#4690=VERTEX_POINT('',#4689);
#4691=CARTESIAN_POINT('',(-4.86E0,-1.04E0,-7.5E-1));
#4692=VERTEX_POINT('',#4691);
#4693=CARTESIAN_POINT('',(3.6E0,2.2E-1,-2.17E0));
#4694=CARTESIAN_POINT('',(3.6E0,2.2E-1,-2.27E0));
#4695=VERTEX_POINT('',#4693);
#4696=VERTEX_POINT('',#4694);
#4697=CARTESIAN_POINT('',(-3.6E0,2.2E-1,-2.17E0));
#4698=CARTESIAN_POINT('',(-3.6E0,2.2E-1,-2.27E0));
#4699=VERTEX_POINT('',#4697);
#4700=VERTEX_POINT('',#4698);
#4701=CARTESIAN_POINT('',(4.E0,2.2E-1,-2.27E0));
#4702=CARTESIAN_POINT('',(4.3E0,2.2E-1,-2.17E0));
#4703=VERTEX_POINT('',#4701);
#4704=VERTEX_POINT('',#4702);
#4705=CARTESIAN_POINT('',(4.3E0,1.32E0,-2.17E0));
#4706=VERTEX_POINT('',#4705);
#4707=CARTESIAN_POINT('',(4.E0,1.02E0,-2.27E0));
#4708=VERTEX_POINT('',#4707);
#4709=CARTESIAN_POINT('',(3.6E0,1.32E0,-2.17E0));
#4710=CARTESIAN_POINT('',(3.6E0,1.02E0,-2.27E0));
#4711=VERTEX_POINT('',#4709);
#4712=VERTEX_POINT('',#4710);
#4713=CARTESIAN_POINT('',(4.25E0,1.32E0,-2.17E0));
#4714=VERTEX_POINT('',#4713);
#4715=CARTESIAN_POINT('',(-3.6E0,1.02E0,-2.27E0));
#4716=CARTESIAN_POINT('',(-3.6E0,1.32E0,-2.17E0));
#4717=VERTEX_POINT('',#4715);
#4718=VERTEX_POINT('',#4716);
#4719=CARTESIAN_POINT('',(-4.3E0,1.32E0,-2.17E0));
#4720=CARTESIAN_POINT('',(-4.25E0,1.32E0,-2.17E0));
#4721=VERTEX_POINT('',#4719);
#4722=VERTEX_POINT('',#4720);
#4723=CARTESIAN_POINT('',(-4.E0,1.02E0,-2.27E0));
#4724=VERTEX_POINT('',#4723);
#4725=CARTESIAN_POINT('',(-4.3E0,2.2E-1,-2.17E0));
#4726=CARTESIAN_POINT('',(-4.E0,2.2E-1,-2.27E0));
#4727=VERTEX_POINT('',#4725);
#4728=VERTEX_POINT('',#4726);
#4729=CARTESIAN_POINT('',(-3.8E0,-2.07E0,1.78E0));
#4730=CARTESIAN_POINT('',(3.8E0,-2.07E0,1.78E0));
#4731=VERTEX_POINT('',#4729);
#4732=VERTEX_POINT('',#4730);
#4733=CARTESIAN_POINT('',(-3.8E0,-1.86E0,2.27E0));
#4734=CARTESIAN_POINT('',(-3.8E0,-2.07E0,2.27E0));
#4735=VERTEX_POINT('',#4733);
#4736=VERTEX_POINT('',#4734);
#4737=CARTESIAN_POINT('',(3.8E0,-2.07E0,2.27E0));
#4738=VERTEX_POINT('',#4737);
#4739=CARTESIAN_POINT('',(3.8E0,-1.86E0,2.27E0));
#4740=VERTEX_POINT('',#4739);
#4741=CARTESIAN_POINT('',(-3.8E0,-1.86E0,1.78E0));
#4742=VERTEX_POINT('',#4741);
#4743=CARTESIAN_POINT('',(3.8E0,-1.86E0,1.78E0));
#4744=VERTEX_POINT('',#4743);
#4745=CARTESIAN_POINT('',(-2.925E0,-1.73E0,1.78E0));
#4746=CARTESIAN_POINT('',(-2.925E0,-1.58E0,1.63E0));
#4747=VERTEX_POINT('',#4745);
#4748=VERTEX_POINT('',#4746);
#4749=CARTESIAN_POINT('',(-2.925E0,-1.58E0,1.09E0));
#4750=VERTEX_POINT('',#4749);
#4751=CARTESIAN_POINT('',(-3.325E0,-1.73E0,1.78E0));
#4752=CARTESIAN_POINT('',(-3.325E0,-1.58E0,1.63E0));
#4753=VERTEX_POINT('',#4751);
#4754=VERTEX_POINT('',#4752);
#4755=CARTESIAN_POINT('',(-3.325E0,-1.58E0,1.09E0));
#4756=VERTEX_POINT('',#4755);
#4757=CARTESIAN_POINT('',(-3.325E0,-1.86E0,1.78E0));
#4758=VERTEX_POINT('',#4757);
#4759=CARTESIAN_POINT('',(-2.925E0,-1.86E0,1.78E0));
#4760=VERTEX_POINT('',#4759);
#4761=CARTESIAN_POINT('',(-1.675E0,-1.73E0,1.78E0));
#4762=CARTESIAN_POINT('',(-1.675E0,-1.58E0,1.63E0));
#4763=VERTEX_POINT('',#4761);
#4764=VERTEX_POINT('',#4762);
#4765=CARTESIAN_POINT('',(-1.675E0,-1.58E0,1.09E0));
#4766=VERTEX_POINT('',#4765);
#4767=CARTESIAN_POINT('',(-2.075E0,-1.73E0,1.78E0));
#4768=CARTESIAN_POINT('',(-2.075E0,-1.58E0,1.63E0));
#4769=VERTEX_POINT('',#4767);
#4770=VERTEX_POINT('',#4768);
#4771=CARTESIAN_POINT('',(-2.075E0,-1.58E0,1.09E0));
#4772=VERTEX_POINT('',#4771);
#4773=CARTESIAN_POINT('',(-2.075E0,-1.86E0,1.78E0));
#4774=VERTEX_POINT('',#4773);
#4775=CARTESIAN_POINT('',(-1.675E0,-1.86E0,1.78E0));
#4776=VERTEX_POINT('',#4775);
#4777=CARTESIAN_POINT('',(-4.25E-1,-1.73E0,1.78E0));
#4778=CARTESIAN_POINT('',(-4.25E-1,-1.58E0,1.63E0));
#4779=VERTEX_POINT('',#4777);
#4780=VERTEX_POINT('',#4778);
#4781=CARTESIAN_POINT('',(-4.25E-1,-1.58E0,1.09E0));
#4782=VERTEX_POINT('',#4781);
#4783=CARTESIAN_POINT('',(-8.25E-1,-1.73E0,1.78E0));
#4784=CARTESIAN_POINT('',(-8.25E-1,-1.58E0,1.63E0));
#4785=VERTEX_POINT('',#4783);
#4786=VERTEX_POINT('',#4784);
#4787=CARTESIAN_POINT('',(-8.25E-1,-1.58E0,1.09E0));
#4788=VERTEX_POINT('',#4787);
#4789=CARTESIAN_POINT('',(-8.25E-1,-1.86E0,1.78E0));
#4790=VERTEX_POINT('',#4789);
#4791=CARTESIAN_POINT('',(-4.25E-1,-1.86E0,1.78E0));
#4792=VERTEX_POINT('',#4791);
#4793=CARTESIAN_POINT('',(8.25E-1,-1.73E0,1.78E0));
#4794=CARTESIAN_POINT('',(8.25E-1,-1.58E0,1.63E0));
#4795=VERTEX_POINT('',#4793);
#4796=VERTEX_POINT('',#4794);
#4797=CARTESIAN_POINT('',(8.25E-1,-1.58E0,1.09E0));
#4798=VERTEX_POINT('',#4797);
#4799=CARTESIAN_POINT('',(4.25E-1,-1.73E0,1.78E0));
#4800=CARTESIAN_POINT('',(4.25E-1,-1.58E0,1.63E0));
#4801=VERTEX_POINT('',#4799);
#4802=VERTEX_POINT('',#4800);
#4803=CARTESIAN_POINT('',(4.25E-1,-1.58E0,1.09E0));
#4804=VERTEX_POINT('',#4803);
#4805=CARTESIAN_POINT('',(4.25E-1,-1.86E0,1.78E0));
#4806=VERTEX_POINT('',#4805);
#4807=CARTESIAN_POINT('',(8.25E-1,-1.86E0,1.78E0));
#4808=VERTEX_POINT('',#4807);
#4809=CARTESIAN_POINT('',(2.075E0,-1.73E0,1.78E0));
#4810=CARTESIAN_POINT('',(2.075E0,-1.58E0,1.63E0));
#4811=VERTEX_POINT('',#4809);
#4812=VERTEX_POINT('',#4810);
#4813=CARTESIAN_POINT('',(2.075E0,-1.58E0,1.09E0));
#4814=VERTEX_POINT('',#4813);
#4815=CARTESIAN_POINT('',(1.675E0,-1.73E0,1.78E0));
#4816=CARTESIAN_POINT('',(1.675E0,-1.58E0,1.63E0));
#4817=VERTEX_POINT('',#4815);
#4818=VERTEX_POINT('',#4816);
#4819=CARTESIAN_POINT('',(1.675E0,-1.58E0,1.09E0));
#4820=VERTEX_POINT('',#4819);
#4821=CARTESIAN_POINT('',(1.675E0,-1.86E0,1.78E0));
#4822=VERTEX_POINT('',#4821);
#4823=CARTESIAN_POINT('',(2.075E0,-1.86E0,1.78E0));
#4824=VERTEX_POINT('',#4823);
#4825=CARTESIAN_POINT('',(3.325E0,-1.73E0,1.78E0));
#4826=CARTESIAN_POINT('',(3.325E0,-1.58E0,1.63E0));
#4827=VERTEX_POINT('',#4825);
#4828=VERTEX_POINT('',#4826);
#4829=CARTESIAN_POINT('',(3.325E0,-1.58E0,1.09E0));
#4830=VERTEX_POINT('',#4829);
#4831=CARTESIAN_POINT('',(2.925E0,-1.73E0,1.78E0));
#4832=CARTESIAN_POINT('',(2.925E0,-1.58E0,1.63E0));
#4833=VERTEX_POINT('',#4831);
#4834=VERTEX_POINT('',#4832);
#4835=CARTESIAN_POINT('',(2.925E0,-1.58E0,1.09E0));
#4836=VERTEX_POINT('',#4835);
#4837=CARTESIAN_POINT('',(2.925E0,-1.86E0,1.78E0));
#4838=VERTEX_POINT('',#4837);
#4839=CARTESIAN_POINT('',(3.325E0,-1.86E0,1.78E0));
#4840=VERTEX_POINT('',#4839);
#4841=CARTESIAN_POINT('',(-2.925E0,-1.93E0,-6.2E-1));
#4842=CARTESIAN_POINT('',(-2.925E0,-1.93E0,1.09E0));
#4843=VERTEX_POINT('',#4841);
#4844=VERTEX_POINT('',#4842);
#4845=CARTESIAN_POINT('',(-3.325E0,-1.93E0,-6.2E-1));
#4846=CARTESIAN_POINT('',(-3.325E0,-1.93E0,1.09E0));
#4847=VERTEX_POINT('',#4845);
#4848=VERTEX_POINT('',#4846);
#4849=CARTESIAN_POINT('',(-3.325E0,-1.86E0,-6.2E-1));
#4850=VERTEX_POINT('',#4849);
#4851=CARTESIAN_POINT('',(-2.925E0,-1.86E0,1.09E0));
#4852=VERTEX_POINT('',#4851);
#4853=CARTESIAN_POINT('',(-3.325E0,-1.86E0,1.09E0));
#4854=VERTEX_POINT('',#4853);
#4855=CARTESIAN_POINT('',(-2.925E0,-1.86E0,-6.2E-1));
#4856=VERTEX_POINT('',#4855);
#4857=CARTESIAN_POINT('',(-1.675E0,-1.93E0,-6.2E-1));
#4858=CARTESIAN_POINT('',(-1.675E0,-1.93E0,1.09E0));
#4859=VERTEX_POINT('',#4857);
#4860=VERTEX_POINT('',#4858);
#4861=CARTESIAN_POINT('',(-2.075E0,-1.93E0,-6.2E-1));
#4862=CARTESIAN_POINT('',(-2.075E0,-1.93E0,1.09E0));
#4863=VERTEX_POINT('',#4861);
#4864=VERTEX_POINT('',#4862);
#4865=CARTESIAN_POINT('',(-1.675E0,-1.86E0,1.09E0));
#4866=VERTEX_POINT('',#4865);
#4867=CARTESIAN_POINT('',(-2.075E0,-1.86E0,1.09E0));
#4868=VERTEX_POINT('',#4867);
#4869=CARTESIAN_POINT('',(-2.075E0,-1.86E0,-6.2E-1));
#4870=VERTEX_POINT('',#4869);
#4871=CARTESIAN_POINT('',(-1.675E0,-1.86E0,-6.2E-1));
#4872=VERTEX_POINT('',#4871);
#4873=CARTESIAN_POINT('',(-4.25E-1,-1.93E0,-6.2E-1));
#4874=CARTESIAN_POINT('',(-4.25E-1,-1.93E0,1.09E0));
#4875=VERTEX_POINT('',#4873);
#4876=VERTEX_POINT('',#4874);
#4877=CARTESIAN_POINT('',(-8.25E-1,-1.93E0,-6.2E-1));
#4878=CARTESIAN_POINT('',(-8.25E-1,-1.93E0,1.09E0));
#4879=VERTEX_POINT('',#4877);
#4880=VERTEX_POINT('',#4878);
#4881=CARTESIAN_POINT('',(-4.25E-1,-1.86E0,1.09E0));
#4882=VERTEX_POINT('',#4881);
#4883=CARTESIAN_POINT('',(-8.25E-1,-1.86E0,1.09E0));
#4884=VERTEX_POINT('',#4883);
#4885=CARTESIAN_POINT('',(-8.25E-1,-1.86E0,-6.2E-1));
#4886=VERTEX_POINT('',#4885);
#4887=CARTESIAN_POINT('',(-4.25E-1,-1.86E0,-6.2E-1));
#4888=VERTEX_POINT('',#4887);
#4889=CARTESIAN_POINT('',(8.25E-1,-1.93E0,-6.2E-1));
#4890=CARTESIAN_POINT('',(8.25E-1,-1.93E0,1.09E0));
#4891=VERTEX_POINT('',#4889);
#4892=VERTEX_POINT('',#4890);
#4893=CARTESIAN_POINT('',(4.25E-1,-1.93E0,-6.2E-1));
#4894=CARTESIAN_POINT('',(4.25E-1,-1.93E0,1.09E0));
#4895=VERTEX_POINT('',#4893);
#4896=VERTEX_POINT('',#4894);
#4897=CARTESIAN_POINT('',(8.25E-1,-1.86E0,1.09E0));
#4898=VERTEX_POINT('',#4897);
#4899=CARTESIAN_POINT('',(4.25E-1,-1.86E0,1.09E0));
#4900=VERTEX_POINT('',#4899);
#4901=CARTESIAN_POINT('',(4.25E-1,-1.86E0,-6.2E-1));
#4902=VERTEX_POINT('',#4901);
#4903=CARTESIAN_POINT('',(8.25E-1,-1.86E0,-6.2E-1));
#4904=VERTEX_POINT('',#4903);
#4905=CARTESIAN_POINT('',(2.075E0,-1.93E0,-6.2E-1));
#4906=CARTESIAN_POINT('',(2.075E0,-1.93E0,1.09E0));
#4907=VERTEX_POINT('',#4905);
#4908=VERTEX_POINT('',#4906);
#4909=CARTESIAN_POINT('',(1.675E0,-1.93E0,-6.2E-1));
#4910=CARTESIAN_POINT('',(1.675E0,-1.93E0,1.09E0));
#4911=VERTEX_POINT('',#4909);
#4912=VERTEX_POINT('',#4910);
#4913=CARTESIAN_POINT('',(2.075E0,-1.86E0,1.09E0));
#4914=VERTEX_POINT('',#4913);
#4915=CARTESIAN_POINT('',(1.675E0,-1.86E0,1.09E0));
#4916=VERTEX_POINT('',#4915);
#4917=CARTESIAN_POINT('',(1.675E0,-1.86E0,-6.2E-1));
#4918=VERTEX_POINT('',#4917);
#4919=CARTESIAN_POINT('',(2.075E0,-1.86E0,-6.2E-1));
#4920=VERTEX_POINT('',#4919);
#4921=CARTESIAN_POINT('',(3.325E0,-1.93E0,-6.2E-1));
#4922=CARTESIAN_POINT('',(3.325E0,-1.93E0,1.09E0));
#4923=VERTEX_POINT('',#4921);
#4924=VERTEX_POINT('',#4922);
#4925=CARTESIAN_POINT('',(2.925E0,-1.93E0,-6.2E-1));
#4926=CARTESIAN_POINT('',(2.925E0,-1.93E0,1.09E0));
#4927=VERTEX_POINT('',#4925);
#4928=VERTEX_POINT('',#4926);
#4929=CARTESIAN_POINT('',(3.325E0,-1.86E0,1.09E0));
#4930=VERTEX_POINT('',#4929);
#4931=CARTESIAN_POINT('',(2.925E0,-1.86E0,1.09E0));
#4932=VERTEX_POINT('',#4931);
#4933=CARTESIAN_POINT('',(2.925E0,-1.86E0,-6.2E-1));
#4934=VERTEX_POINT('',#4933);
#4935=CARTESIAN_POINT('',(3.325E0,-1.86E0,-6.2E-1));
#4936=VERTEX_POINT('',#4935);
#4937=CARTESIAN_POINT('',(-3.325E0,-9.8E-1,1.13E0));
#4938=CARTESIAN_POINT('',(-3.325E0,-1.18E0,1.33E0));
#4939=VERTEX_POINT('',#4937);
#4940=VERTEX_POINT('',#4938);
#4941=CARTESIAN_POINT('',(-3.325E0,-1.43E0,1.33E0));
#4942=VERTEX_POINT('',#4941);
#4943=CARTESIAN_POINT('',(-3.325E0,-1.48E0,1.08E0));
#4944=VERTEX_POINT('',#4943);
#4945=CARTESIAN_POINT('',(-3.325E0,-1.48E0,7.8E-1));
#4946=VERTEX_POINT('',#4945);
#4947=CARTESIAN_POINT('',(-3.325E0,-1.83E0,7.8E-1));
#4948=VERTEX_POINT('',#4947);
#4949=CARTESIAN_POINT('',(-3.325E0,-1.792273670013E0,-1.965585425805E-1));
#4950=CARTESIAN_POINT('',(-3.325E0,-1.757726329987E0,-2.094031884308E-1));
#4951=VERTEX_POINT('',#4949);
#4952=VERTEX_POINT('',#4950);
#4953=CARTESIAN_POINT('',(-3.325E0,-1.66E0,-3.5E-1));
#4954=VERTEX_POINT('',#4953);
#4955=CARTESIAN_POINT('',(-3.325E0,-2.58E0,-1.67E0));
#4956=CARTESIAN_POINT('',(-3.325E0,-2.68E0,-1.77E0));
#4957=VERTEX_POINT('',#4955);
#4958=VERTEX_POINT('',#4956);
#4959=CARTESIAN_POINT('',(-3.325E0,-2.68E0,-2.22E0));
#4960=VERTEX_POINT('',#4959);
#4961=CARTESIAN_POINT('',(-3.325E0,-2.58E0,-2.32E0));
#4962=VERTEX_POINT('',#4961);
#4963=CARTESIAN_POINT('',(-3.325E0,-2.13E0,-2.32E0));
#4964=VERTEX_POINT('',#4963);
#4965=CARTESIAN_POINT('',(-3.325E0,-2.03E0,-2.22E0));
#4966=VERTEX_POINT('',#4965);
#4967=CARTESIAN_POINT('',(-2.925E0,-9.8E-1,1.13E0));
#4968=CARTESIAN_POINT('',(-2.925E0,-1.18E0,1.33E0));
#4969=VERTEX_POINT('',#4967);
#4970=VERTEX_POINT('',#4968);
#4971=CARTESIAN_POINT('',(-2.925E0,-1.43E0,1.33E0));
#4972=VERTEX_POINT('',#4971);
#4973=CARTESIAN_POINT('',(-2.925E0,-1.48E0,1.08E0));
#4974=VERTEX_POINT('',#4973);
#4975=CARTESIAN_POINT('',(-2.925E0,-1.48E0,7.8E-1));
#4976=VERTEX_POINT('',#4975);
#4977=CARTESIAN_POINT('',(-2.925E0,-1.83E0,7.8E-1));
#4978=VERTEX_POINT('',#4977);
#4979=CARTESIAN_POINT('',(-2.925E0,-1.792273670013E0,-1.965585425805E-1));
#4980=CARTESIAN_POINT('',(-2.925E0,-1.757726329987E0,-2.094031884308E-1));
#4981=VERTEX_POINT('',#4979);
#4982=VERTEX_POINT('',#4980);
#4983=CARTESIAN_POINT('',(-2.925E0,-1.66E0,-3.5E-1));
#4984=VERTEX_POINT('',#4983);
#4985=CARTESIAN_POINT('',(-2.925E0,-2.58E0,-1.67E0));
#4986=CARTESIAN_POINT('',(-2.925E0,-2.68E0,-1.77E0));
#4987=VERTEX_POINT('',#4985);
#4988=VERTEX_POINT('',#4986);
#4989=CARTESIAN_POINT('',(-2.925E0,-2.68E0,-2.22E0));
#4990=VERTEX_POINT('',#4989);
#4991=CARTESIAN_POINT('',(-2.925E0,-2.58E0,-2.32E0));
#4992=VERTEX_POINT('',#4991);
#4993=CARTESIAN_POINT('',(-2.925E0,-2.13E0,-2.32E0));
#4994=VERTEX_POINT('',#4993);
#4995=CARTESIAN_POINT('',(-2.925E0,-2.03E0,-2.22E0));
#4996=VERTEX_POINT('',#4995);
#4997=CARTESIAN_POINT('',(-3.325E0,-1.66E0,-6.2E-1));
#4998=CARTESIAN_POINT('',(-3.325E0,-9.8E-1,-6.2E-1));
#4999=VERTEX_POINT('',#4997);
#5000=VERTEX_POINT('',#4998);
#5001=CARTESIAN_POINT('',(-2.925E0,-1.66E0,-6.2E-1));
#5002=CARTESIAN_POINT('',(-2.925E0,-9.8E-1,-6.2E-1));
#5003=VERTEX_POINT('',#5001);
#5004=VERTEX_POINT('',#5002);
#5005=CARTESIAN_POINT('',(-3.325E0,-2.43E0,-2.17E0));
#5006=CARTESIAN_POINT('',(-3.325E0,-2.43E0,-1.67E0));
#5007=VERTEX_POINT('',#5005);
#5008=VERTEX_POINT('',#5006);
#5009=CARTESIAN_POINT('',(-2.925E0,-2.43E0,-2.17E0));
#5010=CARTESIAN_POINT('',(-2.925E0,-2.43E0,-1.67E0));
#5011=VERTEX_POINT('',#5009);
#5012=VERTEX_POINT('',#5010);
#5013=CARTESIAN_POINT('',(-3.325E0,-2.03E0,-2.17E0));
#5014=VERTEX_POINT('',#5013);
#5015=CARTESIAN_POINT('',(-2.925E0,-2.03E0,-2.17E0));
#5016=VERTEX_POINT('',#5015);
#5017=CARTESIAN_POINT('',(-2.925E0,-1.86E0,6.6E-1));
#5018=CARTESIAN_POINT('',(-2.925E0,-1.89E0,5.4E-1));
#5019=VERTEX_POINT('',#5017);
#5020=VERTEX_POINT('',#5018);
#5021=CARTESIAN_POINT('',(-2.925E0,-1.89E0,-5.596173101136E-2));
#5022=VERTEX_POINT('',#5021);
#5023=CARTESIAN_POINT('',(-2.925E0,-1.86E0,-1.459617310114E-1));
#5024=VERTEX_POINT('',#5023);
#5025=CARTESIAN_POINT('',(-3.325E0,-1.86E0,6.6E-1));
#5026=CARTESIAN_POINT('',(-3.325E0,-1.89E0,5.4E-1));
#5027=VERTEX_POINT('',#5025);
#5028=VERTEX_POINT('',#5026);
#5029=CARTESIAN_POINT('',(-3.325E0,-1.89E0,-5.596173101136E-2));
#5030=VERTEX_POINT('',#5029);
#5031=CARTESIAN_POINT('',(-3.325E0,-1.86E0,-1.459617310114E-1));
#5032=VERTEX_POINT('',#5031);
#5033=CARTESIAN_POINT('',(-2.075E0,-9.8E-1,1.13E0));
#5034=CARTESIAN_POINT('',(-2.075E0,-1.18E0,1.33E0));
#5035=VERTEX_POINT('',#5033);
#5036=VERTEX_POINT('',#5034);
#5037=CARTESIAN_POINT('',(-2.075E0,-1.43E0,1.33E0));
#5038=VERTEX_POINT('',#5037);
#5039=CARTESIAN_POINT('',(-2.075E0,-1.48E0,1.08E0));
#5040=VERTEX_POINT('',#5039);
#5041=CARTESIAN_POINT('',(-2.075E0,-1.48E0,7.8E-1));
#5042=VERTEX_POINT('',#5041);
#5043=CARTESIAN_POINT('',(-2.075E0,-1.83E0,7.8E-1));
#5044=VERTEX_POINT('',#5043);
#5045=CARTESIAN_POINT('',(-2.075E0,-1.792273670013E0,-1.965585425805E-1));
#5046=CARTESIAN_POINT('',(-2.075E0,-1.757726329987E0,-2.094031884308E-1));
#5047=VERTEX_POINT('',#5045);
#5048=VERTEX_POINT('',#5046);
#5049=CARTESIAN_POINT('',(-2.075E0,-1.66E0,-3.5E-1));
#5050=VERTEX_POINT('',#5049);
#5051=CARTESIAN_POINT('',(-2.075E0,-2.58E0,-1.67E0));
#5052=CARTESIAN_POINT('',(-2.075E0,-2.68E0,-1.77E0));
#5053=VERTEX_POINT('',#5051);
#5054=VERTEX_POINT('',#5052);
#5055=CARTESIAN_POINT('',(-2.075E0,-2.68E0,-2.22E0));
#5056=VERTEX_POINT('',#5055);
#5057=CARTESIAN_POINT('',(-2.075E0,-2.58E0,-2.32E0));
#5058=VERTEX_POINT('',#5057);
#5059=CARTESIAN_POINT('',(-2.075E0,-2.13E0,-2.32E0));
#5060=VERTEX_POINT('',#5059);
#5061=CARTESIAN_POINT('',(-2.075E0,-2.03E0,-2.22E0));
#5062=VERTEX_POINT('',#5061);
#5063=CARTESIAN_POINT('',(-1.675E0,-9.8E-1,1.13E0));
#5064=CARTESIAN_POINT('',(-1.675E0,-1.18E0,1.33E0));
#5065=VERTEX_POINT('',#5063);
#5066=VERTEX_POINT('',#5064);
#5067=CARTESIAN_POINT('',(-1.675E0,-1.43E0,1.33E0));
#5068=VERTEX_POINT('',#5067);
#5069=CARTESIAN_POINT('',(-1.675E0,-1.48E0,1.08E0));
#5070=VERTEX_POINT('',#5069);
#5071=CARTESIAN_POINT('',(-1.675E0,-1.48E0,7.8E-1));
#5072=VERTEX_POINT('',#5071);
#5073=CARTESIAN_POINT('',(-1.675E0,-1.83E0,7.8E-1));
#5074=VERTEX_POINT('',#5073);
#5075=CARTESIAN_POINT('',(-1.675E0,-1.792273670013E0,-1.965585425805E-1));
#5076=CARTESIAN_POINT('',(-1.675E0,-1.757726329987E0,-2.094031884308E-1));
#5077=VERTEX_POINT('',#5075);
#5078=VERTEX_POINT('',#5076);
#5079=CARTESIAN_POINT('',(-1.675E0,-1.66E0,-3.5E-1));
#5080=VERTEX_POINT('',#5079);
#5081=CARTESIAN_POINT('',(-1.675E0,-2.58E0,-1.67E0));
#5082=CARTESIAN_POINT('',(-1.675E0,-2.68E0,-1.77E0));
#5083=VERTEX_POINT('',#5081);
#5084=VERTEX_POINT('',#5082);
#5085=CARTESIAN_POINT('',(-1.675E0,-2.68E0,-2.22E0));
#5086=VERTEX_POINT('',#5085);
#5087=CARTESIAN_POINT('',(-1.675E0,-2.58E0,-2.32E0));
#5088=VERTEX_POINT('',#5087);
#5089=CARTESIAN_POINT('',(-1.675E0,-2.13E0,-2.32E0));
#5090=VERTEX_POINT('',#5089);
#5091=CARTESIAN_POINT('',(-1.675E0,-2.03E0,-2.22E0));
#5092=VERTEX_POINT('',#5091);
#5093=CARTESIAN_POINT('',(-2.075E0,-1.66E0,-6.2E-1));
#5094=CARTESIAN_POINT('',(-2.075E0,-9.8E-1,-6.2E-1));
#5095=VERTEX_POINT('',#5093);
#5096=VERTEX_POINT('',#5094);
#5097=CARTESIAN_POINT('',(-1.675E0,-1.66E0,-6.2E-1));
#5098=CARTESIAN_POINT('',(-1.675E0,-9.8E-1,-6.2E-1));
#5099=VERTEX_POINT('',#5097);
#5100=VERTEX_POINT('',#5098);
#5101=CARTESIAN_POINT('',(-2.075E0,-2.43E0,-2.17E0));
#5102=CARTESIAN_POINT('',(-2.075E0,-2.43E0,-1.67E0));
#5103=VERTEX_POINT('',#5101);
#5104=VERTEX_POINT('',#5102);
#5105=CARTESIAN_POINT('',(-1.675E0,-2.43E0,-2.17E0));
#5106=CARTESIAN_POINT('',(-1.675E0,-2.43E0,-1.67E0));
#5107=VERTEX_POINT('',#5105);
#5108=VERTEX_POINT('',#5106);
#5109=CARTESIAN_POINT('',(-2.075E0,-2.03E0,-2.17E0));
#5110=VERTEX_POINT('',#5109);
#5111=CARTESIAN_POINT('',(-1.675E0,-2.03E0,-2.17E0));
#5112=VERTEX_POINT('',#5111);
#5113=CARTESIAN_POINT('',(-1.675E0,-1.86E0,6.6E-1));
#5114=CARTESIAN_POINT('',(-1.675E0,-1.89E0,5.4E-1));
#5115=VERTEX_POINT('',#5113);
#5116=VERTEX_POINT('',#5114);
#5117=CARTESIAN_POINT('',(-1.675E0,-1.89E0,-5.596173101136E-2));
#5118=VERTEX_POINT('',#5117);
#5119=CARTESIAN_POINT('',(-1.675E0,-1.86E0,-1.459617310114E-1));
#5120=VERTEX_POINT('',#5119);
#5121=CARTESIAN_POINT('',(-2.075E0,-1.89E0,5.4E-1));
#5122=VERTEX_POINT('',#5121);
#5123=CARTESIAN_POINT('',(-2.075E0,-1.89E0,-5.596173101136E-2));
#5124=VERTEX_POINT('',#5123);
#5125=CARTESIAN_POINT('',(-8.25E-1,-9.8E-1,1.13E0));
#5126=CARTESIAN_POINT('',(-8.25E-1,-1.18E0,1.33E0));
#5127=VERTEX_POINT('',#5125);
#5128=VERTEX_POINT('',#5126);
#5129=CARTESIAN_POINT('',(-8.25E-1,-1.43E0,1.33E0));
#5130=VERTEX_POINT('',#5129);
#5131=CARTESIAN_POINT('',(-8.25E-1,-1.48E0,1.08E0));
#5132=VERTEX_POINT('',#5131);
#5133=CARTESIAN_POINT('',(-8.25E-1,-1.48E0,7.8E-1));
#5134=VERTEX_POINT('',#5133);
#5135=CARTESIAN_POINT('',(-8.25E-1,-1.83E0,7.8E-1));
#5136=VERTEX_POINT('',#5135);
#5137=CARTESIAN_POINT('',(-8.25E-1,-1.792273670013E0,-1.965585425805E-1));
#5138=CARTESIAN_POINT('',(-8.25E-1,-1.757726329987E0,-2.094031884308E-1));
#5139=VERTEX_POINT('',#5137);
#5140=VERTEX_POINT('',#5138);
#5141=CARTESIAN_POINT('',(-8.25E-1,-1.66E0,-3.5E-1));
#5142=VERTEX_POINT('',#5141);
#5143=CARTESIAN_POINT('',(-8.25E-1,-2.58E0,-1.67E0));
#5144=CARTESIAN_POINT('',(-8.25E-1,-2.68E0,-1.77E0));
#5145=VERTEX_POINT('',#5143);
#5146=VERTEX_POINT('',#5144);
#5147=CARTESIAN_POINT('',(-8.25E-1,-2.68E0,-2.22E0));
#5148=VERTEX_POINT('',#5147);
#5149=CARTESIAN_POINT('',(-8.25E-1,-2.58E0,-2.32E0));
#5150=VERTEX_POINT('',#5149);
#5151=CARTESIAN_POINT('',(-8.25E-1,-2.13E0,-2.32E0));
#5152=VERTEX_POINT('',#5151);
#5153=CARTESIAN_POINT('',(-8.25E-1,-2.03E0,-2.22E0));
#5154=VERTEX_POINT('',#5153);
#5155=CARTESIAN_POINT('',(-4.25E-1,-9.8E-1,1.13E0));
#5156=CARTESIAN_POINT('',(-4.25E-1,-1.18E0,1.33E0));
#5157=VERTEX_POINT('',#5155);
#5158=VERTEX_POINT('',#5156);
#5159=CARTESIAN_POINT('',(-4.25E-1,-1.43E0,1.33E0));
#5160=VERTEX_POINT('',#5159);
#5161=CARTESIAN_POINT('',(-4.25E-1,-1.48E0,1.08E0));
#5162=VERTEX_POINT('',#5161);
#5163=CARTESIAN_POINT('',(-4.25E-1,-1.48E0,7.8E-1));
#5164=VERTEX_POINT('',#5163);
#5165=CARTESIAN_POINT('',(-4.25E-1,-1.83E0,7.8E-1));
#5166=VERTEX_POINT('',#5165);
#5167=CARTESIAN_POINT('',(-4.25E-1,-1.792273670013E0,-1.965585425805E-1));
#5168=CARTESIAN_POINT('',(-4.25E-1,-1.757726329987E0,-2.094031884308E-1));
#5169=VERTEX_POINT('',#5167);
#5170=VERTEX_POINT('',#5168);
#5171=CARTESIAN_POINT('',(-4.25E-1,-1.66E0,-3.5E-1));
#5172=VERTEX_POINT('',#5171);
#5173=CARTESIAN_POINT('',(-4.25E-1,-2.58E0,-1.67E0));
#5174=CARTESIAN_POINT('',(-4.25E-1,-2.68E0,-1.77E0));
#5175=VERTEX_POINT('',#5173);
#5176=VERTEX_POINT('',#5174);
#5177=CARTESIAN_POINT('',(-4.25E-1,-2.68E0,-2.22E0));
#5178=VERTEX_POINT('',#5177);
#5179=CARTESIAN_POINT('',(-4.25E-1,-2.58E0,-2.32E0));
#5180=VERTEX_POINT('',#5179);
#5181=CARTESIAN_POINT('',(-4.25E-1,-2.13E0,-2.32E0));
#5182=VERTEX_POINT('',#5181);
#5183=CARTESIAN_POINT('',(-4.25E-1,-2.03E0,-2.22E0));
#5184=VERTEX_POINT('',#5183);
#5185=CARTESIAN_POINT('',(-8.25E-1,-1.66E0,-6.2E-1));
#5186=CARTESIAN_POINT('',(-8.25E-1,-9.8E-1,-6.2E-1));
#5187=VERTEX_POINT('',#5185);
#5188=VERTEX_POINT('',#5186);
#5189=CARTESIAN_POINT('',(-4.25E-1,-1.66E0,-6.2E-1));
#5190=CARTESIAN_POINT('',(-4.25E-1,-9.8E-1,-6.2E-1));
#5191=VERTEX_POINT('',#5189);
#5192=VERTEX_POINT('',#5190);
#5193=CARTESIAN_POINT('',(-8.25E-1,-2.43E0,-2.17E0));
#5194=CARTESIAN_POINT('',(-8.25E-1,-2.43E0,-1.67E0));
#5195=VERTEX_POINT('',#5193);
#5196=VERTEX_POINT('',#5194);
#5197=CARTESIAN_POINT('',(-4.25E-1,-2.43E0,-2.17E0));
#5198=CARTESIAN_POINT('',(-4.25E-1,-2.43E0,-1.67E0));
#5199=VERTEX_POINT('',#5197);
#5200=VERTEX_POINT('',#5198);
#5201=CARTESIAN_POINT('',(-8.25E-1,-2.03E0,-2.17E0));
#5202=VERTEX_POINT('',#5201);
#5203=CARTESIAN_POINT('',(-4.25E-1,-2.03E0,-2.17E0));
#5204=VERTEX_POINT('',#5203);
#5205=CARTESIAN_POINT('',(-8.25E-1,-1.86E0,6.6E-1));
#5206=VERTEX_POINT('',#5205);
#5207=CARTESIAN_POINT('',(-8.25E-1,-1.86E0,-1.459617310114E-1));
#5208=VERTEX_POINT('',#5207);
#5209=CARTESIAN_POINT('',(-4.25E-1,-1.86E0,6.6E-1));
#5210=VERTEX_POINT('',#5209);
#5211=CARTESIAN_POINT('',(-4.25E-1,-1.86E0,-1.459617310114E-1));
#5212=VERTEX_POINT('',#5211);
#5213=CARTESIAN_POINT('',(4.25E-1,-9.8E-1,1.13E0));
#5214=CARTESIAN_POINT('',(4.25E-1,-1.18E0,1.33E0));
#5215=VERTEX_POINT('',#5213);
#5216=VERTEX_POINT('',#5214);
#5217=CARTESIAN_POINT('',(4.25E-1,-1.43E0,1.33E0));
#5218=VERTEX_POINT('',#5217);
#5219=CARTESIAN_POINT('',(4.25E-1,-1.48E0,1.08E0));
#5220=VERTEX_POINT('',#5219);
#5221=CARTESIAN_POINT('',(4.25E-1,-1.48E0,7.8E-1));
#5222=VERTEX_POINT('',#5221);
#5223=CARTESIAN_POINT('',(4.25E-1,-1.83E0,7.8E-1));
#5224=VERTEX_POINT('',#5223);
#5225=CARTESIAN_POINT('',(4.25E-1,-1.792273670013E0,-1.965585425805E-1));
#5226=CARTESIAN_POINT('',(4.25E-1,-1.757726329987E0,-2.094031884308E-1));
#5227=VERTEX_POINT('',#5225);
#5228=VERTEX_POINT('',#5226);
#5229=CARTESIAN_POINT('',(4.25E-1,-1.66E0,-3.5E-1));
#5230=VERTEX_POINT('',#5229);
#5231=CARTESIAN_POINT('',(4.25E-1,-2.58E0,-1.67E0));
#5232=CARTESIAN_POINT('',(4.25E-1,-2.68E0,-1.77E0));
#5233=VERTEX_POINT('',#5231);
#5234=VERTEX_POINT('',#5232);
#5235=CARTESIAN_POINT('',(4.25E-1,-2.68E0,-2.22E0));
#5236=VERTEX_POINT('',#5235);
#5237=CARTESIAN_POINT('',(4.25E-1,-2.58E0,-2.32E0));
#5238=VERTEX_POINT('',#5237);
#5239=CARTESIAN_POINT('',(4.25E-1,-2.13E0,-2.32E0));
#5240=VERTEX_POINT('',#5239);
#5241=CARTESIAN_POINT('',(4.25E-1,-2.03E0,-2.22E0));
#5242=VERTEX_POINT('',#5241);
#5243=CARTESIAN_POINT('',(8.25E-1,-9.8E-1,1.13E0));
#5244=CARTESIAN_POINT('',(8.25E-1,-1.18E0,1.33E0));
#5245=VERTEX_POINT('',#5243);
#5246=VERTEX_POINT('',#5244);
#5247=CARTESIAN_POINT('',(8.25E-1,-1.43E0,1.33E0));
#5248=VERTEX_POINT('',#5247);
#5249=CARTESIAN_POINT('',(8.25E-1,-1.48E0,1.08E0));
#5250=VERTEX_POINT('',#5249);
#5251=CARTESIAN_POINT('',(8.25E-1,-1.48E0,7.8E-1));
#5252=VERTEX_POINT('',#5251);
#5253=CARTESIAN_POINT('',(8.25E-1,-1.83E0,7.8E-1));
#5254=VERTEX_POINT('',#5253);
#5255=CARTESIAN_POINT('',(8.25E-1,-1.792273670013E0,-1.965585425805E-1));
#5256=CARTESIAN_POINT('',(8.25E-1,-1.757726329987E0,-2.094031884308E-1));
#5257=VERTEX_POINT('',#5255);
#5258=VERTEX_POINT('',#5256);
#5259=CARTESIAN_POINT('',(8.25E-1,-1.66E0,-3.5E-1));
#5260=VERTEX_POINT('',#5259);
#5261=CARTESIAN_POINT('',(8.25E-1,-2.58E0,-1.67E0));
#5262=CARTESIAN_POINT('',(8.25E-1,-2.68E0,-1.77E0));
#5263=VERTEX_POINT('',#5261);
#5264=VERTEX_POINT('',#5262);
#5265=CARTESIAN_POINT('',(8.25E-1,-2.68E0,-2.22E0));
#5266=VERTEX_POINT('',#5265);
#5267=CARTESIAN_POINT('',(8.25E-1,-2.58E0,-2.32E0));
#5268=VERTEX_POINT('',#5267);
#5269=CARTESIAN_POINT('',(8.25E-1,-2.13E0,-2.32E0));
#5270=VERTEX_POINT('',#5269);
#5271=CARTESIAN_POINT('',(8.25E-1,-2.03E0,-2.22E0));
#5272=VERTEX_POINT('',#5271);
#5273=CARTESIAN_POINT('',(4.25E-1,-1.66E0,-6.2E-1));
#5274=CARTESIAN_POINT('',(4.25E-1,-9.8E-1,-6.2E-1));
#5275=VERTEX_POINT('',#5273);
#5276=VERTEX_POINT('',#5274);
#5277=CARTESIAN_POINT('',(8.25E-1,-1.66E0,-6.2E-1));
#5278=CARTESIAN_POINT('',(8.25E-1,-9.8E-1,-6.2E-1));
#5279=VERTEX_POINT('',#5277);
#5280=VERTEX_POINT('',#5278);
#5281=CARTESIAN_POINT('',(4.25E-1,-2.43E0,-2.17E0));
#5282=CARTESIAN_POINT('',(4.25E-1,-2.43E0,-1.67E0));
#5283=VERTEX_POINT('',#5281);
#5284=VERTEX_POINT('',#5282);
#5285=CARTESIAN_POINT('',(8.25E-1,-2.43E0,-2.17E0));
#5286=CARTESIAN_POINT('',(8.25E-1,-2.43E0,-1.67E0));
#5287=VERTEX_POINT('',#5285);
#5288=VERTEX_POINT('',#5286);
#5289=CARTESIAN_POINT('',(4.25E-1,-2.03E0,-2.17E0));
#5290=VERTEX_POINT('',#5289);
#5291=CARTESIAN_POINT('',(8.25E-1,-2.03E0,-2.17E0));
#5292=VERTEX_POINT('',#5291);
#5293=CARTESIAN_POINT('',(4.25E-1,-1.86E0,6.6E-1));
#5294=VERTEX_POINT('',#5293);
#5295=CARTESIAN_POINT('',(4.25E-1,-1.86E0,-1.459617310114E-1));
#5296=VERTEX_POINT('',#5295);
#5297=CARTESIAN_POINT('',(8.25E-1,-1.86E0,6.6E-1));
#5298=VERTEX_POINT('',#5297);
#5299=CARTESIAN_POINT('',(8.25E-1,-1.86E0,-1.459617310114E-1));
#5300=VERTEX_POINT('',#5299);
#5301=CARTESIAN_POINT('',(1.675E0,-9.8E-1,1.13E0));
#5302=CARTESIAN_POINT('',(1.675E0,-1.18E0,1.33E0));
#5303=VERTEX_POINT('',#5301);
#5304=VERTEX_POINT('',#5302);
#5305=CARTESIAN_POINT('',(1.675E0,-1.43E0,1.33E0));
#5306=VERTEX_POINT('',#5305);
#5307=CARTESIAN_POINT('',(1.675E0,-1.48E0,1.08E0));
#5308=VERTEX_POINT('',#5307);
#5309=CARTESIAN_POINT('',(1.675E0,-1.48E0,7.8E-1));
#5310=VERTEX_POINT('',#5309);
#5311=CARTESIAN_POINT('',(1.675E0,-1.83E0,7.8E-1));
#5312=VERTEX_POINT('',#5311);
#5313=CARTESIAN_POINT('',(1.675E0,-1.792273670013E0,-1.965585425805E-1));
#5314=CARTESIAN_POINT('',(1.675E0,-1.757726329987E0,-2.094031884308E-1));
#5315=VERTEX_POINT('',#5313);
#5316=VERTEX_POINT('',#5314);
#5317=CARTESIAN_POINT('',(1.675E0,-1.66E0,-3.5E-1));
#5318=VERTEX_POINT('',#5317);
#5319=CARTESIAN_POINT('',(1.675E0,-2.58E0,-1.67E0));
#5320=CARTESIAN_POINT('',(1.675E0,-2.68E0,-1.77E0));
#5321=VERTEX_POINT('',#5319);
#5322=VERTEX_POINT('',#5320);
#5323=CARTESIAN_POINT('',(1.675E0,-2.68E0,-2.22E0));
#5324=VERTEX_POINT('',#5323);
#5325=CARTESIAN_POINT('',(1.675E0,-2.58E0,-2.32E0));
#5326=VERTEX_POINT('',#5325);
#5327=CARTESIAN_POINT('',(1.675E0,-2.13E0,-2.32E0));
#5328=VERTEX_POINT('',#5327);
#5329=CARTESIAN_POINT('',(1.675E0,-2.03E0,-2.22E0));
#5330=VERTEX_POINT('',#5329);
#5331=CARTESIAN_POINT('',(2.075E0,-9.8E-1,1.13E0));
#5332=CARTESIAN_POINT('',(2.075E0,-1.18E0,1.33E0));
#5333=VERTEX_POINT('',#5331);
#5334=VERTEX_POINT('',#5332);
#5335=CARTESIAN_POINT('',(2.075E0,-1.43E0,1.33E0));
#5336=VERTEX_POINT('',#5335);
#5337=CARTESIAN_POINT('',(2.075E0,-1.48E0,1.08E0));
#5338=VERTEX_POINT('',#5337);
#5339=CARTESIAN_POINT('',(2.075E0,-1.48E0,7.8E-1));
#5340=VERTEX_POINT('',#5339);
#5341=CARTESIAN_POINT('',(2.075E0,-1.83E0,7.8E-1));
#5342=VERTEX_POINT('',#5341);
#5343=CARTESIAN_POINT('',(2.075E0,-1.792273670013E0,-1.965585425805E-1));
#5344=CARTESIAN_POINT('',(2.075E0,-1.757726329987E0,-2.094031884308E-1));
#5345=VERTEX_POINT('',#5343);
#5346=VERTEX_POINT('',#5344);
#5347=CARTESIAN_POINT('',(2.075E0,-1.66E0,-3.5E-1));
#5348=VERTEX_POINT('',#5347);
#5349=CARTESIAN_POINT('',(2.075E0,-2.58E0,-1.67E0));
#5350=CARTESIAN_POINT('',(2.075E0,-2.68E0,-1.77E0));
#5351=VERTEX_POINT('',#5349);
#5352=VERTEX_POINT('',#5350);
#5353=CARTESIAN_POINT('',(2.075E0,-2.68E0,-2.22E0));
#5354=VERTEX_POINT('',#5353);
#5355=CARTESIAN_POINT('',(2.075E0,-2.58E0,-2.32E0));
#5356=VERTEX_POINT('',#5355);
#5357=CARTESIAN_POINT('',(2.075E0,-2.13E0,-2.32E0));
#5358=VERTEX_POINT('',#5357);
#5359=CARTESIAN_POINT('',(2.075E0,-2.03E0,-2.22E0));
#5360=VERTEX_POINT('',#5359);
#5361=CARTESIAN_POINT('',(1.675E0,-1.66E0,-6.2E-1));
#5362=CARTESIAN_POINT('',(1.675E0,-9.8E-1,-6.2E-1));
#5363=VERTEX_POINT('',#5361);
#5364=VERTEX_POINT('',#5362);
#5365=CARTESIAN_POINT('',(2.075E0,-1.66E0,-6.2E-1));
#5366=CARTESIAN_POINT('',(2.075E0,-9.8E-1,-6.2E-1));
#5367=VERTEX_POINT('',#5365);
#5368=VERTEX_POINT('',#5366);
#5369=CARTESIAN_POINT('',(1.675E0,-2.43E0,-2.17E0));
#5370=CARTESIAN_POINT('',(1.675E0,-2.43E0,-1.67E0));
#5371=VERTEX_POINT('',#5369);
#5372=VERTEX_POINT('',#5370);
#5373=CARTESIAN_POINT('',(2.075E0,-2.43E0,-2.17E0));
#5374=CARTESIAN_POINT('',(2.075E0,-2.43E0,-1.67E0));
#5375=VERTEX_POINT('',#5373);
#5376=VERTEX_POINT('',#5374);
#5377=CARTESIAN_POINT('',(1.675E0,-2.03E0,-2.17E0));
#5378=VERTEX_POINT('',#5377);
#5379=CARTESIAN_POINT('',(2.075E0,-2.03E0,-2.17E0));
#5380=VERTEX_POINT('',#5379);
#5381=CARTESIAN_POINT('',(1.675E0,-1.86E0,6.6E-1));
#5382=VERTEX_POINT('',#5381);
#5383=CARTESIAN_POINT('',(1.675E0,-1.86E0,-1.459617310114E-1));
#5384=VERTEX_POINT('',#5383);
#5385=CARTESIAN_POINT('',(1.675E0,-1.89E0,5.4E-1));
#5386=CARTESIAN_POINT('',(2.075E0,-1.89E0,5.4E-1));
#5387=VERTEX_POINT('',#5385);
#5388=VERTEX_POINT('',#5386);
#5389=CARTESIAN_POINT('',(1.675E0,-1.89E0,-5.596173101136E-2));
#5390=CARTESIAN_POINT('',(2.075E0,-1.89E0,-5.596173101136E-2));
#5391=VERTEX_POINT('',#5389);
#5392=VERTEX_POINT('',#5390);
#5393=CARTESIAN_POINT('',(2.925E0,-9.8E-1,1.13E0));
#5394=CARTESIAN_POINT('',(2.925E0,-1.18E0,1.33E0));
#5395=VERTEX_POINT('',#5393);
#5396=VERTEX_POINT('',#5394);
#5397=CARTESIAN_POINT('',(2.925E0,-1.43E0,1.33E0));
#5398=VERTEX_POINT('',#5397);
#5399=CARTESIAN_POINT('',(2.925E0,-1.48E0,1.08E0));
#5400=VERTEX_POINT('',#5399);
#5401=CARTESIAN_POINT('',(2.925E0,-1.48E0,7.8E-1));
#5402=VERTEX_POINT('',#5401);
#5403=CARTESIAN_POINT('',(2.925E0,-1.83E0,7.8E-1));
#5404=VERTEX_POINT('',#5403);
#5405=CARTESIAN_POINT('',(2.925E0,-1.792273670013E0,-1.965585425805E-1));
#5406=CARTESIAN_POINT('',(2.925E0,-1.757726329987E0,-2.094031884308E-1));
#5407=VERTEX_POINT('',#5405);
#5408=VERTEX_POINT('',#5406);
#5409=CARTESIAN_POINT('',(2.925E0,-1.66E0,-3.5E-1));
#5410=VERTEX_POINT('',#5409);
#5411=CARTESIAN_POINT('',(2.925E0,-2.58E0,-1.67E0));
#5412=CARTESIAN_POINT('',(2.925E0,-2.68E0,-1.77E0));
#5413=VERTEX_POINT('',#5411);
#5414=VERTEX_POINT('',#5412);
#5415=CARTESIAN_POINT('',(2.925E0,-2.68E0,-2.22E0));
#5416=VERTEX_POINT('',#5415);
#5417=CARTESIAN_POINT('',(2.925E0,-2.58E0,-2.32E0));
#5418=VERTEX_POINT('',#5417);
#5419=CARTESIAN_POINT('',(2.925E0,-2.13E0,-2.32E0));
#5420=VERTEX_POINT('',#5419);
#5421=CARTESIAN_POINT('',(2.925E0,-2.03E0,-2.22E0));
#5422=VERTEX_POINT('',#5421);
#5423=CARTESIAN_POINT('',(3.325E0,-9.8E-1,1.13E0));
#5424=CARTESIAN_POINT('',(3.325E0,-1.18E0,1.33E0));
#5425=VERTEX_POINT('',#5423);
#5426=VERTEX_POINT('',#5424);
#5427=CARTESIAN_POINT('',(3.325E0,-1.43E0,1.33E0));
#5428=VERTEX_POINT('',#5427);
#5429=CARTESIAN_POINT('',(3.325E0,-1.48E0,1.08E0));
#5430=VERTEX_POINT('',#5429);
#5431=CARTESIAN_POINT('',(3.325E0,-1.48E0,7.8E-1));
#5432=VERTEX_POINT('',#5431);
#5433=CARTESIAN_POINT('',(3.325E0,-1.83E0,7.8E-1));
#5434=VERTEX_POINT('',#5433);
#5435=CARTESIAN_POINT('',(3.325E0,-1.792273670013E0,-1.965585425805E-1));
#5436=CARTESIAN_POINT('',(3.325E0,-1.757726329987E0,-2.094031884308E-1));
#5437=VERTEX_POINT('',#5435);
#5438=VERTEX_POINT('',#5436);
#5439=CARTESIAN_POINT('',(3.325E0,-1.66E0,-3.5E-1));
#5440=VERTEX_POINT('',#5439);
#5441=CARTESIAN_POINT('',(3.325E0,-2.58E0,-1.67E0));
#5442=CARTESIAN_POINT('',(3.325E0,-2.68E0,-1.77E0));
#5443=VERTEX_POINT('',#5441);
#5444=VERTEX_POINT('',#5442);
#5445=CARTESIAN_POINT('',(3.325E0,-2.68E0,-2.22E0));
#5446=VERTEX_POINT('',#5445);
#5447=CARTESIAN_POINT('',(3.325E0,-2.58E0,-2.32E0));
#5448=VERTEX_POINT('',#5447);
#5449=CARTESIAN_POINT('',(3.325E0,-2.13E0,-2.32E0));
#5450=VERTEX_POINT('',#5449);
#5451=CARTESIAN_POINT('',(3.325E0,-2.03E0,-2.22E0));
#5452=VERTEX_POINT('',#5451);
#5453=CARTESIAN_POINT('',(2.925E0,-1.66E0,-6.2E-1));
#5454=CARTESIAN_POINT('',(2.925E0,-9.8E-1,-6.2E-1));
#5455=VERTEX_POINT('',#5453);
#5456=VERTEX_POINT('',#5454);
#5457=CARTESIAN_POINT('',(3.325E0,-1.66E0,-6.2E-1));
#5458=CARTESIAN_POINT('',(3.325E0,-9.8E-1,-6.2E-1));
#5459=VERTEX_POINT('',#5457);
#5460=VERTEX_POINT('',#5458);
#5461=CARTESIAN_POINT('',(2.925E0,-2.43E0,-2.17E0));
#5462=CARTESIAN_POINT('',(2.925E0,-2.43E0,-1.67E0));
#5463=VERTEX_POINT('',#5461);
#5464=VERTEX_POINT('',#5462);
#5465=CARTESIAN_POINT('',(3.325E0,-2.43E0,-2.17E0));
#5466=CARTESIAN_POINT('',(3.325E0,-2.43E0,-1.67E0));
#5467=VERTEX_POINT('',#5465);
#5468=VERTEX_POINT('',#5466);
#5469=CARTESIAN_POINT('',(2.925E0,-2.03E0,-2.17E0));
#5470=VERTEX_POINT('',#5469);
#5471=CARTESIAN_POINT('',(3.325E0,-2.03E0,-2.17E0));
#5472=VERTEX_POINT('',#5471);
#5473=CARTESIAN_POINT('',(2.925E0,-1.86E0,6.6E-1));
#5474=VERTEX_POINT('',#5473);
#5475=CARTESIAN_POINT('',(2.925E0,-1.86E0,-1.459617310114E-1));
#5476=VERTEX_POINT('',#5475);
#5477=CARTESIAN_POINT('',(3.325E0,-1.86E0,6.6E-1));
#5478=VERTEX_POINT('',#5477);
#5479=CARTESIAN_POINT('',(3.325E0,-1.86E0,-1.459617310114E-1));
#5480=VERTEX_POINT('',#5479);
#5481=CARTESIAN_POINT('',(2.925E0,-1.89E0,5.4E-1));
#5482=CARTESIAN_POINT('',(3.325E0,-1.89E0,5.4E-1));
#5483=VERTEX_POINT('',#5481);
#5484=VERTEX_POINT('',#5482);
#5485=CARTESIAN_POINT('',(2.925E0,-1.89E0,-5.596173101136E-2));
#5486=CARTESIAN_POINT('',(3.325E0,-1.89E0,-5.596173101136E-2));
#5487=VERTEX_POINT('',#5485);
#5488=VERTEX_POINT('',#5486);
#5489=CARTESIAN_POINT('',(-2.075E0,-1.86E0,6.6E-1));
#5490=VERTEX_POINT('',#5489);
#5491=CARTESIAN_POINT('',(-2.075E0,-1.86E0,-1.459617310114E-1));
#5492=VERTEX_POINT('',#5491);
#5493=CARTESIAN_POINT('',(-4.25E-1,-1.89E0,5.4E-1));
#5494=VERTEX_POINT('',#5493);
#5495=CARTESIAN_POINT('',(-4.25E-1,-1.89E0,-5.596173101136E-2));
#5496=VERTEX_POINT('',#5495);
#5497=CARTESIAN_POINT('',(-8.25E-1,-1.89E0,5.4E-1));
#5498=VERTEX_POINT('',#5497);
#5499=CARTESIAN_POINT('',(-8.25E-1,-1.89E0,-5.596173101136E-2));
#5500=VERTEX_POINT('',#5499);
#5501=CARTESIAN_POINT('',(8.25E-1,-1.89E0,5.4E-1));
#5502=VERTEX_POINT('',#5501);
#5503=CARTESIAN_POINT('',(8.25E-1,-1.89E0,-5.596173101136E-2));
#5504=VERTEX_POINT('',#5503);
#5505=CARTESIAN_POINT('',(4.25E-1,-1.89E0,5.4E-1));
#5506=VERTEX_POINT('',#5505);
#5507=CARTESIAN_POINT('',(4.25E-1,-1.89E0,-5.596173101136E-2));
#5508=VERTEX_POINT('',#5507);
#5509=CARTESIAN_POINT('',(2.075E0,-1.86E0,6.6E-1));
#5510=VERTEX_POINT('',#5509);
#5511=CARTESIAN_POINT('',(2.075E0,-1.86E0,-1.459617310114E-1));
#5512=VERTEX_POINT('',#5511);
#5513=CARTESIAN_POINT('',(-5.375E0,-2.11E0,5.3E-1));
#5514=CARTESIAN_POINT('',(-5.375E0,-1.61E0,5.3E-1));
#5515=VERTEX_POINT('',#5513);
#5516=VERTEX_POINT('',#5514);
#5517=CARTESIAN_POINT('',(-5.375E0,-2.11E0,6.3E-1));
#5518=VERTEX_POINT('',#5517);
#5519=CARTESIAN_POINT('',(-5.375E0,-1.61E0,6.3E-1));
#5520=VERTEX_POINT('',#5519);
#5521=CARTESIAN_POINT('',(-4.875E0,-1.86E0,6.3E-1));
#5522=VERTEX_POINT('',#5521);
#5523=CARTESIAN_POINT('',(-4.875E0,-1.86E0,5.3E-1));
#5524=VERTEX_POINT('',#5523);
#5525=CARTESIAN_POINT('',(-2.075E0,-1.792273670013E0,-1.965585425805E-1));
#5526=DIRECTION('',(0.E0,-3.484911334172E-1,-9.373120771278E-1));
#5527=DIRECTION('',(0.E0,9.373120771278E-1,-3.484911334172E-1));
#5528=AXIS2_PLACEMENT_3D('',#5525,#5526,#5527);
#5529=PLANE('',#5528);
#5531=ORIENTED_EDGE('',*,*,#5530,.F.);
#5533=ORIENTED_EDGE('',*,*,#5532,.T.);
#5535=ORIENTED_EDGE('',*,*,#5534,.T.);
#5537=ORIENTED_EDGE('',*,*,#5536,.F.);
#5538=EDGE_LOOP('',(#5531,#5533,#5535,#5537));
#5539=FACE_OUTER_BOUND('',#5538,.F.);
#5540=ADVANCED_FACE('',(#5539),#5529,.T.);
#5541=CARTESIAN_POINT('',(-2.075E0,0.E0,0.E0));
#5542=DIRECTION('',(1.E0,0.E0,0.E0));
#5543=DIRECTION('',(0.E0,0.E0,-1.E0));
#5544=AXIS2_PLACEMENT_3D('',#5541,#5542,#5543);
#5545=PLANE('',#5544);
#5547=ORIENTED_EDGE('',*,*,#5546,.T.);
#5549=ORIENTED_EDGE('',*,*,#5548,.T.);
#5551=ORIENTED_EDGE('',*,*,#5550,.T.);
#5553=ORIENTED_EDGE('',*,*,#5552,.T.);
#5555=ORIENTED_EDGE('',*,*,#5554,.T.);
#5557=ORIENTED_EDGE('',*,*,#5556,.T.);
#5559=ORIENTED_EDGE('',*,*,#5558,.T.);
#5561=ORIENTED_EDGE('',*,*,#5560,.T.);
#5563=ORIENTED_EDGE('',*,*,#5562,.F.);
#5565=ORIENTED_EDGE('',*,*,#5564,.T.);
#5566=ORIENTED_EDGE('',*,*,#5530,.T.);
#5568=ORIENTED_EDGE('',*,*,#5567,.T.);
#5570=ORIENTED_EDGE('',*,*,#5569,.T.);
#5571=EDGE_LOOP('',(#5547,#5549,#5551,#5553,#5555,#5557,#5559,#5561,#5563,#5565,
#5566,#5568,#5570));
#5572=FACE_OUTER_BOUND('',#5571,.F.);
#5573=ADVANCED_FACE('',(#5572),#5545,.F.);
#5574=CARTESIAN_POINT('',(-2.075E0,0.E0,0.E0));
#5575=DIRECTION('',(1.E0,0.E0,0.E0));
#5576=DIRECTION('',(0.E0,0.E0,-1.E0));
#5577=AXIS2_PLACEMENT_3D('',#5574,#5575,#5576);
#5578=PLANE('',#5577);
#5580=ORIENTED_EDGE('',*,*,#5579,.T.);
#5582=ORIENTED_EDGE('',*,*,#5581,.T.);
#5584=ORIENTED_EDGE('',*,*,#5583,.T.);
#5586=ORIENTED_EDGE('',*,*,#5585,.T.);
#5588=ORIENTED_EDGE('',*,*,#5587,.T.);
#5590=ORIENTED_EDGE('',*,*,#5589,.T.);
#5592=ORIENTED_EDGE('',*,*,#5591,.T.);
#5594=ORIENTED_EDGE('',*,*,#5593,.T.);
#5596=ORIENTED_EDGE('',*,*,#5595,.F.);
#5597=EDGE_LOOP('',(#5580,#5582,#5584,#5586,#5588,#5590,#5592,#5594,#5596));
#5598=FACE_OUTER_BOUND('',#5597,.F.);
#5599=ADVANCED_FACE('',(#5598),#5578,.F.);
#5600=CARTESIAN_POINT('',(0.E0,0.E0,-6.2E-1));
#5601=DIRECTION('',(0.E0,0.E0,1.E0));
#5602=DIRECTION('',(1.E0,0.E0,0.E0));
#5603=AXIS2_PLACEMENT_3D('',#5600,#5601,#5602);
#5604=PLANE('',#5603);
#5606=ORIENTED_EDGE('',*,*,#5605,.F.);
#5608=ORIENTED_EDGE('',*,*,#5607,.T.);
#5610=ORIENTED_EDGE('',*,*,#5609,.T.);
#5612=ORIENTED_EDGE('',*,*,#5611,.F.);
#5614=ORIENTED_EDGE('',*,*,#5613,.F.);
#5616=ORIENTED_EDGE('',*,*,#5615,.T.);
#5618=ORIENTED_EDGE('',*,*,#5617,.T.);
#5620=ORIENTED_EDGE('',*,*,#5619,.F.);
#5622=ORIENTED_EDGE('',*,*,#5621,.F.);
#5624=ORIENTED_EDGE('',*,*,#5623,.T.);
#5626=ORIENTED_EDGE('',*,*,#5625,.T.);
#5628=ORIENTED_EDGE('',*,*,#5627,.F.);
#5630=ORIENTED_EDGE('',*,*,#5629,.F.);
#5632=ORIENTED_EDGE('',*,*,#5631,.T.);
#5634=ORIENTED_EDGE('',*,*,#5633,.T.);
#5636=ORIENTED_EDGE('',*,*,#5635,.F.);
#5638=ORIENTED_EDGE('',*,*,#5637,.F.);
#5640=ORIENTED_EDGE('',*,*,#5639,.T.);
#5642=ORIENTED_EDGE('',*,*,#5641,.T.);
#5644=ORIENTED_EDGE('',*,*,#5643,.F.);
#5646=ORIENTED_EDGE('',*,*,#5645,.F.);
#5648=ORIENTED_EDGE('',*,*,#5647,.T.);
#5650=ORIENTED_EDGE('',*,*,#5649,.T.);
#5652=ORIENTED_EDGE('',*,*,#5651,.F.);
#5654=ORIENTED_EDGE('',*,*,#5653,.F.);
#5656=ORIENTED_EDGE('',*,*,#5655,.F.);
#5658=ORIENTED_EDGE('',*,*,#5657,.F.);
#5660=ORIENTED_EDGE('',*,*,#5659,.F.);
#5662=ORIENTED_EDGE('',*,*,#5661,.F.);
#5664=ORIENTED_EDGE('',*,*,#5663,.F.);
#5666=ORIENTED_EDGE('',*,*,#5665,.F.);
#5668=ORIENTED_EDGE('',*,*,#5667,.F.);
#5670=ORIENTED_EDGE('',*,*,#5669,.F.);
#5672=ORIENTED_EDGE('',*,*,#5671,.F.);
#5674=ORIENTED_EDGE('',*,*,#5673,.F.);
#5676=ORIENTED_EDGE('',*,*,#5675,.F.);
#5677=EDGE_LOOP('',(#5606,#5608,#5610,#5612,#5614,#5616,#5618,#5620,#5622,#5624,
#5626,#5628,#5630,#5632,#5634,#5636,#5638,#5640,#5642,#5644,#5646,#5648,#5650,
#5652,#5654,#5656,#5658,#5660,#5662,#5664,#5666,#5668,#5670,#5672,#5674,#5676));
#5678=FACE_OUTER_BOUND('',#5677,.F.);
#5680=ORIENTED_EDGE('',*,*,#5679,.F.);
#5682=ORIENTED_EDGE('',*,*,#5681,.T.);
#5684=ORIENTED_EDGE('',*,*,#5683,.T.);
#5686=ORIENTED_EDGE('',*,*,#5685,.F.);
#5687=EDGE_LOOP('',(#5680,#5682,#5684,#5686));
#5688=FACE_BOUND('',#5687,.F.);
#5689=ORIENTED_EDGE('',*,*,#5546,.F.);
#5691=ORIENTED_EDGE('',*,*,#5690,.T.);
#5693=ORIENTED_EDGE('',*,*,#5692,.T.);
#5695=ORIENTED_EDGE('',*,*,#5694,.F.);
#5696=EDGE_LOOP('',(#5689,#5691,#5693,#5695));
#5697=FACE_BOUND('',#5696,.F.);
#5699=ORIENTED_EDGE('',*,*,#5698,.F.);
#5701=ORIENTED_EDGE('',*,*,#5700,.T.);
#5703=ORIENTED_EDGE('',*,*,#5702,.T.);
#5705=ORIENTED_EDGE('',*,*,#5704,.F.);
#5706=EDGE_LOOP('',(#5699,#5701,#5703,#5705));
#5707=FACE_BOUND('',#5706,.F.);
#5709=ORIENTED_EDGE('',*,*,#5708,.F.);
#5711=ORIENTED_EDGE('',*,*,#5710,.T.);
#5713=ORIENTED_EDGE('',*,*,#5712,.T.);
#5715=ORIENTED_EDGE('',*,*,#5714,.F.);
#5716=EDGE_LOOP('',(#5709,#5711,#5713,#5715));
#5717=FACE_BOUND('',#5716,.F.);
#5719=ORIENTED_EDGE('',*,*,#5718,.F.);
#5721=ORIENTED_EDGE('',*,*,#5720,.T.);
#5723=ORIENTED_EDGE('',*,*,#5722,.T.);
#5725=ORIENTED_EDGE('',*,*,#5724,.F.);
#5726=EDGE_LOOP('',(#5719,#5721,#5723,#5725));
#5727=FACE_BOUND('',#5726,.F.);
#5729=ORIENTED_EDGE('',*,*,#5728,.F.);
#5731=ORIENTED_EDGE('',*,*,#5730,.T.);
#5733=ORIENTED_EDGE('',*,*,#5732,.T.);
#5735=ORIENTED_EDGE('',*,*,#5734,.F.);
#5736=EDGE_LOOP('',(#5729,#5731,#5733,#5735));
#5737=FACE_BOUND('',#5736,.F.);
#5738=ADVANCED_FACE('',(#5678,#5688,#5697,#5707,#5717,#5727,#5737),#5604,.T.);
#5739=CARTESIAN_POINT('',(-4.25E0,-1.86E0,2.27E0));
#5740=DIRECTION('',(0.E0,-1.E0,0.E0));
#5741=DIRECTION('',(1.E0,0.E0,0.E0));
#5742=AXIS2_PLACEMENT_3D('',#5739,#5740,#5741);
#5743=PLANE('',#5742);
#5745=ORIENTED_EDGE('',*,*,#5744,.T.);
#5747=ORIENTED_EDGE('',*,*,#5746,.T.);
#5749=ORIENTED_EDGE('',*,*,#5748,.T.);
#5751=ORIENTED_EDGE('',*,*,#5750,.T.);
#5753=ORIENTED_EDGE('',*,*,#5752,.F.);
#5755=ORIENTED_EDGE('',*,*,#5754,.F.);
#5757=ORIENTED_EDGE('',*,*,#5756,.F.);
#5759=ORIENTED_EDGE('',*,*,#5758,.T.);
#5760=ORIENTED_EDGE('',*,*,#5653,.T.);
#5761=EDGE_LOOP('',(#5745,#5747,#5749,#5751,#5753,#5755,#5757,#5759,#5760));
#5762=FACE_OUTER_BOUND('',#5761,.F.);
#5763=ADVANCED_FACE('',(#5762),#5743,.F.);
#5764=CARTESIAN_POINT('',(-4.25E0,-1.86E0,2.27E0));
#5765=DIRECTION('',(0.E0,-1.E0,0.E0));
#5766=DIRECTION('',(1.E0,0.E0,0.E0));
#5767=AXIS2_PLACEMENT_3D('',#5764,#5765,#5766);
#5768=PLANE('',#5767);
#5770=ORIENTED_EDGE('',*,*,#5769,.T.);
#5771=ORIENTED_EDGE('',*,*,#5562,.T.);
#5773=ORIENTED_EDGE('',*,*,#5772,.T.);
#5775=ORIENTED_EDGE('',*,*,#5774,.T.);
#5777=ORIENTED_EDGE('',*,*,#5776,.F.);
#5779=ORIENTED_EDGE('',*,*,#5778,.F.);
#5781=ORIENTED_EDGE('',*,*,#5780,.F.);
#5783=ORIENTED_EDGE('',*,*,#5782,.F.);
#5785=ORIENTED_EDGE('',*,*,#5784,.F.);
#5786=ORIENTED_EDGE('',*,*,#5645,.T.);
#5787=EDGE_LOOP('',(#5770,#5771,#5773,#5775,#5777,#5779,#5781,#5783,#5785,
#5786));
#5788=FACE_OUTER_BOUND('',#5787,.F.);
#5789=ADVANCED_FACE('',(#5788),#5768,.F.);
#5790=CARTESIAN_POINT('',(-4.25E0,-1.86E0,2.27E0));
#5791=DIRECTION('',(0.E0,-1.E0,0.E0));
#5792=DIRECTION('',(1.E0,0.E0,0.E0));
#5793=AXIS2_PLACEMENT_3D('',#5790,#5791,#5792);
#5794=PLANE('',#5793);
#5796=ORIENTED_EDGE('',*,*,#5795,.T.);
#5798=ORIENTED_EDGE('',*,*,#5797,.T.);
#5800=ORIENTED_EDGE('',*,*,#5799,.T.);
#5802=ORIENTED_EDGE('',*,*,#5801,.T.);
#5804=ORIENTED_EDGE('',*,*,#5803,.F.);
#5806=ORIENTED_EDGE('',*,*,#5805,.F.);
#5808=ORIENTED_EDGE('',*,*,#5807,.F.);
#5810=ORIENTED_EDGE('',*,*,#5809,.F.);
#5812=ORIENTED_EDGE('',*,*,#5811,.F.);
#5813=ORIENTED_EDGE('',*,*,#5637,.T.);
#5814=EDGE_LOOP('',(#5796,#5798,#5800,#5802,#5804,#5806,#5808,#5810,#5812,
#5813));
#5815=FACE_OUTER_BOUND('',#5814,.F.);
#5816=ADVANCED_FACE('',(#5815),#5794,.F.);
#5817=CARTESIAN_POINT('',(-4.25E0,-1.86E0,2.27E0));
#5818=DIRECTION('',(0.E0,-1.E0,0.E0));
#5819=DIRECTION('',(1.E0,0.E0,0.E0));
#5820=AXIS2_PLACEMENT_3D('',#5817,#5818,#5819);
#5821=PLANE('',#5820);
#5823=ORIENTED_EDGE('',*,*,#5822,.T.);
#5825=ORIENTED_EDGE('',*,*,#5824,.T.);
#5827=ORIENTED_EDGE('',*,*,#5826,.T.);
#5829=ORIENTED_EDGE('',*,*,#5828,.T.);
#5831=ORIENTED_EDGE('',*,*,#5830,.F.);
#5833=ORIENTED_EDGE('',*,*,#5832,.F.);
#5835=ORIENTED_EDGE('',*,*,#5834,.F.);
#5837=ORIENTED_EDGE('',*,*,#5836,.F.);
#5839=ORIENTED_EDGE('',*,*,#5838,.F.);
#5840=ORIENTED_EDGE('',*,*,#5629,.T.);
#5841=EDGE_LOOP('',(#5823,#5825,#5827,#5829,#5831,#5833,#5835,#5837,#5839,
#5840));
#5842=FACE_OUTER_BOUND('',#5841,.F.);
#5843=ADVANCED_FACE('',(#5842),#5821,.F.);
#5844=CARTESIAN_POINT('',(-4.25E0,-1.86E0,2.27E0));
#5845=DIRECTION('',(0.E0,-1.E0,0.E0));
#5846=DIRECTION('',(1.E0,0.E0,0.E0));
#5847=AXIS2_PLACEMENT_3D('',#5844,#5845,#5846);
#5848=PLANE('',#5847);
#5850=ORIENTED_EDGE('',*,*,#5849,.T.);
#5852=ORIENTED_EDGE('',*,*,#5851,.T.);
#5854=ORIENTED_EDGE('',*,*,#5853,.T.);
#5856=ORIENTED_EDGE('',*,*,#5855,.T.);
#5858=ORIENTED_EDGE('',*,*,#5857,.F.);
#5860=ORIENTED_EDGE('',*,*,#5859,.F.);
#5862=ORIENTED_EDGE('',*,*,#5861,.F.);
#5864=ORIENTED_EDGE('',*,*,#5863,.F.);
#5866=ORIENTED_EDGE('',*,*,#5865,.F.);
#5867=ORIENTED_EDGE('',*,*,#5621,.T.);
#5868=EDGE_LOOP('',(#5850,#5852,#5854,#5856,#5858,#5860,#5862,#5864,#5866,
#5867));
#5869=FACE_OUTER_BOUND('',#5868,.F.);
#5870=ADVANCED_FACE('',(#5869),#5848,.F.);
#5871=CARTESIAN_POINT('',(-4.25E0,-1.86E0,2.27E0));
#5872=DIRECTION('',(0.E0,-1.E0,0.E0));
#5873=DIRECTION('',(1.E0,0.E0,0.E0));
#5874=AXIS2_PLACEMENT_3D('',#5871,#5872,#5873);
#5875=PLANE('',#5874);
#5877=ORIENTED_EDGE('',*,*,#5876,.F.);
#5878=ORIENTED_EDGE('',*,*,#5605,.T.);
#5880=ORIENTED_EDGE('',*,*,#5879,.F.);
#5882=ORIENTED_EDGE('',*,*,#5881,.F.);
#5884=ORIENTED_EDGE('',*,*,#5883,.T.);
#5886=ORIENTED_EDGE('',*,*,#5885,.F.);
#5888=ORIENTED_EDGE('',*,*,#5887,.F.);
#5890=ORIENTED_EDGE('',*,*,#5889,.F.);
#5892=ORIENTED_EDGE('',*,*,#5891,.F.);
#5893=EDGE_LOOP('',(#5877,#5878,#5880,#5882,#5884,#5886,#5888,#5890,#5892));
#5894=FACE_OUTER_BOUND('',#5893,.F.);
#5895=ADVANCED_FACE('',(#5894),#5875,.F.);
#5896=CARTESIAN_POINT('',(-4.25E0,-1.86E0,2.27E0));
#5897=DIRECTION('',(0.E0,-1.E0,0.E0));
#5898=DIRECTION('',(1.E0,0.E0,0.E0));
#5899=AXIS2_PLACEMENT_3D('',#5896,#5897,#5898);
#5900=PLANE('',#5899);
#5902=ORIENTED_EDGE('',*,*,#5901,.T.);
#5904=ORIENTED_EDGE('',*,*,#5903,.T.);
#5906=ORIENTED_EDGE('',*,*,#5905,.T.);
#5908=ORIENTED_EDGE('',*,*,#5907,.T.);
#5910=ORIENTED_EDGE('',*,*,#5909,.F.);
#5912=ORIENTED_EDGE('',*,*,#5911,.F.);
#5914=ORIENTED_EDGE('',*,*,#5913,.F.);
#5916=ORIENTED_EDGE('',*,*,#5915,.F.);
#5918=ORIENTED_EDGE('',*,*,#5917,.F.);
#5919=ORIENTED_EDGE('',*,*,#5613,.T.);
#5920=EDGE_LOOP('',(#5902,#5904,#5906,#5908,#5910,#5912,#5914,#5916,#5918,
#5919));
#5921=FACE_OUTER_BOUND('',#5920,.F.);
#5922=ADVANCED_FACE('',(#5921),#5900,.F.);
#5923=CARTESIAN_POINT('',(-3.325E0,0.E0,0.E0));
#5924=DIRECTION('',(-1.E0,0.E0,0.E0));
#5925=DIRECTION('',(0.E0,0.E0,1.E0));
#5926=AXIS2_PLACEMENT_3D('',#5923,#5924,#5925);
#5927=PLANE('',#5926);
#5929=ORIENTED_EDGE('',*,*,#5928,.T.);
#5931=ORIENTED_EDGE('',*,*,#5930,.T.);
#5933=ORIENTED_EDGE('',*,*,#5932,.T.);
#5934=ORIENTED_EDGE('',*,*,#5744,.F.);
#5935=ORIENTED_EDGE('',*,*,#5651,.T.);
#5937=ORIENTED_EDGE('',*,*,#5936,.T.);
#5939=ORIENTED_EDGE('',*,*,#5938,.T.);
#5940=ORIENTED_EDGE('',*,*,#5748,.F.);
#5941=EDGE_LOOP('',(#5929,#5931,#5933,#5934,#5935,#5937,#5939,#5940));
#5942=FACE_OUTER_BOUND('',#5941,.F.);
#5943=ADVANCED_FACE('',(#5942),#5927,.F.);
#5944=CARTESIAN_POINT('',(-3.325E0,-1.83E0,7.8E-1));
#5945=DIRECTION('',(0.E0,-9.701425001453E-1,2.425356250363E-1));
#5946=DIRECTION('',(0.E0,-2.425356250363E-1,-9.701425001453E-1));
#5947=AXIS2_PLACEMENT_3D('',#5944,#5945,#5946);
#5948=PLANE('',#5947);
#5950=ORIENTED_EDGE('',*,*,#5949,.T.);
#5952=ORIENTED_EDGE('',*,*,#5951,.F.);
#5953=ORIENTED_EDGE('',*,*,#5928,.F.);
#5955=ORIENTED_EDGE('',*,*,#5954,.F.);
#5957=ORIENTED_EDGE('',*,*,#5956,.T.);
#5959=ORIENTED_EDGE('',*,*,#5958,.T.);
#5960=EDGE_LOOP('',(#5950,#5952,#5953,#5955,#5957,#5959));
#5961=FACE_OUTER_BOUND('',#5960,.F.);
#5962=ADVANCED_FACE('',(#5961),#5948,.T.);
#5963=CARTESIAN_POINT('',(-2.925E0,0.E0,0.E0));
#5964=DIRECTION('',(-1.E0,0.E0,0.E0));
#5965=DIRECTION('',(0.E0,0.E0,1.E0));
#5966=AXIS2_PLACEMENT_3D('',#5963,#5964,#5965);
#5967=PLANE('',#5966);
#5968=ORIENTED_EDGE('',*,*,#5949,.F.);
#5969=ORIENTED_EDGE('',*,*,#5780,.T.);
#5971=ORIENTED_EDGE('',*,*,#5970,.F.);
#5973=ORIENTED_EDGE('',*,*,#5972,.F.);
#5974=ORIENTED_EDGE('',*,*,#5647,.F.);
#5975=ORIENTED_EDGE('',*,*,#5784,.T.);
#5977=ORIENTED_EDGE('',*,*,#5976,.F.);
#5979=ORIENTED_EDGE('',*,*,#5978,.F.);
#5980=EDGE_LOOP('',(#5968,#5969,#5971,#5973,#5974,#5975,#5977,#5979));
#5981=FACE_OUTER_BOUND('',#5980,.F.);
#5982=ADVANCED_FACE('',(#5981),#5967,.T.);
#5983=CARTESIAN_POINT('',(-2.925E0,-1.58E0,1.09E0));
#5984=DIRECTION('',(0.E0,0.E0,-1.E0));
#5985=DIRECTION('',(0.E0,-1.E0,0.E0));
#5986=AXIS2_PLACEMENT_3D('',#5983,#5984,#5985);
#5987=PLANE('',#5986);
#5989=ORIENTED_EDGE('',*,*,#5988,.T.);
#5990=ORIENTED_EDGE('',*,*,#5938,.F.);
#5992=ORIENTED_EDGE('',*,*,#5991,.F.);
#5993=ORIENTED_EDGE('',*,*,#5970,.T.);
#5995=ORIENTED_EDGE('',*,*,#5994,.F.);
#5997=ORIENTED_EDGE('',*,*,#5996,.T.);
#5998=EDGE_LOOP('',(#5989,#5990,#5992,#5993,#5995,#5997));
#5999=FACE_OUTER_BOUND('',#5998,.F.);
#6000=ADVANCED_FACE('',(#5999),#5987,.T.);
#6001=CARTESIAN_POINT('',(-3.325E0,0.E0,0.E0));
#6002=DIRECTION('',(-1.E0,0.E0,0.E0));
#6003=DIRECTION('',(0.E0,0.E0,1.E0));
#6004=AXIS2_PLACEMENT_3D('',#6001,#6002,#6003);
#6005=PLANE('',#6004);
#6006=ORIENTED_EDGE('',*,*,#5750,.F.);
#6007=ORIENTED_EDGE('',*,*,#5988,.F.);
#6009=ORIENTED_EDGE('',*,*,#6008,.F.);
#6011=ORIENTED_EDGE('',*,*,#6010,.F.);
#6013=ORIENTED_EDGE('',*,*,#6012,.F.);
#6014=EDGE_LOOP('',(#6006,#6007,#6009,#6011,#6013));
#6015=FACE_OUTER_BOUND('',#6014,.F.);
#6016=ADVANCED_FACE('',(#6015),#6005,.T.);
#6017=CARTESIAN_POINT('',(-2.925E0,-1.58E0,1.63E0));
#6018=DIRECTION('',(0.E0,1.E0,0.E0));
#6019=DIRECTION('',(0.E0,0.E0,-1.E0));
#6020=AXIS2_PLACEMENT_3D('',#6017,#6018,#6019);
#6021=PLANE('',#6020);
#6023=ORIENTED_EDGE('',*,*,#6022,.F.);
#6025=ORIENTED_EDGE('',*,*,#6024,.T.);
#6026=ORIENTED_EDGE('',*,*,#6008,.T.);
#6027=ORIENTED_EDGE('',*,*,#5996,.F.);
#6028=EDGE_LOOP('',(#6023,#6025,#6026,#6027));
#6029=FACE_OUTER_BOUND('',#6028,.F.);
#6030=ADVANCED_FACE('',(#6029),#6021,.T.);
#6031=CARTESIAN_POINT('',(-2.925E0,0.E0,0.E0));
#6032=DIRECTION('',(-1.E0,0.E0,0.E0));
#6033=DIRECTION('',(0.E0,0.E0,1.E0));
#6034=AXIS2_PLACEMENT_3D('',#6031,#6032,#6033);
#6035=PLANE('',#6034);
#6036=ORIENTED_EDGE('',*,*,#5778,.T.);
#6038=ORIENTED_EDGE('',*,*,#6037,.T.);
#6040=ORIENTED_EDGE('',*,*,#6039,.T.);
#6041=ORIENTED_EDGE('',*,*,#6022,.T.);
#6042=ORIENTED_EDGE('',*,*,#5994,.T.);
#6043=EDGE_LOOP('',(#6036,#6038,#6040,#6041,#6042));
#6044=FACE_OUTER_BOUND('',#6043,.F.);
#6045=ADVANCED_FACE('',(#6044),#6035,.F.);
#6046=CARTESIAN_POINT('',(0.E0,0.E0,1.78E0));
#6047=DIRECTION('',(0.E0,0.E0,1.E0));
#6048=DIRECTION('',(1.E0,0.E0,0.E0));
#6049=AXIS2_PLACEMENT_3D('',#6046,#6047,#6048);
#6050=PLANE('',#6049);
#6051=ORIENTED_EDGE('',*,*,#5909,.T.);
#6053=ORIENTED_EDGE('',*,*,#6052,.T.);
#6055=ORIENTED_EDGE('',*,*,#6054,.F.);
#6057=ORIENTED_EDGE('',*,*,#6056,.F.);
#6058=ORIENTED_EDGE('',*,*,#5885,.T.);
#6060=ORIENTED_EDGE('',*,*,#6059,.F.);
#6062=ORIENTED_EDGE('',*,*,#6061,.F.);
#6064=ORIENTED_EDGE('',*,*,#6063,.F.);
#6065=ORIENTED_EDGE('',*,*,#5752,.T.);
#6066=ORIENTED_EDGE('',*,*,#6012,.T.);
#6068=ORIENTED_EDGE('',*,*,#6067,.F.);
#6069=ORIENTED_EDGE('',*,*,#6037,.F.);
#6070=ORIENTED_EDGE('',*,*,#5776,.T.);
#6072=ORIENTED_EDGE('',*,*,#6071,.T.);
#6074=ORIENTED_EDGE('',*,*,#6073,.F.);
#6076=ORIENTED_EDGE('',*,*,#6075,.F.);
#6077=ORIENTED_EDGE('',*,*,#5803,.T.);
#6079=ORIENTED_EDGE('',*,*,#6078,.T.);
#6081=ORIENTED_EDGE('',*,*,#6080,.F.);
#6083=ORIENTED_EDGE('',*,*,#6082,.F.);
#6084=ORIENTED_EDGE('',*,*,#5830,.T.);
#6086=ORIENTED_EDGE('',*,*,#6085,.T.);
#6088=ORIENTED_EDGE('',*,*,#6087,.F.);
#6090=ORIENTED_EDGE('',*,*,#6089,.F.);
#6091=ORIENTED_EDGE('',*,*,#5857,.T.);
#6093=ORIENTED_EDGE('',*,*,#6092,.T.);
#6095=ORIENTED_EDGE('',*,*,#6094,.F.);
#6097=ORIENTED_EDGE('',*,*,#6096,.F.);
#6098=EDGE_LOOP('',(#6051,#6053,#6055,#6057,#6058,#6060,#6062,#6064,#6065,#6066,
#6068,#6069,#6070,#6072,#6074,#6076,#6077,#6079,#6081,#6083,#6084,#6086,#6088,
#6090,#6091,#6093,#6095,#6097));
#6099=FACE_OUTER_BOUND('',#6098,.F.);
#6100=ADVANCED_FACE('',(#6099),#6050,.T.);
#6101=CARTESIAN_POINT('',(2.925E0,0.E0,0.E0));
#6102=DIRECTION('',(-1.E0,0.E0,0.E0));
#6103=DIRECTION('',(0.E0,0.E0,1.E0));
#6104=AXIS2_PLACEMENT_3D('',#6101,#6102,#6103);
#6105=PLANE('',#6104);
#6106=ORIENTED_EDGE('',*,*,#5907,.F.);
#6108=ORIENTED_EDGE('',*,*,#6107,.F.);
#6110=ORIENTED_EDGE('',*,*,#6109,.F.);
#6112=ORIENTED_EDGE('',*,*,#6111,.F.);
#6113=ORIENTED_EDGE('',*,*,#6052,.F.);
#6114=EDGE_LOOP('',(#6106,#6108,#6110,#6112,#6113));
#6115=FACE_OUTER_BOUND('',#6114,.F.);
#6116=ADVANCED_FACE('',(#6115),#6105,.T.);
#6117=CARTESIAN_POINT('',(3.325E0,-1.58E0,1.09E0));
#6118=DIRECTION('',(0.E0,0.E0,-1.E0));
#6119=DIRECTION('',(0.E0,-1.E0,0.E0));
#6120=AXIS2_PLACEMENT_3D('',#6117,#6118,#6119);
#6121=PLANE('',#6120);
#6122=ORIENTED_EDGE('',*,*,#6107,.T.);
#6124=ORIENTED_EDGE('',*,*,#6123,.F.);
#6126=ORIENTED_EDGE('',*,*,#6125,.F.);
#6128=ORIENTED_EDGE('',*,*,#6127,.T.);
#6130=ORIENTED_EDGE('',*,*,#6129,.F.);
#6132=ORIENTED_EDGE('',*,*,#6131,.T.);
#6133=EDGE_LOOP('',(#6122,#6124,#6126,#6128,#6130,#6132));
#6134=FACE_OUTER_BOUND('',#6133,.F.);
#6135=ADVANCED_FACE('',(#6134),#6121,.T.);
#6136=CARTESIAN_POINT('',(2.925E0,0.E0,0.E0));
#6137=DIRECTION('',(-1.E0,0.E0,0.E0));
#6138=DIRECTION('',(0.E0,0.E0,1.E0));
#6139=AXIS2_PLACEMENT_3D('',#6136,#6137,#6138);
#6140=PLANE('',#6139);
#6142=ORIENTED_EDGE('',*,*,#6141,.T.);
#6144=ORIENTED_EDGE('',*,*,#6143,.T.);
#6146=ORIENTED_EDGE('',*,*,#6145,.T.);
#6147=ORIENTED_EDGE('',*,*,#5901,.F.);
#6148=ORIENTED_EDGE('',*,*,#5611,.T.);
#6150=ORIENTED_EDGE('',*,*,#6149,.T.);
#6151=ORIENTED_EDGE('',*,*,#6123,.T.);
#6152=ORIENTED_EDGE('',*,*,#5905,.F.);
#6153=EDGE_LOOP('',(#6142,#6144,#6146,#6147,#6148,#6150,#6151,#6152));
#6154=FACE_OUTER_BOUND('',#6153,.F.);
#6155=ADVANCED_FACE('',(#6154),#6140,.F.);
#6156=CARTESIAN_POINT('',(2.925E0,-1.83E0,7.8E-1));
#6157=DIRECTION('',(0.E0,-9.701425001453E-1,2.425356250363E-1));
#6158=DIRECTION('',(0.E0,-2.425356250363E-1,-9.701425001453E-1));
#6159=AXIS2_PLACEMENT_3D('',#6156,#6157,#6158);
#6160=PLANE('',#6159);
#6162=ORIENTED_EDGE('',*,*,#6161,.F.);
#6164=ORIENTED_EDGE('',*,*,#6163,.T.);
#6166=ORIENTED_EDGE('',*,*,#6165,.T.);
#6168=ORIENTED_EDGE('',*,*,#6167,.T.);
#6170=ORIENTED_EDGE('',*,*,#6169,.F.);
#6171=ORIENTED_EDGE('',*,*,#6141,.F.);
#6172=EDGE_LOOP('',(#6162,#6164,#6166,#6168,#6170,#6171));
#6173=FACE_OUTER_BOUND('',#6172,.F.);
#6174=ADVANCED_FACE('',(#6173),#6160,.T.);
#6175=CARTESIAN_POINT('',(2.925E0,0.E0,0.E0));
#6176=DIRECTION('',(1.E0,0.E0,0.E0));
#6177=DIRECTION('',(0.E0,0.E0,-1.E0));
#6178=AXIS2_PLACEMENT_3D('',#6175,#6176,#6177);
#6179=PLANE('',#6178);
#6180=ORIENTED_EDGE('',*,*,#5728,.T.);
#6182=ORIENTED_EDGE('',*,*,#6181,.T.);
#6184=ORIENTED_EDGE('',*,*,#6183,.T.);
#6186=ORIENTED_EDGE('',*,*,#6185,.T.);
#6188=ORIENTED_EDGE('',*,*,#6187,.T.);
#6190=ORIENTED_EDGE('',*,*,#6189,.T.);
#6192=ORIENTED_EDGE('',*,*,#6191,.T.);
#6193=ORIENTED_EDGE('',*,*,#6161,.T.);
#6194=ORIENTED_EDGE('',*,*,#5903,.F.);
#6196=ORIENTED_EDGE('',*,*,#6195,.T.);
#6198=ORIENTED_EDGE('',*,*,#6197,.T.);
#6200=ORIENTED_EDGE('',*,*,#6199,.T.);
#6202=ORIENTED_EDGE('',*,*,#6201,.T.);
#6203=EDGE_LOOP('',(#6180,#6182,#6184,#6186,#6188,#6190,#6192,#6193,#6194,#6196,
#6198,#6200,#6202));
#6204=FACE_OUTER_BOUND('',#6203,.F.);
#6205=ADVANCED_FACE('',(#6204),#6179,.F.);
#6206=CARTESIAN_POINT('',(2.925E0,0.E0,0.E0));
#6207=DIRECTION('',(1.E0,0.E0,0.E0));
#6208=DIRECTION('',(0.E0,0.E0,-1.E0));
#6209=AXIS2_PLACEMENT_3D('',#6206,#6207,#6208);
#6210=PLANE('',#6209);
#6212=ORIENTED_EDGE('',*,*,#6211,.T.);
#6214=ORIENTED_EDGE('',*,*,#6213,.T.);
#6216=ORIENTED_EDGE('',*,*,#6215,.T.);
#6218=ORIENTED_EDGE('',*,*,#6217,.T.);
#6220=ORIENTED_EDGE('',*,*,#6219,.T.);
#6222=ORIENTED_EDGE('',*,*,#6221,.T.);
#6224=ORIENTED_EDGE('',*,*,#6223,.T.);
#6226=ORIENTED_EDGE('',*,*,#6225,.T.);
#6228=ORIENTED_EDGE('',*,*,#6227,.F.);
#6229=EDGE_LOOP('',(#6212,#6214,#6216,#6218,#6220,#6222,#6224,#6226,#6228));
#6230=FACE_OUTER_BOUND('',#6229,.F.);
#6231=ADVANCED_FACE('',(#6230),#6210,.F.);
#6232=CARTESIAN_POINT('',(2.925E0,-9.8E-1,-6.2E-1));
#6233=DIRECTION('',(0.E0,1.E0,0.E0));
#6234=DIRECTION('',(0.E0,0.E0,1.E0));
#6235=AXIS2_PLACEMENT_3D('',#6232,#6233,#6234);
#6236=PLANE('',#6235);
#6237=ORIENTED_EDGE('',*,*,#5734,.T.);
#6239=ORIENTED_EDGE('',*,*,#6238,.T.);
#6241=ORIENTED_EDGE('',*,*,#6240,.F.);
#6242=ORIENTED_EDGE('',*,*,#6181,.F.);
#6243=EDGE_LOOP('',(#6237,#6239,#6241,#6242));
#6244=FACE_OUTER_BOUND('',#6243,.F.);
#6245=ADVANCED_FACE('',(#6244),#6236,.T.);
#6246=CARTESIAN_POINT('',(3.325E0,0.E0,0.E0));
#6247=DIRECTION('',(1.E0,0.E0,0.E0));
#6248=DIRECTION('',(0.E0,0.E0,-1.E0));
#6249=AXIS2_PLACEMENT_3D('',#6246,#6247,#6248);
#6250=PLANE('',#6249);
#6251=ORIENTED_EDGE('',*,*,#5732,.F.);
#6253=ORIENTED_EDGE('',*,*,#6252,.F.);
#6255=ORIENTED_EDGE('',*,*,#6254,.F.);
#6257=ORIENTED_EDGE('',*,*,#6256,.F.);
#6259=ORIENTED_EDGE('',*,*,#6258,.F.);
#6260=ORIENTED_EDGE('',*,*,#5891,.T.);
#6261=ORIENTED_EDGE('',*,*,#6165,.F.);
#6263=ORIENTED_EDGE('',*,*,#6262,.F.);
#6265=ORIENTED_EDGE('',*,*,#6264,.F.);
#6267=ORIENTED_EDGE('',*,*,#6266,.F.);
#6269=ORIENTED_EDGE('',*,*,#6268,.F.);
#6271=ORIENTED_EDGE('',*,*,#6270,.F.);
#6272=ORIENTED_EDGE('',*,*,#6238,.F.);
#6273=EDGE_LOOP('',(#6251,#6253,#6255,#6257,#6259,#6260,#6261,#6263,#6265,#6267,
#6269,#6271,#6272));
#6274=FACE_OUTER_BOUND('',#6273,.F.);
#6275=ADVANCED_FACE('',(#6274),#6250,.T.);
#6276=CARTESIAN_POINT('',(3.325E0,0.E0,0.E0));
#6277=DIRECTION('',(1.E0,0.E0,0.E0));
#6278=DIRECTION('',(0.E0,0.E0,-1.E0));
#6279=AXIS2_PLACEMENT_3D('',#6276,#6277,#6278);
#6280=PLANE('',#6279);
#6282=ORIENTED_EDGE('',*,*,#6281,.F.);
#6284=ORIENTED_EDGE('',*,*,#6283,.T.);
#6286=ORIENTED_EDGE('',*,*,#6285,.F.);
#6288=ORIENTED_EDGE('',*,*,#6287,.F.);
#6290=ORIENTED_EDGE('',*,*,#6289,.F.);
#6292=ORIENTED_EDGE('',*,*,#6291,.F.);
#6294=ORIENTED_EDGE('',*,*,#6293,.F.);
#6296=ORIENTED_EDGE('',*,*,#6295,.F.);
#6298=ORIENTED_EDGE('',*,*,#6297,.F.);
#6299=EDGE_LOOP('',(#6282,#6284,#6286,#6288,#6290,#6292,#6294,#6296,#6298));
#6300=FACE_OUTER_BOUND('',#6299,.F.);
#6301=ADVANCED_FACE('',(#6300),#6280,.T.);
#6302=CARTESIAN_POINT('',(2.925E0,-1.66E0,-3.5E-1));
#6303=DIRECTION('',(0.E0,-1.E0,0.E0));
#6304=DIRECTION('',(0.E0,0.E0,-1.E0));
#6305=AXIS2_PLACEMENT_3D('',#6302,#6303,#6304);
#6306=PLANE('',#6305);
#6307=ORIENTED_EDGE('',*,*,#5730,.F.);
#6308=ORIENTED_EDGE('',*,*,#6201,.F.);
#6310=ORIENTED_EDGE('',*,*,#6309,.T.);
#6311=ORIENTED_EDGE('',*,*,#6252,.T.);
#6312=EDGE_LOOP('',(#6307,#6308,#6310,#6311));
#6313=FACE_OUTER_BOUND('',#6312,.F.);
#6314=ADVANCED_FACE('',(#6313),#6306,.T.);
#6315=CARTESIAN_POINT('',(2.925E0,-1.81E0,-3.5E-1));
#6316=DIRECTION('',(1.E0,0.E0,0.E0));
#6317=DIRECTION('',(0.E0,0.E0,-1.E0));
#6318=AXIS2_PLACEMENT_3D('',#6315,#6316,#6317);
#6319=CYLINDRICAL_SURFACE('',#6318,1.5E-1);
#6320=ORIENTED_EDGE('',*,*,#6199,.F.);
#6322=ORIENTED_EDGE('',*,*,#6321,.T.);
#6323=ORIENTED_EDGE('',*,*,#6254,.T.);
#6324=ORIENTED_EDGE('',*,*,#6309,.F.);
#6325=EDGE_LOOP('',(#6320,#6322,#6323,#6324));
#6326=FACE_OUTER_BOUND('',#6325,.F.);
#6327=ADVANCED_FACE('',(#6326),#6319,.F.);
#6328=CARTESIAN_POINT('',(2.925E0,-1.792273670013E0,-1.965585425805E-1));
#6329=DIRECTION('',(0.E0,-3.484911334172E-1,-9.373120771278E-1));
#6330=DIRECTION('',(0.E0,9.373120771278E-1,-3.484911334172E-1));
#6331=AXIS2_PLACEMENT_3D('',#6328,#6329,#6330);
#6332=PLANE('',#6331);
#6333=ORIENTED_EDGE('',*,*,#6197,.F.);
#6335=ORIENTED_EDGE('',*,*,#6334,.T.);
#6336=ORIENTED_EDGE('',*,*,#6256,.T.);
#6337=ORIENTED_EDGE('',*,*,#6321,.F.);
#6338=EDGE_LOOP('',(#6333,#6335,#6336,#6337));
#6339=FACE_OUTER_BOUND('',#6338,.F.);
#6340=ADVANCED_FACE('',(#6339),#6332,.T.);
#6341=CARTESIAN_POINT('',(2.925E0,-1.74E0,-5.596173101136E-2));
#6342=DIRECTION('',(1.E0,0.E0,0.E0));
#6343=DIRECTION('',(0.E0,0.E0,-1.E0));
#6344=AXIS2_PLACEMENT_3D('',#6341,#6342,#6343);
#6345=CYLINDRICAL_SURFACE('',#6344,1.5E-1);
#6346=ORIENTED_EDGE('',*,*,#6195,.F.);
#6347=ORIENTED_EDGE('',*,*,#6145,.F.);
#6349=ORIENTED_EDGE('',*,*,#6348,.T.);
#6351=ORIENTED_EDGE('',*,*,#6350,.T.);
#6352=ORIENTED_EDGE('',*,*,#6258,.T.);
#6353=ORIENTED_EDGE('',*,*,#6334,.F.);
#6354=EDGE_LOOP('',(#6346,#6347,#6349,#6351,#6352,#6353));
#6355=FACE_OUTER_BOUND('',#6354,.F.);
#6356=ADVANCED_FACE('',(#6355),#6345,.T.);
#6357=CARTESIAN_POINT('',(2.925E0,-1.89E0,5.4E-1));
#6358=DIRECTION('',(0.E0,-1.E0,0.E0));
#6359=DIRECTION('',(0.E0,0.E0,-1.E0));
#6360=AXIS2_PLACEMENT_3D('',#6357,#6358,#6359);
#6361=PLANE('',#6360);
#6362=ORIENTED_EDGE('',*,*,#6169,.T.);
#6364=ORIENTED_EDGE('',*,*,#6363,.T.);
#6365=ORIENTED_EDGE('',*,*,#6348,.F.);
#6366=ORIENTED_EDGE('',*,*,#6143,.F.);
#6367=EDGE_LOOP('',(#6362,#6364,#6365,#6366));
#6368=FACE_OUTER_BOUND('',#6367,.F.);
#6369=ADVANCED_FACE('',(#6368),#6361,.T.);
#6370=CARTESIAN_POINT('',(3.325E0,0.E0,0.E0));
#6371=DIRECTION('',(-1.E0,0.E0,0.E0));
#6372=DIRECTION('',(0.E0,0.E0,1.E0));
#6373=AXIS2_PLACEMENT_3D('',#6370,#6371,#6372);
#6374=PLANE('',#6373);
#6375=ORIENTED_EDGE('',*,*,#6167,.F.);
#6376=ORIENTED_EDGE('',*,*,#5889,.T.);
#6377=ORIENTED_EDGE('',*,*,#6127,.F.);
#6379=ORIENTED_EDGE('',*,*,#6378,.F.);
#6380=ORIENTED_EDGE('',*,*,#5607,.F.);
#6381=ORIENTED_EDGE('',*,*,#5876,.T.);
#6382=ORIENTED_EDGE('',*,*,#6350,.F.);
#6383=ORIENTED_EDGE('',*,*,#6363,.F.);
#6384=EDGE_LOOP('',(#6375,#6376,#6377,#6379,#6380,#6381,#6382,#6383));
#6385=FACE_OUTER_BOUND('',#6384,.F.);
#6386=ADVANCED_FACE('',(#6385),#6374,.T.);
#6387=CARTESIAN_POINT('',(3.325E0,-1.93E0,-6.2E-1));
#6388=DIRECTION('',(0.E0,-1.E0,0.E0));
#6389=DIRECTION('',(0.E0,0.E0,1.E0));
#6390=AXIS2_PLACEMENT_3D('',#6387,#6388,#6389);
#6391=PLANE('',#6390);
#6392=ORIENTED_EDGE('',*,*,#6378,.T.);
#6393=ORIENTED_EDGE('',*,*,#6125,.T.);
#6394=ORIENTED_EDGE('',*,*,#6149,.F.);
#6395=ORIENTED_EDGE('',*,*,#5609,.F.);
#6396=EDGE_LOOP('',(#6392,#6393,#6394,#6395));
#6397=FACE_OUTER_BOUND('',#6396,.F.);
#6398=ADVANCED_FACE('',(#6397),#6391,.F.);
#6399=CARTESIAN_POINT('',(2.925E0,-1.48E0,7.8E-1));
#6400=DIRECTION('',(0.E0,0.E0,1.E0));
#6401=DIRECTION('',(0.E0,-1.E0,0.E0));
#6402=AXIS2_PLACEMENT_3D('',#6399,#6400,#6401);
#6403=PLANE('',#6402);
#6404=ORIENTED_EDGE('',*,*,#6191,.F.);
#6406=ORIENTED_EDGE('',*,*,#6405,.T.);
#6407=ORIENTED_EDGE('',*,*,#6262,.T.);
#6408=ORIENTED_EDGE('',*,*,#6163,.F.);
#6409=EDGE_LOOP('',(#6404,#6406,#6407,#6408));
#6410=FACE_OUTER_BOUND('',#6409,.F.);
#6411=ADVANCED_FACE('',(#6410),#6403,.T.);
#6412=CARTESIAN_POINT('',(2.925E0,-1.48E0,1.08E0));
#6413=DIRECTION('',(0.E0,-1.E0,0.E0));
#6414=DIRECTION('',(0.E0,0.E0,-1.E0));
#6415=AXIS2_PLACEMENT_3D('',#6412,#6413,#6414);
#6416=PLANE('',#6415);
#6417=ORIENTED_EDGE('',*,*,#6189,.F.);
#6419=ORIENTED_EDGE('',*,*,#6418,.T.);
#6420=ORIENTED_EDGE('',*,*,#6264,.T.);
#6421=ORIENTED_EDGE('',*,*,#6405,.F.);
#6422=EDGE_LOOP('',(#6417,#6419,#6420,#6421));
#6423=FACE_OUTER_BOUND('',#6422,.F.);
#6424=ADVANCED_FACE('',(#6423),#6416,.T.);
#6425=CARTESIAN_POINT('',(2.925E0,-1.43E0,1.33E0));
#6426=DIRECTION('',(0.E0,-9.805806756909E-1,1.961161351382E-1));
#6427=DIRECTION('',(0.E0,-1.961161351382E-1,-9.805806756909E-1));
#6428=AXIS2_PLACEMENT_3D('',#6425,#6426,#6427);
#6429=PLANE('',#6428);
#6430=ORIENTED_EDGE('',*,*,#6187,.F.);
#6432=ORIENTED_EDGE('',*,*,#6431,.T.);
#6433=ORIENTED_EDGE('',*,*,#6266,.T.);
#6434=ORIENTED_EDGE('',*,*,#6418,.F.);
#6435=EDGE_LOOP('',(#6430,#6432,#6433,#6434));
#6436=FACE_OUTER_BOUND('',#6435,.F.);
#6437=ADVANCED_FACE('',(#6436),#6429,.T.);
#6438=CARTESIAN_POINT('',(2.925E0,-1.18E0,1.33E0));
#6439=DIRECTION('',(0.E0,0.E0,1.E0));
#6440=DIRECTION('',(0.E0,-1.E0,0.E0));
#6441=AXIS2_PLACEMENT_3D('',#6438,#6439,#6440);
#6442=PLANE('',#6441);
#6443=ORIENTED_EDGE('',*,*,#6185,.F.);
#6445=ORIENTED_EDGE('',*,*,#6444,.T.);
#6446=ORIENTED_EDGE('',*,*,#6268,.T.);
#6447=ORIENTED_EDGE('',*,*,#6431,.F.);
#6448=EDGE_LOOP('',(#6443,#6445,#6446,#6447));
#6449=FACE_OUTER_BOUND('',#6448,.F.);
#6450=ADVANCED_FACE('',(#6449),#6442,.T.);
#6451=CARTESIAN_POINT('',(2.925E0,-1.18E0,1.13E0));
#6452=DIRECTION('',(1.E0,0.E0,0.E0));
#6453=DIRECTION('',(0.E0,0.E0,-1.E0));
#6454=AXIS2_PLACEMENT_3D('',#6451,#6452,#6453);
#6455=CYLINDRICAL_SURFACE('',#6454,2.E-1);
#6456=ORIENTED_EDGE('',*,*,#6183,.F.);
#6457=ORIENTED_EDGE('',*,*,#6240,.T.);
#6458=ORIENTED_EDGE('',*,*,#6270,.T.);
#6459=ORIENTED_EDGE('',*,*,#6444,.F.);
#6460=EDGE_LOOP('',(#6456,#6457,#6458,#6459));
#6461=FACE_OUTER_BOUND('',#6460,.F.);
#6462=ADVANCED_FACE('',(#6461),#6455,.T.);
#6463=CARTESIAN_POINT('',(3.55E0,-2.43E0,2.27E0));
#6464=DIRECTION('',(0.E0,1.E0,0.E0));
#6465=DIRECTION('',(-1.E0,0.E0,0.E0));
#6466=AXIS2_PLACEMENT_3D('',#6463,#6464,#6465);
#6467=PLANE('',#6466);
#6468=ORIENTED_EDGE('',*,*,#6211,.F.);
#6470=ORIENTED_EDGE('',*,*,#6469,.T.);
#6472=ORIENTED_EDGE('',*,*,#6471,.T.);
#6474=ORIENTED_EDGE('',*,*,#6473,.F.);
#6476=ORIENTED_EDGE('',*,*,#6475,.F.);
#6478=ORIENTED_EDGE('',*,*,#6477,.T.);
#6480=ORIENTED_EDGE('',*,*,#6479,.T.);
#6482=ORIENTED_EDGE('',*,*,#6481,.F.);
#6484=ORIENTED_EDGE('',*,*,#6483,.F.);
#6486=ORIENTED_EDGE('',*,*,#6485,.T.);
#6488=ORIENTED_EDGE('',*,*,#6487,.T.);
#6490=ORIENTED_EDGE('',*,*,#6489,.F.);
#6492=ORIENTED_EDGE('',*,*,#6491,.F.);
#6494=ORIENTED_EDGE('',*,*,#6493,.T.);
#6496=ORIENTED_EDGE('',*,*,#6495,.T.);
#6498=ORIENTED_EDGE('',*,*,#6497,.F.);
#6499=ORIENTED_EDGE('',*,*,#5579,.F.);
#6501=ORIENTED_EDGE('',*,*,#6500,.T.);
#6503=ORIENTED_EDGE('',*,*,#6502,.T.);
#6505=ORIENTED_EDGE('',*,*,#6504,.F.);
#6507=ORIENTED_EDGE('',*,*,#6506,.F.);
#6509=ORIENTED_EDGE('',*,*,#6508,.T.);
#6511=ORIENTED_EDGE('',*,*,#6510,.F.);
#6513=ORIENTED_EDGE('',*,*,#6512,.F.);
#6515=ORIENTED_EDGE('',*,*,#6514,.T.);
#6517=ORIENTED_EDGE('',*,*,#6516,.T.);
#6518=ORIENTED_EDGE('',*,*,#6281,.T.);
#6520=ORIENTED_EDGE('',*,*,#6519,.F.);
#6521=EDGE_LOOP('',(#6468,#6470,#6472,#6474,#6476,#6478,#6480,#6482,#6484,#6486,
#6488,#6490,#6492,#6494,#6496,#6498,#6499,#6501,#6503,#6505,#6507,#6509,#6511,
#6513,#6515,#6517,#6518,#6520));
#6522=FACE_OUTER_BOUND('',#6521,.F.);
#6523=ADVANCED_FACE('',(#6522),#6467,.F.);
#6524=CARTESIAN_POINT('',(-4.375E0,2.62E0,-2.17E0));
#6525=DIRECTION('',(0.E0,0.E0,1.E0));
#6526=DIRECTION('',(1.E0,0.E0,0.E0));
#6527=AXIS2_PLACEMENT_3D('',#6524,#6525,#6526);
#6528=PLANE('',#6527);
#6529=ORIENTED_EDGE('',*,*,#6227,.T.);
#6531=ORIENTED_EDGE('',*,*,#6530,.T.);
#6532=ORIENTED_EDGE('',*,*,#6283,.F.);
#6533=ORIENTED_EDGE('',*,*,#6516,.F.);
#6535=ORIENTED_EDGE('',*,*,#6534,.F.);
#6537=ORIENTED_EDGE('',*,*,#6536,.T.);
#6539=ORIENTED_EDGE('',*,*,#6538,.F.);
#6541=ORIENTED_EDGE('',*,*,#6540,.T.);
#6543=ORIENTED_EDGE('',*,*,#6542,.F.);
#6545=ORIENTED_EDGE('',*,*,#6544,.T.);
#6547=ORIENTED_EDGE('',*,*,#6546,.T.);
#6549=ORIENTED_EDGE('',*,*,#6548,.T.);
#6551=ORIENTED_EDGE('',*,*,#6550,.F.);
#6553=ORIENTED_EDGE('',*,*,#6552,.T.);
#6555=ORIENTED_EDGE('',*,*,#6554,.T.);
#6557=ORIENTED_EDGE('',*,*,#6556,.T.);
#6559=ORIENTED_EDGE('',*,*,#6558,.T.);
#6561=ORIENTED_EDGE('',*,*,#6560,.T.);
#6563=ORIENTED_EDGE('',*,*,#6562,.F.);
#6565=ORIENTED_EDGE('',*,*,#6564,.T.);
#6567=ORIENTED_EDGE('',*,*,#6566,.F.);
#6569=ORIENTED_EDGE('',*,*,#6568,.T.);
#6571=ORIENTED_EDGE('',*,*,#6570,.T.);
#6573=ORIENTED_EDGE('',*,*,#6572,.T.);
#6575=ORIENTED_EDGE('',*,*,#6574,.T.);
#6577=ORIENTED_EDGE('',*,*,#6576,.T.);
#6579=ORIENTED_EDGE('',*,*,#6578,.T.);
#6581=ORIENTED_EDGE('',*,*,#6580,.T.);
#6583=ORIENTED_EDGE('',*,*,#6582,.T.);
#6585=ORIENTED_EDGE('',*,*,#6584,.T.);
#6587=ORIENTED_EDGE('',*,*,#6586,.T.);
#6589=ORIENTED_EDGE('',*,*,#6588,.T.);
#6591=ORIENTED_EDGE('',*,*,#6590,.T.);
#6593=ORIENTED_EDGE('',*,*,#6592,.T.);
#6595=ORIENTED_EDGE('',*,*,#6594,.F.);
#6596=ORIENTED_EDGE('',*,*,#6508,.F.);
#6598=ORIENTED_EDGE('',*,*,#6597,.T.);
#6600=ORIENTED_EDGE('',*,*,#6599,.T.);
#6602=ORIENTED_EDGE('',*,*,#6601,.F.);
#6603=ORIENTED_EDGE('',*,*,#6500,.F.);
#6604=ORIENTED_EDGE('',*,*,#5595,.T.);
#6606=ORIENTED_EDGE('',*,*,#6605,.T.);
#6608=ORIENTED_EDGE('',*,*,#6607,.F.);
#6609=ORIENTED_EDGE('',*,*,#6493,.F.);
#6611=ORIENTED_EDGE('',*,*,#6610,.T.);
#6613=ORIENTED_EDGE('',*,*,#6612,.T.);
#6615=ORIENTED_EDGE('',*,*,#6614,.F.);
#6616=ORIENTED_EDGE('',*,*,#6485,.F.);
#6618=ORIENTED_EDGE('',*,*,#6617,.T.);
#6620=ORIENTED_EDGE('',*,*,#6619,.T.);
#6622=ORIENTED_EDGE('',*,*,#6621,.F.);
#6623=ORIENTED_EDGE('',*,*,#6477,.F.);
#6625=ORIENTED_EDGE('',*,*,#6624,.T.);
#6627=ORIENTED_EDGE('',*,*,#6626,.T.);
#6629=ORIENTED_EDGE('',*,*,#6628,.F.);
#6630=ORIENTED_EDGE('',*,*,#6469,.F.);
#6631=EDGE_LOOP('',(#6529,#6531,#6532,#6533,#6535,#6537,#6539,#6541,#6543,#6545,
#6547,#6549,#6551,#6553,#6555,#6557,#6559,#6561,#6563,#6565,#6567,#6569,#6571,
#6573,#6575,#6577,#6579,#6581,#6583,#6585,#6587,#6589,#6591,#6593,#6595,#6596,
#6598,#6600,#6602,#6603,#6604,#6606,#6608,#6609,#6611,#6613,#6615,#6616,#6618,
#6620,#6622,#6623,#6625,#6627,#6629,#6630));
#6632=FACE_OUTER_BOUND('',#6631,.F.);
#6633=ADVANCED_FACE('',(#6632),#6528,.F.);
#6634=CARTESIAN_POINT('',(2.925E0,-2.03E0,-2.22E0));
#6635=DIRECTION('',(0.E0,1.E0,0.E0));
#6636=DIRECTION('',(0.E0,0.E0,1.E0));
#6637=AXIS2_PLACEMENT_3D('',#6634,#6635,#6636);
#6638=PLANE('',#6637);
#6639=ORIENTED_EDGE('',*,*,#6530,.F.);
#6640=ORIENTED_EDGE('',*,*,#6225,.F.);
#6642=ORIENTED_EDGE('',*,*,#6641,.T.);
#6643=ORIENTED_EDGE('',*,*,#6285,.T.);
#6644=EDGE_LOOP('',(#6639,#6640,#6642,#6643));
#6645=FACE_OUTER_BOUND('',#6644,.F.);
#6646=ADVANCED_FACE('',(#6645),#6638,.T.);
#6647=CARTESIAN_POINT('',(2.925E0,-2.13E0,-2.32E0));
#6648=DIRECTION('',(0.E0,7.071067811866E-1,-7.071067811865E-1));
#6649=DIRECTION('',(0.E0,7.071067811865E-1,7.071067811866E-1));
#6650=AXIS2_PLACEMENT_3D('',#6647,#6648,#6649);
#6651=PLANE('',#6650);
#6652=ORIENTED_EDGE('',*,*,#6223,.F.);
#6654=ORIENTED_EDGE('',*,*,#6653,.T.);
#6655=ORIENTED_EDGE('',*,*,#6287,.T.);
#6656=ORIENTED_EDGE('',*,*,#6641,.F.);
#6657=EDGE_LOOP('',(#6652,#6654,#6655,#6656));
#6658=FACE_OUTER_BOUND('',#6657,.F.);
#6659=ADVANCED_FACE('',(#6658),#6651,.T.);
#6660=CARTESIAN_POINT('',(2.925E0,-2.58E0,-2.32E0));
#6661=DIRECTION('',(0.E0,0.E0,-1.E0));
#6662=DIRECTION('',(0.E0,1.E0,0.E0));
#6663=AXIS2_PLACEMENT_3D('',#6660,#6661,#6662);
#6664=PLANE('',#6663);
#6665=ORIENTED_EDGE('',*,*,#6221,.F.);
#6667=ORIENTED_EDGE('',*,*,#6666,.T.);
#6668=ORIENTED_EDGE('',*,*,#6289,.T.);
#6669=ORIENTED_EDGE('',*,*,#6653,.F.);
#6670=EDGE_LOOP('',(#6665,#6667,#6668,#6669));
#6671=FACE_OUTER_BOUND('',#6670,.F.);
#6672=ADVANCED_FACE('',(#6671),#6664,.T.);
#6673=CARTESIAN_POINT('',(2.925E0,-2.68E0,-2.22E0));
#6674=DIRECTION('',(0.E0,-7.071067811865E-1,-7.071067811865E-1));
#6675=DIRECTION('',(0.E0,7.071067811865E-1,-7.071067811865E-1));
#6676=AXIS2_PLACEMENT_3D('',#6673,#6674,#6675);
#6677=PLANE('',#6676);
#6678=ORIENTED_EDGE('',*,*,#6219,.F.);
#6680=ORIENTED_EDGE('',*,*,#6679,.T.);
#6681=ORIENTED_EDGE('',*,*,#6291,.T.);
#6682=ORIENTED_EDGE('',*,*,#6666,.F.);
#6683=EDGE_LOOP('',(#6678,#6680,#6681,#6682));
#6684=FACE_OUTER_BOUND('',#6683,.F.);
#6685=ADVANCED_FACE('',(#6684),#6677,.T.);
#6686=CARTESIAN_POINT('',(2.925E0,-2.68E0,-1.77E0));
#6687=DIRECTION('',(0.E0,-1.E0,0.E0));
#6688=DIRECTION('',(0.E0,0.E0,-1.E0));
#6689=AXIS2_PLACEMENT_3D('',#6686,#6687,#6688);
#6690=PLANE('',#6689);
#6691=ORIENTED_EDGE('',*,*,#6217,.F.);
#6693=ORIENTED_EDGE('',*,*,#6692,.T.);
#6694=ORIENTED_EDGE('',*,*,#6293,.T.);
#6695=ORIENTED_EDGE('',*,*,#6679,.F.);
#6696=EDGE_LOOP('',(#6691,#6693,#6694,#6695));
#6697=FACE_OUTER_BOUND('',#6696,.F.);
#6698=ADVANCED_FACE('',(#6697),#6690,.T.);
#6699=CARTESIAN_POINT('',(2.925E0,-2.58E0,-1.67E0));
#6700=DIRECTION('',(0.E0,-7.071067811865E-1,7.071067811866E-1));
#6701=DIRECTION('',(0.E0,-7.071067811866E-1,-7.071067811865E-1));
#6702=AXIS2_PLACEMENT_3D('',#6699,#6700,#6701);
#6703=PLANE('',#6702);
#6704=ORIENTED_EDGE('',*,*,#6215,.F.);
#6706=ORIENTED_EDGE('',*,*,#6705,.T.);
#6707=ORIENTED_EDGE('',*,*,#6295,.T.);
#6708=ORIENTED_EDGE('',*,*,#6692,.F.);
#6709=EDGE_LOOP('',(#6704,#6706,#6707,#6708));
#6710=FACE_OUTER_BOUND('',#6709,.F.);
#6711=ADVANCED_FACE('',(#6710),#6703,.T.);
#6712=CARTESIAN_POINT('',(2.925E0,-3.8E-1,-1.67E0));
#6713=DIRECTION('',(0.E0,0.E0,1.E0));
#6714=DIRECTION('',(0.E0,-1.E0,0.E0));
#6715=AXIS2_PLACEMENT_3D('',#6712,#6713,#6714);
#6716=PLANE('',#6715);
#6717=ORIENTED_EDGE('',*,*,#6519,.T.);
#6718=ORIENTED_EDGE('',*,*,#6297,.T.);
#6719=ORIENTED_EDGE('',*,*,#6705,.F.);
#6720=ORIENTED_EDGE('',*,*,#6213,.F.);
#6721=EDGE_LOOP('',(#6717,#6718,#6719,#6720));
#6722=FACE_OUTER_BOUND('',#6721,.F.);
#6723=ADVANCED_FACE('',(#6722),#6716,.T.);
#6724=CARTESIAN_POINT('',(3.75E0,-2.62E0,2.27E0));
#6725=DIRECTION('',(6.887494619147E-1,7.249994335944E-1,0.E0));
#6726=DIRECTION('',(-7.249994335944E-1,6.887494619147E-1,0.E0));
#6727=AXIS2_PLACEMENT_3D('',#6724,#6725,#6726);
#6728=PLANE('',#6727);
#6729=ORIENTED_EDGE('',*,*,#6534,.T.);
#6730=ORIENTED_EDGE('',*,*,#6514,.F.);
#6732=ORIENTED_EDGE('',*,*,#6731,.F.);
#6734=ORIENTED_EDGE('',*,*,#6733,.F.);
#6735=EDGE_LOOP('',(#6729,#6730,#6732,#6734));
#6736=FACE_OUTER_BOUND('',#6735,.F.);
#6737=ADVANCED_FACE('',(#6736),#6728,.F.);
#6738=CARTESIAN_POINT('',(0.E0,0.E0,2.27E0));
#6739=DIRECTION('',(0.E0,0.E0,1.E0));
#6740=DIRECTION('',(1.E0,0.E0,0.E0));
#6741=AXIS2_PLACEMENT_3D('',#6738,#6739,#6740);
#6742=PLANE('',#6741);
#6744=ORIENTED_EDGE('',*,*,#6743,.F.);
#6746=ORIENTED_EDGE('',*,*,#6745,.F.);
#6747=ORIENTED_EDGE('',*,*,#6731,.T.);
#6748=ORIENTED_EDGE('',*,*,#6512,.T.);
#6750=ORIENTED_EDGE('',*,*,#6749,.T.);
#6752=ORIENTED_EDGE('',*,*,#6751,.F.);
#6754=ORIENTED_EDGE('',*,*,#6753,.T.);
#6756=ORIENTED_EDGE('',*,*,#6755,.T.);
#6758=ORIENTED_EDGE('',*,*,#6757,.F.);
#6760=ORIENTED_EDGE('',*,*,#6759,.F.);
#6762=ORIENTED_EDGE('',*,*,#6761,.T.);
#6764=ORIENTED_EDGE('',*,*,#6763,.F.);
#6765=EDGE_LOOP('',(#6744,#6746,#6747,#6748,#6750,#6752,#6754,#6756,#6758,#6760,
#6762,#6764));
#6766=FACE_OUTER_BOUND('',#6765,.F.);
#6768=ORIENTED_EDGE('',*,*,#6767,.T.);
#6770=ORIENTED_EDGE('',*,*,#6769,.T.);
#6772=ORIENTED_EDGE('',*,*,#6771,.T.);
#6774=ORIENTED_EDGE('',*,*,#6773,.T.);
#6775=EDGE_LOOP('',(#6768,#6770,#6772,#6774));
#6776=FACE_BOUND('',#6775,.F.);
#6778=ORIENTED_EDGE('',*,*,#6777,.T.);
#6780=ORIENTED_EDGE('',*,*,#6779,.T.);
#6782=ORIENTED_EDGE('',*,*,#6781,.T.);
#6783=ORIENTED_EDGE('',*,*,#5881,.T.);
#6785=ORIENTED_EDGE('',*,*,#6784,.T.);
#6787=ORIENTED_EDGE('',*,*,#6786,.T.);
#6789=ORIENTED_EDGE('',*,*,#6788,.T.);
#6791=ORIENTED_EDGE('',*,*,#6790,.T.);
#6793=ORIENTED_EDGE('',*,*,#6792,.T.);
#6795=ORIENTED_EDGE('',*,*,#6794,.T.);
#6797=ORIENTED_EDGE('',*,*,#6796,.T.);
#6799=ORIENTED_EDGE('',*,*,#6798,.T.);
#6801=ORIENTED_EDGE('',*,*,#6800,.T.);
#6803=ORIENTED_EDGE('',*,*,#6802,.T.);
#6805=ORIENTED_EDGE('',*,*,#6804,.T.);
#6806=ORIENTED_EDGE('',*,*,#5756,.T.);
#6807=EDGE_LOOP('',(#6778,#6780,#6782,#6783,#6785,#6787,#6789,#6791,#6793,#6795,
#6797,#6799,#6801,#6803,#6805,#6806));
#6808=FACE_BOUND('',#6807,.F.);
#6809=ADVANCED_FACE('',(#6766,#6776,#6808),#6742,.T.);
#6810=CARTESIAN_POINT('',(-3.45E0,2.22E0,2.27E0));
#6811=DIRECTION('',(-1.E0,0.E0,0.E0));
#6812=DIRECTION('',(0.E0,-1.E0,0.E0));
#6813=AXIS2_PLACEMENT_3D('',#6810,#6811,#6812);
#6814=PLANE('',#6813);
#6816=ORIENTED_EDGE('',*,*,#6815,.T.);
#6818=ORIENTED_EDGE('',*,*,#6817,.T.);
#6820=ORIENTED_EDGE('',*,*,#6819,.F.);
#6821=ORIENTED_EDGE('',*,*,#6767,.F.);
#6823=ORIENTED_EDGE('',*,*,#6822,.T.);
#6825=ORIENTED_EDGE('',*,*,#6824,.T.);
#6826=EDGE_LOOP('',(#6816,#6818,#6820,#6821,#6823,#6825));
#6827=FACE_OUTER_BOUND('',#6826,.F.);
#6828=ADVANCED_FACE('',(#6827),#6814,.F.);
#6829=CARTESIAN_POINT('',(3.45E0,3.6E-1,-1.02E0));
#6830=DIRECTION('',(0.E0,1.E0,0.E0));
#6831=DIRECTION('',(-1.E0,0.E0,0.E0));
#6832=AXIS2_PLACEMENT_3D('',#6829,#6830,#6831);
#6833=PLANE('',#6832);
#6835=ORIENTED_EDGE('',*,*,#6834,.T.);
#6837=ORIENTED_EDGE('',*,*,#6836,.T.);
#6839=ORIENTED_EDGE('',*,*,#6838,.T.);
#6840=ORIENTED_EDGE('',*,*,#6815,.F.);
#6842=ORIENTED_EDGE('',*,*,#6841,.T.);
#6844=ORIENTED_EDGE('',*,*,#6843,.T.);
#6846=ORIENTED_EDGE('',*,*,#6845,.T.);
#6848=ORIENTED_EDGE('',*,*,#6847,.F.);
#6849=EDGE_LOOP('',(#6835,#6837,#6839,#6840,#6842,#6844,#6846,#6848));
#6850=FACE_OUTER_BOUND('',#6849,.F.);
#6851=ADVANCED_FACE('',(#6850),#6833,.T.);
#6852=CARTESIAN_POINT('',(3.45E0,3.6E-1,-2.E-2));
#6853=DIRECTION('',(0.E0,-1.414213562373E-1,9.899494936612E-1));
#6854=DIRECTION('',(0.E0,9.899494936612E-1,1.414213562373E-1));
#6855=AXIS2_PLACEMENT_3D('',#6852,#6853,#6854);
#6856=PLANE('',#6855);
#6858=ORIENTED_EDGE('',*,*,#6857,.T.);
#6860=ORIENTED_EDGE('',*,*,#6859,.T.);
#6862=ORIENTED_EDGE('',*,*,#6861,.T.);
#6863=ORIENTED_EDGE('',*,*,#6834,.F.);
#6864=EDGE_LOOP('',(#6858,#6860,#6862,#6863));
#6865=FACE_OUTER_BOUND('',#6864,.F.);
#6866=ADVANCED_FACE('',(#6865),#6856,.F.);
#6867=CARTESIAN_POINT('',(2.015E0,3.6E-1,-1.02E0));
#6868=DIRECTION('',(8.682431421245E-1,4.961389383568E-1,0.E0));
#6869=DIRECTION('',(-4.961389383568E-1,8.682431421245E-1,0.E0));
#6870=AXIS2_PLACEMENT_3D('',#6867,#6868,#6869);
#6871=PLANE('',#6870);
#6872=ORIENTED_EDGE('',*,*,#6857,.F.);
#6873=ORIENTED_EDGE('',*,*,#6847,.T.);
#6875=ORIENTED_EDGE('',*,*,#6874,.T.);
#6877=ORIENTED_EDGE('',*,*,#6876,.F.);
#6878=EDGE_LOOP('',(#6872,#6873,#6875,#6877));
#6879=FACE_OUTER_BOUND('',#6878,.F.);
#6880=ADVANCED_FACE('',(#6879),#6871,.T.);
#6881=CARTESIAN_POINT('',(3.45E0,7.1E-1,3.8E-1));
#6882=DIRECTION('',(0.E0,-8.715755371245E-1,-4.902612396326E-1));
#6883=DIRECTION('',(0.E0,-4.902612396326E-1,8.715755371245E-1));
#6884=AXIS2_PLACEMENT_3D('',#6881,#6882,#6883);
#6885=PLANE('',#6884);
#6886=ORIENTED_EDGE('',*,*,#6845,.F.);
#6888=ORIENTED_EDGE('',*,*,#6887,.T.);
#6890=ORIENTED_EDGE('',*,*,#6889,.T.);
#6891=ORIENTED_EDGE('',*,*,#6817,.F.);
#6892=ORIENTED_EDGE('',*,*,#6838,.F.);
#6894=ORIENTED_EDGE('',*,*,#6893,.T.);
#6896=ORIENTED_EDGE('',*,*,#6895,.F.);
#6897=ORIENTED_EDGE('',*,*,#6874,.F.);
#6898=EDGE_LOOP('',(#6886,#6888,#6890,#6891,#6892,#6894,#6896,#6897));
#6899=FACE_OUTER_BOUND('',#6898,.F.);
#6900=ADVANCED_FACE('',(#6899),#6885,.F.);
#6901=CARTESIAN_POINT('',(3.45E0,2.6E-1,2.27E0));
#6902=DIRECTION('',(1.E0,0.E0,0.E0));
#6903=DIRECTION('',(0.E0,1.E0,0.E0));
#6904=AXIS2_PLACEMENT_3D('',#6901,#6902,#6903);
#6905=PLANE('',#6904);
#6907=ORIENTED_EDGE('',*,*,#6906,.F.);
#6908=ORIENTED_EDGE('',*,*,#6887,.F.);
#6909=ORIENTED_EDGE('',*,*,#6843,.F.);
#6911=ORIENTED_EDGE('',*,*,#6910,.T.);
#6913=ORIENTED_EDGE('',*,*,#6912,.F.);
#6914=ORIENTED_EDGE('',*,*,#6771,.F.);
#6915=EDGE_LOOP('',(#6907,#6908,#6909,#6911,#6913,#6914));
#6916=FACE_OUTER_BOUND('',#6915,.F.);
#6917=ADVANCED_FACE('',(#6916),#6905,.F.);
#6918=CARTESIAN_POINT('',(-3.45E0,2.6E-1,2.27E0));
#6919=DIRECTION('',(0.E0,-1.E0,0.E0));
#6920=DIRECTION('',(1.E0,0.E0,0.E0));
#6921=AXIS2_PLACEMENT_3D('',#6918,#6919,#6920);
#6922=PLANE('',#6921);
#6923=ORIENTED_EDGE('',*,*,#6819,.T.);
#6924=ORIENTED_EDGE('',*,*,#6889,.F.);
#6925=ORIENTED_EDGE('',*,*,#6906,.T.);
#6926=ORIENTED_EDGE('',*,*,#6769,.F.);
#6927=EDGE_LOOP('',(#6923,#6924,#6925,#6926));
#6928=FACE_OUTER_BOUND('',#6927,.F.);
#6929=ADVANCED_FACE('',(#6928),#6922,.F.);
#6930=CARTESIAN_POINT('',(0.E0,0.E0,-1.02E0));
#6931=DIRECTION('',(0.E0,0.E0,1.E0));
#6932=DIRECTION('',(1.E0,0.E0,0.E0));
#6933=AXIS2_PLACEMENT_3D('',#6930,#6931,#6932);
#6934=PLANE('',#6933);
#6935=ORIENTED_EDGE('',*,*,#6841,.F.);
#6936=ORIENTED_EDGE('',*,*,#6824,.F.);
#6938=ORIENTED_EDGE('',*,*,#6937,.F.);
#6939=ORIENTED_EDGE('',*,*,#6910,.F.);
#6940=EDGE_LOOP('',(#6935,#6936,#6938,#6939));
#6941=FACE_OUTER_BOUND('',#6940,.F.);
#6942=ADVANCED_FACE('',(#6941),#6934,.T.);
#6943=CARTESIAN_POINT('',(3.45E0,2.22E0,2.27E0));
#6944=DIRECTION('',(0.E0,1.E0,0.E0));
#6945=DIRECTION('',(-1.E0,0.E0,0.E0));
#6946=AXIS2_PLACEMENT_3D('',#6943,#6944,#6945);
#6947=PLANE('',#6946);
#6948=ORIENTED_EDGE('',*,*,#6773,.F.);
#6949=ORIENTED_EDGE('',*,*,#6912,.T.);
#6950=ORIENTED_EDGE('',*,*,#6937,.T.);
#6951=ORIENTED_EDGE('',*,*,#6822,.F.);
#6952=EDGE_LOOP('',(#6948,#6949,#6950,#6951));
#6953=FACE_OUTER_BOUND('',#6952,.F.);
#6954=ADVANCED_FACE('',(#6953),#6947,.F.);
#6955=CARTESIAN_POINT('',(-1.815E0,7.1E-1,-1.02E0));
#6956=DIRECTION('',(-8.682431421245E-1,4.961389383568E-1,0.E0));
#6957=DIRECTION('',(-4.961389383568E-1,-8.682431421245E-1,0.E0));
#6958=AXIS2_PLACEMENT_3D('',#6955,#6956,#6957);
#6959=PLANE('',#6958);
#6960=ORIENTED_EDGE('',*,*,#6861,.F.);
#6962=ORIENTED_EDGE('',*,*,#6961,.T.);
#6963=ORIENTED_EDGE('',*,*,#6893,.F.);
#6964=ORIENTED_EDGE('',*,*,#6836,.F.);
#6965=EDGE_LOOP('',(#6960,#6962,#6963,#6964));
#6966=FACE_OUTER_BOUND('',#6965,.F.);
#6967=ADVANCED_FACE('',(#6966),#6959,.T.);
#6968=CARTESIAN_POINT('',(1.815E0,7.1E-1,-1.02E0));
#6969=DIRECTION('',(0.E0,1.E0,0.E0));
#6970=DIRECTION('',(-1.E0,0.E0,0.E0));
#6971=AXIS2_PLACEMENT_3D('',#6968,#6969,#6970);
#6972=PLANE('',#6971);
#6973=ORIENTED_EDGE('',*,*,#6859,.F.);
#6974=ORIENTED_EDGE('',*,*,#6876,.T.);
#6975=ORIENTED_EDGE('',*,*,#6895,.T.);
#6976=ORIENTED_EDGE('',*,*,#6961,.F.);
#6977=EDGE_LOOP('',(#6973,#6974,#6975,#6976));
#6978=FACE_OUTER_BOUND('',#6977,.F.);
#6979=ADVANCED_FACE('',(#6978),#6972,.T.);
#6980=CARTESIAN_POINT('',(4.7E0,2.62E0,1.59E0));
#6981=DIRECTION('',(-1.E0,0.E0,0.E0));
#6982=DIRECTION('',(0.E0,0.E0,1.E0));
#6983=AXIS2_PLACEMENT_3D('',#6980,#6981,#6982);
#6984=PLANE('',#6983);
#6986=ORIENTED_EDGE('',*,*,#6985,.T.);
#6988=ORIENTED_EDGE('',*,*,#6987,.T.);
#6990=ORIENTED_EDGE('',*,*,#6989,.F.);
#6991=ORIENTED_EDGE('',*,*,#6743,.T.);
#6993=ORIENTED_EDGE('',*,*,#6992,.T.);
#6995=ORIENTED_EDGE('',*,*,#6994,.T.);
#6997=ORIENTED_EDGE('',*,*,#6996,.F.);
#6999=ORIENTED_EDGE('',*,*,#6998,.F.);
#7000=EDGE_LOOP('',(#6986,#6988,#6990,#6991,#6993,#6995,#6997,#6999));
#7001=FACE_OUTER_BOUND('',#7000,.F.);
#7002=ADVANCED_FACE('',(#7001),#6984,.F.);
#7003=CARTESIAN_POINT('',(4.85E0,-6.2E-1,-1.72E0));
#7004=DIRECTION('',(-7.071067811865E-1,-7.071067811865E-1,0.E0));
#7005=DIRECTION('',(-7.071067811865E-1,7.071067811865E-1,0.E0));
#7006=AXIS2_PLACEMENT_3D('',#7003,#7004,#7005);
#7007=PLANE('',#7006);
#7009=ORIENTED_EDGE('',*,*,#7008,.F.);
#7011=ORIENTED_EDGE('',*,*,#7010,.F.);
#7013=ORIENTED_EDGE('',*,*,#7012,.T.);
#7014=ORIENTED_EDGE('',*,*,#6985,.F.);
#7015=EDGE_LOOP('',(#7009,#7011,#7013,#7014));
#7016=FACE_OUTER_BOUND('',#7015,.F.);
#7017=ADVANCED_FACE('',(#7016),#7007,.F.);
#7018=CARTESIAN_POINT('',(4.8E0,1.32E0,-1.72E0));
#7019=DIRECTION('',(0.E0,0.E0,1.E0));
#7020=DIRECTION('',(1.E0,0.E0,0.E0));
#7021=AXIS2_PLACEMENT_3D('',#7018,#7019,#7020);
#7022=PLANE('',#7021);
#7024=ORIENTED_EDGE('',*,*,#7023,.F.);
#7026=ORIENTED_EDGE('',*,*,#7025,.F.);
#7028=ORIENTED_EDGE('',*,*,#7027,.F.);
#7030=ORIENTED_EDGE('',*,*,#7029,.T.);
#7032=ORIENTED_EDGE('',*,*,#7031,.T.);
#7034=ORIENTED_EDGE('',*,*,#7033,.F.);
#7036=ORIENTED_EDGE('',*,*,#7035,.F.);
#7038=ORIENTED_EDGE('',*,*,#7037,.F.);
#7039=EDGE_LOOP('',(#7024,#7026,#7028,#7030,#7032,#7034,#7036,#7038));
#7040=FACE_OUTER_BOUND('',#7039,.F.);
#7042=ORIENTED_EDGE('',*,*,#7041,.T.);
#7044=ORIENTED_EDGE('',*,*,#7043,.T.);
#7046=ORIENTED_EDGE('',*,*,#7045,.T.);
#7048=ORIENTED_EDGE('',*,*,#7047,.F.);
#7050=ORIENTED_EDGE('',*,*,#7049,.T.);
#7052=ORIENTED_EDGE('',*,*,#7051,.T.);
#7054=ORIENTED_EDGE('',*,*,#7053,.T.);
#7056=ORIENTED_EDGE('',*,*,#7055,.T.);
#7058=ORIENTED_EDGE('',*,*,#7057,.T.);
#7060=ORIENTED_EDGE('',*,*,#7059,.T.);
#7061=EDGE_LOOP('',(#7042,#7044,#7046,#7048,#7050,#7052,#7054,#7056,#7058,
#7060));
#7062=FACE_BOUND('',#7061,.F.);
#7063=ADVANCED_FACE('',(#7040,#7062),#7022,.F.);
#7064=CARTESIAN_POINT('',(4.8E0,1.32E0,-1.72E0));
#7065=DIRECTION('',(0.E0,0.E0,1.E0));
#7066=DIRECTION('',(1.E0,0.E0,0.E0));
#7067=AXIS2_PLACEMENT_3D('',#7064,#7065,#7066);
#7068=PLANE('',#7067);
#7070=ORIENTED_EDGE('',*,*,#7069,.T.);
#7072=ORIENTED_EDGE('',*,*,#7071,.F.);
#7074=ORIENTED_EDGE('',*,*,#7073,.F.);
#7076=ORIENTED_EDGE('',*,*,#7075,.F.);
#7078=ORIENTED_EDGE('',*,*,#7077,.T.);
#7080=ORIENTED_EDGE('',*,*,#7079,.T.);
#7082=ORIENTED_EDGE('',*,*,#7081,.F.);
#7084=ORIENTED_EDGE('',*,*,#7083,.T.);
#7085=EDGE_LOOP('',(#7070,#7072,#7074,#7076,#7078,#7080,#7082,#7084));
#7086=FACE_OUTER_BOUND('',#7085,.F.);
#7088=ORIENTED_EDGE('',*,*,#7087,.T.);
#7090=ORIENTED_EDGE('',*,*,#7089,.F.);
#7092=ORIENTED_EDGE('',*,*,#7091,.T.);
#7094=ORIENTED_EDGE('',*,*,#7093,.T.);
#7096=ORIENTED_EDGE('',*,*,#7095,.T.);
#7098=ORIENTED_EDGE('',*,*,#7097,.T.);
#7099=ORIENTED_EDGE('',*,*,#7008,.T.);
#7100=ORIENTED_EDGE('',*,*,#6998,.T.);
#7102=ORIENTED_EDGE('',*,*,#7101,.T.);
#7104=ORIENTED_EDGE('',*,*,#7103,.T.);
#7105=EDGE_LOOP('',(#7088,#7090,#7092,#7094,#7096,#7098,#7099,#7100,#7102,
#7104));
#7106=FACE_BOUND('',#7105,.F.);
#7107=ADVANCED_FACE('',(#7086,#7106),#7068,.F.);
#7108=CARTESIAN_POINT('',(-4.8E0,1.482842712475E-1,-2.17E0));
#7109=DIRECTION('',(7.071067811866E-1,7.071067811865E-1,0.E0));
#7110=DIRECTION('',(7.071067811865E-1,-7.071067811866E-1,0.E0));
#7111=AXIS2_PLACEMENT_3D('',#7108,#7109,#7110);
#7112=PLANE('',#7111);
#7113=ORIENTED_EDGE('',*,*,#6580,.F.);
#7115=ORIENTED_EDGE('',*,*,#7114,.F.);
#7116=ORIENTED_EDGE('',*,*,#7023,.T.);
#7118=ORIENTED_EDGE('',*,*,#7117,.F.);
#7119=EDGE_LOOP('',(#7113,#7115,#7116,#7118));
#7120=FACE_OUTER_BOUND('',#7119,.F.);
#7121=ADVANCED_FACE('',(#7120),#7112,.F.);
#7122=CARTESIAN_POINT('',(-4.8E0,1.32E0,-1.72E0));
#7123=DIRECTION('',(1.E0,0.E0,0.E0));
#7124=DIRECTION('',(0.E0,0.E0,-1.E0));
#7125=AXIS2_PLACEMENT_3D('',#7122,#7123,#7124);
#7126=PLANE('',#7125);
#7127=ORIENTED_EDGE('',*,*,#7114,.T.);
#7128=ORIENTED_EDGE('',*,*,#6578,.F.);
#7130=ORIENTED_EDGE('',*,*,#7129,.F.);
#7131=ORIENTED_EDGE('',*,*,#7025,.T.);
#7132=EDGE_LOOP('',(#7127,#7128,#7130,#7131));
#7133=FACE_OUTER_BOUND('',#7132,.F.);
#7134=ADVANCED_FACE('',(#7133),#7126,.F.);
#7135=CARTESIAN_POINT('',(-4.8E0,1.32E0,-1.72E0));
#7136=DIRECTION('',(1.E0,0.E0,0.E0));
#7137=DIRECTION('',(0.E0,0.E0,-1.E0));
#7138=AXIS2_PLACEMENT_3D('',#7135,#7136,#7137);
#7139=PLANE('',#7138);
#7141=ORIENTED_EDGE('',*,*,#7140,.F.);
#7142=ORIENTED_EDGE('',*,*,#7033,.T.);
#7144=ORIENTED_EDGE('',*,*,#7143,.T.);
#7145=ORIENTED_EDGE('',*,*,#6586,.F.);
#7146=EDGE_LOOP('',(#7141,#7142,#7144,#7145));
#7147=FACE_OUTER_BOUND('',#7146,.F.);
#7148=ADVANCED_FACE('',(#7147),#7139,.F.);
#7149=CARTESIAN_POINT('',(-5.375E0,1.32E0,2.27E0));
#7150=DIRECTION('',(0.E0,-1.E0,0.E0));
#7151=DIRECTION('',(1.E0,0.E0,0.E0));
#7152=AXIS2_PLACEMENT_3D('',#7149,#7150,#7151);
#7153=PLANE('',#7152);
#7155=ORIENTED_EDGE('',*,*,#7154,.T.);
#7157=ORIENTED_EDGE('',*,*,#7156,.F.);
#7158=ORIENTED_EDGE('',*,*,#6755,.F.);
#7160=ORIENTED_EDGE('',*,*,#7159,.T.);
#7162=ORIENTED_EDGE('',*,*,#7161,.T.);
#7164=ORIENTED_EDGE('',*,*,#7163,.T.);
#7166=ORIENTED_EDGE('',*,*,#7165,.F.);
#7168=ORIENTED_EDGE('',*,*,#7167,.F.);
#7169=ORIENTED_EDGE('',*,*,#7027,.T.);
#7170=ORIENTED_EDGE('',*,*,#7129,.T.);
#7171=ORIENTED_EDGE('',*,*,#6576,.F.);
#7172=EDGE_LOOP('',(#7155,#7157,#7158,#7160,#7162,#7164,#7166,#7168,#7169,#7170,
#7171));
#7173=FACE_OUTER_BOUND('',#7172,.F.);
#7174=ADVANCED_FACE('',(#7173),#7153,.F.);
#7175=CARTESIAN_POINT('',(-3.95E0,1.17E0,-2.22E0));
#7176=DIRECTION('',(0.E0,3.162277660168E-1,-9.486832980505E-1));
#7177=DIRECTION('',(0.E0,9.486832980505E-1,3.162277660168E-1));
#7178=AXIS2_PLACEMENT_3D('',#7175,#7176,#7177);
#7179=PLANE('',#7178);
#7181=ORIENTED_EDGE('',*,*,#7180,.T.);
#7182=ORIENTED_EDGE('',*,*,#6568,.F.);
#7183=ORIENTED_EDGE('',*,*,#7154,.F.);
#7185=ORIENTED_EDGE('',*,*,#7184,.T.);
#7187=ORIENTED_EDGE('',*,*,#7186,.T.);
#7188=EDGE_LOOP('',(#7181,#7182,#7183,#7185,#7187));
#7189=FACE_OUTER_BOUND('',#7188,.F.);
#7190=ADVANCED_FACE('',(#7189),#7179,.T.);
#7191=CARTESIAN_POINT('',(-3.6E0,1.32E0,-2.17E0));
#7192=DIRECTION('',(1.E0,0.E0,0.E0));
#7193=DIRECTION('',(0.E0,-1.E0,0.E0));
#7194=AXIS2_PLACEMENT_3D('',#7191,#7192,#7193);
#7195=PLANE('',#7194);
#7196=ORIENTED_EDGE('',*,*,#7180,.F.);
#7198=ORIENTED_EDGE('',*,*,#7197,.T.);
#7200=ORIENTED_EDGE('',*,*,#7199,.F.);
#7201=ORIENTED_EDGE('',*,*,#6570,.F.);
#7202=EDGE_LOOP('',(#7196,#7198,#7200,#7201));
#7203=FACE_OUTER_BOUND('',#7202,.F.);
#7204=ADVANCED_FACE('',(#7203),#7195,.T.);
#7205=CARTESIAN_POINT('',(0.E0,2.62E0,-2.27E0));
#7206=DIRECTION('',(0.E0,0.E0,-1.E0));
#7207=DIRECTION('',(-1.E0,0.E0,0.E0));
#7208=AXIS2_PLACEMENT_3D('',#7205,#7206,#7207);
#7209=PLANE('',#7208);
#7211=ORIENTED_EDGE('',*,*,#7210,.F.);
#7213=ORIENTED_EDGE('',*,*,#7212,.F.);
#7215=ORIENTED_EDGE('',*,*,#7214,.F.);
#7217=ORIENTED_EDGE('',*,*,#7216,.F.);
#7218=EDGE_LOOP('',(#7211,#7213,#7215,#7217));
#7219=FACE_OUTER_BOUND('',#7218,.F.);
#7220=ADVANCED_FACE('',(#7219),#7209,.T.);
#7221=CARTESIAN_POINT('',(0.E0,2.62E0,-2.27E0));
#7222=DIRECTION('',(0.E0,0.E0,-1.E0));
#7223=DIRECTION('',(-1.E0,0.E0,0.E0));
#7224=AXIS2_PLACEMENT_3D('',#7221,#7222,#7223);
#7225=PLANE('',#7224);
#7226=ORIENTED_EDGE('',*,*,#7186,.F.);
#7228=ORIENTED_EDGE('',*,*,#7227,.F.);
#7230=ORIENTED_EDGE('',*,*,#7229,.F.);
#7231=ORIENTED_EDGE('',*,*,#7197,.F.);
#7232=EDGE_LOOP('',(#7226,#7228,#7230,#7231));
#7233=FACE_OUTER_BOUND('',#7232,.F.);
#7234=ADVANCED_FACE('',(#7233),#7225,.T.);
#7235=CARTESIAN_POINT('',(4.15E0,7.7E-1,-2.22E0));
#7236=DIRECTION('',(3.162277660168E-1,0.E0,-9.486832980505E-1));
#7237=DIRECTION('',(9.486832980505E-1,0.E0,3.162277660168E-1));
#7238=AXIS2_PLACEMENT_3D('',#7235,#7236,#7237);
#7239=PLANE('',#7238);
#7241=ORIENTED_EDGE('',*,*,#7240,.T.);
#7242=ORIENTED_EDGE('',*,*,#6554,.F.);
#7244=ORIENTED_EDGE('',*,*,#7243,.F.);
#7245=ORIENTED_EDGE('',*,*,#7210,.T.);
#7246=EDGE_LOOP('',(#7241,#7242,#7244,#7245));
#7247=FACE_OUTER_BOUND('',#7246,.F.);
#7248=ADVANCED_FACE('',(#7247),#7239,.T.);
#7249=CARTESIAN_POINT('',(4.3E0,2.2E-1,-2.17E0));
#7250=DIRECTION('',(0.E0,-1.E0,0.E0));
#7251=DIRECTION('',(-1.E0,0.E0,0.E0));
#7252=AXIS2_PLACEMENT_3D('',#7249,#7250,#7251);
#7253=PLANE('',#7252);
#7254=ORIENTED_EDGE('',*,*,#7240,.F.);
#7255=ORIENTED_EDGE('',*,*,#7216,.T.);
#7257=ORIENTED_EDGE('',*,*,#7256,.F.);
#7258=ORIENTED_EDGE('',*,*,#6556,.F.);
#7259=EDGE_LOOP('',(#7254,#7255,#7257,#7258));
#7260=FACE_OUTER_BOUND('',#7259,.F.);
#7261=ADVANCED_FACE('',(#7260),#7253,.T.);
#7262=CARTESIAN_POINT('',(3.6E0,2.2E-1,-2.17E0));
#7263=DIRECTION('',(-1.E0,0.E0,0.E0));
#7264=DIRECTION('',(0.E0,1.E0,0.E0));
#7265=AXIS2_PLACEMENT_3D('',#7262,#7263,#7264);
#7266=PLANE('',#7265);
#7268=ORIENTED_EDGE('',*,*,#7267,.F.);
#7269=ORIENTED_EDGE('',*,*,#6558,.F.);
#7270=ORIENTED_EDGE('',*,*,#7256,.T.);
#7271=ORIENTED_EDGE('',*,*,#7214,.T.);
#7272=EDGE_LOOP('',(#7268,#7269,#7270,#7271));
#7273=FACE_OUTER_BOUND('',#7272,.F.);
#7274=ADVANCED_FACE('',(#7273),#7266,.T.);
#7275=CARTESIAN_POINT('',(3.95E0,1.17E0,-2.22E0));
#7276=DIRECTION('',(0.E0,3.162277660168E-1,-9.486832980505E-1));
#7277=DIRECTION('',(0.E0,9.486832980505E-1,3.162277660168E-1));
#7278=AXIS2_PLACEMENT_3D('',#7275,#7276,#7277);
#7279=PLANE('',#7278);
#7280=ORIENTED_EDGE('',*,*,#7267,.T.);
#7281=ORIENTED_EDGE('',*,*,#7212,.T.);
#7282=ORIENTED_EDGE('',*,*,#7243,.T.);
#7284=ORIENTED_EDGE('',*,*,#7283,.F.);
#7285=ORIENTED_EDGE('',*,*,#6560,.F.);
#7286=EDGE_LOOP('',(#7280,#7281,#7282,#7284,#7285));
#7287=FACE_OUTER_BOUND('',#7286,.F.);
#7288=ADVANCED_FACE('',(#7287),#7279,.T.);
#7289=CARTESIAN_POINT('',(4.25E0,1.32E0,2.27E0));
#7290=DIRECTION('',(0.E0,-1.E0,0.E0));
#7291=DIRECTION('',(1.E0,0.E0,0.E0));
#7292=AXIS2_PLACEMENT_3D('',#7289,#7290,#7291);
#7293=PLANE('',#7292);
#7294=ORIENTED_EDGE('',*,*,#7283,.T.);
#7295=ORIENTED_EDGE('',*,*,#6552,.F.);
#7297=ORIENTED_EDGE('',*,*,#7296,.T.);
#7298=ORIENTED_EDGE('',*,*,#7083,.F.);
#7300=ORIENTED_EDGE('',*,*,#7299,.T.);
#7302=ORIENTED_EDGE('',*,*,#7301,.T.);
#7304=ORIENTED_EDGE('',*,*,#7303,.T.);
#7306=ORIENTED_EDGE('',*,*,#7305,.T.);
#7307=ORIENTED_EDGE('',*,*,#6992,.F.);
#7308=ORIENTED_EDGE('',*,*,#6763,.T.);
#7310=ORIENTED_EDGE('',*,*,#7309,.T.);
#7311=EDGE_LOOP('',(#7294,#7295,#7297,#7298,#7300,#7302,#7304,#7306,#7307,#7308,
#7310));
#7312=FACE_OUTER_BOUND('',#7311,.F.);
#7313=ADVANCED_FACE('',(#7312),#7293,.F.);
#7314=CARTESIAN_POINT('',(4.8E0,1.32E0,-2.17E0));
#7315=DIRECTION('',(-1.E0,0.E0,0.E0));
#7316=DIRECTION('',(0.E0,0.E0,1.E0));
#7317=AXIS2_PLACEMENT_3D('',#7314,#7315,#7316);
#7318=PLANE('',#7317);
#7320=ORIENTED_EDGE('',*,*,#7319,.F.);
#7321=ORIENTED_EDGE('',*,*,#6542,.T.);
#7323=ORIENTED_EDGE('',*,*,#7322,.T.);
#7324=ORIENTED_EDGE('',*,*,#7077,.F.);
#7325=EDGE_LOOP('',(#7320,#7321,#7323,#7324));
#7326=FACE_OUTER_BOUND('',#7325,.F.);
#7327=ADVANCED_FACE('',(#7326),#7318,.F.);
#7328=CARTESIAN_POINT('',(4.8E0,1.32E0,-2.17E0));
#7329=DIRECTION('',(-1.E0,0.E0,0.E0));
#7330=DIRECTION('',(0.E0,0.E0,1.E0));
#7331=AXIS2_PLACEMENT_3D('',#7328,#7329,#7330);
#7332=PLANE('',#7331);
#7334=ORIENTED_EDGE('',*,*,#7333,.T.);
#7335=ORIENTED_EDGE('',*,*,#7069,.F.);
#7336=ORIENTED_EDGE('',*,*,#7296,.F.);
#7337=ORIENTED_EDGE('',*,*,#6550,.T.);
#7338=EDGE_LOOP('',(#7334,#7335,#7336,#7337));
#7339=FACE_OUTER_BOUND('',#7338,.F.);
#7340=ADVANCED_FACE('',(#7339),#7332,.F.);
#7341=CARTESIAN_POINT('',(4.8E0,-5.982842712475E-1,-2.17E0));
#7342=DIRECTION('',(-7.071067811865E-1,-7.071067811866E-1,0.E0));
#7343=DIRECTION('',(-7.071067811866E-1,7.071067811865E-1,0.E0));
#7344=AXIS2_PLACEMENT_3D('',#7341,#7342,#7343);
#7345=PLANE('',#7344);
#7346=ORIENTED_EDGE('',*,*,#6544,.F.);
#7347=ORIENTED_EDGE('',*,*,#7319,.T.);
#7348=ORIENTED_EDGE('',*,*,#7075,.T.);
#7350=ORIENTED_EDGE('',*,*,#7349,.F.);
#7351=EDGE_LOOP('',(#7346,#7347,#7348,#7350));
#7352=FACE_OUTER_BOUND('',#7351,.F.);
#7353=ADVANCED_FACE('',(#7352),#7345,.F.);
#7354=CARTESIAN_POINT('',(4.68E0,-4.782842712475E-1,-2.17E0));
#7355=DIRECTION('',(-1.E0,0.E0,0.E0));
#7356=DIRECTION('',(0.E0,1.E0,0.E0));
#7357=AXIS2_PLACEMENT_3D('',#7354,#7355,#7356);
#7358=PLANE('',#7357);
#7359=ORIENTED_EDGE('',*,*,#6546,.F.);
#7360=ORIENTED_EDGE('',*,*,#7349,.T.);
#7361=ORIENTED_EDGE('',*,*,#7073,.T.);
#7363=ORIENTED_EDGE('',*,*,#7362,.F.);
#7364=EDGE_LOOP('',(#7359,#7360,#7361,#7363));
#7365=FACE_OUTER_BOUND('',#7364,.F.);
#7366=ADVANCED_FACE('',(#7365),#7358,.F.);
#7367=CARTESIAN_POINT('',(4.68E0,2.828427124748E-2,-2.17E0));
#7368=DIRECTION('',(-7.071067811866E-1,7.071067811865E-1,0.E0));
#7369=DIRECTION('',(7.071067811865E-1,7.071067811866E-1,0.E0));
#7370=AXIS2_PLACEMENT_3D('',#7367,#7368,#7369);
#7371=PLANE('',#7370);
#7372=ORIENTED_EDGE('',*,*,#6548,.F.);
#7373=ORIENTED_EDGE('',*,*,#7362,.T.);
#7374=ORIENTED_EDGE('',*,*,#7071,.T.);
#7375=ORIENTED_EDGE('',*,*,#7333,.F.);
#7376=EDGE_LOOP('',(#7372,#7373,#7374,#7375));
#7377=FACE_OUTER_BOUND('',#7376,.F.);
#7378=ADVANCED_FACE('',(#7377),#7371,.F.);
#7379=CARTESIAN_POINT('',(0.E0,-1.62E0,2.27E0));
#7380=DIRECTION('',(0.E0,1.E0,0.E0));
#7381=DIRECTION('',(-1.E0,0.E0,0.E0));
#7382=AXIS2_PLACEMENT_3D('',#7379,#7380,#7381);
#7383=PLANE('',#7382);
#7385=ORIENTED_EDGE('',*,*,#7384,.F.);
#7387=ORIENTED_EDGE('',*,*,#7386,.T.);
#7389=ORIENTED_EDGE('',*,*,#7388,.T.);
#7390=ORIENTED_EDGE('',*,*,#6588,.F.);
#7391=ORIENTED_EDGE('',*,*,#7143,.F.);
#7392=ORIENTED_EDGE('',*,*,#7031,.F.);
#7393=EDGE_LOOP('',(#7385,#7387,#7389,#7390,#7391,#7392));
#7394=FACE_OUTER_BOUND('',#7393,.F.);
#7395=ADVANCED_FACE('',(#7394),#7383,.T.);
#7396=CARTESIAN_POINT('',(0.E0,-1.62E0,2.27E0));
#7397=DIRECTION('',(0.E0,1.E0,0.E0));
#7398=DIRECTION('',(-1.E0,0.E0,0.E0));
#7399=AXIS2_PLACEMENT_3D('',#7396,#7397,#7398);
#7400=PLANE('',#7399);
#7402=ORIENTED_EDGE('',*,*,#7401,.T.);
#7403=ORIENTED_EDGE('',*,*,#7079,.F.);
#7404=ORIENTED_EDGE('',*,*,#7322,.F.);
#7405=ORIENTED_EDGE('',*,*,#6540,.F.);
#7407=ORIENTED_EDGE('',*,*,#7406,.T.);
#7409=ORIENTED_EDGE('',*,*,#7408,.T.);
#7410=EDGE_LOOP('',(#7402,#7403,#7404,#7405,#7407,#7409));
#7411=FACE_OUTER_BOUND('',#7410,.F.);
#7412=ADVANCED_FACE('',(#7411),#7400,.T.);
#7413=CARTESIAN_POINT('',(-5.375E0,2.62E0,-2.27E0));
#7414=DIRECTION('',(-1.E0,0.E0,0.E0));
#7415=DIRECTION('',(0.E0,-1.E0,0.E0));
#7416=AXIS2_PLACEMENT_3D('',#7413,#7414,#7415);
#7417=PLANE('',#7416);
#7419=ORIENTED_EDGE('',*,*,#7418,.F.);
#7421=ORIENTED_EDGE('',*,*,#7420,.F.);
#7423=ORIENTED_EDGE('',*,*,#7422,.T.);
#7425=ORIENTED_EDGE('',*,*,#7424,.F.);
#7427=ORIENTED_EDGE('',*,*,#7426,.F.);
#7428=ORIENTED_EDGE('',*,*,#7384,.T.);
#7429=ORIENTED_EDGE('',*,*,#7029,.F.);
#7430=ORIENTED_EDGE('',*,*,#7167,.T.);
#7432=ORIENTED_EDGE('',*,*,#7431,.T.);
#7434=ORIENTED_EDGE('',*,*,#7433,.T.);
#7435=EDGE_LOOP('',(#7419,#7421,#7423,#7425,#7427,#7428,#7429,#7430,#7432,
#7434));
#7436=FACE_OUTER_BOUND('',#7435,.F.);
#7437=ADVANCED_FACE('',(#7436),#7417,.T.);
#7438=CARTESIAN_POINT('',(0.E0,2.62E0,5.3E-1));
#7439=DIRECTION('',(0.E0,0.E0,1.E0));
#7440=DIRECTION('',(1.E0,0.E0,0.E0));
#7441=AXIS2_PLACEMENT_3D('',#7438,#7439,#7440);
#7442=PLANE('',#7441);
#7443=ORIENTED_EDGE('',*,*,#7418,.T.);
#7445=ORIENTED_EDGE('',*,*,#7444,.F.);
#7447=ORIENTED_EDGE('',*,*,#7446,.F.);
#7448=EDGE_LOOP('',(#7443,#7445,#7447));
#7449=FACE_OUTER_BOUND('',#7448,.F.);
#7450=ADVANCED_FACE('',(#7449),#7442,.T.);
#7451=CARTESIAN_POINT('',(-4.875E0,-1.86E0,6.3E-1));
#7452=DIRECTION('',(4.472135955E-1,8.944271909999E-1,0.E0));
#7453=DIRECTION('',(-8.944271909999E-1,4.472135955E-1,0.E0));
#7454=AXIS2_PLACEMENT_3D('',#7451,#7452,#7453);
#7455=PLANE('',#7454);
#7456=ORIENTED_EDGE('',*,*,#7433,.F.);
#7458=ORIENTED_EDGE('',*,*,#7457,.F.);
#7460=ORIENTED_EDGE('',*,*,#7459,.T.);
#7461=ORIENTED_EDGE('',*,*,#7444,.T.);
#7462=EDGE_LOOP('',(#7456,#7458,#7460,#7461));
#7463=FACE_OUTER_BOUND('',#7462,.F.);
#7464=ADVANCED_FACE('',(#7463),#7455,.F.);
#7465=CARTESIAN_POINT('',(-4.85E0,2.62E0,6.3E-1));
#7466=DIRECTION('',(0.E0,0.E0,-1.E0));
#7467=DIRECTION('',(-1.E0,0.E0,0.E0));
#7468=AXIS2_PLACEMENT_3D('',#7465,#7466,#7467);
#7469=PLANE('',#7468);
#7471=ORIENTED_EDGE('',*,*,#7470,.T.);
#7472=ORIENTED_EDGE('',*,*,#7457,.T.);
#7473=ORIENTED_EDGE('',*,*,#7431,.F.);
#7474=ORIENTED_EDGE('',*,*,#7165,.T.);
#7476=ORIENTED_EDGE('',*,*,#7475,.T.);
#7478=ORIENTED_EDGE('',*,*,#7477,.F.);
#7480=ORIENTED_EDGE('',*,*,#7479,.F.);
#7482=ORIENTED_EDGE('',*,*,#7481,.F.);
#7484=ORIENTED_EDGE('',*,*,#7483,.F.);
#7486=ORIENTED_EDGE('',*,*,#7485,.F.);
#7488=ORIENTED_EDGE('',*,*,#7487,.T.);
#7490=ORIENTED_EDGE('',*,*,#7489,.F.);
#7491=ORIENTED_EDGE('',*,*,#7422,.F.);
#7492=EDGE_LOOP('',(#7471,#7472,#7473,#7474,#7476,#7478,#7480,#7482,#7484,#7486,
#7488,#7490,#7491));
#7493=FACE_OUTER_BOUND('',#7492,.F.);
#7494=ADVANCED_FACE('',(#7493),#7469,.F.);
#7495=CARTESIAN_POINT('',(-5.375E0,-2.11E0,6.3E-1));
#7496=DIRECTION('',(4.472135955E-1,-8.944271909999E-1,0.E0));
#7497=DIRECTION('',(8.944271909999E-1,4.472135955E-1,0.E0));
#7498=AXIS2_PLACEMENT_3D('',#7495,#7496,#7497);
#7499=PLANE('',#7498);
#7500=ORIENTED_EDGE('',*,*,#7420,.T.);
#7501=ORIENTED_EDGE('',*,*,#7446,.T.);
#7502=ORIENTED_EDGE('',*,*,#7459,.F.);
#7503=ORIENTED_EDGE('',*,*,#7470,.F.);
#7504=EDGE_LOOP('',(#7500,#7501,#7502,#7503));
#7505=FACE_OUTER_BOUND('',#7504,.F.);
#7506=ADVANCED_FACE('',(#7505),#7499,.F.);
#7507=CARTESIAN_POINT('',(-4.85E0,2.62E0,1.55E0));
#7508=DIRECTION('',(1.E0,0.E0,0.E0));
#7509=DIRECTION('',(0.E0,0.E0,-1.E0));
#7510=AXIS2_PLACEMENT_3D('',#7507,#7508,#7509);
#7511=PLANE('',#7510);
#7513=ORIENTED_EDGE('',*,*,#7512,.T.);
#7514=ORIENTED_EDGE('',*,*,#7043,.F.);
#7516=ORIENTED_EDGE('',*,*,#7515,.T.);
#7517=ORIENTED_EDGE('',*,*,#7475,.F.);
#7518=ORIENTED_EDGE('',*,*,#7163,.F.);
#7520=ORIENTED_EDGE('',*,*,#7519,.T.);
#7521=EDGE_LOOP('',(#7513,#7514,#7516,#7517,#7518,#7520));
#7522=FACE_OUTER_BOUND('',#7521,.F.);
#7523=ADVANCED_FACE('',(#7522),#7511,.F.);
#7524=CARTESIAN_POINT('',(-4.85E0,2.62E0,1.55E0));
#7525=DIRECTION('',(1.E0,0.E0,0.E0));
#7526=DIRECTION('',(0.E0,0.E0,-1.E0));
#7527=AXIS2_PLACEMENT_3D('',#7524,#7525,#7526);
#7528=PLANE('',#7527);
#7529=ORIENTED_EDGE('',*,*,#7487,.F.);
#7531=ORIENTED_EDGE('',*,*,#7530,.F.);
#7532=ORIENTED_EDGE('',*,*,#7051,.F.);
#7534=ORIENTED_EDGE('',*,*,#7533,.T.);
#7536=ORIENTED_EDGE('',*,*,#7535,.T.);
#7538=ORIENTED_EDGE('',*,*,#7537,.T.);
#7539=EDGE_LOOP('',(#7529,#7531,#7532,#7534,#7536,#7538));
#7540=FACE_OUTER_BOUND('',#7539,.F.);
#7541=ADVANCED_FACE('',(#7540),#7528,.F.);
#7542=CARTESIAN_POINT('',(-4.85E0,1.7E-1,-1.72E0));
#7543=DIRECTION('',(7.071067811865E-1,7.071067811865E-1,0.E0));
#7544=DIRECTION('',(7.071067811865E-1,-7.071067811865E-1,0.E0));
#7545=AXIS2_PLACEMENT_3D('',#7542,#7543,#7544);
#7546=PLANE('',#7545);
#7547=ORIENTED_EDGE('',*,*,#7045,.F.);
#7548=ORIENTED_EDGE('',*,*,#7512,.F.);
#7550=ORIENTED_EDGE('',*,*,#7549,.T.);
#7552=ORIENTED_EDGE('',*,*,#7551,.F.);
#7553=EDGE_LOOP('',(#7547,#7548,#7550,#7552));
#7554=FACE_OUTER_BOUND('',#7553,.F.);
#7555=ADVANCED_FACE('',(#7554),#7546,.F.);
#7556=CARTESIAN_POINT('',(-4.7E0,2.62E0,1.59E0));
#7557=DIRECTION('',(2.576626505603E-1,0.E0,-9.662349396012E-1));
#7558=DIRECTION('',(-9.662349396012E-1,0.E0,-2.576626505603E-1));
#7559=AXIS2_PLACEMENT_3D('',#7556,#7557,#7558);
#7560=PLANE('',#7559);
#7561=ORIENTED_EDGE('',*,*,#7549,.F.);
#7562=ORIENTED_EDGE('',*,*,#7519,.F.);
#7563=ORIENTED_EDGE('',*,*,#7161,.F.);
#7565=ORIENTED_EDGE('',*,*,#7564,.T.);
#7566=EDGE_LOOP('',(#7561,#7562,#7563,#7565));
#7567=FACE_OUTER_BOUND('',#7566,.F.);
#7568=ADVANCED_FACE('',(#7567),#7560,.F.);
#7569=CARTESIAN_POINT('',(-4.7E0,2.62E0,1.59E0));
#7570=DIRECTION('',(2.576626505603E-1,0.E0,-9.662349396012E-1));
#7571=DIRECTION('',(-9.662349396012E-1,0.E0,-2.576626505603E-1));
#7572=AXIS2_PLACEMENT_3D('',#7569,#7570,#7571);
#7573=PLANE('',#7572);
#7575=ORIENTED_EDGE('',*,*,#7574,.F.);
#7577=ORIENTED_EDGE('',*,*,#7576,.T.);
#7579=ORIENTED_EDGE('',*,*,#7578,.T.);
#7580=ORIENTED_EDGE('',*,*,#7535,.F.);
#7581=EDGE_LOOP('',(#7575,#7577,#7579,#7580));
#7582=FACE_OUTER_BOUND('',#7581,.F.);
#7583=ADVANCED_FACE('',(#7582),#7573,.F.);
#7584=CARTESIAN_POINT('',(-4.7E0,2.62E0,2.27E0));
#7585=DIRECTION('',(1.E0,0.E0,0.E0));
#7586=DIRECTION('',(0.E0,0.E0,-1.E0));
#7587=AXIS2_PLACEMENT_3D('',#7584,#7585,#7586);
#7588=PLANE('',#7587);
#7589=ORIENTED_EDGE('',*,*,#7551,.T.);
#7590=ORIENTED_EDGE('',*,*,#7564,.F.);
#7591=ORIENTED_EDGE('',*,*,#7159,.F.);
#7592=ORIENTED_EDGE('',*,*,#6753,.F.);
#7594=ORIENTED_EDGE('',*,*,#7593,.T.);
#7595=ORIENTED_EDGE('',*,*,#7576,.F.);
#7597=ORIENTED_EDGE('',*,*,#7596,.F.);
#7598=ORIENTED_EDGE('',*,*,#7047,.T.);
#7599=EDGE_LOOP('',(#7589,#7590,#7591,#7592,#7594,#7595,#7597,#7598));
#7600=FACE_OUTER_BOUND('',#7599,.F.);
#7601=ADVANCED_FACE('',(#7600),#7588,.F.);
#7602=CARTESIAN_POINT('',(-5.375E0,-2.62E0,-2.27E0));
#7603=DIRECTION('',(0.E0,-1.E0,0.E0));
#7604=DIRECTION('',(1.E0,0.E0,0.E0));
#7605=AXIS2_PLACEMENT_3D('',#7602,#7603,#7604);
#7606=PLANE('',#7605);
#7608=ORIENTED_EDGE('',*,*,#7607,.F.);
#7610=ORIENTED_EDGE('',*,*,#7609,.F.);
#7612=ORIENTED_EDGE('',*,*,#7611,.F.);
#7614=ORIENTED_EDGE('',*,*,#7613,.T.);
#7615=ORIENTED_EDGE('',*,*,#6536,.F.);
#7616=ORIENTED_EDGE('',*,*,#6733,.T.);
#7617=ORIENTED_EDGE('',*,*,#6745,.T.);
#7618=ORIENTED_EDGE('',*,*,#6989,.T.);
#7620=ORIENTED_EDGE('',*,*,#7619,.F.);
#7622=ORIENTED_EDGE('',*,*,#7621,.F.);
#7623=EDGE_LOOP('',(#7608,#7610,#7612,#7614,#7615,#7616,#7617,#7618,#7620,
#7622));
#7624=FACE_OUTER_BOUND('',#7623,.F.);
#7625=ADVANCED_FACE('',(#7624),#7606,.T.);
#7626=CARTESIAN_POINT('',(-5.375E0,-2.62E0,-2.27E0));
#7627=DIRECTION('',(0.E0,-1.E0,0.E0));
#7628=DIRECTION('',(1.E0,0.E0,0.E0));
#7629=AXIS2_PLACEMENT_3D('',#7626,#7627,#7628);
#7630=PLANE('',#7629);
#7631=ORIENTED_EDGE('',*,*,#7424,.T.);
#7632=ORIENTED_EDGE('',*,*,#7489,.T.);
#7633=ORIENTED_EDGE('',*,*,#7537,.F.);
#7634=ORIENTED_EDGE('',*,*,#7578,.F.);
#7635=ORIENTED_EDGE('',*,*,#7593,.F.);
#7636=ORIENTED_EDGE('',*,*,#6751,.T.);
#7638=ORIENTED_EDGE('',*,*,#7637,.F.);
#7639=ORIENTED_EDGE('',*,*,#6592,.F.);
#7641=ORIENTED_EDGE('',*,*,#7640,.F.);
#7643=ORIENTED_EDGE('',*,*,#7642,.F.);
#7644=EDGE_LOOP('',(#7631,#7632,#7633,#7634,#7635,#7636,#7638,#7639,#7641,
#7643));
#7645=FACE_OUTER_BOUND('',#7644,.F.);
#7646=ADVANCED_FACE('',(#7645),#7630,.T.);
#7647=CARTESIAN_POINT('',(5.375E0,2.62E0,6.3E-1));
#7648=DIRECTION('',(0.E0,0.E0,-1.E0));
#7649=DIRECTION('',(-1.E0,0.E0,0.E0));
#7650=AXIS2_PLACEMENT_3D('',#7647,#7648,#7649);
#7651=PLANE('',#7650);
#7653=ORIENTED_EDGE('',*,*,#7652,.F.);
#7655=ORIENTED_EDGE('',*,*,#7654,.F.);
#7656=ORIENTED_EDGE('',*,*,#7301,.F.);
#7658=ORIENTED_EDGE('',*,*,#7657,.F.);
#7659=ORIENTED_EDGE('',*,*,#7607,.T.);
#7661=ORIENTED_EDGE('',*,*,#7660,.F.);
#7663=ORIENTED_EDGE('',*,*,#7662,.F.);
#7665=ORIENTED_EDGE('',*,*,#7664,.F.);
#7667=ORIENTED_EDGE('',*,*,#7666,.F.);
#7669=ORIENTED_EDGE('',*,*,#7668,.T.);
#7670=EDGE_LOOP('',(#7653,#7655,#7656,#7658,#7659,#7661,#7663,#7665,#7667,
#7669));
#7671=FACE_OUTER_BOUND('',#7670,.F.);
#7672=ADVANCED_FACE('',(#7671),#7651,.F.);
#7673=CARTESIAN_POINT('',(4.85E0,5.9E-1,-1.72E0));
#7674=DIRECTION('',(0.E0,1.E0,0.E0));
#7675=DIRECTION('',(1.E0,0.E0,0.E0));
#7676=AXIS2_PLACEMENT_3D('',#7673,#7674,#7675);
#7677=PLANE('',#7676);
#7679=ORIENTED_EDGE('',*,*,#7678,.F.);
#7680=ORIENTED_EDGE('',*,*,#7666,.T.);
#7682=ORIENTED_EDGE('',*,*,#7681,.F.);
#7683=ORIENTED_EDGE('',*,*,#7091,.F.);
#7684=EDGE_LOOP('',(#7679,#7680,#7682,#7683));
#7685=FACE_OUTER_BOUND('',#7684,.F.);
#7686=ADVANCED_FACE('',(#7685),#7677,.F.);
#7687=CARTESIAN_POINT('',(4.85E0,5.9E-1,-1.72E0));
#7688=DIRECTION('',(0.E0,1.E0,0.E0));
#7689=DIRECTION('',(1.E0,0.E0,0.E0));
#7690=AXIS2_PLACEMENT_3D('',#7687,#7688,#7689);
#7691=PLANE('',#7690);
#7693=ORIENTED_EDGE('',*,*,#7692,.T.);
#7694=ORIENTED_EDGE('',*,*,#7087,.F.);
#7696=ORIENTED_EDGE('',*,*,#7695,.T.);
#7697=ORIENTED_EDGE('',*,*,#7652,.T.);
#7698=EDGE_LOOP('',(#7693,#7694,#7696,#7697));
#7699=FACE_OUTER_BOUND('',#7698,.F.);
#7700=ADVANCED_FACE('',(#7699),#7691,.F.);
#7701=CARTESIAN_POINT('',(5.06E0,0.E0,0.E0));
#7702=DIRECTION('',(-1.E0,0.E0,0.E0));
#7703=DIRECTION('',(0.E0,-1.E0,0.E0));
#7704=AXIS2_PLACEMENT_3D('',#7701,#7702,#7703);
#7705=PLANE('',#7704);
#7707=ORIENTED_EDGE('',*,*,#7706,.F.);
#7709=ORIENTED_EDGE('',*,*,#7708,.F.);
#7711=ORIENTED_EDGE('',*,*,#7710,.F.);
#7713=ORIENTED_EDGE('',*,*,#7712,.F.);
#7715=ORIENTED_EDGE('',*,*,#7714,.F.);
#7717=ORIENTED_EDGE('',*,*,#7716,.F.);
#7719=ORIENTED_EDGE('',*,*,#7718,.F.);
#7721=ORIENTED_EDGE('',*,*,#7720,.F.);
#7723=ORIENTED_EDGE('',*,*,#7722,.F.);
#7725=ORIENTED_EDGE('',*,*,#7724,.F.);
#7727=ORIENTED_EDGE('',*,*,#7726,.F.);
#7729=ORIENTED_EDGE('',*,*,#7728,.F.);
#7731=ORIENTED_EDGE('',*,*,#7730,.F.);
#7733=ORIENTED_EDGE('',*,*,#7732,.F.);
#7735=ORIENTED_EDGE('',*,*,#7734,.F.);
#7737=ORIENTED_EDGE('',*,*,#7736,.F.);
#7739=ORIENTED_EDGE('',*,*,#7738,.F.);
#7741=ORIENTED_EDGE('',*,*,#7740,.F.);
#7743=ORIENTED_EDGE('',*,*,#7742,.F.);
#7744=ORIENTED_EDGE('',*,*,#7678,.T.);
#7746=ORIENTED_EDGE('',*,*,#7745,.F.);
#7748=ORIENTED_EDGE('',*,*,#7747,.F.);
#7750=ORIENTED_EDGE('',*,*,#7749,.F.);
#7752=ORIENTED_EDGE('',*,*,#7751,.F.);
#7754=ORIENTED_EDGE('',*,*,#7753,.F.);
#7756=ORIENTED_EDGE('',*,*,#7755,.F.);
#7757=EDGE_LOOP('',(#7707,#7709,#7711,#7713,#7715,#7717,#7719,#7721,#7723,#7725,
#7727,#7729,#7731,#7733,#7735,#7737,#7739,#7741,#7743,#7744,#7746,#7748,#7750,
#7752,#7754,#7756));
#7758=FACE_OUTER_BOUND('',#7757,.F.);
#7759=ADVANCED_FACE('',(#7758),#7705,.F.);
#7760=CARTESIAN_POINT('',(5.075E0,-1.04E0,-1.72E0));
#7761=DIRECTION('',(0.E0,-1.E0,0.E0));
#7762=DIRECTION('',(-1.E0,0.E0,0.E0));
#7763=AXIS2_PLACEMENT_3D('',#7760,#7761,#7762);
#7764=PLANE('',#7763);
#7765=ORIENTED_EDGE('',*,*,#7662,.T.);
#7767=ORIENTED_EDGE('',*,*,#7766,.F.);
#7768=ORIENTED_EDGE('',*,*,#7095,.F.);
#7770=ORIENTED_EDGE('',*,*,#7769,.T.);
#7771=EDGE_LOOP('',(#7765,#7767,#7768,#7770));
#7772=FACE_OUTER_BOUND('',#7771,.F.);
#7773=ORIENTED_EDGE('',*,*,#7706,.T.);
#7775=ORIENTED_EDGE('',*,*,#7774,.T.);
#7777=ORIENTED_EDGE('',*,*,#7776,.F.);
#7779=ORIENTED_EDGE('',*,*,#7778,.F.);
#7780=EDGE_LOOP('',(#7773,#7775,#7777,#7779));
#7781=FACE_BOUND('',#7780,.F.);
#7782=ADVANCED_FACE('',(#7772,#7781),#7764,.F.);
#7783=CARTESIAN_POINT('',(4.85E0,2.62E0,6.3E-1));
#7784=DIRECTION('',(-1.E0,0.E0,0.E0));
#7785=DIRECTION('',(0.E0,0.E0,1.E0));
#7786=AXIS2_PLACEMENT_3D('',#7783,#7784,#7785);
#7787=PLANE('',#7786);
#7788=ORIENTED_EDGE('',*,*,#7010,.T.);
#7789=ORIENTED_EDGE('',*,*,#7097,.F.);
#7790=ORIENTED_EDGE('',*,*,#7766,.T.);
#7791=ORIENTED_EDGE('',*,*,#7660,.T.);
#7792=ORIENTED_EDGE('',*,*,#7621,.T.);
#7794=ORIENTED_EDGE('',*,*,#7793,.F.);
#7795=EDGE_LOOP('',(#7788,#7789,#7790,#7791,#7792,#7794));
#7796=FACE_OUTER_BOUND('',#7795,.F.);
#7797=ADVANCED_FACE('',(#7796),#7787,.F.);
#7798=CARTESIAN_POINT('',(4.85E0,2.62E0,6.3E-1));
#7799=DIRECTION('',(-1.E0,0.E0,0.E0));
#7800=DIRECTION('',(0.E0,0.E0,1.E0));
#7801=AXIS2_PLACEMENT_3D('',#7798,#7799,#7800);
#7802=PLANE('',#7801);
#7803=ORIENTED_EDGE('',*,*,#7654,.T.);
#7804=ORIENTED_EDGE('',*,*,#7695,.F.);
#7805=ORIENTED_EDGE('',*,*,#7103,.F.);
#7807=ORIENTED_EDGE('',*,*,#7806,.T.);
#7809=ORIENTED_EDGE('',*,*,#7808,.F.);
#7810=ORIENTED_EDGE('',*,*,#7303,.F.);
#7811=EDGE_LOOP('',(#7803,#7804,#7805,#7807,#7809,#7810));
#7812=FACE_OUTER_BOUND('',#7811,.F.);
#7813=ADVANCED_FACE('',(#7812),#7802,.F.);
#7814=CARTESIAN_POINT('',(4.85E0,2.62E0,1.55E0));
#7815=DIRECTION('',(-2.576626505603E-1,0.E0,-9.662349396012E-1));
#7816=DIRECTION('',(-9.662349396012E-1,0.E0,2.576626505603E-1));
#7817=AXIS2_PLACEMENT_3D('',#7814,#7815,#7816);
#7818=PLANE('',#7817);
#7819=ORIENTED_EDGE('',*,*,#7012,.F.);
#7820=ORIENTED_EDGE('',*,*,#7793,.T.);
#7821=ORIENTED_EDGE('',*,*,#7619,.T.);
#7822=ORIENTED_EDGE('',*,*,#6987,.F.);
#7823=EDGE_LOOP('',(#7819,#7820,#7821,#7822));
#7824=FACE_OUTER_BOUND('',#7823,.F.);
#7825=ADVANCED_FACE('',(#7824),#7818,.F.);
#7826=CARTESIAN_POINT('',(4.85E0,2.62E0,1.55E0));
#7827=DIRECTION('',(-2.576626505603E-1,0.E0,-9.662349396012E-1));
#7828=DIRECTION('',(-9.662349396012E-1,0.E0,2.576626505603E-1));
#7829=AXIS2_PLACEMENT_3D('',#7826,#7827,#7828);
#7830=PLANE('',#7829);
#7832=ORIENTED_EDGE('',*,*,#7831,.F.);
#7833=ORIENTED_EDGE('',*,*,#6994,.F.);
#7834=ORIENTED_EDGE('',*,*,#7305,.F.);
#7835=ORIENTED_EDGE('',*,*,#7808,.T.);
#7836=EDGE_LOOP('',(#7832,#7833,#7834,#7835));
#7837=FACE_OUTER_BOUND('',#7836,.F.);
#7838=ADVANCED_FACE('',(#7837),#7830,.F.);
#7839=CARTESIAN_POINT('',(4.7E0,2.E-2,-1.72E0));
#7840=DIRECTION('',(-7.071067811865E-1,7.071067811865E-1,0.E0));
#7841=DIRECTION('',(7.071067811865E-1,7.071067811865E-1,0.E0));
#7842=AXIS2_PLACEMENT_3D('',#7839,#7840,#7841);
#7843=PLANE('',#7842);
#7844=ORIENTED_EDGE('',*,*,#7101,.F.);
#7845=ORIENTED_EDGE('',*,*,#6996,.T.);
#7846=ORIENTED_EDGE('',*,*,#7831,.T.);
#7847=ORIENTED_EDGE('',*,*,#7806,.F.);
#7848=EDGE_LOOP('',(#7844,#7845,#7846,#7847));
#7849=FACE_OUTER_BOUND('',#7848,.F.);
#7850=ADVANCED_FACE('',(#7849),#7843,.F.);
#7851=CARTESIAN_POINT('',(5.075E0,5.9E-1,-1.72E0));
#7852=DIRECTION('',(1.E0,0.E0,0.E0));
#7853=DIRECTION('',(0.E0,-1.E0,0.E0));
#7854=AXIS2_PLACEMENT_3D('',#7851,#7852,#7853);
#7855=PLANE('',#7854);
#7856=ORIENTED_EDGE('',*,*,#7664,.T.);
#7857=ORIENTED_EDGE('',*,*,#7769,.F.);
#7858=ORIENTED_EDGE('',*,*,#7093,.F.);
#7859=ORIENTED_EDGE('',*,*,#7681,.T.);
#7860=EDGE_LOOP('',(#7856,#7857,#7858,#7859));
#7861=FACE_OUTER_BOUND('',#7860,.F.);
#7862=ADVANCED_FACE('',(#7861),#7855,.F.);
#7863=CARTESIAN_POINT('',(5.06E0,-9.1E-1,-1.4E0));
#7864=DIRECTION('',(0.E0,-9.284766908853E-1,-3.713906763541E-1));
#7865=DIRECTION('',(0.E0,-3.713906763541E-1,9.284766908853E-1));
#7866=AXIS2_PLACEMENT_3D('',#7863,#7864,#7865);
#7867=PLANE('',#7866);
#7868=ORIENTED_EDGE('',*,*,#7774,.F.);
#7869=ORIENTED_EDGE('',*,*,#7755,.T.);
#7871=ORIENTED_EDGE('',*,*,#7870,.F.);
#7873=ORIENTED_EDGE('',*,*,#7872,.T.);
#7874=EDGE_LOOP('',(#7868,#7869,#7871,#7873));
#7875=FACE_OUTER_BOUND('',#7874,.F.);
#7876=ADVANCED_FACE('',(#7875),#7867,.T.);
#7877=CARTESIAN_POINT('',(5.06E0,-9.1E-1,-2.12E0));
#7878=DIRECTION('',(0.E0,-1.E0,0.E0));
#7879=DIRECTION('',(0.E0,0.E0,1.E0));
#7880=AXIS2_PLACEMENT_3D('',#7877,#7878,#7879);
#7881=PLANE('',#7880);
#7882=ORIENTED_EDGE('',*,*,#7753,.T.);
#7884=ORIENTED_EDGE('',*,*,#7883,.F.);
#7886=ORIENTED_EDGE('',*,*,#7885,.F.);
#7887=ORIENTED_EDGE('',*,*,#7870,.T.);
#7888=EDGE_LOOP('',(#7882,#7884,#7886,#7887));
#7889=FACE_OUTER_BOUND('',#7888,.F.);
#7890=ADVANCED_FACE('',(#7889),#7881,.T.);
#7891=CARTESIAN_POINT('',(5.06E0,-7.1E-1,-2.32E0));
#7892=DIRECTION('',(0.E0,-7.071067811865E-1,-7.071067811865E-1));
#7893=DIRECTION('',(0.E0,-7.071067811865E-1,7.071067811865E-1));
#7894=AXIS2_PLACEMENT_3D('',#7891,#7892,#7893);
#7895=PLANE('',#7894);
#7896=ORIENTED_EDGE('',*,*,#7751,.T.);
#7898=ORIENTED_EDGE('',*,*,#7897,.F.);
#7900=ORIENTED_EDGE('',*,*,#7899,.F.);
#7901=ORIENTED_EDGE('',*,*,#7883,.T.);
#7902=EDGE_LOOP('',(#7896,#7898,#7900,#7901));
#7903=FACE_OUTER_BOUND('',#7902,.F.);
#7904=ADVANCED_FACE('',(#7903),#7895,.T.);
#7905=CARTESIAN_POINT('',(5.06E0,3.9E-1,-2.32E0));
#7906=DIRECTION('',(0.E0,0.E0,-1.E0));
#7907=DIRECTION('',(0.E0,-1.E0,0.E0));
#7908=AXIS2_PLACEMENT_3D('',#7905,#7906,#7907);
#7909=PLANE('',#7908);
#7910=ORIENTED_EDGE('',*,*,#7749,.T.);
#7912=ORIENTED_EDGE('',*,*,#7911,.F.);
#7914=ORIENTED_EDGE('',*,*,#7913,.F.);
#7915=ORIENTED_EDGE('',*,*,#7897,.T.);
#7916=EDGE_LOOP('',(#7910,#7912,#7914,#7915));
#7917=FACE_OUTER_BOUND('',#7916,.F.);
#7918=ADVANCED_FACE('',(#7917),#7909,.T.);
#7919=CARTESIAN_POINT('',(5.06E0,5.9E-1,-2.12E0));
#7920=DIRECTION('',(0.E0,7.071067811865E-1,-7.071067811865E-1));
#7921=DIRECTION('',(0.E0,-7.071067811865E-1,-7.071067811865E-1));
#7922=AXIS2_PLACEMENT_3D('',#7919,#7920,#7921);
#7923=PLANE('',#7922);
#7924=ORIENTED_EDGE('',*,*,#7747,.T.);
#7926=ORIENTED_EDGE('',*,*,#7925,.F.);
#7928=ORIENTED_EDGE('',*,*,#7927,.F.);
#7929=ORIENTED_EDGE('',*,*,#7911,.T.);
#7930=EDGE_LOOP('',(#7924,#7926,#7928,#7929));
#7931=FACE_OUTER_BOUND('',#7930,.F.);
#7932=ADVANCED_FACE('',(#7931),#7923,.T.);
#7933=CARTESIAN_POINT('',(5.06E0,5.9E-1,6.8E-1));
#7934=DIRECTION('',(0.E0,1.E0,0.E0));
#7935=DIRECTION('',(0.E0,0.E0,-1.E0));
#7936=AXIS2_PLACEMENT_3D('',#7933,#7934,#7935);
#7937=PLANE('',#7936);
#7938=ORIENTED_EDGE('',*,*,#7742,.T.);
#7940=ORIENTED_EDGE('',*,*,#7939,.F.);
#7942=ORIENTED_EDGE('',*,*,#7941,.F.);
#7943=ORIENTED_EDGE('',*,*,#7668,.F.);
#7944=EDGE_LOOP('',(#7938,#7940,#7942,#7943));
#7945=FACE_OUTER_BOUND('',#7944,.F.);
#7946=ADVANCED_FACE('',(#7945),#7937,.T.);
#7947=CARTESIAN_POINT('',(5.06E0,5.9E-1,6.8E-1));
#7948=DIRECTION('',(0.E0,1.E0,0.E0));
#7949=DIRECTION('',(0.E0,0.E0,-1.E0));
#7950=AXIS2_PLACEMENT_3D('',#7947,#7948,#7949);
#7951=PLANE('',#7950);
#7952=ORIENTED_EDGE('',*,*,#7745,.T.);
#7953=ORIENTED_EDGE('',*,*,#7089,.T.);
#7955=ORIENTED_EDGE('',*,*,#7954,.F.);
#7956=ORIENTED_EDGE('',*,*,#7925,.T.);
#7957=EDGE_LOOP('',(#7952,#7953,#7955,#7956));
#7958=FACE_OUTER_BOUND('',#7957,.F.);
#7959=ADVANCED_FACE('',(#7958),#7951,.T.);
#7960=CARTESIAN_POINT('',(5.06E0,1.19E0,6.8E-1));
#7961=DIRECTION('',(0.E0,0.E0,-1.E0));
#7962=DIRECTION('',(0.E0,-1.E0,0.E0));
#7963=AXIS2_PLACEMENT_3D('',#7960,#7961,#7962);
#7964=PLANE('',#7963);
#7965=ORIENTED_EDGE('',*,*,#7740,.T.);
#7967=ORIENTED_EDGE('',*,*,#7966,.F.);
#7969=ORIENTED_EDGE('',*,*,#7968,.F.);
#7970=ORIENTED_EDGE('',*,*,#7939,.T.);
#7971=EDGE_LOOP('',(#7965,#7967,#7969,#7970));
#7972=FACE_OUTER_BOUND('',#7971,.F.);
#7973=ADVANCED_FACE('',(#7972),#7964,.T.);
#7974=CARTESIAN_POINT('',(5.06E0,1.19E0,1.55E0));
#7975=DIRECTION('',(0.E0,1.E0,0.E0));
#7976=DIRECTION('',(0.E0,0.E0,-1.E0));
#7977=AXIS2_PLACEMENT_3D('',#7974,#7975,#7976);
#7978=PLANE('',#7977);
#7979=ORIENTED_EDGE('',*,*,#7738,.T.);
#7981=ORIENTED_EDGE('',*,*,#7980,.F.);
#7983=ORIENTED_EDGE('',*,*,#7982,.F.);
#7984=ORIENTED_EDGE('',*,*,#7966,.T.);
#7985=EDGE_LOOP('',(#7979,#7981,#7983,#7984));
#7986=FACE_OUTER_BOUND('',#7985,.F.);
#7987=ADVANCED_FACE('',(#7986),#7978,.T.);
#7988=CARTESIAN_POINT('',(5.06E0,1.04E0,1.7E0));
#7989=DIRECTION('',(0.E0,7.071067811865E-1,7.071067811865E-1));
#7990=DIRECTION('',(0.E0,7.071067811865E-1,-7.071067811865E-1));
#7991=AXIS2_PLACEMENT_3D('',#7988,#7989,#7990);
#7992=PLANE('',#7991);
#7993=ORIENTED_EDGE('',*,*,#7736,.T.);
#7995=ORIENTED_EDGE('',*,*,#7994,.F.);
#7997=ORIENTED_EDGE('',*,*,#7996,.F.);
#7998=ORIENTED_EDGE('',*,*,#7980,.T.);
#7999=EDGE_LOOP('',(#7993,#7995,#7997,#7998));
#8000=FACE_OUTER_BOUND('',#7999,.F.);
#8001=ADVANCED_FACE('',(#8000),#7992,.T.);
#8002=CARTESIAN_POINT('',(5.06E0,5.1E-1,1.7E0));
#8003=DIRECTION('',(0.E0,0.E0,1.E0));
#8004=DIRECTION('',(0.E0,1.E0,0.E0));
#8005=AXIS2_PLACEMENT_3D('',#8002,#8003,#8004);
#8006=PLANE('',#8005);
#8007=ORIENTED_EDGE('',*,*,#7734,.T.);
#8009=ORIENTED_EDGE('',*,*,#8008,.F.);
#8011=ORIENTED_EDGE('',*,*,#8010,.F.);
#8012=ORIENTED_EDGE('',*,*,#7994,.T.);
#8013=EDGE_LOOP('',(#8007,#8009,#8011,#8012));
#8014=FACE_OUTER_BOUND('',#8013,.F.);
#8015=ADVANCED_FACE('',(#8014),#8006,.T.);
#8016=CARTESIAN_POINT('',(5.06E0,5.1E-1,1.62E0));
#8017=DIRECTION('',(0.E0,-1.E0,0.E0));
#8018=DIRECTION('',(0.E0,0.E0,1.E0));
#8019=AXIS2_PLACEMENT_3D('',#8016,#8017,#8018);
#8020=PLANE('',#8019);
#8021=ORIENTED_EDGE('',*,*,#7732,.T.);
#8023=ORIENTED_EDGE('',*,*,#8022,.F.);
#8025=ORIENTED_EDGE('',*,*,#8024,.F.);
#8026=ORIENTED_EDGE('',*,*,#8008,.T.);
#8027=EDGE_LOOP('',(#8021,#8023,#8025,#8026));
#8028=FACE_OUTER_BOUND('',#8027,.F.);
#8029=ADVANCED_FACE('',(#8028),#8020,.T.);
#8030=CARTESIAN_POINT('',(5.06E0,3.6E-1,1.62E0));
#8031=DIRECTION('',(-1.E0,0.E0,0.E0));
#8032=DIRECTION('',(0.E0,-1.E0,0.E0));
#8033=AXIS2_PLACEMENT_3D('',#8030,#8031,#8032);
#8034=CYLINDRICAL_SURFACE('',#8033,1.5E-1);
#8035=ORIENTED_EDGE('',*,*,#7730,.T.);
#8037=ORIENTED_EDGE('',*,*,#8036,.F.);
#8039=ORIENTED_EDGE('',*,*,#8038,.F.);
#8040=ORIENTED_EDGE('',*,*,#8022,.T.);
#8041=EDGE_LOOP('',(#8035,#8037,#8039,#8040));
#8042=FACE_OUTER_BOUND('',#8041,.F.);
#8043=ADVANCED_FACE('',(#8042),#8034,.F.);
#8044=CARTESIAN_POINT('',(5.06E0,2.1E-1,1.7E0));
#8045=DIRECTION('',(0.E0,1.E0,0.E0));
#8046=DIRECTION('',(0.E0,0.E0,-1.E0));
#8047=AXIS2_PLACEMENT_3D('',#8044,#8045,#8046);
#8048=PLANE('',#8047);
#8049=ORIENTED_EDGE('',*,*,#7728,.T.);
#8051=ORIENTED_EDGE('',*,*,#8050,.F.);
#8053=ORIENTED_EDGE('',*,*,#8052,.F.);
#8054=ORIENTED_EDGE('',*,*,#8036,.T.);
#8055=EDGE_LOOP('',(#8049,#8051,#8053,#8054));
#8056=FACE_OUTER_BOUND('',#8055,.F.);
#8057=ADVANCED_FACE('',(#8056),#8048,.T.);
#8058=CARTESIAN_POINT('',(5.06E0,-2.9E-1,1.7E0));
#8059=DIRECTION('',(0.E0,0.E0,1.E0));
#8060=DIRECTION('',(0.E0,1.E0,0.E0));
#8061=AXIS2_PLACEMENT_3D('',#8058,#8059,#8060);
#8062=PLANE('',#8061);
#8063=ORIENTED_EDGE('',*,*,#7726,.T.);
#8065=ORIENTED_EDGE('',*,*,#8064,.F.);
#8067=ORIENTED_EDGE('',*,*,#8066,.F.);
#8068=ORIENTED_EDGE('',*,*,#8050,.T.);
#8069=EDGE_LOOP('',(#8063,#8065,#8067,#8068));
#8070=FACE_OUTER_BOUND('',#8069,.F.);
#8071=ADVANCED_FACE('',(#8070),#8062,.T.);
#8072=CARTESIAN_POINT('',(5.06E0,-2.9E-1,1.62E0));
#8073=DIRECTION('',(0.E0,-1.E0,0.E0));
#8074=DIRECTION('',(0.E0,0.E0,1.E0));
#8075=AXIS2_PLACEMENT_3D('',#8072,#8073,#8074);
#8076=PLANE('',#8075);
#8077=ORIENTED_EDGE('',*,*,#7724,.T.);
#8079=ORIENTED_EDGE('',*,*,#8078,.F.);
#8081=ORIENTED_EDGE('',*,*,#8080,.F.);
#8082=ORIENTED_EDGE('',*,*,#8064,.T.);
#8083=EDGE_LOOP('',(#8077,#8079,#8081,#8082));
#8084=FACE_OUTER_BOUND('',#8083,.F.);
#8085=ADVANCED_FACE('',(#8084),#8076,.T.);
#8086=CARTESIAN_POINT('',(5.06E0,-4.4E-1,1.62E0));
#8087=DIRECTION('',(-1.E0,0.E0,0.E0));
#8088=DIRECTION('',(0.E0,-1.E0,0.E0));
#8089=AXIS2_PLACEMENT_3D('',#8086,#8087,#8088);
#8090=CYLINDRICAL_SURFACE('',#8089,1.5E-1);
#8091=ORIENTED_EDGE('',*,*,#7722,.T.);
#8093=ORIENTED_EDGE('',*,*,#8092,.F.);
#8095=ORIENTED_EDGE('',*,*,#8094,.F.);
#8096=ORIENTED_EDGE('',*,*,#8078,.T.);
#8097=EDGE_LOOP('',(#8091,#8093,#8095,#8096));
#8098=FACE_OUTER_BOUND('',#8097,.F.);
#8099=ADVANCED_FACE('',(#8098),#8090,.F.);
#8100=CARTESIAN_POINT('',(5.06E0,-5.9E-1,1.7E0));
#8101=DIRECTION('',(0.E0,1.E0,0.E0));
#8102=DIRECTION('',(0.E0,0.E0,-1.E0));
#8103=AXIS2_PLACEMENT_3D('',#8100,#8101,#8102);
#8104=PLANE('',#8103);
#8105=ORIENTED_EDGE('',*,*,#7720,.T.);
#8107=ORIENTED_EDGE('',*,*,#8106,.F.);
#8109=ORIENTED_EDGE('',*,*,#8108,.F.);
#8110=ORIENTED_EDGE('',*,*,#8092,.T.);
#8111=EDGE_LOOP('',(#8105,#8107,#8109,#8110));
#8112=FACE_OUTER_BOUND('',#8111,.F.);
#8113=ADVANCED_FACE('',(#8112),#8104,.T.);
#8114=CARTESIAN_POINT('',(5.06E0,-1.29E0,1.7E0));
#8115=DIRECTION('',(0.E0,0.E0,1.E0));
#8116=DIRECTION('',(0.E0,1.E0,0.E0));
#8117=AXIS2_PLACEMENT_3D('',#8114,#8115,#8116);
#8118=PLANE('',#8117);
#8119=ORIENTED_EDGE('',*,*,#7718,.T.);
#8121=ORIENTED_EDGE('',*,*,#8120,.F.);
#8123=ORIENTED_EDGE('',*,*,#8122,.F.);
#8124=ORIENTED_EDGE('',*,*,#8106,.T.);
#8125=EDGE_LOOP('',(#8119,#8121,#8123,#8124));
#8126=FACE_OUTER_BOUND('',#8125,.F.);
#8127=ADVANCED_FACE('',(#8126),#8118,.T.);
#8128=CARTESIAN_POINT('',(5.06E0,-1.44E0,1.55E0));
#8129=DIRECTION('',(0.E0,-7.071067811865E-1,7.071067811866E-1));
#8130=DIRECTION('',(0.E0,7.071067811866E-1,7.071067811865E-1));
#8131=AXIS2_PLACEMENT_3D('',#8128,#8129,#8130);
#8132=PLANE('',#8131);
#8133=ORIENTED_EDGE('',*,*,#7716,.T.);
#8135=ORIENTED_EDGE('',*,*,#8134,.F.);
#8137=ORIENTED_EDGE('',*,*,#8136,.F.);
#8138=ORIENTED_EDGE('',*,*,#8120,.T.);
#8139=EDGE_LOOP('',(#8133,#8135,#8137,#8138));
#8140=FACE_OUTER_BOUND('',#8139,.F.);
#8141=ADVANCED_FACE('',(#8140),#8132,.T.);
#8142=CARTESIAN_POINT('',(5.06E0,-1.44E0,6.8E-1));
#8143=DIRECTION('',(0.E0,-1.E0,0.E0));
#8144=DIRECTION('',(0.E0,0.E0,1.E0));
#8145=AXIS2_PLACEMENT_3D('',#8142,#8143,#8144);
#8146=PLANE('',#8145);
#8147=ORIENTED_EDGE('',*,*,#7714,.T.);
#8149=ORIENTED_EDGE('',*,*,#8148,.F.);
#8151=ORIENTED_EDGE('',*,*,#8150,.F.);
#8152=ORIENTED_EDGE('',*,*,#8134,.T.);
#8153=EDGE_LOOP('',(#8147,#8149,#8151,#8152));
#8154=FACE_OUTER_BOUND('',#8153,.F.);
#8155=ADVANCED_FACE('',(#8154),#8146,.T.);
#8156=CARTESIAN_POINT('',(5.06E0,-9.1E-1,6.8E-1));
#8157=DIRECTION('',(0.E0,0.E0,-1.E0));
#8158=DIRECTION('',(0.E0,-1.E0,0.E0));
#8159=AXIS2_PLACEMENT_3D('',#8156,#8157,#8158);
#8160=PLANE('',#8159);
#8161=ORIENTED_EDGE('',*,*,#7712,.T.);
#8163=ORIENTED_EDGE('',*,*,#8162,.F.);
#8165=ORIENTED_EDGE('',*,*,#8164,.F.);
#8166=ORIENTED_EDGE('',*,*,#8148,.T.);
#8167=EDGE_LOOP('',(#8161,#8163,#8165,#8166));
#8168=FACE_OUTER_BOUND('',#8167,.F.);
#8169=ADVANCED_FACE('',(#8168),#8160,.T.);
#8170=CARTESIAN_POINT('',(5.06E0,-9.1E-1,-7.5E-1));
#8171=DIRECTION('',(0.E0,-1.E0,0.E0));
#8172=DIRECTION('',(0.E0,0.E0,1.E0));
#8173=AXIS2_PLACEMENT_3D('',#8170,#8171,#8172);
#8174=PLANE('',#8173);
#8175=ORIENTED_EDGE('',*,*,#7710,.T.);
#8177=ORIENTED_EDGE('',*,*,#8176,.F.);
#8179=ORIENTED_EDGE('',*,*,#8178,.F.);
#8180=ORIENTED_EDGE('',*,*,#8162,.T.);
#8181=EDGE_LOOP('',(#8175,#8177,#8179,#8180));
#8182=FACE_OUTER_BOUND('',#8181,.F.);
#8183=ADVANCED_FACE('',(#8182),#8174,.T.);
#8184=CARTESIAN_POINT('',(5.06E0,-1.11E0,-7.5E-1));
#8185=DIRECTION('',(0.E0,0.E0,1.E0));
#8186=DIRECTION('',(0.E0,1.E0,0.E0));
#8187=AXIS2_PLACEMENT_3D('',#8184,#8185,#8186);
#8188=PLANE('',#8187);
#8189=ORIENTED_EDGE('',*,*,#7778,.T.);
#8191=ORIENTED_EDGE('',*,*,#8190,.T.);
#8192=ORIENTED_EDGE('',*,*,#8176,.T.);
#8193=ORIENTED_EDGE('',*,*,#7708,.T.);
#8194=EDGE_LOOP('',(#8189,#8191,#8192,#8193));
#8195=FACE_OUTER_BOUND('',#8194,.F.);
#8196=ADVANCED_FACE('',(#8195),#8188,.T.);
#8197=CARTESIAN_POINT('',(4.86E0,0.E0,0.E0));
#8198=DIRECTION('',(-1.E0,0.E0,0.E0));
#8199=DIRECTION('',(0.E0,-1.E0,0.E0));
#8200=AXIS2_PLACEMENT_3D('',#8197,#8198,#8199);
#8201=PLANE('',#8200);
#8202=ORIENTED_EDGE('',*,*,#7776,.T.);
#8203=ORIENTED_EDGE('',*,*,#7872,.F.);
#8204=ORIENTED_EDGE('',*,*,#7885,.T.);
#8205=ORIENTED_EDGE('',*,*,#7899,.T.);
#8206=ORIENTED_EDGE('',*,*,#7913,.T.);
#8207=ORIENTED_EDGE('',*,*,#7927,.T.);
#8208=ORIENTED_EDGE('',*,*,#7954,.T.);
#8209=ORIENTED_EDGE('',*,*,#7692,.F.);
#8210=ORIENTED_EDGE('',*,*,#7941,.T.);
#8211=ORIENTED_EDGE('',*,*,#7968,.T.);
#8212=ORIENTED_EDGE('',*,*,#7982,.T.);
#8213=ORIENTED_EDGE('',*,*,#7996,.T.);
#8214=ORIENTED_EDGE('',*,*,#8010,.T.);
#8215=ORIENTED_EDGE('',*,*,#8024,.T.);
#8216=ORIENTED_EDGE('',*,*,#8038,.T.);
#8217=ORIENTED_EDGE('',*,*,#8052,.T.);
#8218=ORIENTED_EDGE('',*,*,#8066,.T.);
#8219=ORIENTED_EDGE('',*,*,#8080,.T.);
#8220=ORIENTED_EDGE('',*,*,#8094,.T.);
#8221=ORIENTED_EDGE('',*,*,#8108,.T.);
#8222=ORIENTED_EDGE('',*,*,#8122,.T.);
#8223=ORIENTED_EDGE('',*,*,#8136,.T.);
#8224=ORIENTED_EDGE('',*,*,#8150,.T.);
#8225=ORIENTED_EDGE('',*,*,#8164,.T.);
#8226=ORIENTED_EDGE('',*,*,#8178,.T.);
#8227=ORIENTED_EDGE('',*,*,#8190,.F.);
#8228=EDGE_LOOP('',(#8202,#8203,#8204,#8205,#8206,#8207,#8208,#8209,#8210,#8211,
#8212,#8213,#8214,#8215,#8216,#8217,#8218,#8219,#8220,#8221,#8222,#8223,#8224,
#8225,#8226,#8227));
#8229=FACE_OUTER_BOUND('',#8228,.F.);
#8230=ADVANCED_FACE('',(#8229),#8201,.T.);
#8231=CARTESIAN_POINT('',(5.375E0,-2.62E0,-2.27E0));
#8232=DIRECTION('',(1.E0,0.E0,0.E0));
#8233=DIRECTION('',(0.E0,1.E0,0.E0));
#8234=AXIS2_PLACEMENT_3D('',#8231,#8232,#8233);
#8235=PLANE('',#8234);
#8236=ORIENTED_EDGE('',*,*,#7401,.F.);
#8238=ORIENTED_EDGE('',*,*,#8237,.F.);
#8239=ORIENTED_EDGE('',*,*,#7609,.T.);
#8240=ORIENTED_EDGE('',*,*,#7657,.T.);
#8241=ORIENTED_EDGE('',*,*,#7299,.F.);
#8242=ORIENTED_EDGE('',*,*,#7081,.T.);
#8243=EDGE_LOOP('',(#8236,#8238,#8239,#8240,#8241,#8242));
#8244=FACE_OUTER_BOUND('',#8243,.F.);
#8245=ADVANCED_FACE('',(#8244),#8235,.T.);
#8246=CARTESIAN_POINT('',(0.E0,0.E0,-2.27E0));
#8247=DIRECTION('',(0.E0,0.E0,1.E0));
#8248=DIRECTION('',(1.E0,0.E0,0.E0));
#8249=AXIS2_PLACEMENT_3D('',#8246,#8247,#8248);
#8250=PLANE('',#8249);
#8251=ORIENTED_EDGE('',*,*,#7386,.F.);
#8252=ORIENTED_EDGE('',*,*,#7426,.T.);
#8253=ORIENTED_EDGE('',*,*,#7642,.T.);
#8255=ORIENTED_EDGE('',*,*,#8254,.T.);
#8256=EDGE_LOOP('',(#8251,#8252,#8253,#8255));
#8257=FACE_OUTER_BOUND('',#8256,.F.);
#8258=ADVANCED_FACE('',(#8257),#8250,.F.);
#8259=CARTESIAN_POINT('',(0.E0,0.E0,-2.27E0));
#8260=DIRECTION('',(0.E0,0.E0,1.E0));
#8261=DIRECTION('',(1.E0,0.E0,0.E0));
#8262=AXIS2_PLACEMENT_3D('',#8259,#8260,#8261);
#8263=PLANE('',#8262);
#8264=ORIENTED_EDGE('',*,*,#7408,.F.);
#8266=ORIENTED_EDGE('',*,*,#8265,.F.);
#8267=ORIENTED_EDGE('',*,*,#7611,.T.);
#8268=ORIENTED_EDGE('',*,*,#8237,.T.);
#8269=EDGE_LOOP('',(#8264,#8266,#8267,#8268));
#8270=FACE_OUTER_BOUND('',#8269,.F.);
#8271=ADVANCED_FACE('',(#8270),#8263,.F.);
#8272=CARTESIAN_POINT('',(-4.375E0,2.62E0,-2.27E0));
#8273=DIRECTION('',(-1.E0,0.E0,0.E0));
#8274=DIRECTION('',(0.E0,0.E0,1.E0));
#8275=AXIS2_PLACEMENT_3D('',#8272,#8273,#8274);
#8276=PLANE('',#8275);
#8277=ORIENTED_EDGE('',*,*,#7388,.F.);
#8278=ORIENTED_EDGE('',*,*,#8254,.F.);
#8279=ORIENTED_EDGE('',*,*,#7640,.T.);
#8280=ORIENTED_EDGE('',*,*,#6590,.F.);
#8281=EDGE_LOOP('',(#8277,#8278,#8279,#8280));
#8282=FACE_OUTER_BOUND('',#8281,.F.);
#8283=ADVANCED_FACE('',(#8282),#8276,.F.);
#8284=CARTESIAN_POINT('',(4.375E0,2.62E0,-2.17E0));
#8285=DIRECTION('',(1.E0,0.E0,0.E0));
#8286=DIRECTION('',(0.E0,0.E0,-1.E0));
#8287=AXIS2_PLACEMENT_3D('',#8284,#8285,#8286);
#8288=PLANE('',#8287);
#8289=ORIENTED_EDGE('',*,*,#7406,.F.);
#8290=ORIENTED_EDGE('',*,*,#6538,.T.);
#8291=ORIENTED_EDGE('',*,*,#7613,.F.);
#8292=ORIENTED_EDGE('',*,*,#8265,.T.);
#8293=EDGE_LOOP('',(#8289,#8290,#8291,#8292));
#8294=FACE_OUTER_BOUND('',#8293,.F.);
#8295=ADVANCED_FACE('',(#8294),#8288,.F.);
#8296=CARTESIAN_POINT('',(-3.55E0,-2.43E0,2.27E0));
#8297=DIRECTION('',(-6.887494619147E-1,7.249994335944E-1,0.E0));
#8298=DIRECTION('',(-7.249994335944E-1,-6.887494619147E-1,0.E0));
#8299=AXIS2_PLACEMENT_3D('',#8296,#8297,#8298);
#8300=PLANE('',#8299);
#8301=ORIENTED_EDGE('',*,*,#6594,.T.);
#8302=ORIENTED_EDGE('',*,*,#7637,.T.);
#8303=ORIENTED_EDGE('',*,*,#6749,.F.);
#8304=ORIENTED_EDGE('',*,*,#6510,.T.);
#8305=EDGE_LOOP('',(#8301,#8302,#8303,#8304));
#8306=FACE_OUTER_BOUND('',#8305,.F.);
#8307=ADVANCED_FACE('',(#8306),#8300,.F.);
#8308=CARTESIAN_POINT('',(-4.7E0,-4.7E-1,-1.72E0));
#8309=DIRECTION('',(7.071067811865E-1,-7.071067811865E-1,0.E0));
#8310=DIRECTION('',(-7.071067811865E-1,-7.071067811865E-1,0.E0));
#8311=AXIS2_PLACEMENT_3D('',#8308,#8309,#8310);
#8312=PLANE('',#8311);
#8313=ORIENTED_EDGE('',*,*,#7049,.F.);
#8314=ORIENTED_EDGE('',*,*,#7596,.T.);
#8315=ORIENTED_EDGE('',*,*,#7574,.T.);
#8316=ORIENTED_EDGE('',*,*,#7533,.F.);
#8317=EDGE_LOOP('',(#8313,#8314,#8315,#8316));
#8318=FACE_OUTER_BOUND('',#8317,.F.);
#8319=ADVANCED_FACE('',(#8318),#8312,.F.);
#8320=CARTESIAN_POINT('',(-5.075E0,5.9E-1,-1.72E0));
#8321=DIRECTION('',(0.E0,1.E0,0.E0));
#8322=DIRECTION('',(1.E0,0.E0,0.E0));
#8323=AXIS2_PLACEMENT_3D('',#8320,#8321,#8322);
#8324=PLANE('',#8323);
#8326=ORIENTED_EDGE('',*,*,#8325,.T.);
#8327=ORIENTED_EDGE('',*,*,#7057,.F.);
#8329=ORIENTED_EDGE('',*,*,#8328,.T.);
#8330=ORIENTED_EDGE('',*,*,#7481,.T.);
#8331=EDGE_LOOP('',(#8326,#8327,#8329,#8330));
#8332=FACE_OUTER_BOUND('',#8331,.F.);
#8333=ADVANCED_FACE('',(#8332),#8324,.F.);
#8334=CARTESIAN_POINT('',(-5.075E0,5.9E-1,-1.72E0));
#8335=DIRECTION('',(0.E0,1.E0,0.E0));
#8336=DIRECTION('',(1.E0,0.E0,0.E0));
#8337=AXIS2_PLACEMENT_3D('',#8334,#8335,#8336);
#8338=PLANE('',#8337);
#8340=ORIENTED_EDGE('',*,*,#8339,.F.);
#8341=ORIENTED_EDGE('',*,*,#7477,.T.);
#8342=ORIENTED_EDGE('',*,*,#7515,.F.);
#8343=ORIENTED_EDGE('',*,*,#7041,.F.);
#8344=EDGE_LOOP('',(#8340,#8341,#8342,#8343));
#8345=FACE_OUTER_BOUND('',#8344,.F.);
#8346=ADVANCED_FACE('',(#8345),#8338,.F.);
#8347=CARTESIAN_POINT('',(-5.06E0,0.E0,0.E0));
#8348=DIRECTION('',(-1.E0,0.E0,0.E0));
#8349=DIRECTION('',(0.E0,-1.E0,0.E0));
#8350=AXIS2_PLACEMENT_3D('',#8347,#8348,#8349);
#8351=PLANE('',#8350);
#8353=ORIENTED_EDGE('',*,*,#8352,.F.);
#8355=ORIENTED_EDGE('',*,*,#8354,.F.);
#8357=ORIENTED_EDGE('',*,*,#8356,.F.);
#8359=ORIENTED_EDGE('',*,*,#8358,.F.);
#8361=ORIENTED_EDGE('',*,*,#8360,.F.);
#8363=ORIENTED_EDGE('',*,*,#8362,.F.);
#8365=ORIENTED_EDGE('',*,*,#8364,.F.);
#8367=ORIENTED_EDGE('',*,*,#8366,.F.);
#8369=ORIENTED_EDGE('',*,*,#8368,.F.);
#8371=ORIENTED_EDGE('',*,*,#8370,.F.);
#8373=ORIENTED_EDGE('',*,*,#8372,.F.);
#8375=ORIENTED_EDGE('',*,*,#8374,.F.);
#8377=ORIENTED_EDGE('',*,*,#8376,.F.);
#8379=ORIENTED_EDGE('',*,*,#8378,.F.);
#8381=ORIENTED_EDGE('',*,*,#8380,.F.);
#8383=ORIENTED_EDGE('',*,*,#8382,.F.);
#8385=ORIENTED_EDGE('',*,*,#8384,.F.);
#8387=ORIENTED_EDGE('',*,*,#8386,.F.);
#8389=ORIENTED_EDGE('',*,*,#8388,.T.);
#8391=ORIENTED_EDGE('',*,*,#8390,.F.);
#8393=ORIENTED_EDGE('',*,*,#8392,.F.);
#8395=ORIENTED_EDGE('',*,*,#8394,.F.);
#8397=ORIENTED_EDGE('',*,*,#8396,.F.);
#8399=ORIENTED_EDGE('',*,*,#8398,.F.);
#8401=ORIENTED_EDGE('',*,*,#8400,.F.);
#8402=ORIENTED_EDGE('',*,*,#8325,.F.);
#8403=EDGE_LOOP('',(#8353,#8355,#8357,#8359,#8361,#8363,#8365,#8367,#8369,#8371,
#8373,#8375,#8377,#8379,#8381,#8383,#8385,#8387,#8389,#8391,#8393,#8395,#8397,
#8399,#8401,#8402));
#8404=FACE_OUTER_BOUND('',#8403,.F.);
#8405=ADVANCED_FACE('',(#8404),#8351,.T.);
#8406=CARTESIAN_POINT('',(-5.06E0,5.9E-1,6.8E-1));
#8407=DIRECTION('',(0.E0,-1.E0,0.E0));
#8408=DIRECTION('',(0.E0,0.E0,-1.E0));
#8409=AXIS2_PLACEMENT_3D('',#8406,#8407,#8408);
#8410=PLANE('',#8409);
#8411=ORIENTED_EDGE('',*,*,#8352,.T.);
#8412=ORIENTED_EDGE('',*,*,#7479,.T.);
#8414=ORIENTED_EDGE('',*,*,#8413,.F.);
#8416=ORIENTED_EDGE('',*,*,#8415,.F.);
#8417=EDGE_LOOP('',(#8411,#8412,#8414,#8416));
#8418=FACE_OUTER_BOUND('',#8417,.F.);
#8419=ADVANCED_FACE('',(#8418),#8410,.F.);
#8420=CARTESIAN_POINT('',(-5.06E0,5.9E-1,6.8E-1));
#8421=DIRECTION('',(0.E0,-1.E0,0.E0));
#8422=DIRECTION('',(0.E0,0.E0,-1.E0));
#8423=AXIS2_PLACEMENT_3D('',#8420,#8421,#8422);
#8424=PLANE('',#8423);
#8425=ORIENTED_EDGE('',*,*,#8400,.T.);
#8427=ORIENTED_EDGE('',*,*,#8426,.T.);
#8429=ORIENTED_EDGE('',*,*,#8428,.F.);
#8430=ORIENTED_EDGE('',*,*,#7059,.F.);
#8431=EDGE_LOOP('',(#8425,#8427,#8429,#8430));
#8432=FACE_OUTER_BOUND('',#8431,.F.);
#8433=ADVANCED_FACE('',(#8432),#8424,.F.);
#8434=CARTESIAN_POINT('',(-4.86E0,0.E0,0.E0));
#8435=DIRECTION('',(-1.E0,0.E0,0.E0));
#8436=DIRECTION('',(0.E0,-1.E0,0.E0));
#8437=AXIS2_PLACEMENT_3D('',#8434,#8435,#8436);
#8438=PLANE('',#8437);
#8439=ORIENTED_EDGE('',*,*,#8413,.T.);
#8440=ORIENTED_EDGE('',*,*,#8339,.T.);
#8441=ORIENTED_EDGE('',*,*,#8428,.T.);
#8443=ORIENTED_EDGE('',*,*,#8442,.T.);
#8445=ORIENTED_EDGE('',*,*,#8444,.T.);
#8447=ORIENTED_EDGE('',*,*,#8446,.T.);
#8449=ORIENTED_EDGE('',*,*,#8448,.T.);
#8451=ORIENTED_EDGE('',*,*,#8450,.T.);
#8453=ORIENTED_EDGE('',*,*,#8452,.F.);
#8455=ORIENTED_EDGE('',*,*,#8454,.T.);
#8457=ORIENTED_EDGE('',*,*,#8456,.T.);
#8459=ORIENTED_EDGE('',*,*,#8458,.T.);
#8461=ORIENTED_EDGE('',*,*,#8460,.T.);
#8463=ORIENTED_EDGE('',*,*,#8462,.T.);
#8465=ORIENTED_EDGE('',*,*,#8464,.T.);
#8467=ORIENTED_EDGE('',*,*,#8466,.T.);
#8469=ORIENTED_EDGE('',*,*,#8468,.T.);
#8471=ORIENTED_EDGE('',*,*,#8470,.T.);
#8473=ORIENTED_EDGE('',*,*,#8472,.T.);
#8475=ORIENTED_EDGE('',*,*,#8474,.T.);
#8477=ORIENTED_EDGE('',*,*,#8476,.T.);
#8479=ORIENTED_EDGE('',*,*,#8478,.T.);
#8481=ORIENTED_EDGE('',*,*,#8480,.T.);
#8483=ORIENTED_EDGE('',*,*,#8482,.T.);
#8485=ORIENTED_EDGE('',*,*,#8484,.T.);
#8487=ORIENTED_EDGE('',*,*,#8486,.T.);
#8488=EDGE_LOOP('',(#8439,#8440,#8441,#8443,#8445,#8447,#8449,#8451,#8453,#8455,
#8457,#8459,#8461,#8463,#8465,#8467,#8469,#8471,#8473,#8475,#8477,#8479,#8481,
#8483,#8485,#8487));
#8489=FACE_OUTER_BOUND('',#8488,.F.);
#8490=ADVANCED_FACE('',(#8489),#8438,.F.);
#8491=CARTESIAN_POINT('',(-5.06E0,5.9E-1,-2.12E0));
#8492=DIRECTION('',(0.E0,-7.071067811865E-1,7.071067811865E-1));
#8493=DIRECTION('',(0.E0,-7.071067811865E-1,-7.071067811865E-1));
#8494=AXIS2_PLACEMENT_3D('',#8491,#8492,#8493);
#8495=PLANE('',#8494);
#8496=ORIENTED_EDGE('',*,*,#8398,.T.);
#8498=ORIENTED_EDGE('',*,*,#8497,.T.);
#8499=ORIENTED_EDGE('',*,*,#8442,.F.);
#8500=ORIENTED_EDGE('',*,*,#8426,.F.);
#8501=EDGE_LOOP('',(#8496,#8498,#8499,#8500));
#8502=FACE_OUTER_BOUND('',#8501,.F.);
#8503=ADVANCED_FACE('',(#8502),#8495,.F.);
#8504=CARTESIAN_POINT('',(-5.06E0,3.9E-1,-2.32E0));
#8505=DIRECTION('',(0.E0,0.E0,1.E0));
#8506=DIRECTION('',(0.E0,-1.E0,0.E0));
#8507=AXIS2_PLACEMENT_3D('',#8504,#8505,#8506);
#8508=PLANE('',#8507);
#8509=ORIENTED_EDGE('',*,*,#8396,.T.);
#8511=ORIENTED_EDGE('',*,*,#8510,.T.);
#8512=ORIENTED_EDGE('',*,*,#8444,.F.);
#8513=ORIENTED_EDGE('',*,*,#8497,.F.);
#8514=EDGE_LOOP('',(#8509,#8511,#8512,#8513));
#8515=FACE_OUTER_BOUND('',#8514,.F.);
#8516=ADVANCED_FACE('',(#8515),#8508,.F.);
#8517=CARTESIAN_POINT('',(-5.06E0,-7.1E-1,-2.32E0));
#8518=DIRECTION('',(0.E0,7.071067811865E-1,7.071067811865E-1));
#8519=DIRECTION('',(0.E0,-7.071067811865E-1,7.071067811865E-1));
#8520=AXIS2_PLACEMENT_3D('',#8517,#8518,#8519);
#8521=PLANE('',#8520);
#8522=ORIENTED_EDGE('',*,*,#8394,.T.);
#8524=ORIENTED_EDGE('',*,*,#8523,.T.);
#8525=ORIENTED_EDGE('',*,*,#8446,.F.);
#8526=ORIENTED_EDGE('',*,*,#8510,.F.);
#8527=EDGE_LOOP('',(#8522,#8524,#8525,#8526));
#8528=FACE_OUTER_BOUND('',#8527,.F.);
#8529=ADVANCED_FACE('',(#8528),#8521,.F.);
#8530=CARTESIAN_POINT('',(-5.06E0,-9.1E-1,-2.12E0));
#8531=DIRECTION('',(0.E0,1.E0,0.E0));
#8532=DIRECTION('',(0.E0,0.E0,1.E0));
#8533=AXIS2_PLACEMENT_3D('',#8530,#8531,#8532);
#8534=PLANE('',#8533);
#8535=ORIENTED_EDGE('',*,*,#8392,.T.);
#8537=ORIENTED_EDGE('',*,*,#8536,.T.);
#8538=ORIENTED_EDGE('',*,*,#8448,.F.);
#8539=ORIENTED_EDGE('',*,*,#8523,.F.);
#8540=EDGE_LOOP('',(#8535,#8537,#8538,#8539));
#8541=FACE_OUTER_BOUND('',#8540,.F.);
#8542=ADVANCED_FACE('',(#8541),#8534,.F.);
#8543=CARTESIAN_POINT('',(-5.06E0,-9.1E-1,-1.4E0));
#8544=DIRECTION('',(0.E0,9.284766908853E-1,3.713906763541E-1));
#8545=DIRECTION('',(0.E0,-3.713906763541E-1,9.284766908853E-1));
#8546=AXIS2_PLACEMENT_3D('',#8543,#8544,#8545);
#8547=PLANE('',#8546);
#8548=ORIENTED_EDGE('',*,*,#8390,.T.);
#8550=ORIENTED_EDGE('',*,*,#8549,.T.);
#8551=ORIENTED_EDGE('',*,*,#8450,.F.);
#8552=ORIENTED_EDGE('',*,*,#8536,.F.);
#8553=EDGE_LOOP('',(#8548,#8550,#8551,#8552));
#8554=FACE_OUTER_BOUND('',#8553,.F.);
#8555=ADVANCED_FACE('',(#8554),#8547,.F.);
#8556=CARTESIAN_POINT('',(-4.85E0,-1.04E0,-1.72E0));
#8557=DIRECTION('',(0.E0,-1.E0,0.E0));
#8558=DIRECTION('',(-1.E0,0.E0,0.E0));
#8559=AXIS2_PLACEMENT_3D('',#8556,#8557,#8558);
#8560=PLANE('',#8559);
#8561=ORIENTED_EDGE('',*,*,#7485,.T.);
#8563=ORIENTED_EDGE('',*,*,#8562,.F.);
#8564=ORIENTED_EDGE('',*,*,#7053,.F.);
#8565=ORIENTED_EDGE('',*,*,#7530,.T.);
#8566=EDGE_LOOP('',(#8561,#8563,#8564,#8565));
#8567=FACE_OUTER_BOUND('',#8566,.F.);
#8568=ORIENTED_EDGE('',*,*,#8388,.F.);
#8570=ORIENTED_EDGE('',*,*,#8569,.T.);
#8571=ORIENTED_EDGE('',*,*,#8452,.T.);
#8572=ORIENTED_EDGE('',*,*,#8549,.F.);
#8573=EDGE_LOOP('',(#8568,#8570,#8571,#8572));
#8574=FACE_BOUND('',#8573,.F.);
#8575=ADVANCED_FACE('',(#8567,#8574),#8560,.F.);
#8576=CARTESIAN_POINT('',(-5.075E0,-1.04E0,-1.72E0));
#8577=DIRECTION('',(-1.E0,0.E0,0.E0));
#8578=DIRECTION('',(0.E0,1.E0,0.E0));
#8579=AXIS2_PLACEMENT_3D('',#8576,#8577,#8578);
#8580=PLANE('',#8579);
#8581=ORIENTED_EDGE('',*,*,#7483,.T.);
#8582=ORIENTED_EDGE('',*,*,#8328,.F.);
#8583=ORIENTED_EDGE('',*,*,#7055,.F.);
#8584=ORIENTED_EDGE('',*,*,#8562,.T.);
#8585=EDGE_LOOP('',(#8581,#8582,#8583,#8584));
#8586=FACE_OUTER_BOUND('',#8585,.F.);
#8587=ADVANCED_FACE('',(#8586),#8580,.F.);
#8588=CARTESIAN_POINT('',(-5.06E0,-1.11E0,-7.5E-1));
#8589=DIRECTION('',(0.E0,0.E0,-1.E0));
#8590=DIRECTION('',(0.E0,1.E0,0.E0));
#8591=AXIS2_PLACEMENT_3D('',#8588,#8589,#8590);
#8592=PLANE('',#8591);
#8593=ORIENTED_EDGE('',*,*,#8386,.T.);
#8595=ORIENTED_EDGE('',*,*,#8594,.T.);
#8596=ORIENTED_EDGE('',*,*,#8454,.F.);
#8597=ORIENTED_EDGE('',*,*,#8569,.F.);
#8598=EDGE_LOOP('',(#8593,#8595,#8596,#8597));
#8599=FACE_OUTER_BOUND('',#8598,.F.);
#8600=ADVANCED_FACE('',(#8599),#8592,.F.);
#8601=CARTESIAN_POINT('',(-5.06E0,-9.1E-1,-7.5E-1));
#8602=DIRECTION('',(0.E0,1.E0,0.E0));
#8603=DIRECTION('',(0.E0,0.E0,1.E0));
#8604=AXIS2_PLACEMENT_3D('',#8601,#8602,#8603);
#8605=PLANE('',#8604);
#8606=ORIENTED_EDGE('',*,*,#8384,.T.);
#8608=ORIENTED_EDGE('',*,*,#8607,.T.);
#8609=ORIENTED_EDGE('',*,*,#8456,.F.);
#8610=ORIENTED_EDGE('',*,*,#8594,.F.);
#8611=EDGE_LOOP('',(#8606,#8608,#8609,#8610));
#8612=FACE_OUTER_BOUND('',#8611,.F.);
#8613=ADVANCED_FACE('',(#8612),#8605,.F.);
#8614=CARTESIAN_POINT('',(-5.06E0,-9.1E-1,6.8E-1));
#8615=DIRECTION('',(0.E0,0.E0,1.E0));
#8616=DIRECTION('',(0.E0,-1.E0,0.E0));
#8617=AXIS2_PLACEMENT_3D('',#8614,#8615,#8616);
#8618=PLANE('',#8617);
#8619=ORIENTED_EDGE('',*,*,#8382,.T.);
#8621=ORIENTED_EDGE('',*,*,#8620,.T.);
#8622=ORIENTED_EDGE('',*,*,#8458,.F.);
#8623=ORIENTED_EDGE('',*,*,#8607,.F.);
#8624=EDGE_LOOP('',(#8619,#8621,#8622,#8623));
#8625=FACE_OUTER_BOUND('',#8624,.F.);
#8626=ADVANCED_FACE('',(#8625),#8618,.F.);
#8627=CARTESIAN_POINT('',(-5.06E0,-1.44E0,6.8E-1));
#8628=DIRECTION('',(0.E0,1.E0,0.E0));
#8629=DIRECTION('',(0.E0,0.E0,1.E0));
#8630=AXIS2_PLACEMENT_3D('',#8627,#8628,#8629);
#8631=PLANE('',#8630);
#8632=ORIENTED_EDGE('',*,*,#8380,.T.);
#8634=ORIENTED_EDGE('',*,*,#8633,.T.);
#8635=ORIENTED_EDGE('',*,*,#8460,.F.);
#8636=ORIENTED_EDGE('',*,*,#8620,.F.);
#8637=EDGE_LOOP('',(#8632,#8634,#8635,#8636));
#8638=FACE_OUTER_BOUND('',#8637,.F.);
#8639=ADVANCED_FACE('',(#8638),#8631,.F.);
#8640=CARTESIAN_POINT('',(-5.06E0,-1.44E0,1.55E0));
#8641=DIRECTION('',(0.E0,7.071067811865E-1,-7.071067811866E-1));
#8642=DIRECTION('',(0.E0,7.071067811866E-1,7.071067811865E-1));
#8643=AXIS2_PLACEMENT_3D('',#8640,#8641,#8642);
#8644=PLANE('',#8643);
#8645=ORIENTED_EDGE('',*,*,#8378,.T.);
#8647=ORIENTED_EDGE('',*,*,#8646,.T.);
#8648=ORIENTED_EDGE('',*,*,#8462,.F.);
#8649=ORIENTED_EDGE('',*,*,#8633,.F.);
#8650=EDGE_LOOP('',(#8645,#8647,#8648,#8649));
#8651=FACE_OUTER_BOUND('',#8650,.F.);
#8652=ADVANCED_FACE('',(#8651),#8644,.F.);
#8653=CARTESIAN_POINT('',(-5.06E0,-1.29E0,1.7E0));
#8654=DIRECTION('',(0.E0,0.E0,-1.E0));
#8655=DIRECTION('',(0.E0,1.E0,0.E0));
#8656=AXIS2_PLACEMENT_3D('',#8653,#8654,#8655);
#8657=PLANE('',#8656);
#8658=ORIENTED_EDGE('',*,*,#8376,.T.);
#8660=ORIENTED_EDGE('',*,*,#8659,.T.);
#8661=ORIENTED_EDGE('',*,*,#8464,.F.);
#8662=ORIENTED_EDGE('',*,*,#8646,.F.);
#8663=EDGE_LOOP('',(#8658,#8660,#8661,#8662));
#8664=FACE_OUTER_BOUND('',#8663,.F.);
#8665=ADVANCED_FACE('',(#8664),#8657,.F.);
#8666=CARTESIAN_POINT('',(-5.06E0,-5.9E-1,1.7E0));
#8667=DIRECTION('',(0.E0,-1.E0,0.E0));
#8668=DIRECTION('',(0.E0,0.E0,-1.E0));
#8669=AXIS2_PLACEMENT_3D('',#8666,#8667,#8668);
#8670=PLANE('',#8669);
#8671=ORIENTED_EDGE('',*,*,#8374,.T.);
#8673=ORIENTED_EDGE('',*,*,#8672,.T.);
#8674=ORIENTED_EDGE('',*,*,#8466,.F.);
#8675=ORIENTED_EDGE('',*,*,#8659,.F.);
#8676=EDGE_LOOP('',(#8671,#8673,#8674,#8675));
#8677=FACE_OUTER_BOUND('',#8676,.F.);
#8678=ADVANCED_FACE('',(#8677),#8670,.F.);
#8679=CARTESIAN_POINT('',(-5.06E0,-4.4E-1,1.62E0));
#8680=DIRECTION('',(-1.E0,0.E0,0.E0));
#8681=DIRECTION('',(0.E0,-1.E0,0.E0));
#8682=AXIS2_PLACEMENT_3D('',#8679,#8680,#8681);
#8683=CYLINDRICAL_SURFACE('',#8682,1.5E-1);
#8684=ORIENTED_EDGE('',*,*,#8372,.T.);
#8686=ORIENTED_EDGE('',*,*,#8685,.T.);
#8687=ORIENTED_EDGE('',*,*,#8468,.F.);
#8688=ORIENTED_EDGE('',*,*,#8672,.F.);
#8689=EDGE_LOOP('',(#8684,#8686,#8687,#8688));
#8690=FACE_OUTER_BOUND('',#8689,.F.);
#8691=ADVANCED_FACE('',(#8690),#8683,.F.);
#8692=CARTESIAN_POINT('',(-5.06E0,-2.9E-1,1.62E0));
#8693=DIRECTION('',(0.E0,1.E0,0.E0));
#8694=DIRECTION('',(0.E0,0.E0,1.E0));
#8695=AXIS2_PLACEMENT_3D('',#8692,#8693,#8694);
#8696=PLANE('',#8695);
#8697=ORIENTED_EDGE('',*,*,#8370,.T.);
#8699=ORIENTED_EDGE('',*,*,#8698,.T.);
#8700=ORIENTED_EDGE('',*,*,#8470,.F.);
#8701=ORIENTED_EDGE('',*,*,#8685,.F.);
#8702=EDGE_LOOP('',(#8697,#8699,#8700,#8701));
#8703=FACE_OUTER_BOUND('',#8702,.F.);
#8704=ADVANCED_FACE('',(#8703),#8696,.F.);
#8705=CARTESIAN_POINT('',(-5.06E0,-2.9E-1,1.7E0));
#8706=DIRECTION('',(0.E0,0.E0,-1.E0));
#8707=DIRECTION('',(0.E0,1.E0,0.E0));
#8708=AXIS2_PLACEMENT_3D('',#8705,#8706,#8707);
#8709=PLANE('',#8708);
#8710=ORIENTED_EDGE('',*,*,#8368,.T.);
#8712=ORIENTED_EDGE('',*,*,#8711,.T.);
#8713=ORIENTED_EDGE('',*,*,#8472,.F.);
#8714=ORIENTED_EDGE('',*,*,#8698,.F.);
#8715=EDGE_LOOP('',(#8710,#8712,#8713,#8714));
#8716=FACE_OUTER_BOUND('',#8715,.F.);
#8717=ADVANCED_FACE('',(#8716),#8709,.F.);
#8718=CARTESIAN_POINT('',(-5.06E0,2.1E-1,1.7E0));
#8719=DIRECTION('',(0.E0,-1.E0,0.E0));
#8720=DIRECTION('',(0.E0,0.E0,-1.E0));
#8721=AXIS2_PLACEMENT_3D('',#8718,#8719,#8720);
#8722=PLANE('',#8721);
#8723=ORIENTED_EDGE('',*,*,#8366,.T.);
#8725=ORIENTED_EDGE('',*,*,#8724,.T.);
#8726=ORIENTED_EDGE('',*,*,#8474,.F.);
#8727=ORIENTED_EDGE('',*,*,#8711,.F.);
#8728=EDGE_LOOP('',(#8723,#8725,#8726,#8727));
#8729=FACE_OUTER_BOUND('',#8728,.F.);
#8730=ADVANCED_FACE('',(#8729),#8722,.F.);
#8731=CARTESIAN_POINT('',(-5.06E0,3.6E-1,1.62E0));
#8732=DIRECTION('',(-1.E0,0.E0,0.E0));
#8733=DIRECTION('',(0.E0,-1.E0,0.E0));
#8734=AXIS2_PLACEMENT_3D('',#8731,#8732,#8733);
#8735=CYLINDRICAL_SURFACE('',#8734,1.5E-1);
#8736=ORIENTED_EDGE('',*,*,#8364,.T.);
#8738=ORIENTED_EDGE('',*,*,#8737,.T.);
#8739=ORIENTED_EDGE('',*,*,#8476,.F.);
#8740=ORIENTED_EDGE('',*,*,#8724,.F.);
#8741=EDGE_LOOP('',(#8736,#8738,#8739,#8740));
#8742=FACE_OUTER_BOUND('',#8741,.F.);
#8743=ADVANCED_FACE('',(#8742),#8735,.F.);
#8744=CARTESIAN_POINT('',(-5.06E0,5.1E-1,1.62E0));
#8745=DIRECTION('',(0.E0,1.E0,0.E0));
#8746=DIRECTION('',(0.E0,0.E0,1.E0));
#8747=AXIS2_PLACEMENT_3D('',#8744,#8745,#8746);
#8748=PLANE('',#8747);
#8749=ORIENTED_EDGE('',*,*,#8362,.T.);
#8751=ORIENTED_EDGE('',*,*,#8750,.T.);
#8752=ORIENTED_EDGE('',*,*,#8478,.F.);
#8753=ORIENTED_EDGE('',*,*,#8737,.F.);
#8754=EDGE_LOOP('',(#8749,#8751,#8752,#8753));
#8755=FACE_OUTER_BOUND('',#8754,.F.);
#8756=ADVANCED_FACE('',(#8755),#8748,.F.);
#8757=CARTESIAN_POINT('',(-5.06E0,5.1E-1,1.7E0));
#8758=DIRECTION('',(0.E0,0.E0,-1.E0));
#8759=DIRECTION('',(0.E0,1.E0,0.E0));
#8760=AXIS2_PLACEMENT_3D('',#8757,#8758,#8759);
#8761=PLANE('',#8760);
#8762=ORIENTED_EDGE('',*,*,#8360,.T.);
#8764=ORIENTED_EDGE('',*,*,#8763,.T.);
#8765=ORIENTED_EDGE('',*,*,#8480,.F.);
#8766=ORIENTED_EDGE('',*,*,#8750,.F.);
#8767=EDGE_LOOP('',(#8762,#8764,#8765,#8766));
#8768=FACE_OUTER_BOUND('',#8767,.F.);
#8769=ADVANCED_FACE('',(#8768),#8761,.F.);
#8770=CARTESIAN_POINT('',(-5.06E0,1.04E0,1.7E0));
#8771=DIRECTION('',(0.E0,-7.071067811865E-1,-7.071067811865E-1));
#8772=DIRECTION('',(0.E0,7.071067811865E-1,-7.071067811865E-1));
#8773=AXIS2_PLACEMENT_3D('',#8770,#8771,#8772);
#8774=PLANE('',#8773);
#8775=ORIENTED_EDGE('',*,*,#8358,.T.);
#8777=ORIENTED_EDGE('',*,*,#8776,.T.);
#8778=ORIENTED_EDGE('',*,*,#8482,.F.);
#8779=ORIENTED_EDGE('',*,*,#8763,.F.);
#8780=EDGE_LOOP('',(#8775,#8777,#8778,#8779));
#8781=FACE_OUTER_BOUND('',#8780,.F.);
#8782=ADVANCED_FACE('',(#8781),#8774,.F.);
#8783=CARTESIAN_POINT('',(-5.06E0,1.19E0,1.55E0));
#8784=DIRECTION('',(0.E0,-1.E0,0.E0));
#8785=DIRECTION('',(0.E0,0.E0,-1.E0));
#8786=AXIS2_PLACEMENT_3D('',#8783,#8784,#8785);
#8787=PLANE('',#8786);
#8788=ORIENTED_EDGE('',*,*,#8356,.T.);
#8790=ORIENTED_EDGE('',*,*,#8789,.T.);
#8791=ORIENTED_EDGE('',*,*,#8484,.F.);
#8792=ORIENTED_EDGE('',*,*,#8776,.F.);
#8793=EDGE_LOOP('',(#8788,#8790,#8791,#8792));
#8794=FACE_OUTER_BOUND('',#8793,.F.);
#8795=ADVANCED_FACE('',(#8794),#8787,.F.);
#8796=CARTESIAN_POINT('',(-5.06E0,1.19E0,6.8E-1));
#8797=DIRECTION('',(0.E0,0.E0,1.E0));
#8798=DIRECTION('',(0.E0,-1.E0,0.E0));
#8799=AXIS2_PLACEMENT_3D('',#8796,#8797,#8798);
#8800=PLANE('',#8799);
#8801=ORIENTED_EDGE('',*,*,#8354,.T.);
#8802=ORIENTED_EDGE('',*,*,#8415,.T.);
#8803=ORIENTED_EDGE('',*,*,#8486,.F.);
#8804=ORIENTED_EDGE('',*,*,#8789,.F.);
#8805=EDGE_LOOP('',(#8801,#8802,#8803,#8804));
#8806=FACE_OUTER_BOUND('',#8805,.F.);
#8807=ADVANCED_FACE('',(#8806),#8800,.F.);
#8808=CARTESIAN_POINT('',(4.25E0,2.62E0,2.27E0));
#8809=DIRECTION('',(-1.E0,0.E0,0.E0));
#8810=DIRECTION('',(0.E0,-1.E0,0.E0));
#8811=AXIS2_PLACEMENT_3D('',#8808,#8809,#8810);
#8812=PLANE('',#8811);
#8813=ORIENTED_EDGE('',*,*,#6562,.T.);
#8814=ORIENTED_EDGE('',*,*,#7309,.F.);
#8815=ORIENTED_EDGE('',*,*,#6761,.F.);
#8817=ORIENTED_EDGE('',*,*,#8816,.F.);
#8818=EDGE_LOOP('',(#8813,#8814,#8815,#8817));
#8819=FACE_OUTER_BOUND('',#8818,.F.);
#8820=ADVANCED_FACE('',(#8819),#8812,.F.);
#8821=CARTESIAN_POINT('',(5.375E0,2.62E0,-2.27E0));
#8822=DIRECTION('',(0.E0,1.E0,0.E0));
#8823=DIRECTION('',(-1.E0,0.E0,0.E0));
#8824=AXIS2_PLACEMENT_3D('',#8821,#8822,#8823);
#8825=PLANE('',#8824);
#8826=ORIENTED_EDGE('',*,*,#6564,.F.);
#8827=ORIENTED_EDGE('',*,*,#8816,.T.);
#8828=ORIENTED_EDGE('',*,*,#6759,.T.);
#8830=ORIENTED_EDGE('',*,*,#8829,.F.);
#8831=EDGE_LOOP('',(#8826,#8827,#8828,#8830));
#8832=FACE_OUTER_BOUND('',#8831,.F.);
#8833=ADVANCED_FACE('',(#8832),#8825,.T.);
#8834=CARTESIAN_POINT('',(-4.25E0,1.32E0,2.27E0));
#8835=DIRECTION('',(1.E0,0.E0,0.E0));
#8836=DIRECTION('',(0.E0,1.E0,0.E0));
#8837=AXIS2_PLACEMENT_3D('',#8834,#8835,#8836);
#8838=PLANE('',#8837);
#8839=ORIENTED_EDGE('',*,*,#6566,.T.);
#8840=ORIENTED_EDGE('',*,*,#8829,.T.);
#8841=ORIENTED_EDGE('',*,*,#6757,.T.);
#8842=ORIENTED_EDGE('',*,*,#7156,.T.);
#8843=EDGE_LOOP('',(#8839,#8840,#8841,#8842));
#8844=FACE_OUTER_BOUND('',#8843,.F.);
#8845=ADVANCED_FACE('',(#8844),#8838,.F.);
#8846=CARTESIAN_POINT('',(-4.15E0,7.7E-1,-2.22E0));
#8847=DIRECTION('',(-3.162277660168E-1,0.E0,-9.486832980505E-1));
#8848=DIRECTION('',(-9.486832980505E-1,0.E0,3.162277660168E-1));
#8849=AXIS2_PLACEMENT_3D('',#8846,#8847,#8848);
#8850=PLANE('',#8849);
#8852=ORIENTED_EDGE('',*,*,#8851,.T.);
#8853=ORIENTED_EDGE('',*,*,#7227,.T.);
#8854=ORIENTED_EDGE('',*,*,#7184,.F.);
#8855=ORIENTED_EDGE('',*,*,#6574,.F.);
#8856=EDGE_LOOP('',(#8852,#8853,#8854,#8855));
#8857=FACE_OUTER_BOUND('',#8856,.F.);
#8858=ADVANCED_FACE('',(#8857),#8850,.T.);
#8859=CARTESIAN_POINT('',(-3.6E0,2.2E-1,-2.17E0));
#8860=DIRECTION('',(0.E0,-1.E0,0.E0));
#8861=DIRECTION('',(-1.E0,0.E0,0.E0));
#8862=AXIS2_PLACEMENT_3D('',#8859,#8860,#8861);
#8863=PLANE('',#8862);
#8864=ORIENTED_EDGE('',*,*,#8851,.F.);
#8865=ORIENTED_EDGE('',*,*,#6572,.F.);
#8866=ORIENTED_EDGE('',*,*,#7199,.T.);
#8867=ORIENTED_EDGE('',*,*,#7229,.T.);
#8868=EDGE_LOOP('',(#8864,#8865,#8866,#8867));
#8869=FACE_OUTER_BOUND('',#8868,.F.);
#8870=ADVANCED_FACE('',(#8869),#8863,.T.);
#8871=CARTESIAN_POINT('',(-4.68E0,-4.782842712475E-1,-2.17E0));
#8872=DIRECTION('',(7.071067811865E-1,-7.071067811866E-1,0.E0));
#8873=DIRECTION('',(-7.071067811866E-1,-7.071067811865E-1,0.E0));
#8874=AXIS2_PLACEMENT_3D('',#8871,#8872,#8873);
#8875=PLANE('',#8874);
#8876=ORIENTED_EDGE('',*,*,#6584,.F.);
#8878=ORIENTED_EDGE('',*,*,#8877,.T.);
#8879=ORIENTED_EDGE('',*,*,#7035,.T.);
#8880=ORIENTED_EDGE('',*,*,#7140,.T.);
#8881=EDGE_LOOP('',(#8876,#8878,#8879,#8880));
#8882=FACE_OUTER_BOUND('',#8881,.F.);
#8883=ADVANCED_FACE('',(#8882),#8875,.F.);
#8884=CARTESIAN_POINT('',(-4.68E0,2.828427124748E-2,-2.17E0));
#8885=DIRECTION('',(1.E0,0.E0,0.E0));
#8886=DIRECTION('',(0.E0,-1.E0,0.E0));
#8887=AXIS2_PLACEMENT_3D('',#8884,#8885,#8886);
#8888=PLANE('',#8887);
#8889=ORIENTED_EDGE('',*,*,#6582,.F.);
#8890=ORIENTED_EDGE('',*,*,#7117,.T.);
#8891=ORIENTED_EDGE('',*,*,#7037,.T.);
#8892=ORIENTED_EDGE('',*,*,#8877,.F.);
#8893=EDGE_LOOP('',(#8889,#8890,#8891,#8892));
#8894=FACE_OUTER_BOUND('',#8893,.F.);
#8895=ADVANCED_FACE('',(#8894),#8888,.F.);
#8896=CARTESIAN_POINT('',(-3.8E0,-1.86E0,2.27E0));
#8897=DIRECTION('',(-1.E0,0.E0,0.E0));
#8898=DIRECTION('',(0.E0,-1.E0,0.E0));
#8899=AXIS2_PLACEMENT_3D('',#8896,#8897,#8898);
#8900=PLANE('',#8899);
#8901=ORIENTED_EDGE('',*,*,#6777,.F.);
#8902=ORIENTED_EDGE('',*,*,#5754,.T.);
#8903=ORIENTED_EDGE('',*,*,#6063,.T.);
#8905=ORIENTED_EDGE('',*,*,#8904,.F.);
#8906=EDGE_LOOP('',(#8901,#8902,#8903,#8905));
#8907=FACE_OUTER_BOUND('',#8906,.F.);
#8908=ADVANCED_FACE('',(#8907),#8900,.F.);
#8909=CARTESIAN_POINT('',(-3.8E0,-2.07E0,2.27E0));
#8910=DIRECTION('',(0.E0,-1.E0,0.E0));
#8911=DIRECTION('',(1.E0,0.E0,0.E0));
#8912=AXIS2_PLACEMENT_3D('',#8909,#8910,#8911);
#8913=PLANE('',#8912);
#8914=ORIENTED_EDGE('',*,*,#6779,.F.);
#8915=ORIENTED_EDGE('',*,*,#8904,.T.);
#8916=ORIENTED_EDGE('',*,*,#6061,.T.);
#8918=ORIENTED_EDGE('',*,*,#8917,.F.);
#8919=EDGE_LOOP('',(#8914,#8915,#8916,#8918));
#8920=FACE_OUTER_BOUND('',#8919,.F.);
#8921=ADVANCED_FACE('',(#8920),#8913,.F.);
#8922=CARTESIAN_POINT('',(3.8E0,-2.07E0,2.27E0));
#8923=DIRECTION('',(1.E0,0.E0,0.E0));
#8924=DIRECTION('',(0.E0,1.E0,0.E0));
#8925=AXIS2_PLACEMENT_3D('',#8922,#8923,#8924);
#8926=PLANE('',#8925);
#8927=ORIENTED_EDGE('',*,*,#6781,.F.);
#8928=ORIENTED_EDGE('',*,*,#8917,.T.);
#8929=ORIENTED_EDGE('',*,*,#6059,.T.);
#8930=ORIENTED_EDGE('',*,*,#5883,.F.);
#8931=EDGE_LOOP('',(#8927,#8928,#8929,#8930));
#8932=FACE_OUTER_BOUND('',#8931,.F.);
#8933=ADVANCED_FACE('',(#8932),#8926,.F.);
#8934=CARTESIAN_POINT('',(4.25E0,-1.86E0,2.27E0));
#8935=DIRECTION('',(1.E0,0.E0,0.E0));
#8936=DIRECTION('',(0.E0,1.E0,0.E0));
#8937=AXIS2_PLACEMENT_3D('',#8934,#8935,#8936);
#8938=PLANE('',#8937);
#8939=ORIENTED_EDGE('',*,*,#6784,.F.);
#8940=ORIENTED_EDGE('',*,*,#5879,.T.);
#8941=ORIENTED_EDGE('',*,*,#5675,.T.);
#8943=ORIENTED_EDGE('',*,*,#8942,.F.);
#8944=EDGE_LOOP('',(#8939,#8940,#8941,#8943));
#8945=FACE_OUTER_BOUND('',#8944,.F.);
#8946=ADVANCED_FACE('',(#8945),#8938,.F.);
#8947=CARTESIAN_POINT('',(4.25E0,-7.4E-1,2.27E0));
#8948=DIRECTION('',(7.071067811865E-1,-7.071067811865E-1,0.E0));
#8949=DIRECTION('',(7.071067811865E-1,7.071067811865E-1,0.E0));
#8950=AXIS2_PLACEMENT_3D('',#8947,#8948,#8949);
#8951=PLANE('',#8950);
#8952=ORIENTED_EDGE('',*,*,#6786,.F.);
#8953=ORIENTED_EDGE('',*,*,#8942,.T.);
#8954=ORIENTED_EDGE('',*,*,#5673,.T.);
#8956=ORIENTED_EDGE('',*,*,#8955,.F.);
#8957=EDGE_LOOP('',(#8952,#8953,#8954,#8956));
#8958=FACE_OUTER_BOUND('',#8957,.F.);
#8959=ADVANCED_FACE('',(#8958),#8951,.F.);
#8960=CARTESIAN_POINT('',(4.4E0,-5.9E-1,2.27E0));
#8961=DIRECTION('',(1.E0,0.E0,0.E0));
#8962=DIRECTION('',(0.E0,1.E0,0.E0));
#8963=AXIS2_PLACEMENT_3D('',#8960,#8961,#8962);
#8964=PLANE('',#8963);
#8965=ORIENTED_EDGE('',*,*,#6788,.F.);
#8966=ORIENTED_EDGE('',*,*,#8955,.T.);
#8967=ORIENTED_EDGE('',*,*,#5671,.T.);
#8969=ORIENTED_EDGE('',*,*,#8968,.F.);
#8970=EDGE_LOOP('',(#8965,#8966,#8967,#8969));
#8971=FACE_OUTER_BOUND('',#8970,.F.);
#8972=ADVANCED_FACE('',(#8971),#8964,.F.);
#8973=CARTESIAN_POINT('',(4.4E0,7.6E-1,2.27E0));
#8974=DIRECTION('',(0.E0,1.E0,0.E0));
#8975=DIRECTION('',(-1.E0,0.E0,0.E0));
#8976=AXIS2_PLACEMENT_3D('',#8973,#8974,#8975);
#8977=PLANE('',#8976);
#8978=ORIENTED_EDGE('',*,*,#6790,.F.);
#8979=ORIENTED_EDGE('',*,*,#8968,.T.);
#8980=ORIENTED_EDGE('',*,*,#5669,.T.);
#8982=ORIENTED_EDGE('',*,*,#8981,.F.);
#8983=EDGE_LOOP('',(#8978,#8979,#8980,#8982));
#8984=FACE_OUTER_BOUND('',#8983,.F.);
#8985=ADVANCED_FACE('',(#8984),#8977,.F.);
#8986=CARTESIAN_POINT('',(3.77E0,7.6E-1,2.27E0));
#8987=DIRECTION('',(-1.E0,0.E0,0.E0));
#8988=DIRECTION('',(0.E0,-1.E0,0.E0));
#8989=AXIS2_PLACEMENT_3D('',#8986,#8987,#8988);
#8990=PLANE('',#8989);
#8991=ORIENTED_EDGE('',*,*,#6792,.F.);
#8992=ORIENTED_EDGE('',*,*,#8981,.T.);
#8993=ORIENTED_EDGE('',*,*,#5667,.T.);
#8995=ORIENTED_EDGE('',*,*,#8994,.F.);
#8996=EDGE_LOOP('',(#8991,#8992,#8993,#8995));
#8997=FACE_OUTER_BOUND('',#8996,.F.);
#8998=ADVANCED_FACE('',(#8997),#8990,.F.);
#8999=CARTESIAN_POINT('',(3.77E0,-9.E-2,2.27E0));
#9000=DIRECTION('',(0.E0,1.E0,0.E0));
#9001=DIRECTION('',(-1.E0,0.E0,0.E0));
#9002=AXIS2_PLACEMENT_3D('',#8999,#9000,#9001);
#9003=PLANE('',#9002);
#9004=ORIENTED_EDGE('',*,*,#6794,.F.);
#9005=ORIENTED_EDGE('',*,*,#8994,.T.);
#9006=ORIENTED_EDGE('',*,*,#5665,.T.);
#9008=ORIENTED_EDGE('',*,*,#9007,.F.);
#9009=EDGE_LOOP('',(#9004,#9005,#9006,#9008));
#9010=FACE_OUTER_BOUND('',#9009,.F.);
#9011=ADVANCED_FACE('',(#9010),#9003,.F.);
#9012=CARTESIAN_POINT('',(-3.77E0,-9.E-2,2.27E0));
#9013=DIRECTION('',(1.E0,0.E0,0.E0));
#9014=DIRECTION('',(0.E0,1.E0,0.E0));
#9015=AXIS2_PLACEMENT_3D('',#9012,#9013,#9014);
#9016=PLANE('',#9015);
#9017=ORIENTED_EDGE('',*,*,#6796,.F.);
#9018=ORIENTED_EDGE('',*,*,#9007,.T.);
#9019=ORIENTED_EDGE('',*,*,#5663,.T.);
#9021=ORIENTED_EDGE('',*,*,#9020,.F.);
#9022=EDGE_LOOP('',(#9017,#9018,#9019,#9021));
#9023=FACE_OUTER_BOUND('',#9022,.F.);
#9024=ADVANCED_FACE('',(#9023),#9016,.F.);
#9025=CARTESIAN_POINT('',(-3.77E0,7.6E-1,2.27E0));
#9026=DIRECTION('',(0.E0,1.E0,0.E0));
#9027=DIRECTION('',(-1.E0,0.E0,0.E0));
#9028=AXIS2_PLACEMENT_3D('',#9025,#9026,#9027);
#9029=PLANE('',#9028);
#9030=ORIENTED_EDGE('',*,*,#6798,.F.);
#9031=ORIENTED_EDGE('',*,*,#9020,.T.);
#9032=ORIENTED_EDGE('',*,*,#5661,.T.);
#9034=ORIENTED_EDGE('',*,*,#9033,.F.);
#9035=EDGE_LOOP('',(#9030,#9031,#9032,#9034));
#9036=FACE_OUTER_BOUND('',#9035,.F.);
#9037=ADVANCED_FACE('',(#9036),#9029,.F.);
#9038=CARTESIAN_POINT('',(-4.4E0,7.6E-1,2.27E0));
#9039=DIRECTION('',(-1.E0,0.E0,0.E0));
#9040=DIRECTION('',(0.E0,-1.E0,0.E0));
#9041=AXIS2_PLACEMENT_3D('',#9038,#9039,#9040);
#9042=PLANE('',#9041);
#9043=ORIENTED_EDGE('',*,*,#6800,.F.);
#9044=ORIENTED_EDGE('',*,*,#9033,.T.);
#9045=ORIENTED_EDGE('',*,*,#5659,.T.);
#9047=ORIENTED_EDGE('',*,*,#9046,.F.);
#9048=EDGE_LOOP('',(#9043,#9044,#9045,#9047));
#9049=FACE_OUTER_BOUND('',#9048,.F.);
#9050=ADVANCED_FACE('',(#9049),#9042,.F.);
#9051=CARTESIAN_POINT('',(-4.4E0,-5.9E-1,2.27E0));
#9052=DIRECTION('',(-7.071067811865E-1,-7.071067811865E-1,0.E0));
#9053=DIRECTION('',(7.071067811865E-1,-7.071067811865E-1,0.E0));
#9054=AXIS2_PLACEMENT_3D('',#9051,#9052,#9053);
#9055=PLANE('',#9054);
#9056=ORIENTED_EDGE('',*,*,#6802,.F.);
#9057=ORIENTED_EDGE('',*,*,#9046,.T.);
#9058=ORIENTED_EDGE('',*,*,#5657,.T.);
#9060=ORIENTED_EDGE('',*,*,#9059,.F.);
#9061=EDGE_LOOP('',(#9056,#9057,#9058,#9060));
#9062=FACE_OUTER_BOUND('',#9061,.F.);
#9063=ADVANCED_FACE('',(#9062),#9055,.F.);
#9064=CARTESIAN_POINT('',(-4.25E0,-7.4E-1,2.27E0));
#9065=DIRECTION('',(-1.E0,0.E0,0.E0));
#9066=DIRECTION('',(0.E0,-1.E0,0.E0));
#9067=AXIS2_PLACEMENT_3D('',#9064,#9065,#9066);
#9068=PLANE('',#9067);
#9069=ORIENTED_EDGE('',*,*,#6804,.F.);
#9070=ORIENTED_EDGE('',*,*,#9059,.T.);
#9071=ORIENTED_EDGE('',*,*,#5655,.T.);
#9072=ORIENTED_EDGE('',*,*,#5758,.F.);
#9073=EDGE_LOOP('',(#9069,#9070,#9071,#9072));
#9074=FACE_OUTER_BOUND('',#9073,.F.);
#9075=ADVANCED_FACE('',(#9074),#9068,.F.);
#9076=CARTESIAN_POINT('',(-3.325E0,0.E0,0.E0));
#9077=DIRECTION('',(1.E0,0.E0,0.E0));
#9078=DIRECTION('',(0.E0,0.E0,-1.E0));
#9079=AXIS2_PLACEMENT_3D('',#9076,#9077,#9078);
#9080=PLANE('',#9079);
#9081=ORIENTED_EDGE('',*,*,#5679,.T.);
#9083=ORIENTED_EDGE('',*,*,#9082,.T.);
#9085=ORIENTED_EDGE('',*,*,#9084,.T.);
#9087=ORIENTED_EDGE('',*,*,#9086,.T.);
#9089=ORIENTED_EDGE('',*,*,#9088,.T.);
#9091=ORIENTED_EDGE('',*,*,#9090,.T.);
#9093=ORIENTED_EDGE('',*,*,#9092,.T.);
#9094=ORIENTED_EDGE('',*,*,#5954,.T.);
#9095=ORIENTED_EDGE('',*,*,#5746,.F.);
#9097=ORIENTED_EDGE('',*,*,#9096,.T.);
#9099=ORIENTED_EDGE('',*,*,#9098,.T.);
#9101=ORIENTED_EDGE('',*,*,#9100,.T.);
#9103=ORIENTED_EDGE('',*,*,#9102,.T.);
#9104=EDGE_LOOP('',(#9081,#9083,#9085,#9087,#9089,#9091,#9093,#9094,#9095,#9097,
#9099,#9101,#9103));
#9105=FACE_OUTER_BOUND('',#9104,.F.);
#9106=ADVANCED_FACE('',(#9105),#9080,.F.);
#9107=CARTESIAN_POINT('',(-3.325E0,0.E0,0.E0));
#9108=DIRECTION('',(1.E0,0.E0,0.E0));
#9109=DIRECTION('',(0.E0,0.E0,-1.E0));
#9110=AXIS2_PLACEMENT_3D('',#9107,#9108,#9109);
#9111=PLANE('',#9110);
#9112=ORIENTED_EDGE('',*,*,#6506,.T.);
#9114=ORIENTED_EDGE('',*,*,#9113,.T.);
#9116=ORIENTED_EDGE('',*,*,#9115,.T.);
#9118=ORIENTED_EDGE('',*,*,#9117,.T.);
#9120=ORIENTED_EDGE('',*,*,#9119,.T.);
#9122=ORIENTED_EDGE('',*,*,#9121,.T.);
#9124=ORIENTED_EDGE('',*,*,#9123,.T.);
#9126=ORIENTED_EDGE('',*,*,#9125,.T.);
#9127=ORIENTED_EDGE('',*,*,#6597,.F.);
#9128=EDGE_LOOP('',(#9112,#9114,#9116,#9118,#9120,#9122,#9124,#9126,#9127));
#9129=FACE_OUTER_BOUND('',#9128,.F.);
#9130=ADVANCED_FACE('',(#9129),#9111,.F.);
#9131=CARTESIAN_POINT('',(-3.325E0,-9.8E-1,-6.2E-1));
#9132=DIRECTION('',(0.E0,1.E0,0.E0));
#9133=DIRECTION('',(0.E0,0.E0,1.E0));
#9134=AXIS2_PLACEMENT_3D('',#9131,#9132,#9133);
#9135=PLANE('',#9134);
#9136=ORIENTED_EDGE('',*,*,#5685,.T.);
#9138=ORIENTED_EDGE('',*,*,#9137,.T.);
#9140=ORIENTED_EDGE('',*,*,#9139,.F.);
#9141=ORIENTED_EDGE('',*,*,#9082,.F.);
#9142=EDGE_LOOP('',(#9136,#9138,#9140,#9141));
#9143=FACE_OUTER_BOUND('',#9142,.F.);
#9144=ADVANCED_FACE('',(#9143),#9135,.T.);
#9145=CARTESIAN_POINT('',(-2.925E0,0.E0,0.E0));
#9146=DIRECTION('',(1.E0,0.E0,0.E0));
#9147=DIRECTION('',(0.E0,0.E0,-1.E0));
#9148=AXIS2_PLACEMENT_3D('',#9145,#9146,#9147);
#9149=PLANE('',#9148);
#9150=ORIENTED_EDGE('',*,*,#5683,.F.);
#9152=ORIENTED_EDGE('',*,*,#9151,.F.);
#9154=ORIENTED_EDGE('',*,*,#9153,.F.);
#9156=ORIENTED_EDGE('',*,*,#9155,.F.);
#9158=ORIENTED_EDGE('',*,*,#9157,.F.);
#9159=ORIENTED_EDGE('',*,*,#5782,.T.);
#9160=ORIENTED_EDGE('',*,*,#5958,.F.);
#9162=ORIENTED_EDGE('',*,*,#9161,.F.);
#9164=ORIENTED_EDGE('',*,*,#9163,.F.);
#9166=ORIENTED_EDGE('',*,*,#9165,.F.);
#9168=ORIENTED_EDGE('',*,*,#9167,.F.);
#9170=ORIENTED_EDGE('',*,*,#9169,.F.);
#9171=ORIENTED_EDGE('',*,*,#9137,.F.);
#9172=EDGE_LOOP('',(#9150,#9152,#9154,#9156,#9158,#9159,#9160,#9162,#9164,#9166,
#9168,#9170,#9171));
#9173=FACE_OUTER_BOUND('',#9172,.F.);
#9174=ADVANCED_FACE('',(#9173),#9149,.T.);
#9175=CARTESIAN_POINT('',(-2.925E0,0.E0,0.E0));
#9176=DIRECTION('',(1.E0,0.E0,0.E0));
#9177=DIRECTION('',(0.E0,0.E0,-1.E0));
#9178=AXIS2_PLACEMENT_3D('',#9175,#9176,#9177);
#9179=PLANE('',#9178);
#9180=ORIENTED_EDGE('',*,*,#6502,.F.);
#9181=ORIENTED_EDGE('',*,*,#6601,.T.);
#9183=ORIENTED_EDGE('',*,*,#9182,.F.);
#9185=ORIENTED_EDGE('',*,*,#9184,.F.);
#9187=ORIENTED_EDGE('',*,*,#9186,.F.);
#9189=ORIENTED_EDGE('',*,*,#9188,.F.);
#9191=ORIENTED_EDGE('',*,*,#9190,.F.);
#9193=ORIENTED_EDGE('',*,*,#9192,.F.);
#9195=ORIENTED_EDGE('',*,*,#9194,.F.);
#9196=EDGE_LOOP('',(#9180,#9181,#9183,#9185,#9187,#9189,#9191,#9193,#9195));
#9197=FACE_OUTER_BOUND('',#9196,.F.);
#9198=ADVANCED_FACE('',(#9197),#9179,.T.);
#9199=CARTESIAN_POINT('',(-3.325E0,-1.66E0,-3.5E-1));
#9200=DIRECTION('',(0.E0,-1.E0,0.E0));
#9201=DIRECTION('',(0.E0,0.E0,-1.E0));
#9202=AXIS2_PLACEMENT_3D('',#9199,#9200,#9201);
#9203=PLANE('',#9202);
#9204=ORIENTED_EDGE('',*,*,#5681,.F.);
#9205=ORIENTED_EDGE('',*,*,#9102,.F.);
#9207=ORIENTED_EDGE('',*,*,#9206,.T.);
#9208=ORIENTED_EDGE('',*,*,#9151,.T.);
#9209=EDGE_LOOP('',(#9204,#9205,#9207,#9208));
#9210=FACE_OUTER_BOUND('',#9209,.F.);
#9211=ADVANCED_FACE('',(#9210),#9203,.T.);
#9212=CARTESIAN_POINT('',(-3.325E0,-1.81E0,-3.5E-1));
#9213=DIRECTION('',(1.E0,0.E0,0.E0));
#9214=DIRECTION('',(0.E0,0.E0,-1.E0));
#9215=AXIS2_PLACEMENT_3D('',#9212,#9213,#9214);
#9216=CYLINDRICAL_SURFACE('',#9215,1.5E-1);
#9217=ORIENTED_EDGE('',*,*,#9100,.F.);
#9219=ORIENTED_EDGE('',*,*,#9218,.T.);
#9220=ORIENTED_EDGE('',*,*,#9153,.T.);
#9221=ORIENTED_EDGE('',*,*,#9206,.F.);
#9222=EDGE_LOOP('',(#9217,#9219,#9220,#9221));
#9223=FACE_OUTER_BOUND('',#9222,.F.);
#9224=ADVANCED_FACE('',(#9223),#9216,.F.);
#9225=CARTESIAN_POINT('',(-3.325E0,-1.792273670013E0,-1.965585425805E-1));
#9226=DIRECTION('',(0.E0,-3.484911334172E-1,-9.373120771278E-1));
#9227=DIRECTION('',(0.E0,9.373120771278E-1,-3.484911334172E-1));
#9228=AXIS2_PLACEMENT_3D('',#9225,#9226,#9227);
#9229=PLANE('',#9228);
#9230=ORIENTED_EDGE('',*,*,#9098,.F.);
#9232=ORIENTED_EDGE('',*,*,#9231,.T.);
#9233=ORIENTED_EDGE('',*,*,#9155,.T.);
#9234=ORIENTED_EDGE('',*,*,#9218,.F.);
#9235=EDGE_LOOP('',(#9230,#9232,#9233,#9234));
#9236=FACE_OUTER_BOUND('',#9235,.F.);
#9237=ADVANCED_FACE('',(#9236),#9229,.T.);
#9238=CARTESIAN_POINT('',(-3.325E0,-1.74E0,-5.596173101136E-2));
#9239=DIRECTION('',(1.E0,0.E0,0.E0));
#9240=DIRECTION('',(0.E0,0.E0,-1.E0));
#9241=AXIS2_PLACEMENT_3D('',#9238,#9239,#9240);
#9242=CYLINDRICAL_SURFACE('',#9241,1.5E-1);
#9243=ORIENTED_EDGE('',*,*,#5976,.T.);
#9244=ORIENTED_EDGE('',*,*,#9157,.T.);
#9245=ORIENTED_EDGE('',*,*,#9231,.F.);
#9246=ORIENTED_EDGE('',*,*,#9096,.F.);
#9247=ORIENTED_EDGE('',*,*,#5932,.F.);
#9249=ORIENTED_EDGE('',*,*,#9248,.T.);
#9250=EDGE_LOOP('',(#9243,#9244,#9245,#9246,#9247,#9249));
#9251=FACE_OUTER_BOUND('',#9250,.F.);
#9252=ADVANCED_FACE('',(#9251),#9242,.T.);
#9253=CARTESIAN_POINT('',(-3.325E0,-1.89E0,5.4E-1));
#9254=DIRECTION('',(0.E0,-1.E0,0.E0));
#9255=DIRECTION('',(0.E0,0.E0,-1.E0));
#9256=AXIS2_PLACEMENT_3D('',#9253,#9254,#9255);
#9257=PLANE('',#9256);
#9258=ORIENTED_EDGE('',*,*,#5978,.T.);
#9259=ORIENTED_EDGE('',*,*,#9248,.F.);
#9260=ORIENTED_EDGE('',*,*,#5930,.F.);
#9261=ORIENTED_EDGE('',*,*,#5951,.T.);
#9262=EDGE_LOOP('',(#9258,#9259,#9260,#9261));
#9263=FACE_OUTER_BOUND('',#9262,.F.);
#9264=ADVANCED_FACE('',(#9263),#9257,.T.);
#9265=CARTESIAN_POINT('',(-3.325E0,-1.48E0,7.8E-1));
#9266=DIRECTION('',(0.E0,0.E0,1.E0));
#9267=DIRECTION('',(0.E0,-1.E0,0.E0));
#9268=AXIS2_PLACEMENT_3D('',#9265,#9266,#9267);
#9269=PLANE('',#9268);
#9270=ORIENTED_EDGE('',*,*,#9092,.F.);
#9272=ORIENTED_EDGE('',*,*,#9271,.T.);
#9273=ORIENTED_EDGE('',*,*,#9161,.T.);
#9274=ORIENTED_EDGE('',*,*,#5956,.F.);
#9275=EDGE_LOOP('',(#9270,#9272,#9273,#9274));
#9276=FACE_OUTER_BOUND('',#9275,.F.);
#9277=ADVANCED_FACE('',(#9276),#9269,.T.);
#9278=CARTESIAN_POINT('',(-3.325E0,-1.48E0,1.08E0));
#9279=DIRECTION('',(0.E0,-1.E0,0.E0));
#9280=DIRECTION('',(0.E0,0.E0,-1.E0));
#9281=AXIS2_PLACEMENT_3D('',#9278,#9279,#9280);
#9282=PLANE('',#9281);
#9283=ORIENTED_EDGE('',*,*,#9090,.F.);
#9285=ORIENTED_EDGE('',*,*,#9284,.T.);
#9286=ORIENTED_EDGE('',*,*,#9163,.T.);
#9287=ORIENTED_EDGE('',*,*,#9271,.F.);
#9288=EDGE_LOOP('',(#9283,#9285,#9286,#9287));
#9289=FACE_OUTER_BOUND('',#9288,.F.);
#9290=ADVANCED_FACE('',(#9289),#9282,.T.);
#9291=CARTESIAN_POINT('',(-3.325E0,-1.43E0,1.33E0));
#9292=DIRECTION('',(0.E0,-9.805806756909E-1,1.961161351382E-1));
#9293=DIRECTION('',(0.E0,-1.961161351382E-1,-9.805806756909E-1));
#9294=AXIS2_PLACEMENT_3D('',#9291,#9292,#9293);
#9295=PLANE('',#9294);
#9296=ORIENTED_EDGE('',*,*,#9088,.F.);
#9298=ORIENTED_EDGE('',*,*,#9297,.T.);
#9299=ORIENTED_EDGE('',*,*,#9165,.T.);
#9300=ORIENTED_EDGE('',*,*,#9284,.F.);
#9301=EDGE_LOOP('',(#9296,#9298,#9299,#9300));
#9302=FACE_OUTER_BOUND('',#9301,.F.);
#9303=ADVANCED_FACE('',(#9302),#9295,.T.);
#9304=CARTESIAN_POINT('',(-3.325E0,-1.18E0,1.33E0));
#9305=DIRECTION('',(0.E0,0.E0,1.E0));
#9306=DIRECTION('',(0.E0,-1.E0,0.E0));
#9307=AXIS2_PLACEMENT_3D('',#9304,#9305,#9306);
#9308=PLANE('',#9307);
#9309=ORIENTED_EDGE('',*,*,#9086,.F.);
#9311=ORIENTED_EDGE('',*,*,#9310,.T.);
#9312=ORIENTED_EDGE('',*,*,#9167,.T.);
#9313=ORIENTED_EDGE('',*,*,#9297,.F.);
#9314=EDGE_LOOP('',(#9309,#9311,#9312,#9313));
#9315=FACE_OUTER_BOUND('',#9314,.F.);
#9316=ADVANCED_FACE('',(#9315),#9308,.T.);
#9317=CARTESIAN_POINT('',(-3.325E0,-1.18E0,1.13E0));
#9318=DIRECTION('',(1.E0,0.E0,0.E0));
#9319=DIRECTION('',(0.E0,0.E0,-1.E0));
#9320=AXIS2_PLACEMENT_3D('',#9317,#9318,#9319);
#9321=CYLINDRICAL_SURFACE('',#9320,2.E-1);
#9322=ORIENTED_EDGE('',*,*,#9084,.F.);
#9323=ORIENTED_EDGE('',*,*,#9139,.T.);
#9324=ORIENTED_EDGE('',*,*,#9169,.T.);
#9325=ORIENTED_EDGE('',*,*,#9310,.F.);
#9326=EDGE_LOOP('',(#9322,#9323,#9324,#9325));
#9327=FACE_OUTER_BOUND('',#9326,.F.);
#9328=ADVANCED_FACE('',(#9327),#9321,.T.);
#9329=CARTESIAN_POINT('',(-3.325E0,-2.03E0,-2.22E0));
#9330=DIRECTION('',(0.E0,1.E0,0.E0));
#9331=DIRECTION('',(0.E0,0.E0,1.E0));
#9332=AXIS2_PLACEMENT_3D('',#9329,#9330,#9331);
#9333=PLANE('',#9332);
#9334=ORIENTED_EDGE('',*,*,#6599,.F.);
#9335=ORIENTED_EDGE('',*,*,#9125,.F.);
#9337=ORIENTED_EDGE('',*,*,#9336,.T.);
#9338=ORIENTED_EDGE('',*,*,#9182,.T.);
#9339=EDGE_LOOP('',(#9334,#9335,#9337,#9338));
#9340=FACE_OUTER_BOUND('',#9339,.F.);
#9341=ADVANCED_FACE('',(#9340),#9333,.T.);
#9342=CARTESIAN_POINT('',(-3.325E0,-2.13E0,-2.32E0));
#9343=DIRECTION('',(0.E0,7.071067811866E-1,-7.071067811865E-1));
#9344=DIRECTION('',(0.E0,7.071067811865E-1,7.071067811866E-1));
#9345=AXIS2_PLACEMENT_3D('',#9342,#9343,#9344);
#9346=PLANE('',#9345);
#9347=ORIENTED_EDGE('',*,*,#9123,.F.);
#9349=ORIENTED_EDGE('',*,*,#9348,.T.);
#9350=ORIENTED_EDGE('',*,*,#9184,.T.);
#9351=ORIENTED_EDGE('',*,*,#9336,.F.);
#9352=EDGE_LOOP('',(#9347,#9349,#9350,#9351));
#9353=FACE_OUTER_BOUND('',#9352,.F.);
#9354=ADVANCED_FACE('',(#9353),#9346,.T.);
#9355=CARTESIAN_POINT('',(-3.325E0,-2.58E0,-2.32E0));
#9356=DIRECTION('',(0.E0,0.E0,-1.E0));
#9357=DIRECTION('',(0.E0,1.E0,0.E0));
#9358=AXIS2_PLACEMENT_3D('',#9355,#9356,#9357);
#9359=PLANE('',#9358);
#9360=ORIENTED_EDGE('',*,*,#9121,.F.);
#9362=ORIENTED_EDGE('',*,*,#9361,.T.);
#9363=ORIENTED_EDGE('',*,*,#9186,.T.);
#9364=ORIENTED_EDGE('',*,*,#9348,.F.);
#9365=EDGE_LOOP('',(#9360,#9362,#9363,#9364));
#9366=FACE_OUTER_BOUND('',#9365,.F.);
#9367=ADVANCED_FACE('',(#9366),#9359,.T.);
#9368=CARTESIAN_POINT('',(-3.325E0,-2.68E0,-2.22E0));
#9369=DIRECTION('',(0.E0,-7.071067811865E-1,-7.071067811865E-1));
#9370=DIRECTION('',(0.E0,7.071067811865E-1,-7.071067811865E-1));
#9371=AXIS2_PLACEMENT_3D('',#9368,#9369,#9370);
#9372=PLANE('',#9371);
#9373=ORIENTED_EDGE('',*,*,#9119,.F.);
#9375=ORIENTED_EDGE('',*,*,#9374,.T.);
#9376=ORIENTED_EDGE('',*,*,#9188,.T.);
#9377=ORIENTED_EDGE('',*,*,#9361,.F.);
#9378=EDGE_LOOP('',(#9373,#9375,#9376,#9377));
#9379=FACE_OUTER_BOUND('',#9378,.F.);
#9380=ADVANCED_FACE('',(#9379),#9372,.T.);
#9381=CARTESIAN_POINT('',(-3.325E0,-2.68E0,-1.77E0));
#9382=DIRECTION('',(0.E0,-1.E0,0.E0));
#9383=DIRECTION('',(0.E0,0.E0,-1.E0));
#9384=AXIS2_PLACEMENT_3D('',#9381,#9382,#9383);
#9385=PLANE('',#9384);
#9386=ORIENTED_EDGE('',*,*,#9117,.F.);
#9388=ORIENTED_EDGE('',*,*,#9387,.T.);
#9389=ORIENTED_EDGE('',*,*,#9190,.T.);
#9390=ORIENTED_EDGE('',*,*,#9374,.F.);
#9391=EDGE_LOOP('',(#9386,#9388,#9389,#9390));
#9392=FACE_OUTER_BOUND('',#9391,.F.);
#9393=ADVANCED_FACE('',(#9392),#9385,.T.);
#9394=CARTESIAN_POINT('',(-3.325E0,-2.58E0,-1.67E0));
#9395=DIRECTION('',(0.E0,-7.071067811865E-1,7.071067811866E-1));
#9396=DIRECTION('',(0.E0,-7.071067811866E-1,-7.071067811865E-1));
#9397=AXIS2_PLACEMENT_3D('',#9394,#9395,#9396);
#9398=PLANE('',#9397);
#9399=ORIENTED_EDGE('',*,*,#9115,.F.);
#9401=ORIENTED_EDGE('',*,*,#9400,.T.);
#9402=ORIENTED_EDGE('',*,*,#9192,.T.);
#9403=ORIENTED_EDGE('',*,*,#9387,.F.);
#9404=EDGE_LOOP('',(#9399,#9401,#9402,#9403));
#9405=FACE_OUTER_BOUND('',#9404,.F.);
#9406=ADVANCED_FACE('',(#9405),#9398,.T.);
#9407=CARTESIAN_POINT('',(-3.325E0,-3.8E-1,-1.67E0));
#9408=DIRECTION('',(0.E0,0.E0,1.E0));
#9409=DIRECTION('',(0.E0,-1.E0,0.E0));
#9410=AXIS2_PLACEMENT_3D('',#9407,#9408,#9409);
#9411=PLANE('',#9410);
#9412=ORIENTED_EDGE('',*,*,#6504,.T.);
#9413=ORIENTED_EDGE('',*,*,#9194,.T.);
#9414=ORIENTED_EDGE('',*,*,#9400,.F.);
#9415=ORIENTED_EDGE('',*,*,#9113,.F.);
#9416=EDGE_LOOP('',(#9412,#9413,#9414,#9415));
#9417=FACE_OUTER_BOUND('',#9416,.F.);
#9418=ADVANCED_FACE('',(#9417),#9411,.T.);
#9419=CARTESIAN_POINT('',(-2.075E0,-2.03E0,-2.22E0));
#9420=DIRECTION('',(0.E0,1.E0,0.E0));
#9421=DIRECTION('',(0.E0,0.E0,1.E0));
#9422=AXIS2_PLACEMENT_3D('',#9419,#9420,#9421);
#9423=PLANE('',#9422);
#9424=ORIENTED_EDGE('',*,*,#6605,.F.);
#9425=ORIENTED_EDGE('',*,*,#5593,.F.);
#9427=ORIENTED_EDGE('',*,*,#9426,.T.);
#9429=ORIENTED_EDGE('',*,*,#9428,.T.);
#9430=EDGE_LOOP('',(#9424,#9425,#9427,#9429));
#9431=FACE_OUTER_BOUND('',#9430,.F.);
#9432=ADVANCED_FACE('',(#9431),#9423,.T.);
#9433=CARTESIAN_POINT('',(-2.075E0,-2.13E0,-2.32E0));
#9434=DIRECTION('',(0.E0,7.071067811866E-1,-7.071067811865E-1));
#9435=DIRECTION('',(0.E0,7.071067811865E-1,7.071067811866E-1));
#9436=AXIS2_PLACEMENT_3D('',#9433,#9434,#9435);
#9437=PLANE('',#9436);
#9438=ORIENTED_EDGE('',*,*,#5591,.F.);
#9440=ORIENTED_EDGE('',*,*,#9439,.T.);
#9442=ORIENTED_EDGE('',*,*,#9441,.T.);
#9443=ORIENTED_EDGE('',*,*,#9426,.F.);
#9444=EDGE_LOOP('',(#9438,#9440,#9442,#9443));
#9445=FACE_OUTER_BOUND('',#9444,.F.);
#9446=ADVANCED_FACE('',(#9445),#9437,.T.);
#9447=CARTESIAN_POINT('',(-2.075E0,-2.58E0,-2.32E0));
#9448=DIRECTION('',(0.E0,0.E0,-1.E0));
#9449=DIRECTION('',(0.E0,1.E0,0.E0));
#9450=AXIS2_PLACEMENT_3D('',#9447,#9448,#9449);
#9451=PLANE('',#9450);
#9452=ORIENTED_EDGE('',*,*,#5589,.F.);
#9454=ORIENTED_EDGE('',*,*,#9453,.T.);
#9456=ORIENTED_EDGE('',*,*,#9455,.T.);
#9457=ORIENTED_EDGE('',*,*,#9439,.F.);
#9458=EDGE_LOOP('',(#9452,#9454,#9456,#9457));
#9459=FACE_OUTER_BOUND('',#9458,.F.);
#9460=ADVANCED_FACE('',(#9459),#9451,.T.);
#9461=CARTESIAN_POINT('',(-2.075E0,-2.68E0,-2.22E0));
#9462=DIRECTION('',(0.E0,-7.071067811865E-1,-7.071067811865E-1));
#9463=DIRECTION('',(0.E0,7.071067811865E-1,-7.071067811865E-1));
#9464=AXIS2_PLACEMENT_3D('',#9461,#9462,#9463);
#9465=PLANE('',#9464);
#9466=ORIENTED_EDGE('',*,*,#5587,.F.);
#9468=ORIENTED_EDGE('',*,*,#9467,.T.);
#9470=ORIENTED_EDGE('',*,*,#9469,.T.);
#9471=ORIENTED_EDGE('',*,*,#9453,.F.);
#9472=EDGE_LOOP('',(#9466,#9468,#9470,#9471));
#9473=FACE_OUTER_BOUND('',#9472,.F.);
#9474=ADVANCED_FACE('',(#9473),#9465,.T.);
#9475=CARTESIAN_POINT('',(-2.075E0,-2.68E0,-1.77E0));
#9476=DIRECTION('',(0.E0,-1.E0,0.E0));
#9477=DIRECTION('',(0.E0,0.E0,-1.E0));
#9478=AXIS2_PLACEMENT_3D('',#9475,#9476,#9477);
#9479=PLANE('',#9478);
#9480=ORIENTED_EDGE('',*,*,#5585,.F.);
#9482=ORIENTED_EDGE('',*,*,#9481,.T.);
#9484=ORIENTED_EDGE('',*,*,#9483,.T.);
#9485=ORIENTED_EDGE('',*,*,#9467,.F.);
#9486=EDGE_LOOP('',(#9480,#9482,#9484,#9485));
#9487=FACE_OUTER_BOUND('',#9486,.F.);
#9488=ADVANCED_FACE('',(#9487),#9479,.T.);
#9489=CARTESIAN_POINT('',(-2.075E0,-2.58E0,-1.67E0));
#9490=DIRECTION('',(0.E0,-7.071067811865E-1,7.071067811866E-1));
#9491=DIRECTION('',(0.E0,-7.071067811866E-1,-7.071067811865E-1));
#9492=AXIS2_PLACEMENT_3D('',#9489,#9490,#9491);
#9493=PLANE('',#9492);
#9494=ORIENTED_EDGE('',*,*,#5583,.F.);
#9496=ORIENTED_EDGE('',*,*,#9495,.T.);
#9498=ORIENTED_EDGE('',*,*,#9497,.T.);
#9499=ORIENTED_EDGE('',*,*,#9481,.F.);
#9500=EDGE_LOOP('',(#9494,#9496,#9498,#9499));
#9501=FACE_OUTER_BOUND('',#9500,.F.);
#9502=ADVANCED_FACE('',(#9501),#9493,.T.);
#9503=CARTESIAN_POINT('',(-2.075E0,-3.8E-1,-1.67E0));
#9504=DIRECTION('',(0.E0,0.E0,1.E0));
#9505=DIRECTION('',(0.E0,-1.E0,0.E0));
#9506=AXIS2_PLACEMENT_3D('',#9503,#9504,#9505);
#9507=PLANE('',#9506);
#9508=ORIENTED_EDGE('',*,*,#6497,.T.);
#9510=ORIENTED_EDGE('',*,*,#9509,.T.);
#9511=ORIENTED_EDGE('',*,*,#9495,.F.);
#9512=ORIENTED_EDGE('',*,*,#5581,.F.);
#9513=EDGE_LOOP('',(#9508,#9510,#9511,#9512));
#9514=FACE_OUTER_BOUND('',#9513,.F.);
#9515=ADVANCED_FACE('',(#9514),#9507,.T.);
#9516=CARTESIAN_POINT('',(-1.675E0,0.E0,0.E0));
#9517=DIRECTION('',(1.E0,0.E0,0.E0));
#9518=DIRECTION('',(0.E0,0.E0,-1.E0));
#9519=AXIS2_PLACEMENT_3D('',#9516,#9517,#9518);
#9520=PLANE('',#9519);
#9521=ORIENTED_EDGE('',*,*,#5692,.F.);
#9523=ORIENTED_EDGE('',*,*,#9522,.F.);
#9525=ORIENTED_EDGE('',*,*,#9524,.F.);
#9526=ORIENTED_EDGE('',*,*,#5534,.F.);
#9528=ORIENTED_EDGE('',*,*,#9527,.F.);
#9529=ORIENTED_EDGE('',*,*,#5809,.T.);
#9531=ORIENTED_EDGE('',*,*,#9530,.F.);
#9533=ORIENTED_EDGE('',*,*,#9532,.F.);
#9535=ORIENTED_EDGE('',*,*,#9534,.F.);
#9537=ORIENTED_EDGE('',*,*,#9536,.F.);
#9539=ORIENTED_EDGE('',*,*,#9538,.F.);
#9541=ORIENTED_EDGE('',*,*,#9540,.F.);
#9543=ORIENTED_EDGE('',*,*,#9542,.F.);
#9544=EDGE_LOOP('',(#9521,#9523,#9525,#9526,#9528,#9529,#9531,#9533,#9535,#9537,
#9539,#9541,#9543));
#9545=FACE_OUTER_BOUND('',#9544,.F.);
#9546=ADVANCED_FACE('',(#9545),#9520,.T.);
#9547=CARTESIAN_POINT('',(-1.675E0,0.E0,0.E0));
#9548=DIRECTION('',(1.E0,0.E0,0.E0));
#9549=DIRECTION('',(0.E0,0.E0,-1.E0));
#9550=AXIS2_PLACEMENT_3D('',#9547,#9548,#9549);
#9551=PLANE('',#9550);
#9552=ORIENTED_EDGE('',*,*,#6495,.F.);
#9553=ORIENTED_EDGE('',*,*,#6607,.T.);
#9554=ORIENTED_EDGE('',*,*,#9428,.F.);
#9555=ORIENTED_EDGE('',*,*,#9441,.F.);
#9556=ORIENTED_EDGE('',*,*,#9455,.F.);
#9557=ORIENTED_EDGE('',*,*,#9469,.F.);
#9558=ORIENTED_EDGE('',*,*,#9483,.F.);
#9559=ORIENTED_EDGE('',*,*,#9497,.F.);
#9560=ORIENTED_EDGE('',*,*,#9509,.F.);
#9561=EDGE_LOOP('',(#9552,#9553,#9554,#9555,#9556,#9557,#9558,#9559,#9560));
#9562=FACE_OUTER_BOUND('',#9561,.F.);
#9563=ADVANCED_FACE('',(#9562),#9551,.T.);
#9564=CARTESIAN_POINT('',(-2.075E0,-1.66E0,-3.5E-1));
#9565=DIRECTION('',(0.E0,-1.E0,0.E0));
#9566=DIRECTION('',(0.E0,0.E0,-1.E0));
#9567=AXIS2_PLACEMENT_3D('',#9564,#9565,#9566);
#9568=PLANE('',#9567);
#9569=ORIENTED_EDGE('',*,*,#5690,.F.);
#9570=ORIENTED_EDGE('',*,*,#5569,.F.);
#9572=ORIENTED_EDGE('',*,*,#9571,.T.);
#9573=ORIENTED_EDGE('',*,*,#9522,.T.);
#9574=EDGE_LOOP('',(#9569,#9570,#9572,#9573));
#9575=FACE_OUTER_BOUND('',#9574,.F.);
#9576=ADVANCED_FACE('',(#9575),#9568,.T.);
#9577=CARTESIAN_POINT('',(-2.075E0,-1.81E0,-3.5E-1));
#9578=DIRECTION('',(1.E0,0.E0,0.E0));
#9579=DIRECTION('',(0.E0,0.E0,-1.E0));
#9580=AXIS2_PLACEMENT_3D('',#9577,#9578,#9579);
#9581=CYLINDRICAL_SURFACE('',#9580,1.5E-1);
#9582=ORIENTED_EDGE('',*,*,#5567,.F.);
#9583=ORIENTED_EDGE('',*,*,#5536,.T.);
#9584=ORIENTED_EDGE('',*,*,#9524,.T.);
#9585=ORIENTED_EDGE('',*,*,#9571,.F.);
#9586=EDGE_LOOP('',(#9582,#9583,#9584,#9585));
#9587=FACE_OUTER_BOUND('',#9586,.F.);
#9588=ADVANCED_FACE('',(#9587),#9581,.F.);
#9589=CARTESIAN_POINT('',(-2.075E0,-1.74E0,-5.596173101136E-2));
#9590=DIRECTION('',(1.E0,0.E0,0.E0));
#9591=DIRECTION('',(0.E0,0.E0,-1.E0));
#9592=AXIS2_PLACEMENT_3D('',#9589,#9590,#9591);
#9593=CYLINDRICAL_SURFACE('',#9592,1.5E-1);
#9595=ORIENTED_EDGE('',*,*,#9594,.T.);
#9596=ORIENTED_EDGE('',*,*,#9527,.T.);
#9597=ORIENTED_EDGE('',*,*,#5532,.F.);
#9598=ORIENTED_EDGE('',*,*,#5564,.F.);
#9600=ORIENTED_EDGE('',*,*,#9599,.F.);
#9602=ORIENTED_EDGE('',*,*,#9601,.T.);
#9603=EDGE_LOOP('',(#9595,#9596,#9597,#9598,#9600,#9602));
#9604=FACE_OUTER_BOUND('',#9603,.F.);
#9605=ADVANCED_FACE('',(#9604),#9593,.T.);
#9606=CARTESIAN_POINT('',(-1.675E0,0.E0,0.E0));
#9607=DIRECTION('',(-1.E0,0.E0,0.E0));
#9608=DIRECTION('',(0.E0,0.E0,1.E0));
#9609=AXIS2_PLACEMENT_3D('',#9606,#9607,#9608);
#9610=PLANE('',#9609);
#9612=ORIENTED_EDGE('',*,*,#9611,.F.);
#9613=ORIENTED_EDGE('',*,*,#5807,.T.);
#9615=ORIENTED_EDGE('',*,*,#9614,.F.);
#9617=ORIENTED_EDGE('',*,*,#9616,.F.);
#9618=ORIENTED_EDGE('',*,*,#5639,.F.);
#9619=ORIENTED_EDGE('',*,*,#5811,.T.);
#9620=ORIENTED_EDGE('',*,*,#9594,.F.);
#9622=ORIENTED_EDGE('',*,*,#9621,.F.);
#9623=EDGE_LOOP('',(#9612,#9613,#9615,#9617,#9618,#9619,#9620,#9622));
#9624=FACE_OUTER_BOUND('',#9623,.F.);
#9625=ADVANCED_FACE('',(#9624),#9610,.T.);
#9626=CARTESIAN_POINT('',(-2.075E0,-1.83E0,7.8E-1));
#9627=DIRECTION('',(0.E0,-9.701425001453E-1,2.425356250363E-1));
#9628=DIRECTION('',(0.E0,-2.425356250363E-1,-9.701425001453E-1));
#9629=AXIS2_PLACEMENT_3D('',#9626,#9627,#9628);
#9630=PLANE('',#9629);
#9631=ORIENTED_EDGE('',*,*,#9611,.T.);
#9633=ORIENTED_EDGE('',*,*,#9632,.F.);
#9635=ORIENTED_EDGE('',*,*,#9634,.F.);
#9636=ORIENTED_EDGE('',*,*,#5560,.F.);
#9638=ORIENTED_EDGE('',*,*,#9637,.T.);
#9639=ORIENTED_EDGE('',*,*,#9530,.T.);
#9640=EDGE_LOOP('',(#9631,#9633,#9635,#9636,#9638,#9639));
#9641=FACE_OUTER_BOUND('',#9640,.F.);
#9642=ADVANCED_FACE('',(#9641),#9630,.T.);
#9643=CARTESIAN_POINT('',(-2.075E0,-1.89E0,5.4E-1));
#9644=DIRECTION('',(0.E0,-1.E0,0.E0));
#9645=DIRECTION('',(0.E0,0.E0,-1.E0));
#9646=AXIS2_PLACEMENT_3D('',#9643,#9644,#9645);
#9647=PLANE('',#9646);
#9648=ORIENTED_EDGE('',*,*,#9621,.T.);
#9649=ORIENTED_EDGE('',*,*,#9601,.F.);
#9651=ORIENTED_EDGE('',*,*,#9650,.F.);
#9652=ORIENTED_EDGE('',*,*,#9632,.T.);
#9653=EDGE_LOOP('',(#9648,#9649,#9651,#9652));
#9654=FACE_OUTER_BOUND('',#9653,.F.);
#9655=ADVANCED_FACE('',(#9654),#9647,.T.);
#9656=CARTESIAN_POINT('',(-2.075E0,0.E0,0.E0));
#9657=DIRECTION('',(-1.E0,0.E0,0.E0));
#9658=DIRECTION('',(0.E0,0.E0,1.E0));
#9659=AXIS2_PLACEMENT_3D('',#9656,#9657,#9658);
#9660=PLANE('',#9659);
#9661=ORIENTED_EDGE('',*,*,#9634,.T.);
#9662=ORIENTED_EDGE('',*,*,#9650,.T.);
#9663=ORIENTED_EDGE('',*,*,#9599,.T.);
#9664=ORIENTED_EDGE('',*,*,#5769,.F.);
#9665=ORIENTED_EDGE('',*,*,#5643,.T.);
#9667=ORIENTED_EDGE('',*,*,#9666,.T.);
#9669=ORIENTED_EDGE('',*,*,#9668,.T.);
#9670=ORIENTED_EDGE('',*,*,#5772,.F.);
#9671=EDGE_LOOP('',(#9661,#9662,#9663,#9664,#9665,#9667,#9669,#9670));
#9672=FACE_OUTER_BOUND('',#9671,.F.);
#9673=ADVANCED_FACE('',(#9672),#9660,.F.);
#9674=CARTESIAN_POINT('',(-1.675E0,-1.93E0,-6.2E-1));
#9675=DIRECTION('',(0.E0,-1.E0,0.E0));
#9676=DIRECTION('',(0.E0,0.E0,1.E0));
#9677=AXIS2_PLACEMENT_3D('',#9674,#9675,#9676);
#9678=PLANE('',#9677);
#9679=ORIENTED_EDGE('',*,*,#9616,.T.);
#9681=ORIENTED_EDGE('',*,*,#9680,.T.);
#9682=ORIENTED_EDGE('',*,*,#9666,.F.);
#9683=ORIENTED_EDGE('',*,*,#5641,.F.);
#9684=EDGE_LOOP('',(#9679,#9681,#9682,#9683));
#9685=FACE_OUTER_BOUND('',#9684,.F.);
#9686=ADVANCED_FACE('',(#9685),#9678,.F.);
#9687=CARTESIAN_POINT('',(-1.675E0,-1.58E0,1.09E0));
#9688=DIRECTION('',(0.E0,0.E0,-1.E0));
#9689=DIRECTION('',(0.E0,-1.E0,0.E0));
#9690=AXIS2_PLACEMENT_3D('',#9687,#9688,#9689);
#9691=PLANE('',#9690);
#9693=ORIENTED_EDGE('',*,*,#9692,.T.);
#9694=ORIENTED_EDGE('',*,*,#9668,.F.);
#9695=ORIENTED_EDGE('',*,*,#9680,.F.);
#9696=ORIENTED_EDGE('',*,*,#9614,.T.);
#9698=ORIENTED_EDGE('',*,*,#9697,.F.);
#9700=ORIENTED_EDGE('',*,*,#9699,.T.);
#9701=EDGE_LOOP('',(#9693,#9694,#9695,#9696,#9698,#9700));
#9702=FACE_OUTER_BOUND('',#9701,.F.);
#9703=ADVANCED_FACE('',(#9702),#9691,.T.);
#9704=CARTESIAN_POINT('',(-2.075E0,0.E0,0.E0));
#9705=DIRECTION('',(-1.E0,0.E0,0.E0));
#9706=DIRECTION('',(0.E0,0.E0,1.E0));
#9707=AXIS2_PLACEMENT_3D('',#9704,#9705,#9706);
#9708=PLANE('',#9707);
#9709=ORIENTED_EDGE('',*,*,#5774,.F.);
#9710=ORIENTED_EDGE('',*,*,#9692,.F.);
#9712=ORIENTED_EDGE('',*,*,#9711,.F.);
#9714=ORIENTED_EDGE('',*,*,#9713,.F.);
#9715=ORIENTED_EDGE('',*,*,#6071,.F.);
#9716=EDGE_LOOP('',(#9709,#9710,#9712,#9714,#9715));
#9717=FACE_OUTER_BOUND('',#9716,.F.);
#9718=ADVANCED_FACE('',(#9717),#9708,.T.);
#9719=CARTESIAN_POINT('',(-1.675E0,-1.58E0,1.63E0));
#9720=DIRECTION('',(0.E0,1.E0,0.E0));
#9721=DIRECTION('',(0.E0,0.E0,-1.E0));
#9722=AXIS2_PLACEMENT_3D('',#9719,#9720,#9721);
#9723=PLANE('',#9722);
#9725=ORIENTED_EDGE('',*,*,#9724,.F.);
#9727=ORIENTED_EDGE('',*,*,#9726,.T.);
#9728=ORIENTED_EDGE('',*,*,#9711,.T.);
#9729=ORIENTED_EDGE('',*,*,#9699,.F.);
#9730=EDGE_LOOP('',(#9725,#9727,#9728,#9729));
#9731=FACE_OUTER_BOUND('',#9730,.F.);
#9732=ADVANCED_FACE('',(#9731),#9723,.T.);
#9733=CARTESIAN_POINT('',(-1.675E0,0.E0,0.E0));
#9734=DIRECTION('',(-1.E0,0.E0,0.E0));
#9735=DIRECTION('',(0.E0,0.E0,1.E0));
#9736=AXIS2_PLACEMENT_3D('',#9733,#9734,#9735);
#9737=PLANE('',#9736);
#9738=ORIENTED_EDGE('',*,*,#5805,.T.);
#9739=ORIENTED_EDGE('',*,*,#6075,.T.);
#9741=ORIENTED_EDGE('',*,*,#9740,.T.);
#9742=ORIENTED_EDGE('',*,*,#9724,.T.);
#9743=ORIENTED_EDGE('',*,*,#9697,.T.);
#9744=EDGE_LOOP('',(#9738,#9739,#9741,#9742,#9743));
#9745=FACE_OUTER_BOUND('',#9744,.F.);
#9746=ADVANCED_FACE('',(#9745),#9737,.F.);
#9747=CARTESIAN_POINT('',(-1.675E0,-1.73E0,1.63E0));
#9748=DIRECTION('',(-1.E0,0.E0,0.E0));
#9749=DIRECTION('',(0.E0,0.E0,1.E0));
#9750=AXIS2_PLACEMENT_3D('',#9747,#9748,#9749);
#9751=CYLINDRICAL_SURFACE('',#9750,1.5E-1);
#9752=ORIENTED_EDGE('',*,*,#9740,.F.);
#9753=ORIENTED_EDGE('',*,*,#6073,.T.);
#9754=ORIENTED_EDGE('',*,*,#9713,.T.);
#9755=ORIENTED_EDGE('',*,*,#9726,.F.);
#9756=EDGE_LOOP('',(#9752,#9753,#9754,#9755));
#9757=FACE_OUTER_BOUND('',#9756,.F.);
#9758=ADVANCED_FACE('',(#9757),#9751,.T.);
#9759=CARTESIAN_POINT('',(-2.075E0,-1.48E0,7.8E-1));
#9760=DIRECTION('',(0.E0,0.E0,1.E0));
#9761=DIRECTION('',(0.E0,-1.E0,0.E0));
#9762=AXIS2_PLACEMENT_3D('',#9759,#9760,#9761);
#9763=PLANE('',#9762);
#9764=ORIENTED_EDGE('',*,*,#5558,.F.);
#9766=ORIENTED_EDGE('',*,*,#9765,.T.);
#9767=ORIENTED_EDGE('',*,*,#9532,.T.);
#9768=ORIENTED_EDGE('',*,*,#9637,.F.);
#9769=EDGE_LOOP('',(#9764,#9766,#9767,#9768));
#9770=FACE_OUTER_BOUND('',#9769,.F.);
#9771=ADVANCED_FACE('',(#9770),#9763,.T.);
#9772=CARTESIAN_POINT('',(-2.075E0,-1.48E0,1.08E0));
#9773=DIRECTION('',(0.E0,-1.E0,0.E0));
#9774=DIRECTION('',(0.E0,0.E0,-1.E0));
#9775=AXIS2_PLACEMENT_3D('',#9772,#9773,#9774);
#9776=PLANE('',#9775);
#9777=ORIENTED_EDGE('',*,*,#5556,.F.);
#9779=ORIENTED_EDGE('',*,*,#9778,.T.);
#9780=ORIENTED_EDGE('',*,*,#9534,.T.);
#9781=ORIENTED_EDGE('',*,*,#9765,.F.);
#9782=EDGE_LOOP('',(#9777,#9779,#9780,#9781));
#9783=FACE_OUTER_BOUND('',#9782,.F.);
#9784=ADVANCED_FACE('',(#9783),#9776,.T.);
#9785=CARTESIAN_POINT('',(-2.075E0,-1.43E0,1.33E0));
#9786=DIRECTION('',(0.E0,-9.805806756909E-1,1.961161351382E-1));
#9787=DIRECTION('',(0.E0,-1.961161351382E-1,-9.805806756909E-1));
#9788=AXIS2_PLACEMENT_3D('',#9785,#9786,#9787);
#9789=PLANE('',#9788);
#9790=ORIENTED_EDGE('',*,*,#5554,.F.);
#9792=ORIENTED_EDGE('',*,*,#9791,.T.);
#9793=ORIENTED_EDGE('',*,*,#9536,.T.);
#9794=ORIENTED_EDGE('',*,*,#9778,.F.);
#9795=EDGE_LOOP('',(#9790,#9792,#9793,#9794));
#9796=FACE_OUTER_BOUND('',#9795,.F.);
#9797=ADVANCED_FACE('',(#9796),#9789,.T.);
#9798=CARTESIAN_POINT('',(-2.075E0,-1.18E0,1.33E0));
#9799=DIRECTION('',(0.E0,0.E0,1.E0));
#9800=DIRECTION('',(0.E0,-1.E0,0.E0));
#9801=AXIS2_PLACEMENT_3D('',#9798,#9799,#9800);
#9802=PLANE('',#9801);
#9803=ORIENTED_EDGE('',*,*,#5552,.F.);
#9805=ORIENTED_EDGE('',*,*,#9804,.T.);
#9806=ORIENTED_EDGE('',*,*,#9538,.T.);
#9807=ORIENTED_EDGE('',*,*,#9791,.F.);
#9808=EDGE_LOOP('',(#9803,#9805,#9806,#9807));
#9809=FACE_OUTER_BOUND('',#9808,.F.);
#9810=ADVANCED_FACE('',(#9809),#9802,.T.);
#9811=CARTESIAN_POINT('',(-2.075E0,-1.18E0,1.13E0));
#9812=DIRECTION('',(1.E0,0.E0,0.E0));
#9813=DIRECTION('',(0.E0,0.E0,-1.E0));
#9814=AXIS2_PLACEMENT_3D('',#9811,#9812,#9813);
#9815=CYLINDRICAL_SURFACE('',#9814,2.E-1);
#9816=ORIENTED_EDGE('',*,*,#5550,.F.);
#9818=ORIENTED_EDGE('',*,*,#9817,.T.);
#9819=ORIENTED_EDGE('',*,*,#9540,.T.);
#9820=ORIENTED_EDGE('',*,*,#9804,.F.);
#9821=EDGE_LOOP('',(#9816,#9818,#9819,#9820));
#9822=FACE_OUTER_BOUND('',#9821,.F.);
#9823=ADVANCED_FACE('',(#9822),#9815,.T.);
#9824=CARTESIAN_POINT('',(-2.075E0,-9.8E-1,-6.2E-1));
#9825=DIRECTION('',(0.E0,1.E0,0.E0));
#9826=DIRECTION('',(0.E0,0.E0,1.E0));
#9827=AXIS2_PLACEMENT_3D('',#9824,#9825,#9826);
#9828=PLANE('',#9827);
#9829=ORIENTED_EDGE('',*,*,#5694,.T.);
#9830=ORIENTED_EDGE('',*,*,#9542,.T.);
#9831=ORIENTED_EDGE('',*,*,#9817,.F.);
#9832=ORIENTED_EDGE('',*,*,#5548,.F.);
#9833=EDGE_LOOP('',(#9829,#9830,#9831,#9832));
#9834=FACE_OUTER_BOUND('',#9833,.F.);
#9835=ADVANCED_FACE('',(#9834),#9828,.T.);
#9836=CARTESIAN_POINT('',(-8.25E-1,0.E0,0.E0));
#9837=DIRECTION('',(1.E0,0.E0,0.E0));
#9838=DIRECTION('',(0.E0,0.E0,-1.E0));
#9839=AXIS2_PLACEMENT_3D('',#9836,#9837,#9838);
#9840=PLANE('',#9839);
#9841=ORIENTED_EDGE('',*,*,#5698,.T.);
#9843=ORIENTED_EDGE('',*,*,#9842,.T.);
#9845=ORIENTED_EDGE('',*,*,#9844,.T.);
#9847=ORIENTED_EDGE('',*,*,#9846,.T.);
#9849=ORIENTED_EDGE('',*,*,#9848,.T.);
#9851=ORIENTED_EDGE('',*,*,#9850,.T.);
#9853=ORIENTED_EDGE('',*,*,#9852,.T.);
#9855=ORIENTED_EDGE('',*,*,#9854,.T.);
#9856=ORIENTED_EDGE('',*,*,#5797,.F.);
#9858=ORIENTED_EDGE('',*,*,#9857,.T.);
#9860=ORIENTED_EDGE('',*,*,#9859,.T.);
#9862=ORIENTED_EDGE('',*,*,#9861,.T.);
#9864=ORIENTED_EDGE('',*,*,#9863,.T.);
#9865=EDGE_LOOP('',(#9841,#9843,#9845,#9847,#9849,#9851,#9853,#9855,#9856,#9858,
#9860,#9862,#9864));
#9866=FACE_OUTER_BOUND('',#9865,.F.);
#9867=ADVANCED_FACE('',(#9866),#9840,.F.);
#9868=CARTESIAN_POINT('',(-8.25E-1,0.E0,0.E0));
#9869=DIRECTION('',(1.E0,0.E0,0.E0));
#9870=DIRECTION('',(0.E0,0.E0,-1.E0));
#9871=AXIS2_PLACEMENT_3D('',#9868,#9869,#9870);
#9872=PLANE('',#9871);
#9873=ORIENTED_EDGE('',*,*,#6491,.T.);
#9875=ORIENTED_EDGE('',*,*,#9874,.T.);
#9877=ORIENTED_EDGE('',*,*,#9876,.T.);
#9879=ORIENTED_EDGE('',*,*,#9878,.T.);
#9881=ORIENTED_EDGE('',*,*,#9880,.T.);
#9883=ORIENTED_EDGE('',*,*,#9882,.T.);
#9885=ORIENTED_EDGE('',*,*,#9884,.T.);
#9887=ORIENTED_EDGE('',*,*,#9886,.T.);
#9888=ORIENTED_EDGE('',*,*,#6610,.F.);
#9889=EDGE_LOOP('',(#9873,#9875,#9877,#9879,#9881,#9883,#9885,#9887,#9888));
#9890=FACE_OUTER_BOUND('',#9889,.F.);
#9891=ADVANCED_FACE('',(#9890),#9872,.F.);
#9892=CARTESIAN_POINT('',(-8.25E-1,-9.8E-1,-6.2E-1));
#9893=DIRECTION('',(0.E0,1.E0,0.E0));
#9894=DIRECTION('',(0.E0,0.E0,1.E0));
#9895=AXIS2_PLACEMENT_3D('',#9892,#9893,#9894);
#9896=PLANE('',#9895);
#9897=ORIENTED_EDGE('',*,*,#5704,.T.);
#9899=ORIENTED_EDGE('',*,*,#9898,.T.);
#9901=ORIENTED_EDGE('',*,*,#9900,.F.);
#9902=ORIENTED_EDGE('',*,*,#9842,.F.);
#9903=EDGE_LOOP('',(#9897,#9899,#9901,#9902));
#9904=FACE_OUTER_BOUND('',#9903,.F.);
#9905=ADVANCED_FACE('',(#9904),#9896,.T.);
#9906=CARTESIAN_POINT('',(-4.25E-1,0.E0,0.E0));
#9907=DIRECTION('',(1.E0,0.E0,0.E0));
#9908=DIRECTION('',(0.E0,0.E0,-1.E0));
#9909=AXIS2_PLACEMENT_3D('',#9906,#9907,#9908);
#9910=PLANE('',#9909);
#9911=ORIENTED_EDGE('',*,*,#5702,.F.);
#9913=ORIENTED_EDGE('',*,*,#9912,.F.);
#9915=ORIENTED_EDGE('',*,*,#9914,.F.);
#9917=ORIENTED_EDGE('',*,*,#9916,.F.);
#9919=ORIENTED_EDGE('',*,*,#9918,.F.);
#9920=ORIENTED_EDGE('',*,*,#5836,.T.);
#9922=ORIENTED_EDGE('',*,*,#9921,.F.);
#9924=ORIENTED_EDGE('',*,*,#9923,.F.);
#9926=ORIENTED_EDGE('',*,*,#9925,.F.);
#9928=ORIENTED_EDGE('',*,*,#9927,.F.);
#9930=ORIENTED_EDGE('',*,*,#9929,.F.);
#9932=ORIENTED_EDGE('',*,*,#9931,.F.);
#9933=ORIENTED_EDGE('',*,*,#9898,.F.);
#9934=EDGE_LOOP('',(#9911,#9913,#9915,#9917,#9919,#9920,#9922,#9924,#9926,#9928,
#9930,#9932,#9933));
#9935=FACE_OUTER_BOUND('',#9934,.F.);
#9936=ADVANCED_FACE('',(#9935),#9910,.T.);
#9937=CARTESIAN_POINT('',(-4.25E-1,0.E0,0.E0));
#9938=DIRECTION('',(1.E0,0.E0,0.E0));
#9939=DIRECTION('',(0.E0,0.E0,-1.E0));
#9940=AXIS2_PLACEMENT_3D('',#9937,#9938,#9939);
#9941=PLANE('',#9940);
#9942=ORIENTED_EDGE('',*,*,#6487,.F.);
#9943=ORIENTED_EDGE('',*,*,#6614,.T.);
#9945=ORIENTED_EDGE('',*,*,#9944,.F.);
#9947=ORIENTED_EDGE('',*,*,#9946,.F.);
#9949=ORIENTED_EDGE('',*,*,#9948,.F.);
#9951=ORIENTED_EDGE('',*,*,#9950,.F.);
#9953=ORIENTED_EDGE('',*,*,#9952,.F.);
#9955=ORIENTED_EDGE('',*,*,#9954,.F.);
#9957=ORIENTED_EDGE('',*,*,#9956,.F.);
#9958=EDGE_LOOP('',(#9942,#9943,#9945,#9947,#9949,#9951,#9953,#9955,#9957));
#9959=FACE_OUTER_BOUND('',#9958,.F.);
#9960=ADVANCED_FACE('',(#9959),#9941,.T.);
#9961=CARTESIAN_POINT('',(-8.25E-1,-1.66E0,-3.5E-1));
#9962=DIRECTION('',(0.E0,-1.E0,0.E0));
#9963=DIRECTION('',(0.E0,0.E0,-1.E0));
#9964=AXIS2_PLACEMENT_3D('',#9961,#9962,#9963);
#9965=PLANE('',#9964);
#9966=ORIENTED_EDGE('',*,*,#5700,.F.);
#9967=ORIENTED_EDGE('',*,*,#9863,.F.);
#9969=ORIENTED_EDGE('',*,*,#9968,.T.);
#9970=ORIENTED_EDGE('',*,*,#9912,.T.);
#9971=EDGE_LOOP('',(#9966,#9967,#9969,#9970));
#9972=FACE_OUTER_BOUND('',#9971,.F.);
#9973=ADVANCED_FACE('',(#9972),#9965,.T.);
#9974=CARTESIAN_POINT('',(-8.25E-1,-1.81E0,-3.5E-1));
#9975=DIRECTION('',(1.E0,0.E0,0.E0));
#9976=DIRECTION('',(0.E0,0.E0,-1.E0));
#9977=AXIS2_PLACEMENT_3D('',#9974,#9975,#9976);
#9978=CYLINDRICAL_SURFACE('',#9977,1.5E-1);
#9979=ORIENTED_EDGE('',*,*,#9861,.F.);
#9981=ORIENTED_EDGE('',*,*,#9980,.T.);
#9982=ORIENTED_EDGE('',*,*,#9914,.T.);
#9983=ORIENTED_EDGE('',*,*,#9968,.F.);
#9984=EDGE_LOOP('',(#9979,#9981,#9982,#9983));
#9985=FACE_OUTER_BOUND('',#9984,.F.);
#9986=ADVANCED_FACE('',(#9985),#9978,.F.);
#9987=CARTESIAN_POINT('',(-8.25E-1,-1.792273670013E0,-1.965585425805E-1));
#9988=DIRECTION('',(0.E0,-3.484911334172E-1,-9.373120771278E-1));
#9989=DIRECTION('',(0.E0,9.373120771278E-1,-3.484911334172E-1));
#9990=AXIS2_PLACEMENT_3D('',#9987,#9988,#9989);
#9991=PLANE('',#9990);
#9992=ORIENTED_EDGE('',*,*,#9859,.F.);
#9994=ORIENTED_EDGE('',*,*,#9993,.T.);
#9995=ORIENTED_EDGE('',*,*,#9916,.T.);
#9996=ORIENTED_EDGE('',*,*,#9980,.F.);
#9997=EDGE_LOOP('',(#9992,#9994,#9995,#9996));
#9998=FACE_OUTER_BOUND('',#9997,.F.);
#9999=ADVANCED_FACE('',(#9998),#9991,.T.);
#10000=CARTESIAN_POINT('',(-8.25E-1,-1.74E0,-5.596173101136E-2));
#10001=DIRECTION('',(1.E0,0.E0,0.E0));
#10002=DIRECTION('',(0.E0,0.E0,-1.E0));
#10003=AXIS2_PLACEMENT_3D('',#10000,#10001,#10002);
#10004=CYLINDRICAL_SURFACE('',#10003,1.5E-1);
#10005=ORIENTED_EDGE('',*,*,#9857,.F.);
#10007=ORIENTED_EDGE('',*,*,#10006,.F.);
#10009=ORIENTED_EDGE('',*,*,#10008,.T.);
#10011=ORIENTED_EDGE('',*,*,#10010,.T.);
#10012=ORIENTED_EDGE('',*,*,#9918,.T.);
#10013=ORIENTED_EDGE('',*,*,#9993,.F.);
#10014=EDGE_LOOP('',(#10005,#10007,#10009,#10011,#10012,#10013));
#10015=FACE_OUTER_BOUND('',#10014,.F.);
#10016=ADVANCED_FACE('',(#10015),#10004,.T.);
#10017=CARTESIAN_POINT('',(-8.25E-1,0.E0,0.E0));
#10018=DIRECTION('',(-1.E0,0.E0,0.E0));
#10019=DIRECTION('',(0.E0,0.E0,1.E0));
#10020=AXIS2_PLACEMENT_3D('',#10017,#10018,#10019);
#10021=PLANE('',#10020);
#10023=ORIENTED_EDGE('',*,*,#10022,.T.);
#10025=ORIENTED_EDGE('',*,*,#10024,.T.);
#10026=ORIENTED_EDGE('',*,*,#10006,.T.);
#10027=ORIENTED_EDGE('',*,*,#5795,.F.);
#10028=ORIENTED_EDGE('',*,*,#5635,.T.);
#10030=ORIENTED_EDGE('',*,*,#10029,.T.);
#10032=ORIENTED_EDGE('',*,*,#10031,.T.);
#10033=ORIENTED_EDGE('',*,*,#5799,.F.);
#10034=EDGE_LOOP('',(#10023,#10025,#10026,#10027,#10028,#10030,#10032,#10033));
#10035=FACE_OUTER_BOUND('',#10034,.F.);
#10036=ADVANCED_FACE('',(#10035),#10021,.F.);
#10037=CARTESIAN_POINT('',(-8.25E-1,-1.83E0,7.8E-1));
#10038=DIRECTION('',(0.E0,-9.701425001453E-1,2.425356250363E-1));
#10039=DIRECTION('',(0.E0,-2.425356250363E-1,-9.701425001453E-1));
#10040=AXIS2_PLACEMENT_3D('',#10037,#10038,#10039);
#10041=PLANE('',#10040);
#10042=ORIENTED_EDGE('',*,*,#9854,.F.);
#10044=ORIENTED_EDGE('',*,*,#10043,.T.);
#10045=ORIENTED_EDGE('',*,*,#9921,.T.);
#10047=ORIENTED_EDGE('',*,*,#10046,.T.);
#10049=ORIENTED_EDGE('',*,*,#10048,.F.);
#10050=ORIENTED_EDGE('',*,*,#10022,.F.);
#10051=EDGE_LOOP('',(#10042,#10044,#10045,#10047,#10049,#10050));
#10052=FACE_OUTER_BOUND('',#10051,.F.);
#10053=ADVANCED_FACE('',(#10052),#10041,.T.);
#10054=CARTESIAN_POINT('',(-8.25E-1,-1.48E0,7.8E-1));
#10055=DIRECTION('',(0.E0,0.E0,1.E0));
#10056=DIRECTION('',(0.E0,-1.E0,0.E0));
#10057=AXIS2_PLACEMENT_3D('',#10054,#10055,#10056);
#10058=PLANE('',#10057);
#10059=ORIENTED_EDGE('',*,*,#9852,.F.);
#10061=ORIENTED_EDGE('',*,*,#10060,.T.);
#10062=ORIENTED_EDGE('',*,*,#9923,.T.);
#10063=ORIENTED_EDGE('',*,*,#10043,.F.);
#10064=EDGE_LOOP('',(#10059,#10061,#10062,#10063));
#10065=FACE_OUTER_BOUND('',#10064,.F.);
#10066=ADVANCED_FACE('',(#10065),#10058,.T.);
#10067=CARTESIAN_POINT('',(-8.25E-1,-1.48E0,1.08E0));
#10068=DIRECTION('',(0.E0,-1.E0,0.E0));
#10069=DIRECTION('',(0.E0,0.E0,-1.E0));
#10070=AXIS2_PLACEMENT_3D('',#10067,#10068,#10069);
#10071=PLANE('',#10070);
#10072=ORIENTED_EDGE('',*,*,#9850,.F.);
#10074=ORIENTED_EDGE('',*,*,#10073,.T.);
#10075=ORIENTED_EDGE('',*,*,#9925,.T.);
#10076=ORIENTED_EDGE('',*,*,#10060,.F.);
#10077=EDGE_LOOP('',(#10072,#10074,#10075,#10076));
#10078=FACE_OUTER_BOUND('',#10077,.F.);
#10079=ADVANCED_FACE('',(#10078),#10071,.T.);
#10080=CARTESIAN_POINT('',(-8.25E-1,-1.43E0,1.33E0));
#10081=DIRECTION('',(0.E0,-9.805806756909E-1,1.961161351382E-1));
#10082=DIRECTION('',(0.E0,-1.961161351382E-1,-9.805806756909E-1));
#10083=AXIS2_PLACEMENT_3D('',#10080,#10081,#10082);
#10084=PLANE('',#10083);
#10085=ORIENTED_EDGE('',*,*,#9848,.F.);
#10087=ORIENTED_EDGE('',*,*,#10086,.T.);
#10088=ORIENTED_EDGE('',*,*,#9927,.T.);
#10089=ORIENTED_EDGE('',*,*,#10073,.F.);
#10090=EDGE_LOOP('',(#10085,#10087,#10088,#10089));
#10091=FACE_OUTER_BOUND('',#10090,.F.);
#10092=ADVANCED_FACE('',(#10091),#10084,.T.);
#10093=CARTESIAN_POINT('',(-8.25E-1,-1.18E0,1.33E0));
#10094=DIRECTION('',(0.E0,0.E0,1.E0));
#10095=DIRECTION('',(0.E0,-1.E0,0.E0));
#10096=AXIS2_PLACEMENT_3D('',#10093,#10094,#10095);
#10097=PLANE('',#10096);
#10098=ORIENTED_EDGE('',*,*,#9846,.F.);
#10100=ORIENTED_EDGE('',*,*,#10099,.T.);
#10101=ORIENTED_EDGE('',*,*,#9929,.T.);
#10102=ORIENTED_EDGE('',*,*,#10086,.F.);
#10103=EDGE_LOOP('',(#10098,#10100,#10101,#10102));
#10104=FACE_OUTER_BOUND('',#10103,.F.);
#10105=ADVANCED_FACE('',(#10104),#10097,.T.);
#10106=CARTESIAN_POINT('',(-8.25E-1,-1.18E0,1.13E0));
#10107=DIRECTION('',(1.E0,0.E0,0.E0));
#10108=DIRECTION('',(0.E0,0.E0,-1.E0));
#10109=AXIS2_PLACEMENT_3D('',#10106,#10107,#10108);
#10110=CYLINDRICAL_SURFACE('',#10109,2.E-1);
#10111=ORIENTED_EDGE('',*,*,#9844,.F.);
#10112=ORIENTED_EDGE('',*,*,#9900,.T.);
#10113=ORIENTED_EDGE('',*,*,#9931,.T.);
#10114=ORIENTED_EDGE('',*,*,#10099,.F.);
#10115=EDGE_LOOP('',(#10111,#10112,#10113,#10114));
#10116=FACE_OUTER_BOUND('',#10115,.F.);
#10117=ADVANCED_FACE('',(#10116),#10110,.T.);
#10118=CARTESIAN_POINT('',(-4.25E-1,0.E0,0.E0));
#10119=DIRECTION('',(-1.E0,0.E0,0.E0));
#10120=DIRECTION('',(0.E0,0.E0,1.E0));
#10121=AXIS2_PLACEMENT_3D('',#10118,#10119,#10120);
#10122=PLANE('',#10121);
#10123=ORIENTED_EDGE('',*,*,#10046,.F.);
#10124=ORIENTED_EDGE('',*,*,#5834,.T.);
#10126=ORIENTED_EDGE('',*,*,#10125,.F.);
#10128=ORIENTED_EDGE('',*,*,#10127,.F.);
#10129=ORIENTED_EDGE('',*,*,#5631,.F.);
#10130=ORIENTED_EDGE('',*,*,#5838,.T.);
#10131=ORIENTED_EDGE('',*,*,#10010,.F.);
#10133=ORIENTED_EDGE('',*,*,#10132,.F.);
#10134=EDGE_LOOP('',(#10123,#10124,#10126,#10128,#10129,#10130,#10131,#10133));
#10135=FACE_OUTER_BOUND('',#10134,.F.);
#10136=ADVANCED_FACE('',(#10135),#10122,.T.);
#10137=CARTESIAN_POINT('',(-4.25E-1,-1.58E0,1.09E0));
#10138=DIRECTION('',(0.E0,0.E0,-1.E0));
#10139=DIRECTION('',(0.E0,-1.E0,0.E0));
#10140=AXIS2_PLACEMENT_3D('',#10137,#10138,#10139);
#10141=PLANE('',#10140);
#10143=ORIENTED_EDGE('',*,*,#10142,.T.);
#10144=ORIENTED_EDGE('',*,*,#10031,.F.);
#10146=ORIENTED_EDGE('',*,*,#10145,.F.);
#10147=ORIENTED_EDGE('',*,*,#10125,.T.);
#10149=ORIENTED_EDGE('',*,*,#10148,.F.);
#10151=ORIENTED_EDGE('',*,*,#10150,.T.);
#10152=EDGE_LOOP('',(#10143,#10144,#10146,#10147,#10149,#10151));
#10153=FACE_OUTER_BOUND('',#10152,.F.);
#10154=ADVANCED_FACE('',(#10153),#10141,.T.);
#10155=CARTESIAN_POINT('',(-8.25E-1,0.E0,0.E0));
#10156=DIRECTION('',(-1.E0,0.E0,0.E0));
#10157=DIRECTION('',(0.E0,0.E0,1.E0));
#10158=AXIS2_PLACEMENT_3D('',#10155,#10156,#10157);
#10159=PLANE('',#10158);
#10160=ORIENTED_EDGE('',*,*,#5801,.F.);
#10161=ORIENTED_EDGE('',*,*,#10142,.F.);
#10163=ORIENTED_EDGE('',*,*,#10162,.F.);
#10165=ORIENTED_EDGE('',*,*,#10164,.F.);
#10166=ORIENTED_EDGE('',*,*,#6078,.F.);
#10167=EDGE_LOOP('',(#10160,#10161,#10163,#10165,#10166));
#10168=FACE_OUTER_BOUND('',#10167,.F.);
#10169=ADVANCED_FACE('',(#10168),#10159,.T.);
#10170=CARTESIAN_POINT('',(-4.25E-1,-1.58E0,1.63E0));
#10171=DIRECTION('',(0.E0,1.E0,0.E0));
#10172=DIRECTION('',(0.E0,0.E0,-1.E0));
#10173=AXIS2_PLACEMENT_3D('',#10170,#10171,#10172);
#10174=PLANE('',#10173);
#10176=ORIENTED_EDGE('',*,*,#10175,.F.);
#10178=ORIENTED_EDGE('',*,*,#10177,.T.);
#10179=ORIENTED_EDGE('',*,*,#10162,.T.);
#10180=ORIENTED_EDGE('',*,*,#10150,.F.);
#10181=EDGE_LOOP('',(#10176,#10178,#10179,#10180));
#10182=FACE_OUTER_BOUND('',#10181,.F.);
#10183=ADVANCED_FACE('',(#10182),#10174,.T.);
#10184=CARTESIAN_POINT('',(-4.25E-1,0.E0,0.E0));
#10185=DIRECTION('',(-1.E0,0.E0,0.E0));
#10186=DIRECTION('',(0.E0,0.E0,1.E0));
#10187=AXIS2_PLACEMENT_3D('',#10184,#10185,#10186);
#10188=PLANE('',#10187);
#10189=ORIENTED_EDGE('',*,*,#5832,.T.);
#10190=ORIENTED_EDGE('',*,*,#6082,.T.);
#10192=ORIENTED_EDGE('',*,*,#10191,.T.);
#10193=ORIENTED_EDGE('',*,*,#10175,.T.);
#10194=ORIENTED_EDGE('',*,*,#10148,.T.);
#10195=EDGE_LOOP('',(#10189,#10190,#10192,#10193,#10194));
#10196=FACE_OUTER_BOUND('',#10195,.F.);
#10197=ADVANCED_FACE('',(#10196),#10188,.F.);
#10198=CARTESIAN_POINT('',(-4.25E-1,-1.73E0,1.63E0));
#10199=DIRECTION('',(-1.E0,0.E0,0.E0));
#10200=DIRECTION('',(0.E0,0.E0,1.E0));
#10201=AXIS2_PLACEMENT_3D('',#10198,#10199,#10200);
#10202=CYLINDRICAL_SURFACE('',#10201,1.5E-1);
#10203=ORIENTED_EDGE('',*,*,#10191,.F.);
#10204=ORIENTED_EDGE('',*,*,#6080,.T.);
#10205=ORIENTED_EDGE('',*,*,#10164,.T.);
#10206=ORIENTED_EDGE('',*,*,#10177,.F.);
#10207=EDGE_LOOP('',(#10203,#10204,#10205,#10206));
#10208=FACE_OUTER_BOUND('',#10207,.F.);
#10209=ADVANCED_FACE('',(#10208),#10202,.T.);
#10210=CARTESIAN_POINT('',(-4.25E-1,-1.93E0,-6.2E-1));
#10211=DIRECTION('',(0.E0,-1.E0,0.E0));
#10212=DIRECTION('',(0.E0,0.E0,1.E0));
#10213=AXIS2_PLACEMENT_3D('',#10210,#10211,#10212);
#10214=PLANE('',#10213);
#10215=ORIENTED_EDGE('',*,*,#10127,.T.);
#10216=ORIENTED_EDGE('',*,*,#10145,.T.);
#10217=ORIENTED_EDGE('',*,*,#10029,.F.);
#10218=ORIENTED_EDGE('',*,*,#5633,.F.);
#10219=EDGE_LOOP('',(#10215,#10216,#10217,#10218));
#10220=FACE_OUTER_BOUND('',#10219,.F.);
#10221=ADVANCED_FACE('',(#10220),#10214,.F.);
#10222=CARTESIAN_POINT('',(-8.25E-1,-1.89E0,5.4E-1));
#10223=DIRECTION('',(0.E0,-1.E0,0.E0));
#10224=DIRECTION('',(0.E0,0.E0,-1.E0));
#10225=AXIS2_PLACEMENT_3D('',#10222,#10223,#10224);
#10226=PLANE('',#10225);
#10227=ORIENTED_EDGE('',*,*,#10132,.T.);
#10228=ORIENTED_EDGE('',*,*,#10008,.F.);
#10229=ORIENTED_EDGE('',*,*,#10024,.F.);
#10230=ORIENTED_EDGE('',*,*,#10048,.T.);
#10231=EDGE_LOOP('',(#10227,#10228,#10229,#10230));
#10232=FACE_OUTER_BOUND('',#10231,.F.);
#10233=ADVANCED_FACE('',(#10232),#10226,.T.);
#10234=CARTESIAN_POINT('',(-8.25E-1,-2.03E0,-2.22E0));
#10235=DIRECTION('',(0.E0,1.E0,0.E0));
#10236=DIRECTION('',(0.E0,0.E0,1.E0));
#10237=AXIS2_PLACEMENT_3D('',#10234,#10235,#10236);
#10238=PLANE('',#10237);
#10239=ORIENTED_EDGE('',*,*,#6612,.F.);
#10240=ORIENTED_EDGE('',*,*,#9886,.F.);
#10242=ORIENTED_EDGE('',*,*,#10241,.T.);
#10243=ORIENTED_EDGE('',*,*,#9944,.T.);
#10244=EDGE_LOOP('',(#10239,#10240,#10242,#10243));
#10245=FACE_OUTER_BOUND('',#10244,.F.);
#10246=ADVANCED_FACE('',(#10245),#10238,.T.);
#10247=CARTESIAN_POINT('',(-8.25E-1,-2.13E0,-2.32E0));
#10248=DIRECTION('',(0.E0,7.071067811866E-1,-7.071067811865E-1));
#10249=DIRECTION('',(0.E0,7.071067811865E-1,7.071067811866E-1));
#10250=AXIS2_PLACEMENT_3D('',#10247,#10248,#10249);
#10251=PLANE('',#10250);
#10252=ORIENTED_EDGE('',*,*,#9884,.F.);
#10254=ORIENTED_EDGE('',*,*,#10253,.T.);
#10255=ORIENTED_EDGE('',*,*,#9946,.T.);
#10256=ORIENTED_EDGE('',*,*,#10241,.F.);
#10257=EDGE_LOOP('',(#10252,#10254,#10255,#10256));
#10258=FACE_OUTER_BOUND('',#10257,.F.);
#10259=ADVANCED_FACE('',(#10258),#10251,.T.);
#10260=CARTESIAN_POINT('',(-8.25E-1,-2.58E0,-2.32E0));
#10261=DIRECTION('',(0.E0,0.E0,-1.E0));
#10262=DIRECTION('',(0.E0,1.E0,0.E0));
#10263=AXIS2_PLACEMENT_3D('',#10260,#10261,#10262);
#10264=PLANE('',#10263);
#10265=ORIENTED_EDGE('',*,*,#9882,.F.);
#10267=ORIENTED_EDGE('',*,*,#10266,.T.);
#10268=ORIENTED_EDGE('',*,*,#9948,.T.);
#10269=ORIENTED_EDGE('',*,*,#10253,.F.);
#10270=EDGE_LOOP('',(#10265,#10267,#10268,#10269));
#10271=FACE_OUTER_BOUND('',#10270,.F.);
#10272=ADVANCED_FACE('',(#10271),#10264,.T.);
#10273=CARTESIAN_POINT('',(-8.25E-1,-2.68E0,-2.22E0));
#10274=DIRECTION('',(0.E0,-7.071067811865E-1,-7.071067811865E-1));
#10275=DIRECTION('',(0.E0,7.071067811865E-1,-7.071067811865E-1));
#10276=AXIS2_PLACEMENT_3D('',#10273,#10274,#10275);
#10277=PLANE('',#10276);
#10278=ORIENTED_EDGE('',*,*,#9880,.F.);
#10280=ORIENTED_EDGE('',*,*,#10279,.T.);
#10281=ORIENTED_EDGE('',*,*,#9950,.T.);
#10282=ORIENTED_EDGE('',*,*,#10266,.F.);
#10283=EDGE_LOOP('',(#10278,#10280,#10281,#10282));
#10284=FACE_OUTER_BOUND('',#10283,.F.);
#10285=ADVANCED_FACE('',(#10284),#10277,.T.);
#10286=CARTESIAN_POINT('',(-8.25E-1,-2.68E0,-1.77E0));
#10287=DIRECTION('',(0.E0,-1.E0,0.E0));
#10288=DIRECTION('',(0.E0,0.E0,-1.E0));
#10289=AXIS2_PLACEMENT_3D('',#10286,#10287,#10288);
#10290=PLANE('',#10289);
#10291=ORIENTED_EDGE('',*,*,#9878,.F.);
#10293=ORIENTED_EDGE('',*,*,#10292,.T.);
#10294=ORIENTED_EDGE('',*,*,#9952,.T.);
#10295=ORIENTED_EDGE('',*,*,#10279,.F.);
#10296=EDGE_LOOP('',(#10291,#10293,#10294,#10295));
#10297=FACE_OUTER_BOUND('',#10296,.F.);
#10298=ADVANCED_FACE('',(#10297),#10290,.T.);
#10299=CARTESIAN_POINT('',(-8.25E-1,-2.58E0,-1.67E0));
#10300=DIRECTION('',(0.E0,-7.071067811865E-1,7.071067811866E-1));
#10301=DIRECTION('',(0.E0,-7.071067811866E-1,-7.071067811865E-1));
#10302=AXIS2_PLACEMENT_3D('',#10299,#10300,#10301);
#10303=PLANE('',#10302);
#10304=ORIENTED_EDGE('',*,*,#9876,.F.);
#10306=ORIENTED_EDGE('',*,*,#10305,.T.);
#10307=ORIENTED_EDGE('',*,*,#9954,.T.);
#10308=ORIENTED_EDGE('',*,*,#10292,.F.);
#10309=EDGE_LOOP('',(#10304,#10306,#10307,#10308));
#10310=FACE_OUTER_BOUND('',#10309,.F.);
#10311=ADVANCED_FACE('',(#10310),#10303,.T.);
#10312=CARTESIAN_POINT('',(-8.25E-1,-3.8E-1,-1.67E0));
#10313=DIRECTION('',(0.E0,0.E0,1.E0));
#10314=DIRECTION('',(0.E0,-1.E0,0.E0));
#10315=AXIS2_PLACEMENT_3D('',#10312,#10313,#10314);
#10316=PLANE('',#10315);
#10317=ORIENTED_EDGE('',*,*,#6489,.T.);
#10318=ORIENTED_EDGE('',*,*,#9956,.T.);
#10319=ORIENTED_EDGE('',*,*,#10305,.F.);
#10320=ORIENTED_EDGE('',*,*,#9874,.F.);
#10321=EDGE_LOOP('',(#10317,#10318,#10319,#10320));
#10322=FACE_OUTER_BOUND('',#10321,.F.);
#10323=ADVANCED_FACE('',(#10322),#10316,.T.);
#10324=CARTESIAN_POINT('',(4.25E-1,0.E0,0.E0));
#10325=DIRECTION('',(1.E0,0.E0,0.E0));
#10326=DIRECTION('',(0.E0,0.E0,-1.E0));
#10327=AXIS2_PLACEMENT_3D('',#10324,#10325,#10326);
#10328=PLANE('',#10327);
#10329=ORIENTED_EDGE('',*,*,#5708,.T.);
#10331=ORIENTED_EDGE('',*,*,#10330,.T.);
#10333=ORIENTED_EDGE('',*,*,#10332,.T.);
#10335=ORIENTED_EDGE('',*,*,#10334,.T.);
#10337=ORIENTED_EDGE('',*,*,#10336,.T.);
#10339=ORIENTED_EDGE('',*,*,#10338,.T.);
#10341=ORIENTED_EDGE('',*,*,#10340,.T.);
#10343=ORIENTED_EDGE('',*,*,#10342,.T.);
#10344=ORIENTED_EDGE('',*,*,#5824,.F.);
#10346=ORIENTED_EDGE('',*,*,#10345,.T.);
#10348=ORIENTED_EDGE('',*,*,#10347,.T.);
#10350=ORIENTED_EDGE('',*,*,#10349,.T.);
#10352=ORIENTED_EDGE('',*,*,#10351,.T.);
#10353=EDGE_LOOP('',(#10329,#10331,#10333,#10335,#10337,#10339,#10341,#10343,
#10344,#10346,#10348,#10350,#10352));
#10354=FACE_OUTER_BOUND('',#10353,.F.);
#10355=ADVANCED_FACE('',(#10354),#10328,.F.);
#10356=CARTESIAN_POINT('',(4.25E-1,0.E0,0.E0));
#10357=DIRECTION('',(1.E0,0.E0,0.E0));
#10358=DIRECTION('',(0.E0,0.E0,-1.E0));
#10359=AXIS2_PLACEMENT_3D('',#10356,#10357,#10358);
#10360=PLANE('',#10359);
#10361=ORIENTED_EDGE('',*,*,#6483,.T.);
#10363=ORIENTED_EDGE('',*,*,#10362,.T.);
#10365=ORIENTED_EDGE('',*,*,#10364,.T.);
#10367=ORIENTED_EDGE('',*,*,#10366,.T.);
#10369=ORIENTED_EDGE('',*,*,#10368,.T.);
#10371=ORIENTED_EDGE('',*,*,#10370,.T.);
#10373=ORIENTED_EDGE('',*,*,#10372,.T.);
#10375=ORIENTED_EDGE('',*,*,#10374,.T.);
#10376=ORIENTED_EDGE('',*,*,#6617,.F.);
#10377=EDGE_LOOP('',(#10361,#10363,#10365,#10367,#10369,#10371,#10373,#10375,
#10376));
#10378=FACE_OUTER_BOUND('',#10377,.F.);
#10379=ADVANCED_FACE('',(#10378),#10360,.F.);
#10380=CARTESIAN_POINT('',(4.25E-1,-9.8E-1,-6.2E-1));
#10381=DIRECTION('',(0.E0,1.E0,0.E0));
#10382=DIRECTION('',(0.E0,0.E0,1.E0));
#10383=AXIS2_PLACEMENT_3D('',#10380,#10381,#10382);
#10384=PLANE('',#10383);
#10385=ORIENTED_EDGE('',*,*,#5714,.T.);
#10387=ORIENTED_EDGE('',*,*,#10386,.T.);
#10389=ORIENTED_EDGE('',*,*,#10388,.F.);
#10390=ORIENTED_EDGE('',*,*,#10330,.F.);
#10391=EDGE_LOOP('',(#10385,#10387,#10389,#10390));
#10392=FACE_OUTER_BOUND('',#10391,.F.);
#10393=ADVANCED_FACE('',(#10392),#10384,.T.);
#10394=CARTESIAN_POINT('',(8.25E-1,0.E0,0.E0));
#10395=DIRECTION('',(1.E0,0.E0,0.E0));
#10396=DIRECTION('',(0.E0,0.E0,-1.E0));
#10397=AXIS2_PLACEMENT_3D('',#10394,#10395,#10396);
#10398=PLANE('',#10397);
#10399=ORIENTED_EDGE('',*,*,#5712,.F.);
#10401=ORIENTED_EDGE('',*,*,#10400,.F.);
#10403=ORIENTED_EDGE('',*,*,#10402,.F.);
#10405=ORIENTED_EDGE('',*,*,#10404,.F.);
#10407=ORIENTED_EDGE('',*,*,#10406,.F.);
#10408=ORIENTED_EDGE('',*,*,#5863,.T.);
#10410=ORIENTED_EDGE('',*,*,#10409,.F.);
#10412=ORIENTED_EDGE('',*,*,#10411,.F.);
#10414=ORIENTED_EDGE('',*,*,#10413,.F.);
#10416=ORIENTED_EDGE('',*,*,#10415,.F.);
#10418=ORIENTED_EDGE('',*,*,#10417,.F.);
#10420=ORIENTED_EDGE('',*,*,#10419,.F.);
#10421=ORIENTED_EDGE('',*,*,#10386,.F.);
#10422=EDGE_LOOP('',(#10399,#10401,#10403,#10405,#10407,#10408,#10410,#10412,
#10414,#10416,#10418,#10420,#10421));
#10423=FACE_OUTER_BOUND('',#10422,.F.);
#10424=ADVANCED_FACE('',(#10423),#10398,.T.);
#10425=CARTESIAN_POINT('',(8.25E-1,0.E0,0.E0));
#10426=DIRECTION('',(1.E0,0.E0,0.E0));
#10427=DIRECTION('',(0.E0,0.E0,-1.E0));
#10428=AXIS2_PLACEMENT_3D('',#10425,#10426,#10427);
#10429=PLANE('',#10428);
#10430=ORIENTED_EDGE('',*,*,#6479,.F.);
#10431=ORIENTED_EDGE('',*,*,#6621,.T.);
#10433=ORIENTED_EDGE('',*,*,#10432,.F.);
#10435=ORIENTED_EDGE('',*,*,#10434,.F.);
#10437=ORIENTED_EDGE('',*,*,#10436,.F.);
#10439=ORIENTED_EDGE('',*,*,#10438,.F.);
#10441=ORIENTED_EDGE('',*,*,#10440,.F.);
#10443=ORIENTED_EDGE('',*,*,#10442,.F.);
#10445=ORIENTED_EDGE('',*,*,#10444,.F.);
#10446=EDGE_LOOP('',(#10430,#10431,#10433,#10435,#10437,#10439,#10441,#10443,
#10445));
#10447=FACE_OUTER_BOUND('',#10446,.F.);
#10448=ADVANCED_FACE('',(#10447),#10429,.T.);
#10449=CARTESIAN_POINT('',(4.25E-1,-1.66E0,-3.5E-1));
#10450=DIRECTION('',(0.E0,-1.E0,0.E0));
#10451=DIRECTION('',(0.E0,0.E0,-1.E0));
#10452=AXIS2_PLACEMENT_3D('',#10449,#10450,#10451);
#10453=PLANE('',#10452);
#10454=ORIENTED_EDGE('',*,*,#5710,.F.);
#10455=ORIENTED_EDGE('',*,*,#10351,.F.);
#10457=ORIENTED_EDGE('',*,*,#10456,.T.);
#10458=ORIENTED_EDGE('',*,*,#10400,.T.);
#10459=EDGE_LOOP('',(#10454,#10455,#10457,#10458));
#10460=FACE_OUTER_BOUND('',#10459,.F.);
#10461=ADVANCED_FACE('',(#10460),#10453,.T.);
#10462=CARTESIAN_POINT('',(4.25E-1,-1.81E0,-3.5E-1));
#10463=DIRECTION('',(1.E0,0.E0,0.E0));
#10464=DIRECTION('',(0.E0,0.E0,-1.E0));
#10465=AXIS2_PLACEMENT_3D('',#10462,#10463,#10464);
#10466=CYLINDRICAL_SURFACE('',#10465,1.5E-1);
#10467=ORIENTED_EDGE('',*,*,#10349,.F.);
#10469=ORIENTED_EDGE('',*,*,#10468,.T.);
#10470=ORIENTED_EDGE('',*,*,#10402,.T.);
#10471=ORIENTED_EDGE('',*,*,#10456,.F.);
#10472=EDGE_LOOP('',(#10467,#10469,#10470,#10471));
#10473=FACE_OUTER_BOUND('',#10472,.F.);
#10474=ADVANCED_FACE('',(#10473),#10466,.F.);
#10475=CARTESIAN_POINT('',(4.25E-1,-1.792273670013E0,-1.965585425805E-1));
#10476=DIRECTION('',(0.E0,-3.484911334172E-1,-9.373120771278E-1));
#10477=DIRECTION('',(0.E0,9.373120771278E-1,-3.484911334172E-1));
#10478=AXIS2_PLACEMENT_3D('',#10475,#10476,#10477);
#10479=PLANE('',#10478);
#10480=ORIENTED_EDGE('',*,*,#10347,.F.);
#10482=ORIENTED_EDGE('',*,*,#10481,.T.);
#10483=ORIENTED_EDGE('',*,*,#10404,.T.);
#10484=ORIENTED_EDGE('',*,*,#10468,.F.);
#10485=EDGE_LOOP('',(#10480,#10482,#10483,#10484));
#10486=FACE_OUTER_BOUND('',#10485,.F.);
#10487=ADVANCED_FACE('',(#10486),#10479,.T.);
#10488=CARTESIAN_POINT('',(4.25E-1,-1.74E0,-5.596173101136E-2));
#10489=DIRECTION('',(1.E0,0.E0,0.E0));
#10490=DIRECTION('',(0.E0,0.E0,-1.E0));
#10491=AXIS2_PLACEMENT_3D('',#10488,#10489,#10490);
#10492=CYLINDRICAL_SURFACE('',#10491,1.5E-1);
#10493=ORIENTED_EDGE('',*,*,#10345,.F.);
#10495=ORIENTED_EDGE('',*,*,#10494,.F.);
#10497=ORIENTED_EDGE('',*,*,#10496,.T.);
#10499=ORIENTED_EDGE('',*,*,#10498,.T.);
#10500=ORIENTED_EDGE('',*,*,#10406,.T.);
#10501=ORIENTED_EDGE('',*,*,#10481,.F.);
#10502=EDGE_LOOP('',(#10493,#10495,#10497,#10499,#10500,#10501));
#10503=FACE_OUTER_BOUND('',#10502,.F.);
#10504=ADVANCED_FACE('',(#10503),#10492,.T.);
#10505=CARTESIAN_POINT('',(4.25E-1,0.E0,0.E0));
#10506=DIRECTION('',(-1.E0,0.E0,0.E0));
#10507=DIRECTION('',(0.E0,0.E0,1.E0));
#10508=AXIS2_PLACEMENT_3D('',#10505,#10506,#10507);
#10509=PLANE('',#10508);
#10511=ORIENTED_EDGE('',*,*,#10510,.T.);
#10513=ORIENTED_EDGE('',*,*,#10512,.T.);
#10514=ORIENTED_EDGE('',*,*,#10494,.T.);
#10515=ORIENTED_EDGE('',*,*,#5822,.F.);
#10516=ORIENTED_EDGE('',*,*,#5627,.T.);
#10518=ORIENTED_EDGE('',*,*,#10517,.T.);
#10520=ORIENTED_EDGE('',*,*,#10519,.T.);
#10521=ORIENTED_EDGE('',*,*,#5826,.F.);
#10522=EDGE_LOOP('',(#10511,#10513,#10514,#10515,#10516,#10518,#10520,#10521));
#10523=FACE_OUTER_BOUND('',#10522,.F.);
#10524=ADVANCED_FACE('',(#10523),#10509,.F.);
#10525=CARTESIAN_POINT('',(4.25E-1,-1.83E0,7.8E-1));
#10526=DIRECTION('',(0.E0,-9.701425001453E-1,2.425356250363E-1));
#10527=DIRECTION('',(0.E0,-2.425356250363E-1,-9.701425001453E-1));
#10528=AXIS2_PLACEMENT_3D('',#10525,#10526,#10527);
#10529=PLANE('',#10528);
#10530=ORIENTED_EDGE('',*,*,#10342,.F.);
#10532=ORIENTED_EDGE('',*,*,#10531,.T.);
#10533=ORIENTED_EDGE('',*,*,#10409,.T.);
#10535=ORIENTED_EDGE('',*,*,#10534,.T.);
#10537=ORIENTED_EDGE('',*,*,#10536,.F.);
#10538=ORIENTED_EDGE('',*,*,#10510,.F.);
#10539=EDGE_LOOP('',(#10530,#10532,#10533,#10535,#10537,#10538));
#10540=FACE_OUTER_BOUND('',#10539,.F.);
#10541=ADVANCED_FACE('',(#10540),#10529,.T.);
#10542=CARTESIAN_POINT('',(4.25E-1,-1.48E0,7.8E-1));
#10543=DIRECTION('',(0.E0,0.E0,1.E0));
#10544=DIRECTION('',(0.E0,-1.E0,0.E0));
#10545=AXIS2_PLACEMENT_3D('',#10542,#10543,#10544);
#10546=PLANE('',#10545);
#10547=ORIENTED_EDGE('',*,*,#10340,.F.);
#10549=ORIENTED_EDGE('',*,*,#10548,.T.);
#10550=ORIENTED_EDGE('',*,*,#10411,.T.);
#10551=ORIENTED_EDGE('',*,*,#10531,.F.);
#10552=EDGE_LOOP('',(#10547,#10549,#10550,#10551));
#10553=FACE_OUTER_BOUND('',#10552,.F.);
#10554=ADVANCED_FACE('',(#10553),#10546,.T.);
#10555=CARTESIAN_POINT('',(4.25E-1,-1.48E0,1.08E0));
#10556=DIRECTION('',(0.E0,-1.E0,0.E0));
#10557=DIRECTION('',(0.E0,0.E0,-1.E0));
#10558=AXIS2_PLACEMENT_3D('',#10555,#10556,#10557);
#10559=PLANE('',#10558);
#10560=ORIENTED_EDGE('',*,*,#10338,.F.);
#10562=ORIENTED_EDGE('',*,*,#10561,.T.);
#10563=ORIENTED_EDGE('',*,*,#10413,.T.);
#10564=ORIENTED_EDGE('',*,*,#10548,.F.);
#10565=EDGE_LOOP('',(#10560,#10562,#10563,#10564));
#10566=FACE_OUTER_BOUND('',#10565,.F.);
#10567=ADVANCED_FACE('',(#10566),#10559,.T.);
#10568=CARTESIAN_POINT('',(4.25E-1,-1.43E0,1.33E0));
#10569=DIRECTION('',(0.E0,-9.805806756909E-1,1.961161351382E-1));
#10570=DIRECTION('',(0.E0,-1.961161351382E-1,-9.805806756909E-1));
#10571=AXIS2_PLACEMENT_3D('',#10568,#10569,#10570);
#10572=PLANE('',#10571);
#10573=ORIENTED_EDGE('',*,*,#10336,.F.);
#10575=ORIENTED_EDGE('',*,*,#10574,.T.);
#10576=ORIENTED_EDGE('',*,*,#10415,.T.);
#10577=ORIENTED_EDGE('',*,*,#10561,.F.);
#10578=EDGE_LOOP('',(#10573,#10575,#10576,#10577));
#10579=FACE_OUTER_BOUND('',#10578,.F.);
#10580=ADVANCED_FACE('',(#10579),#10572,.T.);
#10581=CARTESIAN_POINT('',(4.25E-1,-1.18E0,1.33E0));
#10582=DIRECTION('',(0.E0,0.E0,1.E0));
#10583=DIRECTION('',(0.E0,-1.E0,0.E0));
#10584=AXIS2_PLACEMENT_3D('',#10581,#10582,#10583);
#10585=PLANE('',#10584);
#10586=ORIENTED_EDGE('',*,*,#10334,.F.);
#10588=ORIENTED_EDGE('',*,*,#10587,.T.);
#10589=ORIENTED_EDGE('',*,*,#10417,.T.);
#10590=ORIENTED_EDGE('',*,*,#10574,.F.);
#10591=EDGE_LOOP('',(#10586,#10588,#10589,#10590));
#10592=FACE_OUTER_BOUND('',#10591,.F.);
#10593=ADVANCED_FACE('',(#10592),#10585,.T.);
#10594=CARTESIAN_POINT('',(4.25E-1,-1.18E0,1.13E0));
#10595=DIRECTION('',(1.E0,0.E0,0.E0));
#10596=DIRECTION('',(0.E0,0.E0,-1.E0));
#10597=AXIS2_PLACEMENT_3D('',#10594,#10595,#10596);
#10598=CYLINDRICAL_SURFACE('',#10597,2.E-1);
#10599=ORIENTED_EDGE('',*,*,#10332,.F.);
#10600=ORIENTED_EDGE('',*,*,#10388,.T.);
#10601=ORIENTED_EDGE('',*,*,#10419,.T.);
#10602=ORIENTED_EDGE('',*,*,#10587,.F.);
#10603=EDGE_LOOP('',(#10599,#10600,#10601,#10602));
#10604=FACE_OUTER_BOUND('',#10603,.F.);
#10605=ADVANCED_FACE('',(#10604),#10598,.T.);
#10606=CARTESIAN_POINT('',(8.25E-1,0.E0,0.E0));
#10607=DIRECTION('',(-1.E0,0.E0,0.E0));
#10608=DIRECTION('',(0.E0,0.E0,1.E0));
#10609=AXIS2_PLACEMENT_3D('',#10606,#10607,#10608);
#10610=PLANE('',#10609);
#10611=ORIENTED_EDGE('',*,*,#10534,.F.);
#10612=ORIENTED_EDGE('',*,*,#5861,.T.);
#10614=ORIENTED_EDGE('',*,*,#10613,.F.);
#10616=ORIENTED_EDGE('',*,*,#10615,.F.);
#10617=ORIENTED_EDGE('',*,*,#5623,.F.);
#10618=ORIENTED_EDGE('',*,*,#5865,.T.);
#10619=ORIENTED_EDGE('',*,*,#10498,.F.);
#10621=ORIENTED_EDGE('',*,*,#10620,.F.);
#10622=EDGE_LOOP('',(#10611,#10612,#10614,#10616,#10617,#10618,#10619,#10621));
#10623=FACE_OUTER_BOUND('',#10622,.F.);
#10624=ADVANCED_FACE('',(#10623),#10610,.T.);
#10625=CARTESIAN_POINT('',(8.25E-1,-1.58E0,1.09E0));
#10626=DIRECTION('',(0.E0,0.E0,-1.E0));
#10627=DIRECTION('',(0.E0,-1.E0,0.E0));
#10628=AXIS2_PLACEMENT_3D('',#10625,#10626,#10627);
#10629=PLANE('',#10628);
#10631=ORIENTED_EDGE('',*,*,#10630,.T.);
#10632=ORIENTED_EDGE('',*,*,#10519,.F.);
#10634=ORIENTED_EDGE('',*,*,#10633,.F.);
#10635=ORIENTED_EDGE('',*,*,#10613,.T.);
#10637=ORIENTED_EDGE('',*,*,#10636,.F.);
#10639=ORIENTED_EDGE('',*,*,#10638,.T.);
#10640=EDGE_LOOP('',(#10631,#10632,#10634,#10635,#10637,#10639));
#10641=FACE_OUTER_BOUND('',#10640,.F.);
#10642=ADVANCED_FACE('',(#10641),#10629,.T.);
#10643=CARTESIAN_POINT('',(4.25E-1,0.E0,0.E0));
#10644=DIRECTION('',(-1.E0,0.E0,0.E0));
#10645=DIRECTION('',(0.E0,0.E0,1.E0));
#10646=AXIS2_PLACEMENT_3D('',#10643,#10644,#10645);
#10647=PLANE('',#10646);
#10648=ORIENTED_EDGE('',*,*,#5828,.F.);
#10649=ORIENTED_EDGE('',*,*,#10630,.F.);
#10651=ORIENTED_EDGE('',*,*,#10650,.F.);
#10653=ORIENTED_EDGE('',*,*,#10652,.F.);
#10654=ORIENTED_EDGE('',*,*,#6085,.F.);
#10655=EDGE_LOOP('',(#10648,#10649,#10651,#10653,#10654));
#10656=FACE_OUTER_BOUND('',#10655,.F.);
#10657=ADVANCED_FACE('',(#10656),#10647,.T.);
#10658=CARTESIAN_POINT('',(8.25E-1,-1.58E0,1.63E0));
#10659=DIRECTION('',(0.E0,1.E0,0.E0));
#10660=DIRECTION('',(0.E0,0.E0,-1.E0));
#10661=AXIS2_PLACEMENT_3D('',#10658,#10659,#10660);
#10662=PLANE('',#10661);
#10664=ORIENTED_EDGE('',*,*,#10663,.F.);
#10666=ORIENTED_EDGE('',*,*,#10665,.T.);
#10667=ORIENTED_EDGE('',*,*,#10650,.T.);
#10668=ORIENTED_EDGE('',*,*,#10638,.F.);
#10669=EDGE_LOOP('',(#10664,#10666,#10667,#10668));
#10670=FACE_OUTER_BOUND('',#10669,.F.);
#10671=ADVANCED_FACE('',(#10670),#10662,.T.);
#10672=CARTESIAN_POINT('',(8.25E-1,0.E0,0.E0));
#10673=DIRECTION('',(-1.E0,0.E0,0.E0));
#10674=DIRECTION('',(0.E0,0.E0,1.E0));
#10675=AXIS2_PLACEMENT_3D('',#10672,#10673,#10674);
#10676=PLANE('',#10675);
#10677=ORIENTED_EDGE('',*,*,#5859,.T.);
#10678=ORIENTED_EDGE('',*,*,#6089,.T.);
#10680=ORIENTED_EDGE('',*,*,#10679,.T.);
#10681=ORIENTED_EDGE('',*,*,#10663,.T.);
#10682=ORIENTED_EDGE('',*,*,#10636,.T.);
#10683=EDGE_LOOP('',(#10677,#10678,#10680,#10681,#10682));
#10684=FACE_OUTER_BOUND('',#10683,.F.);
#10685=ADVANCED_FACE('',(#10684),#10676,.F.);
#10686=CARTESIAN_POINT('',(8.25E-1,-1.73E0,1.63E0));
#10687=DIRECTION('',(-1.E0,0.E0,0.E0));
#10688=DIRECTION('',(0.E0,0.E0,1.E0));
#10689=AXIS2_PLACEMENT_3D('',#10686,#10687,#10688);
#10690=CYLINDRICAL_SURFACE('',#10689,1.5E-1);
#10691=ORIENTED_EDGE('',*,*,#10679,.F.);
#10692=ORIENTED_EDGE('',*,*,#6087,.T.);
#10693=ORIENTED_EDGE('',*,*,#10652,.T.);
#10694=ORIENTED_EDGE('',*,*,#10665,.F.);
#10695=EDGE_LOOP('',(#10691,#10692,#10693,#10694));
#10696=FACE_OUTER_BOUND('',#10695,.F.);
#10697=ADVANCED_FACE('',(#10696),#10690,.T.);
#10698=CARTESIAN_POINT('',(8.25E-1,-1.93E0,-6.2E-1));
#10699=DIRECTION('',(0.E0,-1.E0,0.E0));
#10700=DIRECTION('',(0.E0,0.E0,1.E0));
#10701=AXIS2_PLACEMENT_3D('',#10698,#10699,#10700);
#10702=PLANE('',#10701);
#10703=ORIENTED_EDGE('',*,*,#10615,.T.);
#10704=ORIENTED_EDGE('',*,*,#10633,.T.);
#10705=ORIENTED_EDGE('',*,*,#10517,.F.);
#10706=ORIENTED_EDGE('',*,*,#5625,.F.);
#10707=EDGE_LOOP('',(#10703,#10704,#10705,#10706));
#10708=FACE_OUTER_BOUND('',#10707,.F.);
#10709=ADVANCED_FACE('',(#10708),#10702,.F.);
#10710=CARTESIAN_POINT('',(4.25E-1,-1.89E0,5.4E-1));
#10711=DIRECTION('',(0.E0,-1.E0,0.E0));
#10712=DIRECTION('',(0.E0,0.E0,-1.E0));
#10713=AXIS2_PLACEMENT_3D('',#10710,#10711,#10712);
#10714=PLANE('',#10713);
#10715=ORIENTED_EDGE('',*,*,#10620,.T.);
#10716=ORIENTED_EDGE('',*,*,#10496,.F.);
#10717=ORIENTED_EDGE('',*,*,#10512,.F.);
#10718=ORIENTED_EDGE('',*,*,#10536,.T.);
#10719=EDGE_LOOP('',(#10715,#10716,#10717,#10718));
#10720=FACE_OUTER_BOUND('',#10719,.F.);
#10721=ADVANCED_FACE('',(#10720),#10714,.T.);
#10722=CARTESIAN_POINT('',(4.25E-1,-2.03E0,-2.22E0));
#10723=DIRECTION('',(0.E0,1.E0,0.E0));
#10724=DIRECTION('',(0.E0,0.E0,1.E0));
#10725=AXIS2_PLACEMENT_3D('',#10722,#10723,#10724);
#10726=PLANE('',#10725);
#10727=ORIENTED_EDGE('',*,*,#6619,.F.);
#10728=ORIENTED_EDGE('',*,*,#10374,.F.);
#10730=ORIENTED_EDGE('',*,*,#10729,.T.);
#10731=ORIENTED_EDGE('',*,*,#10432,.T.);
#10732=EDGE_LOOP('',(#10727,#10728,#10730,#10731));
#10733=FACE_OUTER_BOUND('',#10732,.F.);
#10734=ADVANCED_FACE('',(#10733),#10726,.T.);
#10735=CARTESIAN_POINT('',(4.25E-1,-2.13E0,-2.32E0));
#10736=DIRECTION('',(0.E0,7.071067811866E-1,-7.071067811865E-1));
#10737=DIRECTION('',(0.E0,7.071067811865E-1,7.071067811866E-1));
#10738=AXIS2_PLACEMENT_3D('',#10735,#10736,#10737);
#10739=PLANE('',#10738);
#10740=ORIENTED_EDGE('',*,*,#10372,.F.);
#10742=ORIENTED_EDGE('',*,*,#10741,.T.);
#10743=ORIENTED_EDGE('',*,*,#10434,.T.);
#10744=ORIENTED_EDGE('',*,*,#10729,.F.);
#10745=EDGE_LOOP('',(#10740,#10742,#10743,#10744));
#10746=FACE_OUTER_BOUND('',#10745,.F.);
#10747=ADVANCED_FACE('',(#10746),#10739,.T.);
#10748=CARTESIAN_POINT('',(4.25E-1,-2.58E0,-2.32E0));
#10749=DIRECTION('',(0.E0,0.E0,-1.E0));
#10750=DIRECTION('',(0.E0,1.E0,0.E0));
#10751=AXIS2_PLACEMENT_3D('',#10748,#10749,#10750);
#10752=PLANE('',#10751);
#10753=ORIENTED_EDGE('',*,*,#10370,.F.);
#10755=ORIENTED_EDGE('',*,*,#10754,.T.);
#10756=ORIENTED_EDGE('',*,*,#10436,.T.);
#10757=ORIENTED_EDGE('',*,*,#10741,.F.);
#10758=EDGE_LOOP('',(#10753,#10755,#10756,#10757));
#10759=FACE_OUTER_BOUND('',#10758,.F.);
#10760=ADVANCED_FACE('',(#10759),#10752,.T.);
#10761=CARTESIAN_POINT('',(4.25E-1,-2.68E0,-2.22E0));
#10762=DIRECTION('',(0.E0,-7.071067811865E-1,-7.071067811865E-1));
#10763=DIRECTION('',(0.E0,7.071067811865E-1,-7.071067811865E-1));
#10764=AXIS2_PLACEMENT_3D('',#10761,#10762,#10763);
#10765=PLANE('',#10764);
#10766=ORIENTED_EDGE('',*,*,#10368,.F.);
#10768=ORIENTED_EDGE('',*,*,#10767,.T.);
#10769=ORIENTED_EDGE('',*,*,#10438,.T.);
#10770=ORIENTED_EDGE('',*,*,#10754,.F.);
#10771=EDGE_LOOP('',(#10766,#10768,#10769,#10770));
#10772=FACE_OUTER_BOUND('',#10771,.F.);
#10773=ADVANCED_FACE('',(#10772),#10765,.T.);
#10774=CARTESIAN_POINT('',(4.25E-1,-2.68E0,-1.77E0));
#10775=DIRECTION('',(0.E0,-1.E0,0.E0));
#10776=DIRECTION('',(0.E0,0.E0,-1.E0));
#10777=AXIS2_PLACEMENT_3D('',#10774,#10775,#10776);
#10778=PLANE('',#10777);
#10779=ORIENTED_EDGE('',*,*,#10366,.F.);
#10781=ORIENTED_EDGE('',*,*,#10780,.T.);
#10782=ORIENTED_EDGE('',*,*,#10440,.T.);
#10783=ORIENTED_EDGE('',*,*,#10767,.F.);
#10784=EDGE_LOOP('',(#10779,#10781,#10782,#10783));
#10785=FACE_OUTER_BOUND('',#10784,.F.);
#10786=ADVANCED_FACE('',(#10785),#10778,.T.);
#10787=CARTESIAN_POINT('',(4.25E-1,-2.58E0,-1.67E0));
#10788=DIRECTION('',(0.E0,-7.071067811865E-1,7.071067811866E-1));
#10789=DIRECTION('',(0.E0,-7.071067811866E-1,-7.071067811865E-1));
#10790=AXIS2_PLACEMENT_3D('',#10787,#10788,#10789);
#10791=PLANE('',#10790);
#10792=ORIENTED_EDGE('',*,*,#10364,.F.);
#10794=ORIENTED_EDGE('',*,*,#10793,.T.);
#10795=ORIENTED_EDGE('',*,*,#10442,.T.);
#10796=ORIENTED_EDGE('',*,*,#10780,.F.);
#10797=EDGE_LOOP('',(#10792,#10794,#10795,#10796));
#10798=FACE_OUTER_BOUND('',#10797,.F.);
#10799=ADVANCED_FACE('',(#10798),#10791,.T.);
#10800=CARTESIAN_POINT('',(4.25E-1,-3.8E-1,-1.67E0));
#10801=DIRECTION('',(0.E0,0.E0,1.E0));
#10802=DIRECTION('',(0.E0,-1.E0,0.E0));
#10803=AXIS2_PLACEMENT_3D('',#10800,#10801,#10802);
#10804=PLANE('',#10803);
#10805=ORIENTED_EDGE('',*,*,#6481,.T.);
#10806=ORIENTED_EDGE('',*,*,#10444,.T.);
#10807=ORIENTED_EDGE('',*,*,#10793,.F.);
#10808=ORIENTED_EDGE('',*,*,#10362,.F.);
#10809=EDGE_LOOP('',(#10805,#10806,#10807,#10808));
#10810=FACE_OUTER_BOUND('',#10809,.F.);
#10811=ADVANCED_FACE('',(#10810),#10804,.T.);
#10812=CARTESIAN_POINT('',(1.675E0,0.E0,0.E0));
#10813=DIRECTION('',(1.E0,0.E0,0.E0));
#10814=DIRECTION('',(0.E0,0.E0,-1.E0));
#10815=AXIS2_PLACEMENT_3D('',#10812,#10813,#10814);
#10816=PLANE('',#10815);
#10817=ORIENTED_EDGE('',*,*,#5718,.T.);
#10819=ORIENTED_EDGE('',*,*,#10818,.T.);
#10821=ORIENTED_EDGE('',*,*,#10820,.T.);
#10823=ORIENTED_EDGE('',*,*,#10822,.T.);
#10825=ORIENTED_EDGE('',*,*,#10824,.T.);
#10827=ORIENTED_EDGE('',*,*,#10826,.T.);
#10829=ORIENTED_EDGE('',*,*,#10828,.T.);
#10831=ORIENTED_EDGE('',*,*,#10830,.T.);
#10832=ORIENTED_EDGE('',*,*,#5851,.F.);
#10834=ORIENTED_EDGE('',*,*,#10833,.T.);
#10836=ORIENTED_EDGE('',*,*,#10835,.T.);
#10838=ORIENTED_EDGE('',*,*,#10837,.T.);
#10840=ORIENTED_EDGE('',*,*,#10839,.T.);
#10841=EDGE_LOOP('',(#10817,#10819,#10821,#10823,#10825,#10827,#10829,#10831,
#10832,#10834,#10836,#10838,#10840));
#10842=FACE_OUTER_BOUND('',#10841,.F.);
#10843=ADVANCED_FACE('',(#10842),#10816,.F.);
#10844=CARTESIAN_POINT('',(1.675E0,0.E0,0.E0));
#10845=DIRECTION('',(1.E0,0.E0,0.E0));
#10846=DIRECTION('',(0.E0,0.E0,-1.E0));
#10847=AXIS2_PLACEMENT_3D('',#10844,#10845,#10846);
#10848=PLANE('',#10847);
#10849=ORIENTED_EDGE('',*,*,#6475,.T.);
#10851=ORIENTED_EDGE('',*,*,#10850,.T.);
#10853=ORIENTED_EDGE('',*,*,#10852,.T.);
#10855=ORIENTED_EDGE('',*,*,#10854,.T.);
#10857=ORIENTED_EDGE('',*,*,#10856,.T.);
#10859=ORIENTED_EDGE('',*,*,#10858,.T.);
#10861=ORIENTED_EDGE('',*,*,#10860,.T.);
#10863=ORIENTED_EDGE('',*,*,#10862,.T.);
#10864=ORIENTED_EDGE('',*,*,#6624,.F.);
#10865=EDGE_LOOP('',(#10849,#10851,#10853,#10855,#10857,#10859,#10861,#10863,
#10864));
#10866=FACE_OUTER_BOUND('',#10865,.F.);
#10867=ADVANCED_FACE('',(#10866),#10848,.F.);
#10868=CARTESIAN_POINT('',(1.675E0,-9.8E-1,-6.2E-1));
#10869=DIRECTION('',(0.E0,1.E0,0.E0));
#10870=DIRECTION('',(0.E0,0.E0,1.E0));
#10871=AXIS2_PLACEMENT_3D('',#10868,#10869,#10870);
#10872=PLANE('',#10871);
#10873=ORIENTED_EDGE('',*,*,#5724,.T.);
#10875=ORIENTED_EDGE('',*,*,#10874,.T.);
#10877=ORIENTED_EDGE('',*,*,#10876,.F.);
#10878=ORIENTED_EDGE('',*,*,#10818,.F.);
#10879=EDGE_LOOP('',(#10873,#10875,#10877,#10878));
#10880=FACE_OUTER_BOUND('',#10879,.F.);
#10881=ADVANCED_FACE('',(#10880),#10872,.T.);
#10882=CARTESIAN_POINT('',(2.075E0,0.E0,0.E0));
#10883=DIRECTION('',(1.E0,0.E0,0.E0));
#10884=DIRECTION('',(0.E0,0.E0,-1.E0));
#10885=AXIS2_PLACEMENT_3D('',#10882,#10883,#10884);
#10886=PLANE('',#10885);
#10887=ORIENTED_EDGE('',*,*,#5722,.F.);
#10889=ORIENTED_EDGE('',*,*,#10888,.F.);
#10891=ORIENTED_EDGE('',*,*,#10890,.F.);
#10893=ORIENTED_EDGE('',*,*,#10892,.F.);
#10895=ORIENTED_EDGE('',*,*,#10894,.F.);
#10896=ORIENTED_EDGE('',*,*,#5915,.T.);
#10898=ORIENTED_EDGE('',*,*,#10897,.F.);
#10900=ORIENTED_EDGE('',*,*,#10899,.F.);
#10902=ORIENTED_EDGE('',*,*,#10901,.F.);
#10904=ORIENTED_EDGE('',*,*,#10903,.F.);
#10906=ORIENTED_EDGE('',*,*,#10905,.F.);
#10908=ORIENTED_EDGE('',*,*,#10907,.F.);
#10909=ORIENTED_EDGE('',*,*,#10874,.F.);
#10910=EDGE_LOOP('',(#10887,#10889,#10891,#10893,#10895,#10896,#10898,#10900,
#10902,#10904,#10906,#10908,#10909));
#10911=FACE_OUTER_BOUND('',#10910,.F.);
#10912=ADVANCED_FACE('',(#10911),#10886,.T.);
#10913=CARTESIAN_POINT('',(2.075E0,0.E0,0.E0));
#10914=DIRECTION('',(1.E0,0.E0,0.E0));
#10915=DIRECTION('',(0.E0,0.E0,-1.E0));
#10916=AXIS2_PLACEMENT_3D('',#10913,#10914,#10915);
#10917=PLANE('',#10916);
#10918=ORIENTED_EDGE('',*,*,#6471,.F.);
#10919=ORIENTED_EDGE('',*,*,#6628,.T.);
#10921=ORIENTED_EDGE('',*,*,#10920,.F.);
#10923=ORIENTED_EDGE('',*,*,#10922,.F.);
#10925=ORIENTED_EDGE('',*,*,#10924,.F.);
#10927=ORIENTED_EDGE('',*,*,#10926,.F.);
#10929=ORIENTED_EDGE('',*,*,#10928,.F.);
#10931=ORIENTED_EDGE('',*,*,#10930,.F.);
#10933=ORIENTED_EDGE('',*,*,#10932,.F.);
#10934=EDGE_LOOP('',(#10918,#10919,#10921,#10923,#10925,#10927,#10929,#10931,
#10933));
#10935=FACE_OUTER_BOUND('',#10934,.F.);
#10936=ADVANCED_FACE('',(#10935),#10917,.T.);
#10937=CARTESIAN_POINT('',(1.675E0,-1.66E0,-3.5E-1));
#10938=DIRECTION('',(0.E0,-1.E0,0.E0));
#10939=DIRECTION('',(0.E0,0.E0,-1.E0));
#10940=AXIS2_PLACEMENT_3D('',#10937,#10938,#10939);
#10941=PLANE('',#10940);
#10942=ORIENTED_EDGE('',*,*,#5720,.F.);
#10943=ORIENTED_EDGE('',*,*,#10839,.F.);
#10945=ORIENTED_EDGE('',*,*,#10944,.T.);
#10946=ORIENTED_EDGE('',*,*,#10888,.T.);
#10947=EDGE_LOOP('',(#10942,#10943,#10945,#10946));
#10948=FACE_OUTER_BOUND('',#10947,.F.);
#10949=ADVANCED_FACE('',(#10948),#10941,.T.);
#10950=CARTESIAN_POINT('',(1.675E0,-1.81E0,-3.5E-1));
#10951=DIRECTION('',(1.E0,0.E0,0.E0));
#10952=DIRECTION('',(0.E0,0.E0,-1.E0));
#10953=AXIS2_PLACEMENT_3D('',#10950,#10951,#10952);
#10954=CYLINDRICAL_SURFACE('',#10953,1.5E-1);
#10955=ORIENTED_EDGE('',*,*,#10837,.F.);
#10957=ORIENTED_EDGE('',*,*,#10956,.T.);
#10958=ORIENTED_EDGE('',*,*,#10890,.T.);
#10959=ORIENTED_EDGE('',*,*,#10944,.F.);
#10960=EDGE_LOOP('',(#10955,#10957,#10958,#10959));
#10961=FACE_OUTER_BOUND('',#10960,.F.);
#10962=ADVANCED_FACE('',(#10961),#10954,.F.);
#10963=CARTESIAN_POINT('',(1.675E0,-1.792273670013E0,-1.965585425805E-1));
#10964=DIRECTION('',(0.E0,-3.484911334172E-1,-9.373120771278E-1));
#10965=DIRECTION('',(0.E0,9.373120771278E-1,-3.484911334172E-1));
#10966=AXIS2_PLACEMENT_3D('',#10963,#10964,#10965);
#10967=PLANE('',#10966);
#10968=ORIENTED_EDGE('',*,*,#10835,.F.);
#10970=ORIENTED_EDGE('',*,*,#10969,.T.);
#10971=ORIENTED_EDGE('',*,*,#10892,.T.);
#10972=ORIENTED_EDGE('',*,*,#10956,.F.);
#10973=EDGE_LOOP('',(#10968,#10970,#10971,#10972));
#10974=FACE_OUTER_BOUND('',#10973,.F.);
#10975=ADVANCED_FACE('',(#10974),#10967,.T.);
#10976=CARTESIAN_POINT('',(1.675E0,-1.74E0,-5.596173101136E-2));
#10977=DIRECTION('',(1.E0,0.E0,0.E0));
#10978=DIRECTION('',(0.E0,0.E0,-1.E0));
#10979=AXIS2_PLACEMENT_3D('',#10976,#10977,#10978);
#10980=CYLINDRICAL_SURFACE('',#10979,1.5E-1);
#10981=ORIENTED_EDGE('',*,*,#10833,.F.);
#10983=ORIENTED_EDGE('',*,*,#10982,.F.);
#10985=ORIENTED_EDGE('',*,*,#10984,.T.);
#10987=ORIENTED_EDGE('',*,*,#10986,.T.);
#10988=ORIENTED_EDGE('',*,*,#10894,.T.);
#10989=ORIENTED_EDGE('',*,*,#10969,.F.);
#10990=EDGE_LOOP('',(#10981,#10983,#10985,#10987,#10988,#10989));
#10991=FACE_OUTER_BOUND('',#10990,.F.);
#10992=ADVANCED_FACE('',(#10991),#10980,.T.);
#10993=CARTESIAN_POINT('',(1.675E0,0.E0,0.E0));
#10994=DIRECTION('',(-1.E0,0.E0,0.E0));
#10995=DIRECTION('',(0.E0,0.E0,1.E0));
#10996=AXIS2_PLACEMENT_3D('',#10993,#10994,#10995);
#10997=PLANE('',#10996);
#10999=ORIENTED_EDGE('',*,*,#10998,.T.);
#11001=ORIENTED_EDGE('',*,*,#11000,.T.);
#11002=ORIENTED_EDGE('',*,*,#10982,.T.);
#11003=ORIENTED_EDGE('',*,*,#5849,.F.);
#11004=ORIENTED_EDGE('',*,*,#5619,.T.);
#11006=ORIENTED_EDGE('',*,*,#11005,.T.);
#11008=ORIENTED_EDGE('',*,*,#11007,.T.);
#11009=ORIENTED_EDGE('',*,*,#5853,.F.);
#11010=EDGE_LOOP('',(#10999,#11001,#11002,#11003,#11004,#11006,#11008,#11009));
#11011=FACE_OUTER_BOUND('',#11010,.F.);
#11012=ADVANCED_FACE('',(#11011),#10997,.F.);
#11013=CARTESIAN_POINT('',(1.675E0,-1.83E0,7.8E-1));
#11014=DIRECTION('',(0.E0,-9.701425001453E-1,2.425356250363E-1));
#11015=DIRECTION('',(0.E0,-2.425356250363E-1,-9.701425001453E-1));
#11016=AXIS2_PLACEMENT_3D('',#11013,#11014,#11015);
#11017=PLANE('',#11016);
#11018=ORIENTED_EDGE('',*,*,#10830,.F.);
#11020=ORIENTED_EDGE('',*,*,#11019,.T.);
#11021=ORIENTED_EDGE('',*,*,#10897,.T.);
#11023=ORIENTED_EDGE('',*,*,#11022,.T.);
#11025=ORIENTED_EDGE('',*,*,#11024,.F.);
#11026=ORIENTED_EDGE('',*,*,#10998,.F.);
#11027=EDGE_LOOP('',(#11018,#11020,#11021,#11023,#11025,#11026));
#11028=FACE_OUTER_BOUND('',#11027,.F.);
#11029=ADVANCED_FACE('',(#11028),#11017,.T.);
#11030=CARTESIAN_POINT('',(1.675E0,-1.48E0,7.8E-1));
#11031=DIRECTION('',(0.E0,0.E0,1.E0));
#11032=DIRECTION('',(0.E0,-1.E0,0.E0));
#11033=AXIS2_PLACEMENT_3D('',#11030,#11031,#11032);
#11034=PLANE('',#11033);
#11035=ORIENTED_EDGE('',*,*,#10828,.F.);
#11037=ORIENTED_EDGE('',*,*,#11036,.T.);
#11038=ORIENTED_EDGE('',*,*,#10899,.T.);
#11039=ORIENTED_EDGE('',*,*,#11019,.F.);
#11040=EDGE_LOOP('',(#11035,#11037,#11038,#11039));
#11041=FACE_OUTER_BOUND('',#11040,.F.);
#11042=ADVANCED_FACE('',(#11041),#11034,.T.);
#11043=CARTESIAN_POINT('',(1.675E0,-1.48E0,1.08E0));
#11044=DIRECTION('',(0.E0,-1.E0,0.E0));
#11045=DIRECTION('',(0.E0,0.E0,-1.E0));
#11046=AXIS2_PLACEMENT_3D('',#11043,#11044,#11045);
#11047=PLANE('',#11046);
#11048=ORIENTED_EDGE('',*,*,#10826,.F.);
#11050=ORIENTED_EDGE('',*,*,#11049,.T.);
#11051=ORIENTED_EDGE('',*,*,#10901,.T.);
#11052=ORIENTED_EDGE('',*,*,#11036,.F.);
#11053=EDGE_LOOP('',(#11048,#11050,#11051,#11052));
#11054=FACE_OUTER_BOUND('',#11053,.F.);
#11055=ADVANCED_FACE('',(#11054),#11047,.T.);
#11056=CARTESIAN_POINT('',(1.675E0,-1.43E0,1.33E0));
#11057=DIRECTION('',(0.E0,-9.805806756909E-1,1.961161351382E-1));
#11058=DIRECTION('',(0.E0,-1.961161351382E-1,-9.805806756909E-1));
#11059=AXIS2_PLACEMENT_3D('',#11056,#11057,#11058);
#11060=PLANE('',#11059);
#11061=ORIENTED_EDGE('',*,*,#10824,.F.);
#11063=ORIENTED_EDGE('',*,*,#11062,.T.);
#11064=ORIENTED_EDGE('',*,*,#10903,.T.);
#11065=ORIENTED_EDGE('',*,*,#11049,.F.);
#11066=EDGE_LOOP('',(#11061,#11063,#11064,#11065));
#11067=FACE_OUTER_BOUND('',#11066,.F.);
#11068=ADVANCED_FACE('',(#11067),#11060,.T.);
#11069=CARTESIAN_POINT('',(1.675E0,-1.18E0,1.33E0));
#11070=DIRECTION('',(0.E0,0.E0,1.E0));
#11071=DIRECTION('',(0.E0,-1.E0,0.E0));
#11072=AXIS2_PLACEMENT_3D('',#11069,#11070,#11071);
#11073=PLANE('',#11072);
#11074=ORIENTED_EDGE('',*,*,#10822,.F.);
#11076=ORIENTED_EDGE('',*,*,#11075,.T.);
#11077=ORIENTED_EDGE('',*,*,#10905,.T.);
#11078=ORIENTED_EDGE('',*,*,#11062,.F.);
#11079=EDGE_LOOP('',(#11074,#11076,#11077,#11078));
#11080=FACE_OUTER_BOUND('',#11079,.F.);
#11081=ADVANCED_FACE('',(#11080),#11073,.T.);
#11082=CARTESIAN_POINT('',(1.675E0,-1.18E0,1.13E0));
#11083=DIRECTION('',(1.E0,0.E0,0.E0));
#11084=DIRECTION('',(0.E0,0.E0,-1.E0));
#11085=AXIS2_PLACEMENT_3D('',#11082,#11083,#11084);
#11086=CYLINDRICAL_SURFACE('',#11085,2.E-1);
#11087=ORIENTED_EDGE('',*,*,#10820,.F.);
#11088=ORIENTED_EDGE('',*,*,#10876,.T.);
#11089=ORIENTED_EDGE('',*,*,#10907,.T.);
#11090=ORIENTED_EDGE('',*,*,#11075,.F.);
#11091=EDGE_LOOP('',(#11087,#11088,#11089,#11090));
#11092=FACE_OUTER_BOUND('',#11091,.F.);
#11093=ADVANCED_FACE('',(#11092),#11086,.T.);
#11094=CARTESIAN_POINT('',(2.075E0,0.E0,0.E0));
#11095=DIRECTION('',(-1.E0,0.E0,0.E0));
#11096=DIRECTION('',(0.E0,0.E0,1.E0));
#11097=AXIS2_PLACEMENT_3D('',#11094,#11095,#11096);
#11098=PLANE('',#11097);
#11099=ORIENTED_EDGE('',*,*,#11022,.F.);
#11100=ORIENTED_EDGE('',*,*,#5913,.T.);
#11102=ORIENTED_EDGE('',*,*,#11101,.F.);
#11104=ORIENTED_EDGE('',*,*,#11103,.F.);
#11105=ORIENTED_EDGE('',*,*,#5615,.F.);
#11106=ORIENTED_EDGE('',*,*,#5917,.T.);
#11107=ORIENTED_EDGE('',*,*,#10986,.F.);
#11109=ORIENTED_EDGE('',*,*,#11108,.F.);
#11110=EDGE_LOOP('',(#11099,#11100,#11102,#11104,#11105,#11106,#11107,#11109));
#11111=FACE_OUTER_BOUND('',#11110,.F.);
#11112=ADVANCED_FACE('',(#11111),#11098,.T.);
#11113=CARTESIAN_POINT('',(2.075E0,-1.58E0,1.09E0));
#11114=DIRECTION('',(0.E0,0.E0,-1.E0));
#11115=DIRECTION('',(0.E0,-1.E0,0.E0));
#11116=AXIS2_PLACEMENT_3D('',#11113,#11114,#11115);
#11117=PLANE('',#11116);
#11119=ORIENTED_EDGE('',*,*,#11118,.T.);
#11120=ORIENTED_EDGE('',*,*,#11007,.F.);
#11122=ORIENTED_EDGE('',*,*,#11121,.F.);
#11123=ORIENTED_EDGE('',*,*,#11101,.T.);
#11125=ORIENTED_EDGE('',*,*,#11124,.F.);
#11127=ORIENTED_EDGE('',*,*,#11126,.T.);
#11128=EDGE_LOOP('',(#11119,#11120,#11122,#11123,#11125,#11127));
#11129=FACE_OUTER_BOUND('',#11128,.F.);
#11130=ADVANCED_FACE('',(#11129),#11117,.T.);
#11131=CARTESIAN_POINT('',(1.675E0,0.E0,0.E0));
#11132=DIRECTION('',(-1.E0,0.E0,0.E0));
#11133=DIRECTION('',(0.E0,0.E0,1.E0));
#11134=AXIS2_PLACEMENT_3D('',#11131,#11132,#11133);
#11135=PLANE('',#11134);
#11136=ORIENTED_EDGE('',*,*,#5855,.F.);
#11137=ORIENTED_EDGE('',*,*,#11118,.F.);
#11139=ORIENTED_EDGE('',*,*,#11138,.F.);
#11141=ORIENTED_EDGE('',*,*,#11140,.F.);
#11142=ORIENTED_EDGE('',*,*,#6092,.F.);
#11143=EDGE_LOOP('',(#11136,#11137,#11139,#11141,#11142));
#11144=FACE_OUTER_BOUND('',#11143,.F.);
#11145=ADVANCED_FACE('',(#11144),#11135,.T.);
#11146=CARTESIAN_POINT('',(2.075E0,-1.58E0,1.63E0));
#11147=DIRECTION('',(0.E0,1.E0,0.E0));
#11148=DIRECTION('',(0.E0,0.E0,-1.E0));
#11149=AXIS2_PLACEMENT_3D('',#11146,#11147,#11148);
#11150=PLANE('',#11149);
#11152=ORIENTED_EDGE('',*,*,#11151,.F.);
#11154=ORIENTED_EDGE('',*,*,#11153,.T.);
#11155=ORIENTED_EDGE('',*,*,#11138,.T.);
#11156=ORIENTED_EDGE('',*,*,#11126,.F.);
#11157=EDGE_LOOP('',(#11152,#11154,#11155,#11156));
#11158=FACE_OUTER_BOUND('',#11157,.F.);
#11159=ADVANCED_FACE('',(#11158),#11150,.T.);
#11160=CARTESIAN_POINT('',(2.075E0,0.E0,0.E0));
#11161=DIRECTION('',(-1.E0,0.E0,0.E0));
#11162=DIRECTION('',(0.E0,0.E0,1.E0));
#11163=AXIS2_PLACEMENT_3D('',#11160,#11161,#11162);
#11164=PLANE('',#11163);
#11165=ORIENTED_EDGE('',*,*,#5911,.T.);
#11166=ORIENTED_EDGE('',*,*,#6096,.T.);
#11168=ORIENTED_EDGE('',*,*,#11167,.T.);
#11169=ORIENTED_EDGE('',*,*,#11151,.T.);
#11170=ORIENTED_EDGE('',*,*,#11124,.T.);
#11171=EDGE_LOOP('',(#11165,#11166,#11168,#11169,#11170));
#11172=FACE_OUTER_BOUND('',#11171,.F.);
#11173=ADVANCED_FACE('',(#11172),#11164,.F.);
#11174=CARTESIAN_POINT('',(2.075E0,-1.73E0,1.63E0));
#11175=DIRECTION('',(-1.E0,0.E0,0.E0));
#11176=DIRECTION('',(0.E0,0.E0,1.E0));
#11177=AXIS2_PLACEMENT_3D('',#11174,#11175,#11176);
#11178=CYLINDRICAL_SURFACE('',#11177,1.5E-1);
#11179=ORIENTED_EDGE('',*,*,#11167,.F.);
#11180=ORIENTED_EDGE('',*,*,#6094,.T.);
#11181=ORIENTED_EDGE('',*,*,#11140,.T.);
#11182=ORIENTED_EDGE('',*,*,#11153,.F.);
#11183=EDGE_LOOP('',(#11179,#11180,#11181,#11182));
#11184=FACE_OUTER_BOUND('',#11183,.F.);
#11185=ADVANCED_FACE('',(#11184),#11178,.T.);
#11186=CARTESIAN_POINT('',(2.075E0,-1.93E0,-6.2E-1));
#11187=DIRECTION('',(0.E0,-1.E0,0.E0));
#11188=DIRECTION('',(0.E0,0.E0,1.E0));
#11189=AXIS2_PLACEMENT_3D('',#11186,#11187,#11188);
#11190=PLANE('',#11189);
#11191=ORIENTED_EDGE('',*,*,#11103,.T.);
#11192=ORIENTED_EDGE('',*,*,#11121,.T.);
#11193=ORIENTED_EDGE('',*,*,#11005,.F.);
#11194=ORIENTED_EDGE('',*,*,#5617,.F.);
#11195=EDGE_LOOP('',(#11191,#11192,#11193,#11194));
#11196=FACE_OUTER_BOUND('',#11195,.F.);
#11197=ADVANCED_FACE('',(#11196),#11190,.F.);
#11198=CARTESIAN_POINT('',(1.675E0,-1.89E0,5.4E-1));
#11199=DIRECTION('',(0.E0,-1.E0,0.E0));
#11200=DIRECTION('',(0.E0,0.E0,-1.E0));
#11201=AXIS2_PLACEMENT_3D('',#11198,#11199,#11200);
#11202=PLANE('',#11201);
#11203=ORIENTED_EDGE('',*,*,#11024,.T.);
#11204=ORIENTED_EDGE('',*,*,#11108,.T.);
#11205=ORIENTED_EDGE('',*,*,#10984,.F.);
#11206=ORIENTED_EDGE('',*,*,#11000,.F.);
#11207=EDGE_LOOP('',(#11203,#11204,#11205,#11206));
#11208=FACE_OUTER_BOUND('',#11207,.F.);
#11209=ADVANCED_FACE('',(#11208),#11202,.T.);
#11210=CARTESIAN_POINT('',(1.675E0,-2.03E0,-2.22E0));
#11211=DIRECTION('',(0.E0,1.E0,0.E0));
#11212=DIRECTION('',(0.E0,0.E0,1.E0));
#11213=AXIS2_PLACEMENT_3D('',#11210,#11211,#11212);
#11214=PLANE('',#11213);
#11215=ORIENTED_EDGE('',*,*,#6626,.F.);
#11216=ORIENTED_EDGE('',*,*,#10862,.F.);
#11218=ORIENTED_EDGE('',*,*,#11217,.T.);
#11219=ORIENTED_EDGE('',*,*,#10920,.T.);
#11220=EDGE_LOOP('',(#11215,#11216,#11218,#11219));
#11221=FACE_OUTER_BOUND('',#11220,.F.);
#11222=ADVANCED_FACE('',(#11221),#11214,.T.);
#11223=CARTESIAN_POINT('',(1.675E0,-2.13E0,-2.32E0));
#11224=DIRECTION('',(0.E0,7.071067811866E-1,-7.071067811865E-1));
#11225=DIRECTION('',(0.E0,7.071067811865E-1,7.071067811866E-1));
#11226=AXIS2_PLACEMENT_3D('',#11223,#11224,#11225);
#11227=PLANE('',#11226);
#11228=ORIENTED_EDGE('',*,*,#10860,.F.);
#11230=ORIENTED_EDGE('',*,*,#11229,.T.);
#11231=ORIENTED_EDGE('',*,*,#10922,.T.);
#11232=ORIENTED_EDGE('',*,*,#11217,.F.);
#11233=EDGE_LOOP('',(#11228,#11230,#11231,#11232));
#11234=FACE_OUTER_BOUND('',#11233,.F.);
#11235=ADVANCED_FACE('',(#11234),#11227,.T.);
#11236=CARTESIAN_POINT('',(1.675E0,-2.58E0,-2.32E0));
#11237=DIRECTION('',(0.E0,0.E0,-1.E0));
#11238=DIRECTION('',(0.E0,1.E0,0.E0));
#11239=AXIS2_PLACEMENT_3D('',#11236,#11237,#11238);
#11240=PLANE('',#11239);
#11241=ORIENTED_EDGE('',*,*,#10858,.F.);
#11243=ORIENTED_EDGE('',*,*,#11242,.T.);
#11244=ORIENTED_EDGE('',*,*,#10924,.T.);
#11245=ORIENTED_EDGE('',*,*,#11229,.F.);
#11246=EDGE_LOOP('',(#11241,#11243,#11244,#11245));
#11247=FACE_OUTER_BOUND('',#11246,.F.);
#11248=ADVANCED_FACE('',(#11247),#11240,.T.);
#11249=CARTESIAN_POINT('',(1.675E0,-2.68E0,-2.22E0));
#11250=DIRECTION('',(0.E0,-7.071067811865E-1,-7.071067811865E-1));
#11251=DIRECTION('',(0.E0,7.071067811865E-1,-7.071067811865E-1));
#11252=AXIS2_PLACEMENT_3D('',#11249,#11250,#11251);
#11253=PLANE('',#11252);
#11254=ORIENTED_EDGE('',*,*,#10856,.F.);
#11256=ORIENTED_EDGE('',*,*,#11255,.T.);
#11257=ORIENTED_EDGE('',*,*,#10926,.T.);
#11258=ORIENTED_EDGE('',*,*,#11242,.F.);
#11259=EDGE_LOOP('',(#11254,#11256,#11257,#11258));
#11260=FACE_OUTER_BOUND('',#11259,.F.);
#11261=ADVANCED_FACE('',(#11260),#11253,.T.);
#11262=CARTESIAN_POINT('',(1.675E0,-2.68E0,-1.77E0));
#11263=DIRECTION('',(0.E0,-1.E0,0.E0));
#11264=DIRECTION('',(0.E0,0.E0,-1.E0));
#11265=AXIS2_PLACEMENT_3D('',#11262,#11263,#11264);
#11266=PLANE('',#11265);
#11267=ORIENTED_EDGE('',*,*,#10854,.F.);
#11269=ORIENTED_EDGE('',*,*,#11268,.T.);
#11270=ORIENTED_EDGE('',*,*,#10928,.T.);
#11271=ORIENTED_EDGE('',*,*,#11255,.F.);
#11272=EDGE_LOOP('',(#11267,#11269,#11270,#11271));
#11273=FACE_OUTER_BOUND('',#11272,.F.);
#11274=ADVANCED_FACE('',(#11273),#11266,.T.);
#11275=CARTESIAN_POINT('',(1.675E0,-2.58E0,-1.67E0));
#11276=DIRECTION('',(0.E0,-7.071067811865E-1,7.071067811866E-1));
#11277=DIRECTION('',(0.E0,-7.071067811866E-1,-7.071067811865E-1));
#11278=AXIS2_PLACEMENT_3D('',#11275,#11276,#11277);
#11279=PLANE('',#11278);
#11280=ORIENTED_EDGE('',*,*,#10852,.F.);
#11282=ORIENTED_EDGE('',*,*,#11281,.T.);
#11283=ORIENTED_EDGE('',*,*,#10930,.T.);
#11284=ORIENTED_EDGE('',*,*,#11268,.F.);
#11285=EDGE_LOOP('',(#11280,#11282,#11283,#11284));
#11286=FACE_OUTER_BOUND('',#11285,.F.);
#11287=ADVANCED_FACE('',(#11286),#11279,.T.);
#11288=CARTESIAN_POINT('',(1.675E0,-3.8E-1,-1.67E0));
#11289=DIRECTION('',(0.E0,0.E0,1.E0));
#11290=DIRECTION('',(0.E0,-1.E0,0.E0));
#11291=AXIS2_PLACEMENT_3D('',#11288,#11289,#11290);
#11292=PLANE('',#11291);
#11293=ORIENTED_EDGE('',*,*,#6473,.T.);
#11294=ORIENTED_EDGE('',*,*,#10932,.T.);
#11295=ORIENTED_EDGE('',*,*,#11281,.F.);
#11296=ORIENTED_EDGE('',*,*,#10850,.F.);
#11297=EDGE_LOOP('',(#11293,#11294,#11295,#11296));
#11298=FACE_OUTER_BOUND('',#11297,.F.);
#11299=ADVANCED_FACE('',(#11298),#11292,.T.);
#11300=CARTESIAN_POINT('',(3.325E0,0.E0,0.E0));
#11301=DIRECTION('',(-1.E0,0.E0,0.E0));
#11302=DIRECTION('',(0.E0,0.E0,1.E0));
#11303=AXIS2_PLACEMENT_3D('',#11300,#11301,#11302);
#11304=PLANE('',#11303);
#11305=ORIENTED_EDGE('',*,*,#5887,.T.);
#11306=ORIENTED_EDGE('',*,*,#6056,.T.);
#11308=ORIENTED_EDGE('',*,*,#11307,.T.);
#11310=ORIENTED_EDGE('',*,*,#11309,.T.);
#11311=ORIENTED_EDGE('',*,*,#6129,.T.);
#11312=EDGE_LOOP('',(#11305,#11306,#11308,#11310,#11311));
#11313=FACE_OUTER_BOUND('',#11312,.F.);
#11314=ADVANCED_FACE('',(#11313),#11304,.F.);
#11315=CARTESIAN_POINT('',(3.325E0,-1.73E0,1.63E0));
#11316=DIRECTION('',(-1.E0,0.E0,0.E0));
#11317=DIRECTION('',(0.E0,0.E0,1.E0));
#11318=AXIS2_PLACEMENT_3D('',#11315,#11316,#11317);
#11319=CYLINDRICAL_SURFACE('',#11318,1.5E-1);
#11320=ORIENTED_EDGE('',*,*,#11307,.F.);
#11321=ORIENTED_EDGE('',*,*,#6054,.T.);
#11322=ORIENTED_EDGE('',*,*,#6111,.T.);
#11324=ORIENTED_EDGE('',*,*,#11323,.F.);
#11325=EDGE_LOOP('',(#11320,#11321,#11322,#11324));
#11326=FACE_OUTER_BOUND('',#11325,.F.);
#11327=ADVANCED_FACE('',(#11326),#11319,.T.);
#11328=CARTESIAN_POINT('',(3.325E0,-1.58E0,1.63E0));
#11329=DIRECTION('',(0.E0,1.E0,0.E0));
#11330=DIRECTION('',(0.E0,0.E0,-1.E0));
#11331=AXIS2_PLACEMENT_3D('',#11328,#11329,#11330);
#11332=PLANE('',#11331);
#11333=ORIENTED_EDGE('',*,*,#11309,.F.);
#11334=ORIENTED_EDGE('',*,*,#11323,.T.);
#11335=ORIENTED_EDGE('',*,*,#6109,.T.);
#11336=ORIENTED_EDGE('',*,*,#6131,.F.);
#11337=EDGE_LOOP('',(#11333,#11334,#11335,#11336));
#11338=FACE_OUTER_BOUND('',#11337,.F.);
#11339=ADVANCED_FACE('',(#11338),#11332,.T.);
#11340=CARTESIAN_POINT('',(-2.925E0,-1.73E0,1.63E0));
#11341=DIRECTION('',(-1.E0,0.E0,0.E0));
#11342=DIRECTION('',(0.E0,0.E0,1.E0));
#11343=AXIS2_PLACEMENT_3D('',#11340,#11341,#11342);
#11344=CYLINDRICAL_SURFACE('',#11343,1.5E-1);
#11345=ORIENTED_EDGE('',*,*,#6039,.F.);
#11346=ORIENTED_EDGE('',*,*,#6067,.T.);
#11347=ORIENTED_EDGE('',*,*,#6010,.T.);
#11348=ORIENTED_EDGE('',*,*,#6024,.F.);
#11349=EDGE_LOOP('',(#11345,#11346,#11347,#11348));
#11350=FACE_OUTER_BOUND('',#11349,.F.);
#11351=ADVANCED_FACE('',(#11350),#11344,.T.);
#11352=CARTESIAN_POINT('',(-2.925E0,-1.93E0,-6.2E-1));
#11353=DIRECTION('',(0.E0,-1.E0,0.E0));
#11354=DIRECTION('',(0.E0,0.E0,1.E0));
#11355=AXIS2_PLACEMENT_3D('',#11352,#11353,#11354);
#11356=PLANE('',#11355);
#11357=ORIENTED_EDGE('',*,*,#5972,.T.);
#11358=ORIENTED_EDGE('',*,*,#5991,.T.);
#11359=ORIENTED_EDGE('',*,*,#5936,.F.);
#11360=ORIENTED_EDGE('',*,*,#5649,.F.);
#11361=EDGE_LOOP('',(#11357,#11358,#11359,#11360));
#11362=FACE_OUTER_BOUND('',#11361,.F.);
#11363=ADVANCED_FACE('',(#11362),#11356,.F.);
#11364=CLOSED_SHELL('',(#5540,#5573,#5599,#5738,#5763,#5789,#5816,#5843,#5870,
#5895,#5922,#5943,#5962,#5982,#6000,#6016,#6030,#6045,#6100,#6116,#6135,#6155,
#6174,#6205,#6231,#6245,#6275,#6301,#6314,#6327,#6340,#6356,#6369,#6386,#6398,
#6411,#6424,#6437,#6450,#6462,#6523,#6633,#6646,#6659,#6672,#6685,#6698,#6711,
#6723,#6737,#6809,#6828,#6851,#6866,#6880,#6900,#6917,#6929,#6942,#6954,#6967,
#6979,#7002,#7017,#7063,#7107,#7121,#7134,#7148,#7174,#7190,#7204,#7220,#7234,
#7248,#7261,#7274,#7288,#7313,#7327,#7340,#7353,#7366,#7378,#7395,#7412,#7437,
#7450,#7464,#7494,#7506,#7523,#7541,#7555,#7568,#7583,#7601,#7625,#7646,#7672,
#7686,#7700,#7759,#7782,#7797,#7813,#7825,#7838,#7850,#7862,#7876,#7890,#7904,
#7918,#7932,#7946,#7959,#7973,#7987,#8001,#8015,#8029,#8043,#8057,#8071,#8085,
#8099,#8113,#8127,#8141,#8155,#8169,#8183,#8196,#8230,#8245,#8258,#8271,#8283,
#8295,#8307,#8319,#8333,#8346,#8405,#8419,#8433,#8490,#8503,#8516,#8529,#8542,
#8555,#8575,#8587,#8600,#8613,#8626,#8639,#8652,#8665,#8678,#8691,#8704,#8717,
#8730,#8743,#8756,#8769,#8782,#8795,#8807,#8820,#8833,#8845,#8858,#8870,#8883,
#8895,#8908,#8921,#8933,#8946,#8959,#8972,#8985,#8998,#9011,#9024,#9037,#9050,
#9063,#9075,#9106,#9130,#9144,#9174,#9198,#9211,#9224,#9237,#9252,#9264,#9277,
#9290,#9303,#9316,#9328,#9341,#9354,#9367,#9380,#9393,#9406,#9418,#9432,#9446,
#9460,#9474,#9488,#9502,#9515,#9546,#9563,#9576,#9588,#9605,#9625,#9642,#9655,
#9673,#9686,#9703,#9718,#9732,#9746,#9758,#9771,#9784,#9797,#9810,#9823,#9835,
#9867,#9891,#9905,#9936,#9960,#9973,#9986,#9999,#10016,#10036,#10053,#10066,
#10079,#10092,#10105,#10117,#10136,#10154,#10169,#10183,#10197,#10209,#10221,
#10233,#10246,#10259,#10272,#10285,#10298,#10311,#10323,#10355,#10379,#10393,
#10424,#10448,#10461,#10474,#10487,#10504,#10524,#10541,#10554,#10567,#10580,
#10593,#10605,#10624,#10642,#10657,#10671,#10685,#10697,#10709,#10721,#10734,
#10747,#10760,#10773,#10786,#10799,#10811,#10843,#10867,#10881,#10912,#10936,
#10949,#10962,#10975,#10992,#11012,#11029,#11042,#11055,#11068,#11081,#11093,
#11112,#11130,#11145,#11159,#11173,#11185,#11197,#11209,#11222,#11235,#11248,
#11261,#11274,#11287,#11299,#11314,#11327,#11339,#11351,#11363));
#11365=MANIFOLD_SOLID_BREP('',#11364);
#11366=DIRECTION('',(0.E0,-1.E0,0.E0));
#11367=VECTOR('',#11366,3.4E0);
#11368=CARTESIAN_POINT('',(-4.E0,9.3E-1,2.28E0));
#11369=LINE('',#11368,#11367);
#11370=DIRECTION('',(1.E0,0.E0,0.E0));
#11371=VECTOR('',#11370,8.E0);
#11372=CARTESIAN_POINT('',(-4.E0,-2.47E0,2.28E0));
#11373=LINE('',#11372,#11371);
#11374=DIRECTION('',(0.E0,1.E0,0.E0));
#11375=VECTOR('',#11374,3.4E0);
#11376=CARTESIAN_POINT('',(4.E0,-2.47E0,2.28E0));
#11377=LINE('',#11376,#11375);
#11378=DIRECTION('',(-1.E0,0.E0,0.E0));
#11379=VECTOR('',#11378,8.E0);
#11380=CARTESIAN_POINT('',(4.E0,9.3E-1,2.28E0));
#11381=LINE('',#11380,#11379);
#11382=DIRECTION('',(0.E0,0.E0,1.E0));
#11383=VECTOR('',#11382,5.E-2);
#11384=CARTESIAN_POINT('',(-4.E0,9.3E-1,2.28E0));
#11385=LINE('',#11384,#11383);
#11386=DIRECTION('',(0.E0,0.E0,1.E0));
#11387=VECTOR('',#11386,5.E-2);
#11388=CARTESIAN_POINT('',(4.E0,9.3E-1,2.28E0));
#11389=LINE('',#11388,#11387);
#11390=DIRECTION('',(0.E0,0.E0,1.E0));
#11391=VECTOR('',#11390,5.E-2);
#11392=CARTESIAN_POINT('',(4.E0,-2.47E0,2.28E0));
#11393=LINE('',#11392,#11391);
#11394=DIRECTION('',(0.E0,0.E0,1.E0));
#11395=VECTOR('',#11394,5.E-2);
#11396=CARTESIAN_POINT('',(-4.E0,-2.47E0,2.28E0));
#11397=LINE('',#11396,#11395);
#11398=DIRECTION('',(0.E0,-1.E0,0.E0));
#11399=VECTOR('',#11398,3.4E0);
#11400=CARTESIAN_POINT('',(-4.E0,9.3E-1,2.33E0));
#11401=LINE('',#11400,#11399);
#11402=DIRECTION('',(-1.E0,0.E0,0.E0));
#11403=VECTOR('',#11402,8.E0);
#11404=CARTESIAN_POINT('',(4.E0,9.3E-1,2.33E0));
#11405=LINE('',#11404,#11403);
#11406=DIRECTION('',(0.E0,1.E0,0.E0));
#11407=VECTOR('',#11406,3.4E0);
#11408=CARTESIAN_POINT('',(4.E0,-2.47E0,2.33E0));
#11409=LINE('',#11408,#11407);
#11410=DIRECTION('',(1.E0,0.E0,0.E0));
#11411=VECTOR('',#11410,8.E0);
#11412=CARTESIAN_POINT('',(-4.E0,-2.47E0,2.33E0));
#11413=LINE('',#11412,#11411);
#11414=CARTESIAN_POINT('',(-4.E0,9.3E-1,2.28E0));
#11415=CARTESIAN_POINT('',(-4.E0,-2.47E0,2.28E0));
#11416=VERTEX_POINT('',#11414);
#11417=VERTEX_POINT('',#11415);
#11418=CARTESIAN_POINT('',(4.E0,-2.47E0,2.28E0));
#11419=VERTEX_POINT('',#11418);
#11420=CARTESIAN_POINT('',(4.E0,9.3E-1,2.28E0));
#11421=VERTEX_POINT('',#11420);
#11422=CARTESIAN_POINT('',(-4.E0,9.3E-1,2.33E0));
#11423=CARTESIAN_POINT('',(-4.E0,-2.47E0,2.33E0));
#11424=VERTEX_POINT('',#11422);
#11425=VERTEX_POINT('',#11423);
#11426=CARTESIAN_POINT('',(4.E0,-2.47E0,2.33E0));
#11427=VERTEX_POINT('',#11426);
#11428=CARTESIAN_POINT('',(4.E0,9.3E-1,2.33E0));
#11429=VERTEX_POINT('',#11428);
#11430=CARTESIAN_POINT('',(0.E0,0.E0,2.28E0));
#11431=DIRECTION('',(0.E0,0.E0,1.E0));
#11432=DIRECTION('',(1.E0,0.E0,0.E0));
#11433=AXIS2_PLACEMENT_3D('',#11430,#11431,#11432);
#11434=PLANE('',#11433);
#11436=ORIENTED_EDGE('',*,*,#11435,.T.);
#11438=ORIENTED_EDGE('',*,*,#11437,.T.);
#11440=ORIENTED_EDGE('',*,*,#11439,.T.);
#11442=ORIENTED_EDGE('',*,*,#11441,.T.);
#11443=EDGE_LOOP('',(#11436,#11438,#11440,#11442));
#11444=FACE_OUTER_BOUND('',#11443,.F.);
#11445=ADVANCED_FACE('',(#11444),#11434,.F.);
#11446=CARTESIAN_POINT('',(-4.E0,9.3E-1,2.28E0));
#11447=DIRECTION('',(-1.E0,0.E0,0.E0));
#11448=DIRECTION('',(0.E0,-1.E0,0.E0));
#11449=AXIS2_PLACEMENT_3D('',#11446,#11447,#11448);
#11450=PLANE('',#11449);
#11451=ORIENTED_EDGE('',*,*,#11435,.F.);
#11453=ORIENTED_EDGE('',*,*,#11452,.T.);
#11455=ORIENTED_EDGE('',*,*,#11454,.T.);
#11457=ORIENTED_EDGE('',*,*,#11456,.F.);
#11458=EDGE_LOOP('',(#11451,#11453,#11455,#11457));
#11459=FACE_OUTER_BOUND('',#11458,.F.);
#11460=ADVANCED_FACE('',(#11459),#11450,.T.);
#11461=CARTESIAN_POINT('',(4.E0,9.3E-1,2.28E0));
#11462=DIRECTION('',(0.E0,1.E0,0.E0));
#11463=DIRECTION('',(-1.E0,0.E0,0.E0));
#11464=AXIS2_PLACEMENT_3D('',#11461,#11462,#11463);
#11465=PLANE('',#11464);
#11466=ORIENTED_EDGE('',*,*,#11441,.F.);
#11468=ORIENTED_EDGE('',*,*,#11467,.T.);
#11470=ORIENTED_EDGE('',*,*,#11469,.T.);
#11471=ORIENTED_EDGE('',*,*,#11452,.F.);
#11472=EDGE_LOOP('',(#11466,#11468,#11470,#11471));
#11473=FACE_OUTER_BOUND('',#11472,.F.);
#11474=ADVANCED_FACE('',(#11473),#11465,.T.);
#11475=CARTESIAN_POINT('',(4.E0,-2.47E0,2.28E0));
#11476=DIRECTION('',(1.E0,0.E0,0.E0));
#11477=DIRECTION('',(0.E0,1.E0,0.E0));
#11478=AXIS2_PLACEMENT_3D('',#11475,#11476,#11477);
#11479=PLANE('',#11478);
#11480=ORIENTED_EDGE('',*,*,#11439,.F.);
#11482=ORIENTED_EDGE('',*,*,#11481,.T.);
#11484=ORIENTED_EDGE('',*,*,#11483,.T.);
#11485=ORIENTED_EDGE('',*,*,#11467,.F.);
#11486=EDGE_LOOP('',(#11480,#11482,#11484,#11485));
#11487=FACE_OUTER_BOUND('',#11486,.F.);
#11488=ADVANCED_FACE('',(#11487),#11479,.T.);
#11489=CARTESIAN_POINT('',(-4.E0,-2.47E0,2.28E0));
#11490=DIRECTION('',(0.E0,-1.E0,0.E0));
#11491=DIRECTION('',(1.E0,0.E0,0.E0));
#11492=AXIS2_PLACEMENT_3D('',#11489,#11490,#11491);
#11493=PLANE('',#11492);
#11494=ORIENTED_EDGE('',*,*,#11437,.F.);
#11495=ORIENTED_EDGE('',*,*,#11456,.T.);
#11497=ORIENTED_EDGE('',*,*,#11496,.T.);
#11498=ORIENTED_EDGE('',*,*,#11481,.F.);
#11499=EDGE_LOOP('',(#11494,#11495,#11497,#11498));
#11500=FACE_OUTER_BOUND('',#11499,.F.);
#11501=ADVANCED_FACE('',(#11500),#11493,.T.);
#11502=CARTESIAN_POINT('',(0.E0,0.E0,2.33E0));
#11503=DIRECTION('',(0.E0,0.E0,1.E0));
#11504=DIRECTION('',(1.E0,0.E0,0.E0));
#11505=AXIS2_PLACEMENT_3D('',#11502,#11503,#11504);
#11506=PLANE('',#11505);
#11507=ORIENTED_EDGE('',*,*,#11454,.F.);
#11508=ORIENTED_EDGE('',*,*,#11469,.F.);
#11509=ORIENTED_EDGE('',*,*,#11483,.F.);
#11510=ORIENTED_EDGE('',*,*,#11496,.F.);
#11511=EDGE_LOOP('',(#11507,#11508,#11509,#11510));
#11512=FACE_OUTER_BOUND('',#11511,.F.);
#11513=ADVANCED_FACE('',(#11512),#11506,.T.);
#11514=CLOSED_SHELL('',(#11445,#11460,#11474,#11488,#11501,#11513));
#11515=MANIFOLD_SOLID_BREP('',#11514);
#11516=CARTESIAN_POINT('',(0.E0,0.E0,0.E0));
#11517=DIRECTION('',(0.E0,0.E0,1.E0));
#11518=DIRECTION('',(1.E0,0.E0,0.E0));
#11519=AXIS2_PLACEMENT_3D('PRT_CSYS_DEF',#11516,#11517,#11518);
#11520=DIRECTION('',(1.E0,0.E0,0.E0));
#11521=VECTOR('',#11520,1.3E0);
#11522=CARTESIAN_POINT('',(-5.675E0,9.4E-1,-2.27E0));
#11523=LINE('',#11522,#11521);
#11526=DIRECTION('',(0.E0,-1.E0,0.E0));
#11527=VECTOR('',#11526,2.15E0);
#11528=CARTESIAN_POINT('',(-4.375E0,9.4E-1,-2.27E0));
#11529=LINE('',#11528,#11527);
#11532=DIRECTION('',(-1.E0,0.E0,0.E0));
#11533=VECTOR('',#11532,1.3E0);
#11534=CARTESIAN_POINT('',(-4.375E0,-1.21E0,-2.27E0));
#11535=LINE('',#11534,#11533);
#11538=DIRECTION('',(0.E0,1.E0,0.E0));
#11539=VECTOR('',#11538,2.15E0);
#11540=CARTESIAN_POINT('',(-5.675E0,-1.21E0,-2.27E0));
#11541=LINE('',#11540,#11539);
#11546=DIRECTION('',(0.E0,-1.E0,0.E0));
#11547=VECTOR('',#11546,2.15E0);
#11548=CARTESIAN_POINT('',(5.675E0,9.4E-1,-2.27E0));
#11549=LINE('',#11548,#11547);
#11552=DIRECTION('',(-1.E0,0.E0,0.E0));
#11553=VECTOR('',#11552,1.3E0);
#11554=CARTESIAN_POINT('',(5.675E0,-1.21E0,-2.27E0));
#11555=LINE('',#11554,#11553);
#11558=DIRECTION('',(0.E0,1.E0,0.E0));
#11559=VECTOR('',#11558,2.15E0);
#11560=CARTESIAN_POINT('',(4.375E0,-1.21E0,-2.27E0));
#11561=LINE('',#11560,#11559);
#11564=DIRECTION('',(1.E0,0.E0,0.E0));
#11565=VECTOR('',#11564,1.3E0);
#11566=CARTESIAN_POINT('',(4.375E0,9.4E-1,-2.27E0));
#11567=LINE('',#11566,#11565);
#11571=DIRECTION('',(0.E0,-1.E0,0.E0));
#11572=VECTOR('',#11571,1.2E0);
#11573=CARTESIAN_POINT('',(-2.725E0,-1.83E0,-2.27E0));
#11574=LINE('',#11573,#11572);
#11577=DIRECTION('',(-1.E0,0.E0,0.E0));
#11578=VECTOR('',#11577,8.E-1);
#11579=CARTESIAN_POINT('',(-2.725E0,-3.03E0,-2.27E0));
#11580=LINE('',#11579,#11578);
#11583=DIRECTION('',(0.E0,1.E0,0.E0));
#11584=VECTOR('',#11583,1.2E0);
#11585=CARTESIAN_POINT('',(-3.525E0,-3.03E0,-2.27E0));
#11586=LINE('',#11585,#11584);
#11589=DIRECTION('',(1.E0,0.E0,0.E0));
#11590=VECTOR('',#11589,8.E-1);
#11591=CARTESIAN_POINT('',(-3.525E0,-1.83E0,-2.27E0));
#11592=LINE('',#11591,#11590);
#11596=DIRECTION('',(0.E0,-1.E0,0.E0));
#11597=VECTOR('',#11596,1.2E0);
#11598=CARTESIAN_POINT('',(-1.475E0,-1.83E0,-2.27E0));
#11599=LINE('',#11598,#11597);
#11602=DIRECTION('',(-1.E0,0.E0,0.E0));
#11603=VECTOR('',#11602,8.E-1);
#11604=CARTESIAN_POINT('',(-1.475E0,-3.03E0,-2.27E0));
#11605=LINE('',#11604,#11603);
#11608=DIRECTION('',(0.E0,1.E0,0.E0));
#11609=VECTOR('',#11608,1.2E0);
#11610=CARTESIAN_POINT('',(-2.275E0,-3.03E0,-2.27E0));
#11611=LINE('',#11610,#11609);
#11614=DIRECTION('',(1.E0,0.E0,0.E0));
#11615=VECTOR('',#11614,8.E-1);
#11616=CARTESIAN_POINT('',(-2.275E0,-1.83E0,-2.27E0));
#11617=LINE('',#11616,#11615);
#11621=DIRECTION('',(0.E0,-1.E0,0.E0));
#11622=VECTOR('',#11621,1.2E0);
#11623=CARTESIAN_POINT('',(-2.25E-1,-1.83E0,-2.27E0));
#11624=LINE('',#11623,#11622);
#11627=DIRECTION('',(-1.E0,0.E0,0.E0));
#11628=VECTOR('',#11627,8.E-1);
#11629=CARTESIAN_POINT('',(-2.25E-1,-3.03E0,-2.27E0));
#11630=LINE('',#11629,#11628);
#11633=DIRECTION('',(0.E0,1.E0,0.E0));
#11634=VECTOR('',#11633,1.2E0);
#11635=CARTESIAN_POINT('',(-1.025E0,-3.03E0,-2.27E0));
#11636=LINE('',#11635,#11634);
#11639=DIRECTION('',(1.E0,0.E0,0.E0));
#11640=VECTOR('',#11639,8.E-1);
#11641=CARTESIAN_POINT('',(-1.025E0,-1.83E0,-2.27E0));
#11642=LINE('',#11641,#11640);
#11646=DIRECTION('',(0.E0,-1.E0,0.E0));
#11647=VECTOR('',#11646,1.2E0);
#11648=CARTESIAN_POINT('',(1.025E0,-1.83E0,-2.27E0));
#11649=LINE('',#11648,#11647);
#11652=DIRECTION('',(-1.E0,0.E0,0.E0));
#11653=VECTOR('',#11652,8.E-1);
#11654=CARTESIAN_POINT('',(1.025E0,-3.03E0,-2.27E0));
#11655=LINE('',#11654,#11653);
#11658=DIRECTION('',(0.E0,1.E0,0.E0));
#11659=VECTOR('',#11658,1.2E0);
#11660=CARTESIAN_POINT('',(2.25E-1,-3.03E0,-2.27E0));
#11661=LINE('',#11660,#11659);
#11664=DIRECTION('',(1.E0,0.E0,0.E0));
#11665=VECTOR('',#11664,8.E-1);
#11666=CARTESIAN_POINT('',(2.25E-1,-1.83E0,-2.27E0));
#11667=LINE('',#11666,#11665);
#11671=DIRECTION('',(0.E0,-1.E0,0.E0));
#11672=VECTOR('',#11671,1.2E0);
#11673=CARTESIAN_POINT('',(2.275E0,-1.83E0,-2.27E0));
#11674=LINE('',#11673,#11672);
#11677=DIRECTION('',(-1.E0,0.E0,0.E0));
#11678=VECTOR('',#11677,8.E-1);
#11679=CARTESIAN_POINT('',(2.275E0,-3.03E0,-2.27E0));
#11680=LINE('',#11679,#11678);
#11683=DIRECTION('',(0.E0,1.E0,0.E0));
#11684=VECTOR('',#11683,1.2E0);
#11685=CARTESIAN_POINT('',(1.475E0,-3.03E0,-2.27E0));
#11686=LINE('',#11685,#11684);
#11689=DIRECTION('',(1.E0,0.E0,0.E0));
#11690=VECTOR('',#11689,8.E-1);
#11691=CARTESIAN_POINT('',(1.475E0,-1.83E0,-2.27E0));
#11692=LINE('',#11691,#11690);
#11696=DIRECTION('',(0.E0,-1.E0,0.E0));
#11697=VECTOR('',#11696,1.2E0);
#11698=CARTESIAN_POINT('',(3.525E0,-1.83E0,-2.27E0));
#11699=LINE('',#11698,#11697);
#11702=DIRECTION('',(-1.E0,0.E0,0.E0));
#11703=VECTOR('',#11702,8.E-1);
#11704=CARTESIAN_POINT('',(3.525E0,-3.03E0,-2.27E0));
#11705=LINE('',#11704,#11703);
#11708=DIRECTION('',(0.E0,1.E0,0.E0));
#11709=VECTOR('',#11708,1.2E0);
#11710=CARTESIAN_POINT('',(2.725E0,-3.03E0,-2.27E0));
#11711=LINE('',#11710,#11709);
#11714=DIRECTION('',(1.E0,0.E0,0.E0));
#11715=VECTOR('',#11714,8.E-1);
#11716=CARTESIAN_POINT('',(2.725E0,-1.83E0,-2.27E0));
#11717=LINE('',#11716,#11715);
#11722=DIMENSIONAL_EXPONENTS(0.E0,0.E0,0.E0,0.E0,0.E0,0.E0,0.E0);
#11724=PLANE_ANGLE_MEASURE_WITH_UNIT(PLANE_ANGLE_MEASURE(1.745329251994E-2),
#11723);
#11725=(CONVERSION_BASED_UNIT('DEGREE',#11724)NAMED_UNIT(*)PLANE_ANGLE_UNIT());
#11727=UNCERTAINTY_MEASURE_WITH_UNIT(LENGTH_MEASURE(1.350381097660E-3),#11721,
'closure',
'Maximum model space distance between geometric entities at asserted connectivities');
#11728=(GEOMETRIC_REPRESENTATION_CONTEXT(3)GLOBAL_UNCERTAINTY_ASSIGNED_CONTEXT((
#11727))GLOBAL_UNIT_ASSIGNED_CONTEXT((#11721,#11725,#11726))REPRESENTATION_CONTEXT('ID1','3'));
#11545=GEOMETRIC_SET('',(#11544,#11570,#11595,#11620,#11645,#11670,#11695,
#11720));
#11732=SHAPE_REPRESENTATION_RELATIONSHIP('','',#11731,#11729);
#11733=SHAPE_REPRESENTATION_RELATIONSHIP('','',#11731,#11730);
#11734=APPLICATION_CONTEXT(
'CONFIGURATION CONTROLLED 3D DESIGNS OF MECHANICAL PARTS AND ASSEMBLIES');
#11735=APPLICATION_PROTOCOL_DEFINITION('international standard',
'config_control_design',1994,#11734);
#11736=DESIGN_CONTEXT('',#11734,'design');
#11737=MECHANICAL_CONTEXT('',#11734,'mechanical');
#11738=PRODUCT('2059570671','2059570671','NOT SPECIFIED',(#11737));
#11739=PRODUCT_DEFINITION_FORMATION_WITH_SPECIFIED_SOURCE('17','LAST_VERSION',
#11738,.MADE.);
#11743=PRODUCT_CATEGORY('part','');
#11744=PRODUCT_RELATED_PRODUCT_CATEGORY('detail','',(#11738));
#11745=PRODUCT_CATEGORY_RELATIONSHIP('','',#11743,#11744);
#11746=SECURITY_CLASSIFICATION_LEVEL('unclassified');
#11747=SECURITY_CLASSIFICATION('','',#11746);
#11748=CC_DESIGN_SECURITY_CLASSIFICATION(#11747,(#11739));
#11749=APPROVAL_STATUS('approved');
#11750=APPROVAL(#11749,'');
#11751=CC_DESIGN_APPROVAL(#11750,(#11747,#11739,#11740));
#11752=CALENDAR_DATE(119,6,11);
#11753=COORDINATED_UNIVERSAL_TIME_OFFSET(5,30,.AHEAD.);
#11754=LOCAL_TIME(18,6,3.3E1,#11753);
#11755=DATE_AND_TIME(#11752,#11754);
#11756=APPROVAL_DATE_TIME(#11755,#11750);
#11757=DATE_TIME_ROLE('creation_date');
#11758=CC_DESIGN_DATE_AND_TIME_ASSIGNMENT(#11755,#11757,(#11740));
#11759=DATE_TIME_ROLE('classification_date');
#11760=CC_DESIGN_DATE_AND_TIME_ASSIGNMENT(#11755,#11759,(#11747));
#11761=PERSON('UNSPECIFIED','UNSPECIFIED',$,$,$,$);
#11762=ORGANIZATION('UNSPECIFIED','UNSPECIFIED','UNSPECIFIED');
#11763=PERSON_AND_ORGANIZATION(#11761,#11762);
#11764=APPROVAL_ROLE('approver');
#11765=APPROVAL_PERSON_ORGANIZATION(#11763,#11750,#11764);
#11766=PERSON_AND_ORGANIZATION_ROLE('creator');
#11767=CC_DESIGN_PERSON_AND_ORGANIZATION_ASSIGNMENT(#11763,#11766,(#11739,
#11740));
#11768=PERSON_AND_ORGANIZATION_ROLE('design_supplier');
#11769=CC_DESIGN_PERSON_AND_ORGANIZATION_ASSIGNMENT(#11763,#11768,(#11739));
#11770=PERSON_AND_ORGANIZATION_ROLE('classification_officer');
#11771=CC_DESIGN_PERSON_AND_ORGANIZATION_ASSIGNMENT(#11763,#11770,(#11747));
#11772=PERSON_AND_ORGANIZATION_ROLE('design_owner');
#11773=CC_DESIGN_PERSON_AND_ORGANIZATION_ASSIGNMENT(#11763,#11772,(#11738));
#13=CIRCLE('',#12,2.E-1);
#38=CIRCLE('',#37,1.5E-1);
#47=CIRCLE('',#46,1.5E-1);
#492=CIRCLE('',#491,1.5E-1);
#529=CIRCLE('',#528,1.5E-1);
#554=CIRCLE('',#553,1.5E-1);
#571=CIRCLE('',#570,1.5E-1);
#604=CIRCLE('',#603,1.5E-1);
#629=CIRCLE('',#628,1.5E-1);
#654=CIRCLE('',#653,2.E-1);
#679=CIRCLE('',#678,1.5E-1);
#688=CIRCLE('',#687,1.5E-1);
#729=CIRCLE('',#728,1.5E-1);
#738=CIRCLE('',#737,1.5E-1);
#763=CIRCLE('',#762,2.E-1);
#836=CIRCLE('',#835,1.5E-1);
#1921=CIRCLE('',#1920,1.5E-1);
#1938=CIRCLE('',#1937,1.5E-1);
#2191=CIRCLE('',#2190,1.5E-1);
#2208=CIRCLE('',#2207,1.5E-1);
#2353=CIRCLE('',#2352,1.5E-1);
#2370=CIRCLE('',#2369,1.5E-1);
#2487=CIRCLE('',#2486,1.5E-1);
#2504=CIRCLE('',#2503,1.5E-1);
#2737=CIRCLE('',#2736,2.E-1);
#2762=CIRCLE('',#2761,1.5E-1);
#2771=CIRCLE('',#2770,1.5E-1);
#2812=CIRCLE('',#2811,1.5E-1);
#2821=CIRCLE('',#2820,1.5E-1);
#2846=CIRCLE('',#2845,2.E-1);
#2975=CIRCLE('',#2974,1.5E-1);
#2984=CIRCLE('',#2983,1.5E-1);
#3009=CIRCLE('',#3008,2.E-1);
#3074=CIRCLE('',#3073,1.5E-1);
#3099=CIRCLE('',#3098,1.5E-1);
#3136=CIRCLE('',#3135,1.5E-1);
#3153=CIRCLE('',#3152,1.5E-1);
#3194=CIRCLE('',#3193,2.E-1);
#3219=CIRCLE('',#3218,1.5E-1);
#3228=CIRCLE('',#3227,1.5E-1);
#3269=CIRCLE('',#3268,1.5E-1);
#3278=CIRCLE('',#3277,1.5E-1);
#3303=CIRCLE('',#3302,2.E-1);
#3364=CIRCLE('',#3363,1.5E-1);
#3421=CIRCLE('',#3420,1.5E-1);
#3446=CIRCLE('',#3445,1.5E-1);
#3463=CIRCLE('',#3462,1.5E-1);
#3516=CIRCLE('',#3515,2.E-1);
#3541=CIRCLE('',#3540,1.5E-1);
#3550=CIRCLE('',#3549,1.5E-1);
#3591=CIRCLE('',#3590,1.5E-1);
#3600=CIRCLE('',#3599,1.5E-1);
#3625=CIRCLE('',#3624,2.E-1);
#3686=CIRCLE('',#3685,1.5E-1);
#3743=CIRCLE('',#3742,1.5E-1);
#3768=CIRCLE('',#3767,1.5E-1);
#3785=CIRCLE('',#3784,1.5E-1);
#3838=CIRCLE('',#3837,2.E-1);
#3863=CIRCLE('',#3862,1.5E-1);
#3872=CIRCLE('',#3871,1.5E-1);
#3913=CIRCLE('',#3912,1.5E-1);
#3922=CIRCLE('',#3921,1.5E-1);
#3947=CIRCLE('',#3946,2.E-1);
#4008=CIRCLE('',#4007,1.5E-1);
#4065=CIRCLE('',#4064,1.5E-1);
#4090=CIRCLE('',#4089,1.5E-1);
#4107=CIRCLE('',#4106,1.5E-1);
#4160=CIRCLE('',#4159,1.5E-1);
#5530=EDGE_CURVE('',#5047,#5048,#42,.T.);
#5532=EDGE_CURVE('',#5047,#5077,#4,.T.);
#5534=EDGE_CURVE('',#5077,#5078,#2979,.T.);
#5536=EDGE_CURVE('',#5048,#5078,#3049,.T.);
#5546=EDGE_CURVE('',#5095,#5096,#171,.T.);
#5548=EDGE_CURVE('',#5096,#5035,#8,.T.);
#5550=EDGE_CURVE('',#5035,#5036,#13,.T.);
#5552=EDGE_CURVE('',#5036,#5038,#17,.T.);
#5554=EDGE_CURVE('',#5038,#5040,#21,.T.);
#5556=EDGE_CURVE('',#5040,#5042,#25,.T.);
#5558=EDGE_CURVE('',#5042,#5044,#29,.T.);
#5560=EDGE_CURVE('',#5044,#5490,#33,.T.);
#5562=EDGE_CURVE('',#5492,#5490,#283,.T.);
#5564=EDGE_CURVE('',#5492,#5047,#38,.T.);
#5567=EDGE_CURVE('',#5048,#5050,#47,.T.);
#5569=EDGE_CURVE('',#5050,#5095,#51,.T.);
#5579=EDGE_CURVE('',#5103,#5104,#932,.T.);
#5581=EDGE_CURVE('',#5104,#5053,#55,.T.);
#5583=EDGE_CURVE('',#5053,#5054,#59,.T.);
#5585=EDGE_CURVE('',#5054,#5056,#63,.T.);
#5587=EDGE_CURVE('',#5056,#5058,#67,.T.);
#5589=EDGE_CURVE('',#5058,#5060,#71,.T.);
#5591=EDGE_CURVE('',#5060,#5062,#75,.T.);
#5593=EDGE_CURVE('',#5062,#5110,#79,.T.);
#5595=EDGE_CURVE('',#5103,#5110,#1072,.T.);
#5605=EDGE_CURVE('',#4936,#4199,#83,.T.);
#5607=EDGE_CURVE('',#4936,#4923,#831,.T.);
#5609=EDGE_CURVE('',#4923,#4927,#844,.T.);
#5611=EDGE_CURVE('',#4934,#4927,#633,.T.);
#5613=EDGE_CURVE('',#4920,#4934,#87,.T.);
#5615=EDGE_CURVE('',#4920,#4907,#4060,.T.);
#5617=EDGE_CURVE('',#4907,#4911,#4123,.T.);
#5619=EDGE_CURVE('',#4918,#4911,#4012,.T.);
#5621=EDGE_CURVE('',#4904,#4918,#91,.T.);
#5623=EDGE_CURVE('',#4904,#4891,#3738,.T.);
#5625=EDGE_CURVE('',#4891,#4895,#3801,.T.);
#5627=EDGE_CURVE('',#4902,#4895,#3690,.T.);
#5629=EDGE_CURVE('',#4888,#4902,#95,.T.);
#5631=EDGE_CURVE('',#4888,#4875,#3416,.T.);
#5633=EDGE_CURVE('',#4875,#4879,#3479,.T.);
#5635=EDGE_CURVE('',#4886,#4879,#3368,.T.);
#5637=EDGE_CURVE('',#4872,#4886,#99,.T.);
#5639=EDGE_CURVE('',#4872,#4859,#3069,.T.);
#5641=EDGE_CURVE('',#4859,#4863,#3115,.T.);
#5643=EDGE_CURVE('',#4870,#4863,#3103,.T.);
#5645=EDGE_CURVE('',#4856,#4870,#103,.T.);
#5647=EDGE_CURVE('',#4856,#4843,#524,.T.);
#5649=EDGE_CURVE('',#4843,#4847,#4184,.T.);
#5651=EDGE_CURVE('',#4850,#4847,#496,.T.);
#5653=EDGE_CURVE('',#4188,#4850,#107,.T.);
#5655=EDGE_CURVE('',#4187,#4188,#111,.T.);
#5657=EDGE_CURVE('',#4190,#4187,#115,.T.);
#5659=EDGE_CURVE('',#4214,#4190,#119,.T.);
#5661=EDGE_CURVE('',#4212,#4214,#123,.T.);
#5663=EDGE_CURVE('',#4210,#4212,#127,.T.);
#5665=EDGE_CURVE('',#4208,#4210,#131,.T.);
#5667=EDGE_CURVE('',#4206,#4208,#135,.T.);
#5669=EDGE_CURVE('',#4204,#4206,#139,.T.);
#5671=EDGE_CURVE('',#4202,#4204,#143,.T.);
#5673=EDGE_CURVE('',#4200,#4202,#147,.T.);
#5675=EDGE_CURVE('',#4199,#4200,#151,.T.);
#5679=EDGE_CURVE('',#4999,#5000,#155,.T.);
#5681=EDGE_CURVE('',#4999,#5003,#159,.T.);
#5683=EDGE_CURVE('',#5003,#5004,#163,.T.);
#5685=EDGE_CURVE('',#5000,#5004,#167,.T.);
#5690=EDGE_CURVE('',#5095,#5099,#175,.T.);
#5692=EDGE_CURVE('',#5099,#5100,#179,.T.);
#5694=EDGE_CURVE('',#5096,#5100,#183,.T.);
#5698=EDGE_CURVE('',#5187,#5188,#187,.T.);
#5700=EDGE_CURVE('',#5187,#5191,#191,.T.);
#5702=EDGE_CURVE('',#5191,#5192,#195,.T.);
#5704=EDGE_CURVE('',#5188,#5192,#199,.T.);
#5708=EDGE_CURVE('',#5275,#5276,#203,.T.);
#5710=EDGE_CURVE('',#5275,#5279,#207,.T.);
#5712=EDGE_CURVE('',#5279,#5280,#211,.T.);
#5714=EDGE_CURVE('',#5276,#5280,#215,.T.);
#5718=EDGE_CURVE('',#5363,#5364,#219,.T.);
#5720=EDGE_CURVE('',#5363,#5367,#223,.T.);
#5722=EDGE_CURVE('',#5367,#5368,#227,.T.);
#5724=EDGE_CURVE('',#5364,#5368,#231,.T.);
#5728=EDGE_CURVE('',#5455,#5456,#235,.T.);
#5730=EDGE_CURVE('',#5455,#5459,#239,.T.);
#5732=EDGE_CURVE('',#5459,#5460,#243,.T.);
#5734=EDGE_CURVE('',#5456,#5460,#247,.T.);
#5744=EDGE_CURVE('',#4850,#5032,#251,.T.);
#5746=EDGE_CURVE('',#5032,#5027,#255,.T.);
#5748=EDGE_CURVE('',#5027,#4854,#259,.T.);
#5750=EDGE_CURVE('',#4854,#4758,#263,.T.);
#5752=EDGE_CURVE('',#4742,#4758,#267,.T.);
#5754=EDGE_CURVE('',#4735,#4742,#271,.T.);
#5756=EDGE_CURVE('',#4194,#4735,#1272,.T.);
#5758=EDGE_CURVE('',#4194,#4188,#275,.T.);
#5769=EDGE_CURVE('',#4870,#5492,#279,.T.);
#5772=EDGE_CURVE('',#5490,#4868,#287,.T.);
#5774=EDGE_CURVE('',#4868,#4774,#291,.T.);
#5776=EDGE_CURVE('',#4760,#4774,#295,.T.);
#5778=EDGE_CURVE('',#4852,#4760,#299,.T.);
#5780=EDGE_CURVE('',#5019,#4852,#303,.T.);
#5782=EDGE_CURVE('',#5024,#5019,#307,.T.);
#5784=EDGE_CURVE('',#4856,#5024,#311,.T.);
#5795=EDGE_CURVE('',#4886,#5208,#315,.T.);
#5797=EDGE_CURVE('',#5208,#5206,#319,.T.);
#5799=EDGE_CURVE('',#5206,#4884,#323,.T.);
#5801=EDGE_CURVE('',#4884,#4790,#327,.T.);
#5803=EDGE_CURVE('',#4776,#4790,#331,.T.);
#5805=EDGE_CURVE('',#4866,#4776,#335,.T.);
#5807=EDGE_CURVE('',#5115,#4866,#339,.T.);
#5809=EDGE_CURVE('',#5120,#5115,#343,.T.);
#5811=EDGE_CURVE('',#4872,#5120,#347,.T.);
#5822=EDGE_CURVE('',#4902,#5296,#351,.T.);
#5824=EDGE_CURVE('',#5296,#5294,#355,.T.);
#5826=EDGE_CURVE('',#5294,#4900,#359,.T.);
#5828=EDGE_CURVE('',#4900,#4806,#363,.T.);
#5830=EDGE_CURVE('',#4792,#4806,#367,.T.);
#5832=EDGE_CURVE('',#4882,#4792,#371,.T.);
#5834=EDGE_CURVE('',#5210,#4882,#375,.T.);
#5836=EDGE_CURVE('',#5212,#5210,#379,.T.);
#5838=EDGE_CURVE('',#4888,#5212,#383,.T.);
#5849=EDGE_CURVE('',#4918,#5384,#387,.T.);
#5851=EDGE_CURVE('',#5384,#5382,#391,.T.);
#5853=EDGE_CURVE('',#5382,#4916,#395,.T.);
#5855=EDGE_CURVE('',#4916,#4822,#399,.T.);
#5857=EDGE_CURVE('',#4808,#4822,#403,.T.);
#5859=EDGE_CURVE('',#4898,#4808,#407,.T.);
#5861=EDGE_CURVE('',#5298,#4898,#411,.T.);
#5863=EDGE_CURVE('',#5300,#5298,#415,.T.);
#5865=EDGE_CURVE('',#4904,#5300,#419,.T.);
#5876=EDGE_CURVE('',#4936,#5480,#423,.T.);
#5879=EDGE_CURVE('',#4217,#4199,#2688,.T.);
#5881=EDGE_CURVE('',#4740,#4217,#1224,.T.);
#5883=EDGE_CURVE('',#4740,#4744,#427,.T.);
#5885=EDGE_CURVE('',#4840,#4744,#431,.T.);
#5887=EDGE_CURVE('',#4930,#4840,#435,.T.);
#5889=EDGE_CURVE('',#5478,#4930,#439,.T.);
#5891=EDGE_CURVE('',#5480,#5478,#443,.T.);
#5901=EDGE_CURVE('',#4934,#5476,#447,.T.);
#5903=EDGE_CURVE('',#5476,#5474,#451,.T.);
#5905=EDGE_CURVE('',#5474,#4932,#455,.T.);
#5907=EDGE_CURVE('',#4932,#4838,#459,.T.);
#5909=EDGE_CURVE('',#4824,#4838,#463,.T.);
#5911=EDGE_CURVE('',#4914,#4824,#467,.T.);
#5913=EDGE_CURVE('',#5510,#4914,#471,.T.);
#5915=EDGE_CURVE('',#5512,#5510,#475,.T.);
#5917=EDGE_CURVE('',#4920,#5512,#479,.T.);
#5928=EDGE_CURVE('',#5027,#5028,#483,.T.);
#5930=EDGE_CURVE('',#5028,#5030,#487,.T.);
#5932=EDGE_CURVE('',#5030,#5032,#492,.T.);
#5936=EDGE_CURVE('',#4847,#4848,#500,.T.);
#5938=EDGE_CURVE('',#4848,#4854,#504,.T.);
#5949=EDGE_CURVE('',#5019,#5020,#512,.T.);
#5951=EDGE_CURVE('',#5028,#5020,#2898,.T.);
#5954=EDGE_CURVE('',#4948,#5027,#2757,.T.);
#5956=EDGE_CURVE('',#4948,#4978,#508,.T.);
#5958=EDGE_CURVE('',#4978,#5019,#2825,.T.);
#5970=EDGE_CURVE('',#4844,#4852,#516,.T.);
#5972=EDGE_CURVE('',#4843,#4844,#520,.T.);
#5976=EDGE_CURVE('',#5022,#5024,#529,.T.);
#5978=EDGE_CURVE('',#5020,#5022,#533,.T.);
#5988=EDGE_CURVE('',#4756,#4854,#545,.T.);
#5991=EDGE_CURVE('',#4844,#4848,#537,.T.);
#5994=EDGE_CURVE('',#4750,#4852,#579,.T.);
#5996=EDGE_CURVE('',#4750,#4756,#541,.T.);
#6008=EDGE_CURVE('',#4754,#4756,#549,.T.);
#6010=EDGE_CURVE('',#4753,#4754,#554,.T.);
#6012=EDGE_CURVE('',#4758,#4753,#558,.T.);
#6022=EDGE_CURVE('',#4748,#4750,#575,.T.);
#6024=EDGE_CURVE('',#4748,#4754,#562,.T.);
#6037=EDGE_CURVE('',#4760,#4747,#566,.T.);
#6039=EDGE_CURVE('',#4747,#4748,#571,.T.);
#6052=EDGE_CURVE('',#4838,#4833,#608,.T.);
#6054=EDGE_CURVE('',#4827,#4833,#4172,.T.);
#6056=EDGE_CURVE('',#4840,#4827,#4155,.T.);
#6059=EDGE_CURVE('',#4732,#4744,#583,.T.);
#6061=EDGE_CURVE('',#4731,#4732,#587,.T.);
#6063=EDGE_CURVE('',#4742,#4731,#591,.T.);
#6067=EDGE_CURVE('',#4747,#4753,#4180,.T.);
#6071=EDGE_CURVE('',#4774,#4769,#3140,.T.);
#6073=EDGE_CURVE('',#4763,#4769,#3165,.T.);
#6075=EDGE_CURVE('',#4776,#4763,#3148,.T.);
#6078=EDGE_CURVE('',#4790,#4785,#3450,.T.);
#6080=EDGE_CURVE('',#4779,#4785,#3475,.T.);
#6082=EDGE_CURVE('',#4792,#4779,#3458,.T.);
#6085=EDGE_CURVE('',#4806,#4801,#3772,.T.);
#6087=EDGE_CURVE('',#4795,#4801,#3797,.T.);
#6089=EDGE_CURVE('',#4808,#4795,#3780,.T.);
#6092=EDGE_CURVE('',#4822,#4817,#4094,.T.);
#6094=EDGE_CURVE('',#4811,#4817,#4119,.T.);
#6096=EDGE_CURVE('',#4824,#4811,#4102,.T.);
#6107=EDGE_CURVE('',#4836,#4932,#595,.T.);
#6109=EDGE_CURVE('',#4834,#4836,#599,.T.);
#6111=EDGE_CURVE('',#4833,#4834,#604,.T.);
#6123=EDGE_CURVE('',#4928,#4932,#641,.T.);
#6125=EDGE_CURVE('',#4924,#4928,#612,.T.);
#6127=EDGE_CURVE('',#4924,#4930,#823,.T.);
#6129=EDGE_CURVE('',#4830,#4930,#4168,.T.);
#6131=EDGE_CURVE('',#4830,#4836,#616,.T.);
#6141=EDGE_CURVE('',#5474,#5483,#620,.T.);
#6143=EDGE_CURVE('',#5483,#5487,#624,.T.);
#6145=EDGE_CURVE('',#5487,#5476,#629,.T.);
#6149=EDGE_CURVE('',#4927,#4928,#637,.T.);
#6161=EDGE_CURVE('',#5404,#5474,#674,.T.);
#6163=EDGE_CURVE('',#5404,#5434,#645,.T.);
#6165=EDGE_CURVE('',#5434,#5478,#742,.T.);
#6167=EDGE_CURVE('',#5478,#5484,#819,.T.);
#6169=EDGE_CURVE('',#5483,#5484,#815,.T.);
#6181=EDGE_CURVE('',#5456,#5395,#649,.T.);
#6183=EDGE_CURVE('',#5395,#5396,#654,.T.);
#6185=EDGE_CURVE('',#5396,#5398,#658,.T.);
#6187=EDGE_CURVE('',#5398,#5400,#662,.T.);
#6189=EDGE_CURVE('',#5400,#5402,#666,.T.);
#6191=EDGE_CURVE('',#5402,#5404,#670,.T.);
#6195=EDGE_CURVE('',#5476,#5407,#679,.T.);
#6197=EDGE_CURVE('',#5407,#5408,#683,.T.);
#6199=EDGE_CURVE('',#5408,#5410,#688,.T.);
#6201=EDGE_CURVE('',#5410,#5455,#692,.T.);
#6211=EDGE_CURVE('',#5463,#5464,#868,.T.);
#6213=EDGE_CURVE('',#5464,#5413,#696,.T.);
#6215=EDGE_CURVE('',#5413,#5414,#700,.T.);
#6217=EDGE_CURVE('',#5414,#5416,#704,.T.);
#6219=EDGE_CURVE('',#5416,#5418,#708,.T.);
#6221=EDGE_CURVE('',#5418,#5420,#712,.T.);
#6223=EDGE_CURVE('',#5420,#5422,#716,.T.);
#6225=EDGE_CURVE('',#5422,#5470,#720,.T.);
#6227=EDGE_CURVE('',#5463,#5470,#972,.T.);
#6238=EDGE_CURVE('',#5460,#5425,#767,.T.);
#6240=EDGE_CURVE('',#5395,#5425,#864,.T.);
#6252=EDGE_CURVE('',#5440,#5459,#724,.T.);
#6254=EDGE_CURVE('',#5438,#5440,#729,.T.);
#6256=EDGE_CURVE('',#5437,#5438,#733,.T.);
#6258=EDGE_CURVE('',#5480,#5437,#738,.T.);
#6262=EDGE_CURVE('',#5432,#5434,#746,.T.);
#6264=EDGE_CURVE('',#5430,#5432,#750,.T.);
#6266=EDGE_CURVE('',#5428,#5430,#754,.T.);
#6268=EDGE_CURVE('',#5426,#5428,#758,.T.);
#6270=EDGE_CURVE('',#5425,#5426,#763,.T.);
#6281=EDGE_CURVE('',#5467,#5468,#964,.T.);
#6283=EDGE_CURVE('',#5467,#5472,#980,.T.);
#6285=EDGE_CURVE('',#5452,#5472,#771,.T.);
#6287=EDGE_CURVE('',#5450,#5452,#775,.T.);
#6289=EDGE_CURVE('',#5448,#5450,#779,.T.);
#6291=EDGE_CURVE('',#5446,#5448,#783,.T.);
#6293=EDGE_CURVE('',#5444,#5446,#787,.T.);
#6295=EDGE_CURVE('',#5443,#5444,#791,.T.);
#6297=EDGE_CURVE('',#5468,#5443,#795,.T.);
#6309=EDGE_CURVE('',#5410,#5440,#799,.T.);
#6321=EDGE_CURVE('',#5408,#5438,#803,.T.);
#6334=EDGE_CURVE('',#5407,#5437,#807,.T.);
#6348=EDGE_CURVE('',#5487,#5488,#811,.T.);
#6350=EDGE_CURVE('',#5488,#5480,#836,.T.);
#6363=EDGE_CURVE('',#5484,#5488,#840,.T.);
#6378=EDGE_CURVE('',#4923,#4924,#827,.T.);
#6405=EDGE_CURVE('',#5402,#5432,#848,.T.);
#6418=EDGE_CURVE('',#5400,#5430,#852,.T.);
#6431=EDGE_CURVE('',#5398,#5428,#856,.T.);
#6444=EDGE_CURVE('',#5396,#5426,#860,.T.);
#6469=EDGE_CURVE('',#5463,#5375,#872,.T.);
#6471=EDGE_CURVE('',#5375,#5376,#876,.T.);
#6473=EDGE_CURVE('',#5372,#5376,#880,.T.);
#6475=EDGE_CURVE('',#5371,#5372,#884,.T.);
#6477=EDGE_CURVE('',#5371,#5287,#888,.T.);
#6479=EDGE_CURVE('',#5287,#5288,#892,.T.);
#6481=EDGE_CURVE('',#5284,#5288,#896,.T.);
#6483=EDGE_CURVE('',#5283,#5284,#900,.T.);
#6485=EDGE_CURVE('',#5283,#5199,#904,.T.);
#6487=EDGE_CURVE('',#5199,#5200,#908,.T.);
#6489=EDGE_CURVE('',#5196,#5200,#912,.T.);
#6491=EDGE_CURVE('',#5195,#5196,#916,.T.);
#6493=EDGE_CURVE('',#5195,#5107,#920,.T.);
#6495=EDGE_CURVE('',#5107,#5108,#924,.T.);
#6497=EDGE_CURVE('',#5104,#5108,#928,.T.);
#6500=EDGE_CURVE('',#5103,#5011,#936,.T.);
#6502=EDGE_CURVE('',#5011,#5012,#940,.T.);
#6504=EDGE_CURVE('',#5008,#5012,#944,.T.);
#6506=EDGE_CURVE('',#5007,#5008,#948,.T.);
#6508=EDGE_CURVE('',#5007,#4352,#952,.T.);
#6510=EDGE_CURVE('',#4246,#4352,#2308,.T.);
#6512=EDGE_CURVE('',#4244,#4246,#1176,.T.);
#6514=EDGE_CURVE('',#4244,#4350,#956,.T.);
#6516=EDGE_CURVE('',#4350,#5467,#960,.T.);
#6519=EDGE_CURVE('',#5464,#5468,#968,.T.);
#6530=EDGE_CURVE('',#5470,#5472,#976,.T.);
#6534=EDGE_CURVE('',#4344,#4350,#1144,.T.);
#6536=EDGE_CURVE('',#4344,#4336,#1808,.T.);
#6538=EDGE_CURVE('',#4374,#4336,#2300,.T.);
#6540=EDGE_CURVE('',#4374,#4378,#1672,.T.);
#6542=EDGE_CURVE('',#4455,#4378,#1632,.T.);
#6544=EDGE_CURVE('',#4455,#4456,#984,.T.);
#6546=EDGE_CURVE('',#4456,#4458,#988,.T.);
#6548=EDGE_CURVE('',#4458,#4460,#992,.T.);
#6550=EDGE_CURVE('',#4388,#4460,#1640,.T.);
#6552=EDGE_CURVE('',#4388,#4706,#996,.T.);
#6554=EDGE_CURVE('',#4706,#4704,#1000,.T.);
#6556=EDGE_CURVE('',#4704,#4695,#1004,.T.);
#6558=EDGE_CURVE('',#4695,#4711,#1008,.T.);
#6560=EDGE_CURVE('',#4711,#4714,#1012,.T.);
#6562=EDGE_CURVE('',#4347,#4714,#2636,.T.);
#6564=EDGE_CURVE('',#4347,#4348,#2640,.T.);
#6566=EDGE_CURVE('',#4722,#4348,#2652,.T.);
#6568=EDGE_CURVE('',#4722,#4718,#1016,.T.);
#6570=EDGE_CURVE('',#4718,#4699,#1020,.T.);
#6572=EDGE_CURVE('',#4699,#4727,#1024,.T.);
#6574=EDGE_CURVE('',#4727,#4721,#1028,.T.);
#6576=EDGE_CURVE('',#4721,#4386,#1032,.T.);
#6578=EDGE_CURVE('',#4386,#4463,#1036,.T.);
#6580=EDGE_CURVE('',#4463,#4464,#1040,.T.);
#6582=EDGE_CURVE('',#4464,#4466,#1044,.T.);
#6584=EDGE_CURVE('',#4466,#4468,#1048,.T.);
#6586=EDGE_CURVE('',#4468,#4382,#1052,.T.);
#6588=EDGE_CURVE('',#4382,#4376,#1652,.T.);
#6590=EDGE_CURVE('',#4376,#4340,#1056,.T.);
#6592=EDGE_CURVE('',#4340,#4342,#1852,.T.);
#6594=EDGE_CURVE('',#4352,#4342,#2304,.T.);
#6597=EDGE_CURVE('',#5007,#5014,#1060,.T.);
#6599=EDGE_CURVE('',#5014,#5016,#1064,.T.);
#6601=EDGE_CURVE('',#5011,#5016,#1068,.T.);
#6605=EDGE_CURVE('',#5110,#5112,#1076,.T.);
#6607=EDGE_CURVE('',#5107,#5112,#1080,.T.);
#6610=EDGE_CURVE('',#5195,#5202,#1084,.T.);
#6612=EDGE_CURVE('',#5202,#5204,#1088,.T.);
#6614=EDGE_CURVE('',#5199,#5204,#1092,.T.);
#6617=EDGE_CURVE('',#5283,#5290,#1096,.T.);
#6619=EDGE_CURVE('',#5290,#5292,#1100,.T.);
#6621=EDGE_CURVE('',#5287,#5292,#1104,.T.);
#6624=EDGE_CURVE('',#5371,#5378,#1108,.T.);
#6626=EDGE_CURVE('',#5378,#5380,#1112,.T.);
#6628=EDGE_CURVE('',#5375,#5380,#1116,.T.);
#6641=EDGE_CURVE('',#5422,#5452,#1120,.T.);
#6653=EDGE_CURVE('',#5420,#5450,#1124,.T.);
#6666=EDGE_CURVE('',#5418,#5448,#1128,.T.);
#6679=EDGE_CURVE('',#5416,#5446,#1132,.T.);
#6692=EDGE_CURVE('',#5414,#5444,#1136,.T.);
#6705=EDGE_CURVE('',#5413,#5443,#1140,.T.);
#6731=EDGE_CURVE('',#4243,#4244,#1172,.T.);
#6733=EDGE_CURVE('',#4344,#4243,#1812,.T.);
#6743=EDGE_CURVE('',#4291,#4292,#1164,.T.);
#6745=EDGE_CURVE('',#4243,#4291,#1168,.T.);
#6749=EDGE_CURVE('',#4246,#4248,#1180,.T.);
#6751=EDGE_CURVE('',#4318,#4248,#1184,.T.);
#6753=EDGE_CURVE('',#4318,#4316,#1188,.T.);
#6755=EDGE_CURVE('',#4316,#4236,#1192,.T.);
#6757=EDGE_CURVE('',#4235,#4236,#1196,.T.);
#6759=EDGE_CURVE('',#4239,#4235,#1200,.T.);
#6761=EDGE_CURVE('',#4239,#4240,#1204,.T.);
#6763=EDGE_CURVE('',#4292,#4240,#1208,.T.);
#6767=EDGE_CURVE('',#4255,#4256,#1148,.T.);
#6769=EDGE_CURVE('',#4256,#4258,#1152,.T.);
#6771=EDGE_CURVE('',#4258,#4260,#1156,.T.);
#6773=EDGE_CURVE('',#4260,#4255,#1160,.T.);
#6777=EDGE_CURVE('',#4735,#4736,#1212,.T.);
#6779=EDGE_CURVE('',#4736,#4738,#1216,.T.);
#6781=EDGE_CURVE('',#4738,#4740,#1220,.T.);
#6784=EDGE_CURVE('',#4217,#4218,#1228,.T.);
#6786=EDGE_CURVE('',#4218,#4220,#1232,.T.);
#6788=EDGE_CURVE('',#4220,#4222,#1236,.T.);
#6790=EDGE_CURVE('',#4222,#4224,#1240,.T.);
#6792=EDGE_CURVE('',#4224,#4226,#1244,.T.);
#6794=EDGE_CURVE('',#4226,#4228,#1248,.T.);
#6796=EDGE_CURVE('',#4228,#4230,#1252,.T.);
#6798=EDGE_CURVE('',#4230,#4232,#1256,.T.);
#6800=EDGE_CURVE('',#4232,#4196,#1260,.T.);
#6802=EDGE_CURVE('',#4196,#4193,#1264,.T.);
#6804=EDGE_CURVE('',#4193,#4194,#1268,.T.);
#6815=EDGE_CURVE('',#4262,#4288,#1276,.T.);
#6817=EDGE_CURVE('',#4288,#4268,#1280,.T.);
#6819=EDGE_CURVE('',#4256,#4268,#1328,.T.);
#6822=EDGE_CURVE('',#4255,#4252,#1284,.T.);
#6824=EDGE_CURVE('',#4252,#4262,#1340,.T.);
#6834=EDGE_CURVE('',#4275,#4284,#1304,.T.);
#6836=EDGE_CURVE('',#4284,#4286,#1288,.T.);
#6838=EDGE_CURVE('',#4286,#4288,#1292,.T.);
#6841=EDGE_CURVE('',#4262,#4264,#1296,.T.);
#6843=EDGE_CURVE('',#4264,#4271,#1324,.T.);
#6845=EDGE_CURVE('',#4271,#4272,#1300,.T.);
#6847=EDGE_CURVE('',#4275,#4272,#1312,.T.);
#6857=EDGE_CURVE('',#4275,#4276,#1308,.T.);
#6859=EDGE_CURVE('',#4276,#4280,#1368,.T.);
#6861=EDGE_CURVE('',#4280,#4284,#1356,.T.);
#6874=EDGE_CURVE('',#4272,#4278,#1316,.T.);
#6876=EDGE_CURVE('',#4276,#4278,#1372,.T.);
#6887=EDGE_CURVE('',#4271,#4267,#1320,.T.);
#6889=EDGE_CURVE('',#4267,#4268,#1332,.T.);
#6893=EDGE_CURVE('',#4286,#4282,#1364,.T.);
#6895=EDGE_CURVE('',#4278,#4282,#1376,.T.);
#6906=EDGE_CURVE('',#4267,#4258,#1336,.T.);
#6910=EDGE_CURVE('',#4264,#4251,#1348,.T.);
#6912=EDGE_CURVE('',#4260,#4251,#1352,.T.);
#6937=EDGE_CURVE('',#4251,#4252,#1344,.T.);
#6961=EDGE_CURVE('',#4280,#4282,#1360,.T.);
#6985=EDGE_CURVE('',#4478,#4398,#1380,.T.);
#6987=EDGE_CURVE('',#4398,#4300,#1384,.T.);
#6989=EDGE_CURVE('',#4291,#4300,#1816,.T.);
#6992=EDGE_CURVE('',#4292,#4308,#1620,.T.);
#6994=EDGE_CURVE('',#4308,#4401,#1388,.T.);
#6996=EDGE_CURVE('',#4480,#4401,#2046,.T.);
#6998=EDGE_CURVE('',#4478,#4480,#1392,.T.);
#7008=EDGE_CURVE('',#4424,#4478,#1452,.T.);
#7010=EDGE_CURVE('',#4397,#4424,#2010,.T.);
#7012=EDGE_CURVE('',#4397,#4398,#2030,.T.);
#7023=EDGE_CURVE('',#4474,#4451,#1396,.T.);
#7025=EDGE_CURVE('',#4384,#4474,#1504,.T.);
#7027=EDGE_CURVE('',#4366,#4384,#1536,.T.);
#7029=EDGE_CURVE('',#4366,#4356,#1692,.T.);
#7031=EDGE_CURVE('',#4356,#4381,#1660,.T.);
#7033=EDGE_CURVE('',#4476,#4381,#1512,.T.);
#7035=EDGE_CURVE('',#4452,#4476,#1400,.T.);
#7037=EDGE_CURVE('',#4451,#4452,#1404,.T.);
#7041=EDGE_CURVE('',#4684,#4431,#1464,.T.);
#7043=EDGE_CURVE('',#4431,#4432,#1468,.T.);
#7045=EDGE_CURVE('',#4432,#4482,#1472,.T.);
#7047=EDGE_CURVE('',#4484,#4482,#1796,.T.);
#7049=EDGE_CURVE('',#4484,#4435,#1476,.T.);
#7051=EDGE_CURVE('',#4435,#4436,#1480,.T.);
#7053=EDGE_CURVE('',#4436,#4438,#1484,.T.);
#7055=EDGE_CURVE('',#4438,#4440,#1488,.T.);
#7057=EDGE_CURVE('',#4440,#4682,#1492,.T.);
#7059=EDGE_CURVE('',#4682,#4684,#1496,.T.);
#7069=EDGE_CURVE('',#4364,#4472,#1408,.T.);
#7071=EDGE_CURVE('',#4448,#4472,#1412,.T.);
#7073=EDGE_CURVE('',#4447,#4448,#1416,.T.);
#7075=EDGE_CURVE('',#4470,#4447,#1420,.T.);
#7077=EDGE_CURVE('',#4470,#4368,#1424,.T.);
#7079=EDGE_CURVE('',#4368,#4360,#1664,.T.);
#7081=EDGE_CURVE('',#4362,#4360,#2256,.T.);
#7083=EDGE_CURVE('',#4362,#4364,#1604,.T.);
#7087=EDGE_CURVE('',#4428,#4588,#1428,.T.);
#7089=EDGE_CURVE('',#4584,#4588,#1432,.T.);
#7091=EDGE_CURVE('',#4584,#4419,#1436,.T.);
#7093=EDGE_CURVE('',#4419,#4420,#1440,.T.);
#7095=EDGE_CURVE('',#4420,#4422,#1444,.T.);
#7097=EDGE_CURVE('',#4422,#4424,#1448,.T.);
#7101=EDGE_CURVE('',#4480,#4427,#1456,.T.);
#7103=EDGE_CURVE('',#4427,#4428,#1460,.T.);
#7114=EDGE_CURVE('',#4474,#4463,#1500,.T.);
#7117=EDGE_CURVE('',#4464,#4451,#2676,.T.);
#7129=EDGE_CURVE('',#4384,#4386,#1540,.T.);
#7140=EDGE_CURVE('',#4476,#4468,#1508,.T.);
#7143=EDGE_CURVE('',#4381,#4382,#1656,.T.);
#7154=EDGE_CURVE('',#4721,#4722,#1516,.T.);
#7156=EDGE_CURVE('',#4236,#4722,#2656,.T.);
#7159=EDGE_CURVE('',#4316,#4326,#1520,.T.);
#7161=EDGE_CURVE('',#4326,#4328,#1524,.T.);
#7163=EDGE_CURVE('',#4328,#4330,#1528,.T.);
#7165=EDGE_CURVE('',#4332,#4330,#1532,.T.);
#7167=EDGE_CURVE('',#4366,#4332,#1696,.T.);
#7180=EDGE_CURVE('',#4717,#4718,#1544,.T.);
#7184=EDGE_CURVE('',#4721,#4724,#2660,.T.);
#7186=EDGE_CURVE('',#4724,#4717,#1564,.T.);
#7197=EDGE_CURVE('',#4717,#4700,#1576,.T.);
#7199=EDGE_CURVE('',#4699,#4700,#2668,.T.);
#7210=EDGE_CURVE('',#4708,#4703,#1548,.T.);
#7212=EDGE_CURVE('',#4712,#4708,#1552,.T.);
#7214=EDGE_CURVE('',#4696,#4712,#1556,.T.);
#7216=EDGE_CURVE('',#4703,#4696,#1560,.T.);
#7227=EDGE_CURVE('',#4728,#4724,#1568,.T.);
#7229=EDGE_CURVE('',#4700,#4728,#1572,.T.);
#7240=EDGE_CURVE('',#4703,#4704,#1584,.T.);
#7243=EDGE_CURVE('',#4708,#4706,#1580,.T.);
#7256=EDGE_CURVE('',#4695,#4696,#1592,.T.);
#7267=EDGE_CURVE('',#4711,#4712,#1588,.T.);
#7283=EDGE_CURVE('',#4714,#4706,#1596,.T.);
#7296=EDGE_CURVE('',#4388,#4364,#1600,.T.);
#7299=EDGE_CURVE('',#4362,#4302,#2252,.T.);
#7301=EDGE_CURVE('',#4302,#4304,#1608,.T.);
#7303=EDGE_CURVE('',#4304,#4306,#1612,.T.);
#7305=EDGE_CURVE('',#4306,#4308,#1616,.T.);
#7309=EDGE_CURVE('',#4240,#4714,#1624,.T.);
#7319=EDGE_CURVE('',#4455,#4470,#1628,.T.);
#7322=EDGE_CURVE('',#4378,#4368,#1668,.T.);
#7333=EDGE_CURVE('',#4460,#4472,#1636,.T.);
#7349=EDGE_CURVE('',#4456,#4447,#1644,.T.);
#7362=EDGE_CURVE('',#4458,#4448,#1648,.T.);
#7384=EDGE_CURVE('',#4355,#4356,#1688,.T.);
#7386=EDGE_CURVE('',#4355,#4370,#2260,.T.);
#7388=EDGE_CURVE('',#4370,#4376,#2292,.T.);
#7401=EDGE_CURVE('',#4359,#4360,#2240,.T.);
#7406=EDGE_CURVE('',#4374,#4372,#2296,.T.);
#7408=EDGE_CURVE('',#4372,#4359,#2276,.T.);
#7418=EDGE_CURVE('',#5515,#5516,#1676,.T.);
#7420=EDGE_CURVE('',#5518,#5515,#1680,.T.);
#7422=EDGE_CURVE('',#5518,#4312,#1684,.T.);
#7424=EDGE_CURVE('',#4311,#4312,#1828,.T.);
#7426=EDGE_CURVE('',#4355,#4311,#2264,.T.);
#7431=EDGE_CURVE('',#4332,#5520,#1700,.T.);
#7433=EDGE_CURVE('',#5520,#5516,#1704,.T.);
#7444=EDGE_CURVE('',#5524,#5516,#1708,.T.);
#7446=EDGE_CURVE('',#5515,#5524,#1712,.T.);
#7457=EDGE_CURVE('',#5522,#5520,#1724,.T.);
#7459=EDGE_CURVE('',#5522,#5524,#1716,.T.);
#7470=EDGE_CURVE('',#5518,#5522,#1720,.T.);
#7475=EDGE_CURVE('',#4330,#4444,#1728,.T.);
#7477=EDGE_CURVE('',#4680,#4444,#1732,.T.);
#7479=EDGE_CURVE('',#4678,#4680,#1736,.T.);
#7481=EDGE_CURVE('',#4416,#4678,#1740,.T.);
#7483=EDGE_CURVE('',#4414,#4416,#1744,.T.);
#7485=EDGE_CURVE('',#4413,#4414,#1748,.T.);
#7487=EDGE_CURVE('',#4413,#4324,#1752,.T.);
#7489=EDGE_CURVE('',#4312,#4324,#1832,.T.);
#7512=EDGE_CURVE('',#4405,#4432,#1756,.T.);
#7515=EDGE_CURVE('',#4431,#4444,#1760,.T.);
#7519=EDGE_CURVE('',#4328,#4405,#1764,.T.);
#7530=EDGE_CURVE('',#4436,#4413,#2548,.T.);
#7533=EDGE_CURVE('',#4435,#4410,#1768,.T.);
#7535=EDGE_CURVE('',#4410,#4322,#1772,.T.);
#7537=EDGE_CURVE('',#4322,#4324,#1836,.T.);
#7549=EDGE_CURVE('',#4405,#4406,#1776,.T.);
#7551=EDGE_CURVE('',#4482,#4406,#1792,.T.);
#7564=EDGE_CURVE('',#4326,#4406,#1780,.T.);
#7574=EDGE_CURVE('',#4409,#4410,#1784,.T.);
#7576=EDGE_CURVE('',#4409,#4320,#1788,.T.);
#7578=EDGE_CURVE('',#4320,#4322,#1840,.T.);
#7593=EDGE_CURVE('',#4318,#4320,#1844,.T.);
#7596=EDGE_CURVE('',#4484,#4409,#2312,.T.);
#7607=EDGE_CURVE('',#4295,#4296,#1800,.T.);
#7609=EDGE_CURVE('',#4314,#4295,#2244,.T.);
#7611=EDGE_CURVE('',#4335,#4314,#2284,.T.);
#7613=EDGE_CURVE('',#4335,#4336,#1804,.T.);
#7619=EDGE_CURVE('',#4298,#4300,#1820,.T.);
#7621=EDGE_CURVE('',#4296,#4298,#1824,.T.);
#7637=EDGE_CURVE('',#4342,#4248,#1848,.T.);
#7640=EDGE_CURVE('',#4339,#4340,#1856,.T.);
#7642=EDGE_CURVE('',#4311,#4339,#2268,.T.);
#7652=EDGE_CURVE('',#4442,#4587,#1860,.T.);
#7654=EDGE_CURVE('',#4304,#4442,#2022,.T.);
#7657=EDGE_CURVE('',#4295,#4302,#2248,.T.);
#7660=EDGE_CURVE('',#4394,#4296,#2018,.T.);
#7662=EDGE_CURVE('',#4392,#4394,#1864,.T.);
#7664=EDGE_CURVE('',#4391,#4392,#1868,.T.);
#7666=EDGE_CURVE('',#4583,#4391,#1872,.T.);
#7668=EDGE_CURVE('',#4583,#4587,#1876,.T.);
#7678=EDGE_CURVE('',#4583,#4584,#1880,.T.);
#7681=EDGE_CURVE('',#4419,#4391,#2050,.T.);
#7692=EDGE_CURVE('',#4587,#4588,#1884,.T.);
#7695=EDGE_CURVE('',#4428,#4442,#1888,.T.);
#7706=EDGE_CURVE('',#4575,#4576,#1994,.T.);
#7708=EDGE_CURVE('',#4506,#4575,#1892,.T.);
#7710=EDGE_CURVE('',#4505,#4506,#1896,.T.);
#7712=EDGE_CURVE('',#4508,#4505,#1900,.T.);
#7714=EDGE_CURVE('',#4510,#4508,#1904,.T.);
#7716=EDGE_CURVE('',#4512,#4510,#1908,.T.);
#7718=EDGE_CURVE('',#4514,#4512,#1912,.T.);
#7720=EDGE_CURVE('',#4516,#4514,#1916,.T.);
#7722=EDGE_CURVE('',#4518,#4516,#1921,.T.);
#7724=EDGE_CURVE('',#4520,#4518,#1925,.T.);
#7726=EDGE_CURVE('',#4522,#4520,#1929,.T.);
#7728=EDGE_CURVE('',#4524,#4522,#1933,.T.);
#7730=EDGE_CURVE('',#4526,#4524,#1938,.T.);
#7732=EDGE_CURVE('',#4528,#4526,#1942,.T.);
#7734=EDGE_CURVE('',#4488,#4528,#1946,.T.);
#7736=EDGE_CURVE('',#4487,#4488,#1950,.T.);
#7738=EDGE_CURVE('',#4490,#4487,#1954,.T.);
#7740=EDGE_CURVE('',#4492,#4490,#1958,.T.);
#7742=EDGE_CURVE('',#4583,#4492,#1962,.T.);
#7745=EDGE_CURVE('',#4496,#4584,#1966,.T.);
#7747=EDGE_CURVE('',#4495,#4496,#1970,.T.);
#7749=EDGE_CURVE('',#4498,#4495,#1974,.T.);
#7751=EDGE_CURVE('',#4500,#4498,#1978,.T.);
#7753=EDGE_CURVE('',#4502,#4500,#1982,.T.);
#7755=EDGE_CURVE('',#4576,#4502,#1986,.T.);
#7766=EDGE_CURVE('',#4422,#4394,#2014,.T.);
#7769=EDGE_CURVE('',#4420,#4392,#1990,.T.);
#7774=EDGE_CURVE('',#4576,#4580,#1998,.T.);
#7776=EDGE_CURVE('',#4579,#4580,#2002,.T.);
#7778=EDGE_CURVE('',#4575,#4579,#2006,.T.);
#7793=EDGE_CURVE('',#4397,#4298,#2034,.T.);
#7806=EDGE_CURVE('',#4427,#4402,#2026,.T.);
#7808=EDGE_CURVE('',#4306,#4402,#2042,.T.);
#7831=EDGE_CURVE('',#4401,#4402,#2038,.T.);
#7870=EDGE_CURVE('',#4546,#4502,#2054,.T.);
#7872=EDGE_CURVE('',#4546,#4580,#2142,.T.);
#7883=EDGE_CURVE('',#4544,#4500,#2058,.T.);
#7885=EDGE_CURVE('',#4546,#4544,#2146,.T.);
#7897=EDGE_CURVE('',#4542,#4498,#2062,.T.);
#7899=EDGE_CURVE('',#4544,#4542,#2150,.T.);
#7911=EDGE_CURVE('',#4539,#4495,#2066,.T.);
#7913=EDGE_CURVE('',#4542,#4539,#2154,.T.);
#7925=EDGE_CURVE('',#4540,#4496,#2070,.T.);
#7927=EDGE_CURVE('',#4539,#4540,#2158,.T.);
#7939=EDGE_CURVE('',#4536,#4492,#2074,.T.);
#7941=EDGE_CURVE('',#4587,#4536,#2166,.T.);
#7954=EDGE_CURVE('',#4540,#4588,#2162,.T.);
#7966=EDGE_CURVE('',#4534,#4490,#2078,.T.);
#7968=EDGE_CURVE('',#4536,#4534,#2170,.T.);
#7980=EDGE_CURVE('',#4531,#4487,#2082,.T.);
#7982=EDGE_CURVE('',#4534,#4531,#2174,.T.);
#7994=EDGE_CURVE('',#4532,#4488,#2086,.T.);
#7996=EDGE_CURVE('',#4531,#4532,#2178,.T.);
#8008=EDGE_CURVE('',#4572,#4528,#2090,.T.);
#8010=EDGE_CURVE('',#4532,#4572,#2182,.T.);
#8022=EDGE_CURVE('',#4570,#4526,#2094,.T.);
#8024=EDGE_CURVE('',#4572,#4570,#2186,.T.);
#8036=EDGE_CURVE('',#4568,#4524,#2098,.T.);
#8038=EDGE_CURVE('',#4570,#4568,#2191,.T.);
#8050=EDGE_CURVE('',#4566,#4522,#2102,.T.);
#8052=EDGE_CURVE('',#4568,#4566,#2195,.T.);
#8064=EDGE_CURVE('',#4564,#4520,#2106,.T.);
#8066=EDGE_CURVE('',#4566,#4564,#2199,.T.);
#8078=EDGE_CURVE('',#4562,#4518,#2110,.T.);
#8080=EDGE_CURVE('',#4564,#4562,#2203,.T.);
#8092=EDGE_CURVE('',#4560,#4516,#2114,.T.);
#8094=EDGE_CURVE('',#4562,#4560,#2208,.T.);
#8106=EDGE_CURVE('',#4558,#4514,#2118,.T.);
#8108=EDGE_CURVE('',#4560,#4558,#2212,.T.);
#8120=EDGE_CURVE('',#4556,#4512,#2122,.T.);
#8122=EDGE_CURVE('',#4558,#4556,#2216,.T.);
#8134=EDGE_CURVE('',#4554,#4510,#2126,.T.);
#8136=EDGE_CURVE('',#4556,#4554,#2220,.T.);
#8148=EDGE_CURVE('',#4552,#4508,#2130,.T.);
#8150=EDGE_CURVE('',#4554,#4552,#2224,.T.);
#8162=EDGE_CURVE('',#4549,#4505,#2134,.T.);
#8164=EDGE_CURVE('',#4552,#4549,#2228,.T.);
#8176=EDGE_CURVE('',#4550,#4506,#2138,.T.);
#8178=EDGE_CURVE('',#4549,#4550,#2232,.T.);
#8190=EDGE_CURVE('',#4579,#4550,#2236,.T.);
#8237=EDGE_CURVE('',#4314,#4359,#2288,.T.);
#8254=EDGE_CURVE('',#4339,#4370,#2272,.T.);
#8265=EDGE_CURVE('',#4335,#4372,#2280,.T.);
#8325=EDGE_CURVE('',#4678,#4682,#2316,.T.);
#8328=EDGE_CURVE('',#4440,#4416,#2320,.T.);
#8339=EDGE_CURVE('',#4680,#4684,#2324,.T.);
#8352=EDGE_CURVE('',#4596,#4678,#2328,.T.);
#8354=EDGE_CURVE('',#4594,#4596,#2332,.T.);
#8356=EDGE_CURVE('',#4592,#4594,#2336,.T.);
#8358=EDGE_CURVE('',#4591,#4592,#2340,.T.);
#8360=EDGE_CURVE('',#4632,#4591,#2344,.T.);
#8362=EDGE_CURVE('',#4630,#4632,#2348,.T.);
#8364=EDGE_CURVE('',#4628,#4630,#2353,.T.);
#8366=EDGE_CURVE('',#4626,#4628,#2357,.T.);
#8368=EDGE_CURVE('',#4624,#4626,#2361,.T.);
#8370=EDGE_CURVE('',#4622,#4624,#2365,.T.);
#8372=EDGE_CURVE('',#4620,#4622,#2370,.T.);
#8374=EDGE_CURVE('',#4618,#4620,#2374,.T.);
#8376=EDGE_CURVE('',#4616,#4618,#2378,.T.);
#8378=EDGE_CURVE('',#4614,#4616,#2382,.T.);
#8380=EDGE_CURVE('',#4612,#4614,#2386,.T.);
#8382=EDGE_CURVE('',#4610,#4612,#2390,.T.);
#8384=EDGE_CURVE('',#4609,#4610,#2394,.T.);
#8386=EDGE_CURVE('',#4688,#4609,#2398,.T.);
#8388=EDGE_CURVE('',#4688,#4686,#2552,.T.);
#8390=EDGE_CURVE('',#4606,#4686,#2402,.T.);
#8392=EDGE_CURVE('',#4604,#4606,#2406,.T.);
#8394=EDGE_CURVE('',#4602,#4604,#2410,.T.);
#8396=EDGE_CURVE('',#4600,#4602,#2414,.T.);
#8398=EDGE_CURVE('',#4599,#4600,#2418,.T.);
#8400=EDGE_CURVE('',#4682,#4599,#2422,.T.);
#8413=EDGE_CURVE('',#4640,#4680,#2430,.T.);
#8415=EDGE_CURVE('',#4596,#4640,#2426,.T.);
#8426=EDGE_CURVE('',#4599,#4643,#2528,.T.);
#8428=EDGE_CURVE('',#4684,#4643,#2434,.T.);
#8442=EDGE_CURVE('',#4643,#4644,#2438,.T.);
#8444=EDGE_CURVE('',#4644,#4646,#2442,.T.);
#8446=EDGE_CURVE('',#4646,#4648,#2446,.T.);
#8448=EDGE_CURVE('',#4648,#4650,#2450,.T.);
#8450=EDGE_CURVE('',#4650,#4690,#2454,.T.);
#8452=EDGE_CURVE('',#4692,#4690,#2560,.T.);
#8454=EDGE_CURVE('',#4692,#4653,#2458,.T.);
#8456=EDGE_CURVE('',#4653,#4654,#2462,.T.);
#8458=EDGE_CURVE('',#4654,#4656,#2466,.T.);
#8460=EDGE_CURVE('',#4656,#4658,#2470,.T.);
#8462=EDGE_CURVE('',#4658,#4660,#2474,.T.);
#8464=EDGE_CURVE('',#4660,#4662,#2478,.T.);
#8466=EDGE_CURVE('',#4662,#4664,#2482,.T.);
#8468=EDGE_CURVE('',#4664,#4666,#2487,.T.);
#8470=EDGE_CURVE('',#4666,#4668,#2491,.T.);
#8472=EDGE_CURVE('',#4668,#4670,#2495,.T.);
#8474=EDGE_CURVE('',#4670,#4672,#2499,.T.);
#8476=EDGE_CURVE('',#4672,#4674,#2504,.T.);
#8478=EDGE_CURVE('',#4674,#4676,#2508,.T.);
#8480=EDGE_CURVE('',#4676,#4635,#2512,.T.);
#8482=EDGE_CURVE('',#4635,#4636,#2516,.T.);
#8484=EDGE_CURVE('',#4636,#4638,#2520,.T.);
#8486=EDGE_CURVE('',#4638,#4640,#2524,.T.);
#8497=EDGE_CURVE('',#4600,#4644,#2532,.T.);
#8510=EDGE_CURVE('',#4602,#4646,#2536,.T.);
#8523=EDGE_CURVE('',#4604,#4648,#2540,.T.);
#8536=EDGE_CURVE('',#4606,#4650,#2544,.T.);
#8549=EDGE_CURVE('',#4686,#4690,#2564,.T.);
#8562=EDGE_CURVE('',#4438,#4414,#2568,.T.);
#8569=EDGE_CURVE('',#4688,#4692,#2556,.T.);
#8594=EDGE_CURVE('',#4609,#4653,#2572,.T.);
#8607=EDGE_CURVE('',#4610,#4654,#2576,.T.);
#8620=EDGE_CURVE('',#4612,#4656,#2580,.T.);
#8633=EDGE_CURVE('',#4614,#4658,#2584,.T.);
#8646=EDGE_CURVE('',#4616,#4660,#2588,.T.);
#8659=EDGE_CURVE('',#4618,#4662,#2592,.T.);
#8672=EDGE_CURVE('',#4620,#4664,#2596,.T.);
#8685=EDGE_CURVE('',#4622,#4666,#2600,.T.);
#8698=EDGE_CURVE('',#4624,#4668,#2604,.T.);
#8711=EDGE_CURVE('',#4626,#4670,#2608,.T.);
#8724=EDGE_CURVE('',#4628,#4672,#2612,.T.);
#8737=EDGE_CURVE('',#4630,#4674,#2616,.T.);
#8750=EDGE_CURVE('',#4632,#4676,#2620,.T.);
#8763=EDGE_CURVE('',#4591,#4635,#2624,.T.);
#8776=EDGE_CURVE('',#4592,#4636,#2628,.T.);
#8789=EDGE_CURVE('',#4594,#4638,#2632,.T.);
#8816=EDGE_CURVE('',#4347,#4239,#2644,.T.);
#8829=EDGE_CURVE('',#4348,#4235,#2648,.T.);
#8851=EDGE_CURVE('',#4727,#4728,#2664,.T.);
#8877=EDGE_CURVE('',#4466,#4452,#2672,.T.);
#8904=EDGE_CURVE('',#4736,#4731,#2680,.T.);
#8917=EDGE_CURVE('',#4738,#4732,#2684,.T.);
#8942=EDGE_CURVE('',#4218,#4200,#2692,.T.);
#8955=EDGE_CURVE('',#4220,#4202,#2696,.T.);
#8968=EDGE_CURVE('',#4222,#4204,#2700,.T.);
#8981=EDGE_CURVE('',#4224,#4206,#2704,.T.);
#8994=EDGE_CURVE('',#4226,#4208,#2708,.T.);
#9007=EDGE_CURVE('',#4228,#4210,#2712,.T.);
#9020=EDGE_CURVE('',#4230,#4212,#2716,.T.);
#9033=EDGE_CURVE('',#4232,#4214,#2720,.T.);
#9046=EDGE_CURVE('',#4196,#4190,#2724,.T.);
#9059=EDGE_CURVE('',#4193,#4187,#2728,.T.);
#9082=EDGE_CURVE('',#5000,#4939,#2732,.T.);
#9084=EDGE_CURVE('',#4939,#4940,#2737,.T.);
#9086=EDGE_CURVE('',#4940,#4942,#2741,.T.);
#9088=EDGE_CURVE('',#4942,#4944,#2745,.T.);
#9090=EDGE_CURVE('',#4944,#4946,#2749,.T.);
#9092=EDGE_CURVE('',#4946,#4948,#2753,.T.);
#9096=EDGE_CURVE('',#5032,#4951,#2762,.T.);
#9098=EDGE_CURVE('',#4951,#4952,#2766,.T.);
#9100=EDGE_CURVE('',#4952,#4954,#2771,.T.);
#9102=EDGE_CURVE('',#4954,#4999,#2775,.T.);
#9113=EDGE_CURVE('',#5008,#4957,#2779,.T.);
#9115=EDGE_CURVE('',#4957,#4958,#2783,.T.);
#9117=EDGE_CURVE('',#4958,#4960,#2787,.T.);
#9119=EDGE_CURVE('',#4960,#4962,#2791,.T.);
#9121=EDGE_CURVE('',#4962,#4964,#2795,.T.);
#9123=EDGE_CURVE('',#4964,#4966,#2799,.T.);
#9125=EDGE_CURVE('',#4966,#5014,#2803,.T.);
#9137=EDGE_CURVE('',#5004,#4969,#2850,.T.);
#9139=EDGE_CURVE('',#4939,#4969,#2918,.T.);
#9151=EDGE_CURVE('',#4984,#5003,#2807,.T.);
#9153=EDGE_CURVE('',#4982,#4984,#2812,.T.);
#9155=EDGE_CURVE('',#4981,#4982,#2816,.T.);
#9157=EDGE_CURVE('',#5024,#4981,#2821,.T.);
#9161=EDGE_CURVE('',#4976,#4978,#2829,.T.);
#9163=EDGE_CURVE('',#4974,#4976,#2833,.T.);
#9165=EDGE_CURVE('',#4972,#4974,#2837,.T.);
#9167=EDGE_CURVE('',#4970,#4972,#2841,.T.);
#9169=EDGE_CURVE('',#4969,#4970,#2846,.T.);
#9182=EDGE_CURVE('',#4996,#5016,#2854,.T.);
#9184=EDGE_CURVE('',#4994,#4996,#2858,.T.);
#9186=EDGE_CURVE('',#4992,#4994,#2862,.T.);
#9188=EDGE_CURVE('',#4990,#4992,#2866,.T.);
#9190=EDGE_CURVE('',#4988,#4990,#2870,.T.);
#9192=EDGE_CURVE('',#4987,#4988,#2874,.T.);
#9194=EDGE_CURVE('',#5012,#4987,#2878,.T.);
#9206=EDGE_CURVE('',#4954,#4984,#2882,.T.);
#9218=EDGE_CURVE('',#4952,#4982,#2886,.T.);
#9231=EDGE_CURVE('',#4951,#4981,#2890,.T.);
#9248=EDGE_CURVE('',#5030,#5022,#2894,.T.);
#9271=EDGE_CURVE('',#4946,#4976,#2902,.T.);
#9284=EDGE_CURVE('',#4944,#4974,#2906,.T.);
#9297=EDGE_CURVE('',#4942,#4972,#2910,.T.);
#9310=EDGE_CURVE('',#4940,#4970,#2914,.T.);
#9336=EDGE_CURVE('',#4966,#4996,#2922,.T.);
#9348=EDGE_CURVE('',#4964,#4994,#2926,.T.);
#9361=EDGE_CURVE('',#4962,#4992,#2930,.T.);
#9374=EDGE_CURVE('',#4960,#4990,#2934,.T.);
#9387=EDGE_CURVE('',#4958,#4988,#2938,.T.);
#9400=EDGE_CURVE('',#4957,#4987,#2942,.T.);
#9426=EDGE_CURVE('',#5062,#5092,#2946,.T.);
#9428=EDGE_CURVE('',#5092,#5112,#3017,.T.);
#9439=EDGE_CURVE('',#5060,#5090,#2950,.T.);
#9441=EDGE_CURVE('',#5090,#5092,#3021,.T.);
#9453=EDGE_CURVE('',#5058,#5088,#2954,.T.);
#9455=EDGE_CURVE('',#5088,#5090,#3025,.T.);
#9467=EDGE_CURVE('',#5056,#5086,#2958,.T.);
#9469=EDGE_CURVE('',#5086,#5088,#3029,.T.);
#9481=EDGE_CURVE('',#5054,#5084,#2962,.T.);
#9483=EDGE_CURVE('',#5084,#5086,#3033,.T.);
#9495=EDGE_CURVE('',#5053,#5083,#2966,.T.);
#9497=EDGE_CURVE('',#5083,#5084,#3037,.T.);
#9509=EDGE_CURVE('',#5108,#5083,#3041,.T.);
#9522=EDGE_CURVE('',#5080,#5099,#2970,.T.);
#9524=EDGE_CURVE('',#5078,#5080,#2975,.T.);
#9527=EDGE_CURVE('',#5120,#5077,#2984,.T.);
#9530=EDGE_CURVE('',#5074,#5115,#2988,.T.);
#9532=EDGE_CURVE('',#5072,#5074,#2992,.T.);
#9534=EDGE_CURVE('',#5070,#5072,#2996,.T.);
#9536=EDGE_CURVE('',#5068,#5070,#3000,.T.);
#9538=EDGE_CURVE('',#5066,#5068,#3004,.T.);
#9540=EDGE_CURVE('',#5065,#5066,#3009,.T.);
#9542=EDGE_CURVE('',#5100,#5065,#3013,.T.);
#9571=EDGE_CURVE('',#5050,#5080,#3045,.T.);
#9594=EDGE_CURVE('',#5118,#5120,#3074,.T.);
#9599=EDGE_CURVE('',#5124,#5492,#3099,.T.);
#9601=EDGE_CURVE('',#5124,#5118,#3053,.T.);
#9611=EDGE_CURVE('',#5115,#5116,#3057,.T.);
#9614=EDGE_CURVE('',#4860,#4866,#3061,.T.);
#9616=EDGE_CURVE('',#4859,#4860,#3065,.T.);
#9621=EDGE_CURVE('',#5116,#5118,#3078,.T.);
#9632=EDGE_CURVE('',#5122,#5116,#3086,.T.);
#9634=EDGE_CURVE('',#5490,#5122,#3090,.T.);
#9637=EDGE_CURVE('',#5044,#5074,#3082,.T.);
#9650=EDGE_CURVE('',#5122,#5124,#3094,.T.);
#9666=EDGE_CURVE('',#4863,#4864,#3107,.T.);
#9668=EDGE_CURVE('',#4864,#4868,#3111,.T.);
#9680=EDGE_CURVE('',#4860,#4864,#3119,.T.);
#9692=EDGE_CURVE('',#4772,#4868,#3127,.T.);
#9697=EDGE_CURVE('',#4766,#4866,#3161,.T.);
#9699=EDGE_CURVE('',#4766,#4772,#3123,.T.);
#9711=EDGE_CURVE('',#4770,#4772,#3131,.T.);
#9713=EDGE_CURVE('',#4769,#4770,#3136,.T.);
#9724=EDGE_CURVE('',#4764,#4766,#3157,.T.);
#9726=EDGE_CURVE('',#4764,#4770,#3144,.T.);
#9740=EDGE_CURVE('',#4763,#4764,#3153,.T.);
#9765=EDGE_CURVE('',#5042,#5072,#3169,.T.);
#9778=EDGE_CURVE('',#5040,#5070,#3173,.T.);
#9791=EDGE_CURVE('',#5038,#5068,#3177,.T.);
#9804=EDGE_CURVE('',#5036,#5066,#3181,.T.);
#9817=EDGE_CURVE('',#5035,#5065,#3185,.T.);
#9842=EDGE_CURVE('',#5188,#5127,#3189,.T.);
#9844=EDGE_CURVE('',#5127,#5128,#3194,.T.);
#9846=EDGE_CURVE('',#5128,#5130,#3198,.T.);
#9848=EDGE_CURVE('',#5130,#5132,#3202,.T.);
#9850=EDGE_CURVE('',#5132,#5134,#3206,.T.);
#9852=EDGE_CURVE('',#5134,#5136,#3210,.T.);
#9854=EDGE_CURVE('',#5136,#5206,#3214,.T.);
#9857=EDGE_CURVE('',#5208,#5139,#3219,.T.);
#9859=EDGE_CURVE('',#5139,#5140,#3223,.T.);
#9861=EDGE_CURVE('',#5140,#5142,#3228,.T.);
#9863=EDGE_CURVE('',#5142,#5187,#3232,.T.);
#9874=EDGE_CURVE('',#5196,#5145,#3236,.T.);
#9876=EDGE_CURVE('',#5145,#5146,#3240,.T.);
#9878=EDGE_CURVE('',#5146,#5148,#3244,.T.);
#9880=EDGE_CURVE('',#5148,#5150,#3248,.T.);
#9882=EDGE_CURVE('',#5150,#5152,#3252,.T.);
#9884=EDGE_CURVE('',#5152,#5154,#3256,.T.);
#9886=EDGE_CURVE('',#5154,#5202,#3260,.T.);
#9898=EDGE_CURVE('',#5192,#5157,#3307,.T.);
#9900=EDGE_CURVE('',#5127,#5157,#3400,.T.);
#9912=EDGE_CURVE('',#5172,#5191,#3264,.T.);
#9914=EDGE_CURVE('',#5170,#5172,#3269,.T.);
#9916=EDGE_CURVE('',#5169,#5170,#3273,.T.);
#9918=EDGE_CURVE('',#5212,#5169,#3278,.T.);
#9921=EDGE_CURVE('',#5166,#5210,#3282,.T.);
#9923=EDGE_CURVE('',#5164,#5166,#3286,.T.);
#9925=EDGE_CURVE('',#5162,#5164,#3290,.T.);
#9927=EDGE_CURVE('',#5160,#5162,#3294,.T.);
#9929=EDGE_CURVE('',#5158,#5160,#3298,.T.);
#9931=EDGE_CURVE('',#5157,#5158,#3303,.T.);
#9944=EDGE_CURVE('',#5184,#5204,#3311,.T.);
#9946=EDGE_CURVE('',#5182,#5184,#3315,.T.);
#9948=EDGE_CURVE('',#5180,#5182,#3319,.T.);
#9950=EDGE_CURVE('',#5178,#5180,#3323,.T.);
#9952=EDGE_CURVE('',#5176,#5178,#3327,.T.);
#9954=EDGE_CURVE('',#5175,#5176,#3331,.T.);
#9956=EDGE_CURVE('',#5200,#5175,#3335,.T.);
#9968=EDGE_CURVE('',#5142,#5172,#3339,.T.);
#9980=EDGE_CURVE('',#5140,#5170,#3343,.T.);
#9993=EDGE_CURVE('',#5139,#5169,#3347,.T.);
#10006=EDGE_CURVE('',#5500,#5208,#3364,.T.);
#10008=EDGE_CURVE('',#5500,#5496,#3351,.T.);
#10010=EDGE_CURVE('',#5496,#5212,#3421,.T.);
#10022=EDGE_CURVE('',#5206,#5498,#3355,.T.);
#10024=EDGE_CURVE('',#5498,#5500,#3359,.T.);
#10029=EDGE_CURVE('',#4879,#4880,#3372,.T.);
#10031=EDGE_CURVE('',#4880,#4884,#3376,.T.);
#10043=EDGE_CURVE('',#5136,#5166,#3380,.T.);
#10046=EDGE_CURVE('',#5210,#5494,#3404,.T.);
#10048=EDGE_CURVE('',#5498,#5494,#3483,.T.);
#10060=EDGE_CURVE('',#5134,#5164,#3384,.T.);
#10073=EDGE_CURVE('',#5132,#5162,#3388,.T.);
#10086=EDGE_CURVE('',#5130,#5160,#3392,.T.);
#10099=EDGE_CURVE('',#5128,#5158,#3396,.T.);
#10125=EDGE_CURVE('',#4876,#4882,#3408,.T.);
#10127=EDGE_CURVE('',#4875,#4876,#3412,.T.);
#10132=EDGE_CURVE('',#5494,#5496,#3425,.T.);
#10142=EDGE_CURVE('',#4788,#4884,#3437,.T.);
#10145=EDGE_CURVE('',#4876,#4880,#3429,.T.);
#10148=EDGE_CURVE('',#4782,#4882,#3471,.T.);
#10150=EDGE_CURVE('',#4782,#4788,#3433,.T.);
#10162=EDGE_CURVE('',#4786,#4788,#3441,.T.);
#10164=EDGE_CURVE('',#4785,#4786,#3446,.T.);
#10175=EDGE_CURVE('',#4780,#4782,#3467,.T.);
#10177=EDGE_CURVE('',#4780,#4786,#3454,.T.);
#10191=EDGE_CURVE('',#4779,#4780,#3463,.T.);
#10241=EDGE_CURVE('',#5154,#5184,#3487,.T.);
#10253=EDGE_CURVE('',#5152,#5182,#3491,.T.);
#10266=EDGE_CURVE('',#5150,#5180,#3495,.T.);
#10279=EDGE_CURVE('',#5148,#5178,#3499,.T.);
#10292=EDGE_CURVE('',#5146,#5176,#3503,.T.);
#10305=EDGE_CURVE('',#5145,#5175,#3507,.T.);
#10330=EDGE_CURVE('',#5276,#5215,#3511,.T.);
#10332=EDGE_CURVE('',#5215,#5216,#3516,.T.);
#10334=EDGE_CURVE('',#5216,#5218,#3520,.T.);
#10336=EDGE_CURVE('',#5218,#5220,#3524,.T.);
#10338=EDGE_CURVE('',#5220,#5222,#3528,.T.);
#10340=EDGE_CURVE('',#5222,#5224,#3532,.T.);
#10342=EDGE_CURVE('',#5224,#5294,#3536,.T.);
#10345=EDGE_CURVE('',#5296,#5227,#3541,.T.);
#10347=EDGE_CURVE('',#5227,#5228,#3545,.T.);
#10349=EDGE_CURVE('',#5228,#5230,#3550,.T.);
#10351=EDGE_CURVE('',#5230,#5275,#3554,.T.);
#10362=EDGE_CURVE('',#5284,#5233,#3558,.T.);
#10364=EDGE_CURVE('',#5233,#5234,#3562,.T.);
#10366=EDGE_CURVE('',#5234,#5236,#3566,.T.);
#10368=EDGE_CURVE('',#5236,#5238,#3570,.T.);
#10370=EDGE_CURVE('',#5238,#5240,#3574,.T.);
#10372=EDGE_CURVE('',#5240,#5242,#3578,.T.);
#10374=EDGE_CURVE('',#5242,#5290,#3582,.T.);
#10386=EDGE_CURVE('',#5280,#5245,#3629,.T.);
#10388=EDGE_CURVE('',#5215,#5245,#3722,.T.);
#10400=EDGE_CURVE('',#5260,#5279,#3586,.T.);
#10402=EDGE_CURVE('',#5258,#5260,#3591,.T.);
#10404=EDGE_CURVE('',#5257,#5258,#3595,.T.);
#10406=EDGE_CURVE('',#5300,#5257,#3600,.T.);
#10409=EDGE_CURVE('',#5254,#5298,#3604,.T.);
#10411=EDGE_CURVE('',#5252,#5254,#3608,.T.);
#10413=EDGE_CURVE('',#5250,#5252,#3612,.T.);
#10415=EDGE_CURVE('',#5248,#5250,#3616,.T.);
#10417=EDGE_CURVE('',#5246,#5248,#3620,.T.);
#10419=EDGE_CURVE('',#5245,#5246,#3625,.T.);
#10432=EDGE_CURVE('',#5272,#5292,#3633,.T.);
#10434=EDGE_CURVE('',#5270,#5272,#3637,.T.);
#10436=EDGE_CURVE('',#5268,#5270,#3641,.T.);
#10438=EDGE_CURVE('',#5266,#5268,#3645,.T.);
#10440=EDGE_CURVE('',#5264,#5266,#3649,.T.);
#10442=EDGE_CURVE('',#5263,#5264,#3653,.T.);
#10444=EDGE_CURVE('',#5288,#5263,#3657,.T.);
#10456=EDGE_CURVE('',#5230,#5260,#3661,.T.);
#10468=EDGE_CURVE('',#5228,#5258,#3665,.T.);
#10481=EDGE_CURVE('',#5227,#5257,#3669,.T.);
#10494=EDGE_CURVE('',#5508,#5296,#3686,.T.);
#10496=EDGE_CURVE('',#5508,#5504,#3673,.T.);
#10498=EDGE_CURVE('',#5504,#5300,#3743,.T.);
#10510=EDGE_CURVE('',#5294,#5506,#3677,.T.);
#10512=EDGE_CURVE('',#5506,#5508,#3681,.T.);
#10517=EDGE_CURVE('',#4895,#4896,#3694,.T.);
#10519=EDGE_CURVE('',#4896,#4900,#3698,.T.);
#10531=EDGE_CURVE('',#5224,#5254,#3702,.T.);
#10534=EDGE_CURVE('',#5298,#5502,#3726,.T.);
#10536=EDGE_CURVE('',#5506,#5502,#3805,.T.);
#10548=EDGE_CURVE('',#5222,#5252,#3706,.T.);
#10561=EDGE_CURVE('',#5220,#5250,#3710,.T.);
#10574=EDGE_CURVE('',#5218,#5248,#3714,.T.);
#10587=EDGE_CURVE('',#5216,#5246,#3718,.T.);
#10613=EDGE_CURVE('',#4892,#4898,#3730,.T.);
#10615=EDGE_CURVE('',#4891,#4892,#3734,.T.);
#10620=EDGE_CURVE('',#5502,#5504,#3747,.T.);
#10630=EDGE_CURVE('',#4804,#4900,#3759,.T.);
#10633=EDGE_CURVE('',#4892,#4896,#3751,.T.);
#10636=EDGE_CURVE('',#4798,#4898,#3793,.T.);
#10638=EDGE_CURVE('',#4798,#4804,#3755,.T.);
#10650=EDGE_CURVE('',#4802,#4804,#3763,.T.);
#10652=EDGE_CURVE('',#4801,#4802,#3768,.T.);
#10663=EDGE_CURVE('',#4796,#4798,#3789,.T.);
#10665=EDGE_CURVE('',#4796,#4802,#3776,.T.);
#10679=EDGE_CURVE('',#4795,#4796,#3785,.T.);
#10729=EDGE_CURVE('',#5242,#5272,#3809,.T.);
#10741=EDGE_CURVE('',#5240,#5270,#3813,.T.);
#10754=EDGE_CURVE('',#5238,#5268,#3817,.T.);
#10767=EDGE_CURVE('',#5236,#5266,#3821,.T.);
#10780=EDGE_CURVE('',#5234,#5264,#3825,.T.);
#10793=EDGE_CURVE('',#5233,#5263,#3829,.T.);
#10818=EDGE_CURVE('',#5364,#5303,#3833,.T.);
#10820=EDGE_CURVE('',#5303,#5304,#3838,.T.);
#10822=EDGE_CURVE('',#5304,#5306,#3842,.T.);
#10824=EDGE_CURVE('',#5306,#5308,#3846,.T.);
#10826=EDGE_CURVE('',#5308,#5310,#3850,.T.);
#10828=EDGE_CURVE('',#5310,#5312,#3854,.T.);
#10830=EDGE_CURVE('',#5312,#5382,#3858,.T.);
#10833=EDGE_CURVE('',#5384,#5315,#3863,.T.);
#10835=EDGE_CURVE('',#5315,#5316,#3867,.T.);
#10837=EDGE_CURVE('',#5316,#5318,#3872,.T.);
#10839=EDGE_CURVE('',#5318,#5363,#3876,.T.);
#10850=EDGE_CURVE('',#5372,#5321,#3880,.T.);
#10852=EDGE_CURVE('',#5321,#5322,#3884,.T.);
#10854=EDGE_CURVE('',#5322,#5324,#3888,.T.);
#10856=EDGE_CURVE('',#5324,#5326,#3892,.T.);
#10858=EDGE_CURVE('',#5326,#5328,#3896,.T.);
#10860=EDGE_CURVE('',#5328,#5330,#3900,.T.);
#10862=EDGE_CURVE('',#5330,#5378,#3904,.T.);
#10874=EDGE_CURVE('',#5368,#5333,#3951,.T.);
#10876=EDGE_CURVE('',#5303,#5333,#4044,.T.);
#10888=EDGE_CURVE('',#5348,#5367,#3908,.T.);
#10890=EDGE_CURVE('',#5346,#5348,#3913,.T.);
#10892=EDGE_CURVE('',#5345,#5346,#3917,.T.);
#10894=EDGE_CURVE('',#5512,#5345,#3922,.T.);
#10897=EDGE_CURVE('',#5342,#5510,#3926,.T.);
#10899=EDGE_CURVE('',#5340,#5342,#3930,.T.);
#10901=EDGE_CURVE('',#5338,#5340,#3934,.T.);
#10903=EDGE_CURVE('',#5336,#5338,#3938,.T.);
#10905=EDGE_CURVE('',#5334,#5336,#3942,.T.);
#10907=EDGE_CURVE('',#5333,#5334,#3947,.T.);
#10920=EDGE_CURVE('',#5360,#5380,#3955,.T.);
#10922=EDGE_CURVE('',#5358,#5360,#3959,.T.);
#10924=EDGE_CURVE('',#5356,#5358,#3963,.T.);
#10926=EDGE_CURVE('',#5354,#5356,#3967,.T.);
#10928=EDGE_CURVE('',#5352,#5354,#3971,.T.);
#10930=EDGE_CURVE('',#5351,#5352,#3975,.T.);
#10932=EDGE_CURVE('',#5376,#5351,#3979,.T.);
#10944=EDGE_CURVE('',#5318,#5348,#3983,.T.);
#10956=EDGE_CURVE('',#5316,#5346,#3987,.T.);
#10969=EDGE_CURVE('',#5315,#5345,#3991,.T.);
#10982=EDGE_CURVE('',#5391,#5384,#4008,.T.);
#10984=EDGE_CURVE('',#5391,#5392,#3995,.T.);
#10986=EDGE_CURVE('',#5392,#5512,#4065,.T.);
#10998=EDGE_CURVE('',#5382,#5387,#3999,.T.);
#11000=EDGE_CURVE('',#5387,#5391,#4003,.T.);
#11005=EDGE_CURVE('',#4911,#4912,#4016,.T.);
#11007=EDGE_CURVE('',#4912,#4916,#4020,.T.);
#11019=EDGE_CURVE('',#5312,#5342,#4024,.T.);
#11022=EDGE_CURVE('',#5510,#5388,#4048,.T.);
#11024=EDGE_CURVE('',#5387,#5388,#4127,.T.);
#11036=EDGE_CURVE('',#5310,#5340,#4028,.T.);
#11049=EDGE_CURVE('',#5308,#5338,#4032,.T.);
#11062=EDGE_CURVE('',#5306,#5336,#4036,.T.);
#11075=EDGE_CURVE('',#5304,#5334,#4040,.T.);
#11101=EDGE_CURVE('',#4908,#4914,#4052,.T.);
#11103=EDGE_CURVE('',#4907,#4908,#4056,.T.);
#11108=EDGE_CURVE('',#5388,#5392,#4069,.T.);
#11118=EDGE_CURVE('',#4820,#4916,#4081,.T.);
#11121=EDGE_CURVE('',#4908,#4912,#4073,.T.);
#11124=EDGE_CURVE('',#4814,#4914,#4115,.T.);
#11126=EDGE_CURVE('',#4814,#4820,#4077,.T.);
#11138=EDGE_CURVE('',#4818,#4820,#4085,.T.);
#11140=EDGE_CURVE('',#4817,#4818,#4090,.T.);
#11151=EDGE_CURVE('',#4812,#4814,#4111,.T.);
#11153=EDGE_CURVE('',#4812,#4818,#4098,.T.);
#11167=EDGE_CURVE('',#4811,#4812,#4107,.T.);
#11217=EDGE_CURVE('',#5330,#5360,#4131,.T.);
#11229=EDGE_CURVE('',#5328,#5358,#4135,.T.);
#11242=EDGE_CURVE('',#5326,#5356,#4139,.T.);
#11255=EDGE_CURVE('',#5324,#5354,#4143,.T.);
#11268=EDGE_CURVE('',#5322,#5352,#4147,.T.);
#11281=EDGE_CURVE('',#5321,#5351,#4151,.T.);
#11307=EDGE_CURVE('',#4827,#4828,#4160,.T.);
#11309=EDGE_CURVE('',#4828,#4830,#4164,.T.);
#11323=EDGE_CURVE('',#4828,#4834,#4176,.T.);
#11435=EDGE_CURVE('',#11416,#11417,#11369,.T.);
#11437=EDGE_CURVE('',#11417,#11419,#11373,.T.);
#11439=EDGE_CURVE('',#11419,#11421,#11377,.T.);
#11441=EDGE_CURVE('',#11421,#11416,#11381,.T.);
#11452=EDGE_CURVE('',#11416,#11424,#11385,.T.);
#11454=EDGE_CURVE('',#11424,#11425,#11401,.T.);
#11456=EDGE_CURVE('',#11417,#11425,#11397,.T.);
#11467=EDGE_CURVE('',#11421,#11429,#11389,.T.);
#11469=EDGE_CURVE('',#11429,#11424,#11405,.T.);
#11481=EDGE_CURVE('',#11419,#11427,#11393,.T.);
#11483=EDGE_CURVE('',#11427,#11429,#11409,.T.);
#11496=EDGE_CURVE('',#11425,#11427,#11413,.T.);
#11524=TRIMMED_CURVE('',#11523,(PARAMETER_VALUE(0.E0)),(PARAMETER_VALUE(1.E0)),
.T.,.UNSPECIFIED.);
#11525=COMPOSITE_CURVE_SEGMENT(.CONTINUOUS.,.T.,#11524);
#11530=TRIMMED_CURVE('',#11529,(PARAMETER_VALUE(0.E0)),(PARAMETER_VALUE(1.E0)),
.T.,.UNSPECIFIED.);
#11531=COMPOSITE_CURVE_SEGMENT(.CONTINUOUS.,.T.,#11530);
#11536=TRIMMED_CURVE('',#11535,(PARAMETER_VALUE(0.E0)),(PARAMETER_VALUE(1.E0)),
.T.,.UNSPECIFIED.);
#11537=COMPOSITE_CURVE_SEGMENT(.CONTINUOUS.,.T.,#11536);
#11542=TRIMMED_CURVE('',#11541,(PARAMETER_VALUE(0.E0)),(PARAMETER_VALUE(1.E0)),
.T.,.UNSPECIFIED.);
#11543=COMPOSITE_CURVE_SEGMENT(.CONTINUOUS.,.T.,#11542);
#11544=COMPOSITE_CURVE('',(#11525,#11531,#11537,#11543),.F.);
#11550=TRIMMED_CURVE('',#11549,(PARAMETER_VALUE(0.E0)),(PARAMETER_VALUE(1.E0)),
.T.,.UNSPECIFIED.);
#11551=COMPOSITE_CURVE_SEGMENT(.CONTINUOUS.,.T.,#11550);
#11556=TRIMMED_CURVE('',#11555,(PARAMETER_VALUE(0.E0)),(PARAMETER_VALUE(1.E0)),
.T.,.UNSPECIFIED.);
#11557=COMPOSITE_CURVE_SEGMENT(.CONTINUOUS.,.T.,#11556);
#11562=TRIMMED_CURVE('',#11561,(PARAMETER_VALUE(0.E0)),(PARAMETER_VALUE(1.E0)),
.T.,.UNSPECIFIED.);
#11563=COMPOSITE_CURVE_SEGMENT(.CONTINUOUS.,.T.,#11562);
#11568=TRIMMED_CURVE('',#11567,(PARAMETER_VALUE(0.E0)),(PARAMETER_VALUE(1.E0)),
.T.,.UNSPECIFIED.);
#11569=COMPOSITE_CURVE_SEGMENT(.CONTINUOUS.,.T.,#11568);
#11570=COMPOSITE_CURVE('',(#11551,#11557,#11563,#11569),.F.);
#11575=TRIMMED_CURVE('',#11574,(PARAMETER_VALUE(0.E0)),(PARAMETER_VALUE(1.E0)),
.T.,.UNSPECIFIED.);
#11576=COMPOSITE_CURVE_SEGMENT(.CONTINUOUS.,.T.,#11575);
#11581=TRIMMED_CURVE('',#11580,(PARAMETER_VALUE(0.E0)),(PARAMETER_VALUE(1.E0)),
.T.,.UNSPECIFIED.);
#11582=COMPOSITE_CURVE_SEGMENT(.CONTINUOUS.,.T.,#11581);
#11587=TRIMMED_CURVE('',#11586,(PARAMETER_VALUE(0.E0)),(PARAMETER_VALUE(1.E0)),
.T.,.UNSPECIFIED.);
#11588=COMPOSITE_CURVE_SEGMENT(.CONTINUOUS.,.T.,#11587);
#11593=TRIMMED_CURVE('',#11592,(PARAMETER_VALUE(0.E0)),(PARAMETER_VALUE(1.E0)),
.T.,.UNSPECIFIED.);
#11594=COMPOSITE_CURVE_SEGMENT(.CONTINUOUS.,.T.,#11593);
#11595=COMPOSITE_CURVE('',(#11576,#11582,#11588,#11594),.F.);
#11600=TRIMMED_CURVE('',#11599,(PARAMETER_VALUE(0.E0)),(PARAMETER_VALUE(1.E0)),
.T.,.UNSPECIFIED.);
#11601=COMPOSITE_CURVE_SEGMENT(.CONTINUOUS.,.T.,#11600);
#11606=TRIMMED_CURVE('',#11605,(PARAMETER_VALUE(0.E0)),(PARAMETER_VALUE(1.E0)),
.T.,.UNSPECIFIED.);
#11607=COMPOSITE_CURVE_SEGMENT(.CONTINUOUS.,.T.,#11606);
#11612=TRIMMED_CURVE('',#11611,(PARAMETER_VALUE(0.E0)),(PARAMETER_VALUE(1.E0)),
.T.,.UNSPECIFIED.);
#11613=COMPOSITE_CURVE_SEGMENT(.CONTINUOUS.,.T.,#11612);
#11618=TRIMMED_CURVE('',#11617,(PARAMETER_VALUE(0.E0)),(PARAMETER_VALUE(1.E0)),
.T.,.UNSPECIFIED.);
#11619=COMPOSITE_CURVE_SEGMENT(.CONTINUOUS.,.T.,#11618);
#11620=COMPOSITE_CURVE('',(#11601,#11607,#11613,#11619),.F.);
#11625=TRIMMED_CURVE('',#11624,(PARAMETER_VALUE(0.E0)),(PARAMETER_VALUE(1.E0)),
.T.,.UNSPECIFIED.);
#11626=COMPOSITE_CURVE_SEGMENT(.CONTINUOUS.,.T.,#11625);
#11631=TRIMMED_CURVE('',#11630,(PARAMETER_VALUE(0.E0)),(PARAMETER_VALUE(1.E0)),
.T.,.UNSPECIFIED.);
#11632=COMPOSITE_CURVE_SEGMENT(.CONTINUOUS.,.T.,#11631);
#11637=TRIMMED_CURVE('',#11636,(PARAMETER_VALUE(0.E0)),(PARAMETER_VALUE(1.E0)),
.T.,.UNSPECIFIED.);
#11638=COMPOSITE_CURVE_SEGMENT(.CONTINUOUS.,.T.,#11637);
#11643=TRIMMED_CURVE('',#11642,(PARAMETER_VALUE(0.E0)),(PARAMETER_VALUE(1.E0)),
.T.,.UNSPECIFIED.);
#11644=COMPOSITE_CURVE_SEGMENT(.CONTINUOUS.,.T.,#11643);
#11645=COMPOSITE_CURVE('',(#11626,#11632,#11638,#11644),.F.);
#11650=TRIMMED_CURVE('',#11649,(PARAMETER_VALUE(0.E0)),(PARAMETER_VALUE(1.E0)),
.T.,.UNSPECIFIED.);
#11651=COMPOSITE_CURVE_SEGMENT(.CONTINUOUS.,.T.,#11650);
#11656=TRIMMED_CURVE('',#11655,(PARAMETER_VALUE(0.E0)),(PARAMETER_VALUE(1.E0)),
.T.,.UNSPECIFIED.);
#11657=COMPOSITE_CURVE_SEGMENT(.CONTINUOUS.,.T.,#11656);
#11662=TRIMMED_CURVE('',#11661,(PARAMETER_VALUE(0.E0)),(PARAMETER_VALUE(1.E0)),
.T.,.UNSPECIFIED.);
#11663=COMPOSITE_CURVE_SEGMENT(.CONTINUOUS.,.T.,#11662);
#11668=TRIMMED_CURVE('',#11667,(PARAMETER_VALUE(0.E0)),(PARAMETER_VALUE(1.E0)),
.T.,.UNSPECIFIED.);
#11669=COMPOSITE_CURVE_SEGMENT(.CONTINUOUS.,.T.,#11668);
#11670=COMPOSITE_CURVE('',(#11651,#11657,#11663,#11669),.F.);
#11675=TRIMMED_CURVE('',#11674,(PARAMETER_VALUE(0.E0)),(PARAMETER_VALUE(1.E0)),
.T.,.UNSPECIFIED.);
#11676=COMPOSITE_CURVE_SEGMENT(.CONTINUOUS.,.T.,#11675);
#11681=TRIMMED_CURVE('',#11680,(PARAMETER_VALUE(0.E0)),(PARAMETER_VALUE(1.E0)),
.T.,.UNSPECIFIED.);
#11682=COMPOSITE_CURVE_SEGMENT(.CONTINUOUS.,.T.,#11681);
#11687=TRIMMED_CURVE('',#11686,(PARAMETER_VALUE(0.E0)),(PARAMETER_VALUE(1.E0)),
.T.,.UNSPECIFIED.);
#11688=COMPOSITE_CURVE_SEGMENT(.CONTINUOUS.,.T.,#11687);
#11693=TRIMMED_CURVE('',#11692,(PARAMETER_VALUE(0.E0)),(PARAMETER_VALUE(1.E0)),
.T.,.UNSPECIFIED.);
#11694=COMPOSITE_CURVE_SEGMENT(.CONTINUOUS.,.T.,#11693);
#11695=COMPOSITE_CURVE('',(#11676,#11682,#11688,#11694),.F.);
#11700=TRIMMED_CURVE('',#11699,(PARAMETER_VALUE(0.E0)),(PARAMETER_VALUE(1.E0)),
.T.,.UNSPECIFIED.);
#11701=COMPOSITE_CURVE_SEGMENT(.CONTINUOUS.,.T.,#11700);
#11706=TRIMMED_CURVE('',#11705,(PARAMETER_VALUE(0.E0)),(PARAMETER_VALUE(1.E0)),
.T.,.UNSPECIFIED.);
#11707=COMPOSITE_CURVE_SEGMENT(.CONTINUOUS.,.T.,#11706);
#11712=TRIMMED_CURVE('',#11711,(PARAMETER_VALUE(0.E0)),(PARAMETER_VALUE(1.E0)),
.T.,.UNSPECIFIED.);
#11713=COMPOSITE_CURVE_SEGMENT(.CONTINUOUS.,.T.,#11712);
#11718=TRIMMED_CURVE('',#11717,(PARAMETER_VALUE(0.E0)),(PARAMETER_VALUE(1.E0)),
.T.,.UNSPECIFIED.);
#11719=COMPOSITE_CURVE_SEGMENT(.CONTINUOUS.,.T.,#11718);
#11720=COMPOSITE_CURVE('',(#11701,#11707,#11713,#11719),.F.);
#11721=(LENGTH_UNIT()NAMED_UNIT(*)SI_UNIT(.MILLI.,.METRE.));
#11723=(NAMED_UNIT(*)PLANE_ANGLE_UNIT()SI_UNIT($,.RADIAN.));
#11726=(NAMED_UNIT(*)SI_UNIT($,.STERADIAN.)SOLID_ANGLE_UNIT());
#11729=ADVANCED_BREP_SHAPE_REPRESENTATION('',(#11365,#11515),#11728);
#11730=GEOMETRICALLY_BOUNDED_SURFACE_SHAPE_REPRESENTATION('',(#11545),#11728);
#11731=SHAPE_REPRESENTATION('',(#11519),#11728);
#11740=PRODUCT_DEFINITION('design','',#11739,#11736);
#11741=PRODUCT_DEFINITION_SHAPE('','SHAPE FOR 2059570671.',#11740);
#11742=SHAPE_DEFINITION_REPRESENTATION(#11741,#11731);
ENDSEC;
END-ISO-10303-21;
