ISO-10303-21;
HEADER;
FILE_DESCRIPTION (( 'STEP AP214' ),
    '1' );
FILE_NAME ('CC0603KRX7R7BB104.STEP',
    '2024-09-12T17:02:36',
    ( '' ),
    ( '' ),
    'SwSTEP 2.0',
    'SolidWorks 2024',
    '' );
FILE_SCHEMA (( 'AUTOMOTIVE_DESIGN' ));
ENDSEC;

DATA;
#1 = PLANE ( 'NONE',  #5847 ) ;
#2 = VECTOR ( 'NONE', #3131, 1000.000000000000000 ) ;
#3 = ORIENTED_EDGE ( 'NONE', *, *, #4813, .F. ) ;
#4 = STYLED_ITEM ( 'NONE', ( #4298 ), #6704 ) ;
#5 = DIRECTION ( 'NONE',  ( 0.000000000000000000, 0.000000000000000000, -1.000000000000000000 ) ) ;
#6 = ADVANCED_FACE ( 'NONE', ( #6141 ), #2420, .F. ) ;
#7 = LINE ( 'NONE', #4286, #5246 ) ;
#8 = VERTEX_POINT ( 'NONE', #813 ) ;
#10 = ORIENTED_EDGE ( 'NONE', *, *, #6026, .F. ) ;
#9 = SURFACE_STYLE_USAGE ( .BOTH. , #2582 ) ;
#11 = DIRECTION ( 'NONE',  ( 1.000000000000000000, 0.000000000000000000, 0.000000000000000000 ) ) ;
#12 = UNCERTAINTY_MEASURE_WITH_UNIT (LENGTH_MEASURE( 1.000000000000000082E-05 ), #6240, 'distance_accuracy_value', 'NONE');
#13 = AXIS2_PLACEMENT_3D ( 'NONE', #3523, #339, #6166 ) ;
#14 = PRESENTATION_STYLE_ASSIGNMENT (( #4815 ) ) ;
#15 = CARTESIAN_POINT ( 'NONE',  ( 0.5078988403312109101, 0.003000000000000000062, -0.1070613408442326470 ) ) ;
#16 = CARTESIAN_POINT ( 'NONE',  ( -0.7700000000000001288, -0.009999999999999918676, 0.3699999999999999956 ) ) ;
#17 =( NAMED_UNIT ( * ) PLANE_ANGLE_UNIT ( ) SI_UNIT ( $, .RADIAN. ) );
#18 = VERTEX_POINT ( 'NONE', #2981 ) ;
#19 = CARTESIAN_POINT ( 'NONE',  ( 0.5179688503939871014, 0.003000000000000000062, -0.05105430400072100139 ) ) ;
#20 = ORIENTED_EDGE ( 'NONE', *, *, #6726, .F. ) ;
#21 = FILL_AREA_STYLE_COLOUR ( '', #216 ) ;
#22 = PRESENTATION_STYLE_ASSIGNMENT (( #5923 ) ) ;
#23 = SURFACE_SIDE_STYLE ('',( #2087 ) ) ;
#24 = PRESENTATION_STYLE_ASSIGNMENT (( #5513 ) ) ;
#25 = CARTESIAN_POINT ( 'NONE',  ( 0.5078988403312109101, 0.000000000000000000, -0.09919797363134306989 ) ) ;
#26 = CARTESIAN_POINT ( 'NONE',  ( 0.5170852029101958847, 0.003000000000000000062, -0.06287549031968749091 ) ) ;
#27 = EDGE_CURVE ( 'NONE', #4780, #1096, #5116, .T. ) ;
#28 = SURFACE_STYLE_FILL_AREA ( #6387 ) ;
#29 = VERTEX_POINT ( 'NONE', #6679 ) ;
#30 = EDGE_CURVE ( 'NONE', #3723, #3387, #6254, .T. ) ;
#31 = FACE_OUTER_BOUND ( 'NONE', #3005, .T. ) ;
#32 = ORIENTED_EDGE ( 'NONE', *, *, #5501, .F. ) ;
#33 = LINE ( 'NONE', #889, #2772 ) ;
#34 = ORIENTED_EDGE ( 'NONE', *, *, #6380, .F. ) ;
#35 = EDGE_CURVE ( 'NONE', #1982, #6614, #1890, .T. ) ;
#36 = ORIENTED_EDGE ( 'NONE', *, *, #463, .F. ) ;
#37 = CARTESIAN_POINT ( 'NONE',  ( 0.5120076289780736145, 0.000000000000000000, -0.1198996506375018395 ) ) ;
#38 = SURFACE_SIDE_STYLE ('',( #5470 ) ) ;
#39 = SURFACE_SIDE_STYLE ('',( #3195 ) ) ;
#40 = ORIENTED_EDGE ( 'NONE', *, *, #1370, .F. ) ;
#41 = EDGE_LOOP ( 'NONE', ( #6276, #3225, #4192, #4730 ) ) ;
#42 =( LENGTH_UNIT ( ) NAMED_UNIT ( * ) SI_UNIT ( .MILLI., .METRE. ) );
#43 = FILL_AREA_STYLE ('',( #1034 ) ) ;
#44 = DIRECTION ( 'NONE',  ( 0.000000000000000000, -1.000000000000000000, 0.000000000000000000 ) ) ;
#45 =( LENGTH_UNIT ( ) NAMED_UNIT ( * ) SI_UNIT ( .MILLI., .METRE. ) );
#46 = DIRECTION ( 'NONE',  ( -1.000000000000000000, 0.000000000000000000, 0.000000000000000000 ) ) ;
#47 = ORIENTED_EDGE ( 'NONE', *, *, #1057, .T. ) ;
#48 = SURFACE_STYLE_USAGE ( .BOTH. , #2792 ) ;
#49 = PRESENTATION_STYLE_ASSIGNMENT (( #4849 ) ) ;
#50 = VECTOR ( 'NONE', #6337, 1000.000000000000000 ) ;
#51 = FILL_AREA_STYLE_COLOUR ( '', #6906 ) ;
#52 = EDGE_CURVE ( 'NONE', #1205, #132, #4591, .T. ) ;
#53 =( NAMED_UNIT ( * ) PLANE_ANGLE_UNIT ( ) SI_UNIT ( $, .RADIAN. ) );
#54 =( LENGTH_UNIT ( ) NAMED_UNIT ( * ) SI_UNIT ( .MILLI., .METRE. ) );
#55 = DIRECTION ( 'NONE',  ( 0.000000000000000000, 0.000000000000000000, -1.000000000000000000 ) ) ;
#56 = FILL_AREA_STYLE_COLOUR ( '', #604 ) ;
#57 = AXIS2_PLACEMENT_3D ( 'NONE', #4382, #1261, #2908 ) ;
#58 = SURFACE_SIDE_STYLE ('',( #1717 ) ) ;
#59 = DIRECTION ( 'NONE',  ( 0.000000000000000000, 0.000000000000000000, -1.000000000000000000 ) ) ;
#60 = ORIENTED_EDGE ( 'NONE', *, *, #4747, .T. ) ;
#61 = CARTESIAN_POINT ( 'NONE',  ( 0.3250174859200531396, 0.003000000000000000062, -0.09158047531953275588 ) ) ;
#62 = SURFACE_STYLE_FILL_AREA ( #5805 ) ;
#63 = SURFACE_STYLE_FILL_AREA ( #4862 ) ;
#64 = PLANE ( 'NONE',  #5796 ) ;
#65 = ORIENTED_EDGE ( 'NONE', *, *, #5406, .T. ) ;
#66 = MECHANICAL_DESIGN_GEOMETRIC_PRESENTATION_REPRESENTATION (  '', ( #1841 ), #3525 ) ;
#67 = CARTESIAN_POINT ( 'NONE',  ( 0.08349208317513591437, 0.000000000000000000, -0.02822637805886715756 ) ) ;
#68 = CIRCLE ( 'NONE', #3853, 0.02999999999999997113 ) ;
#69 = ORIENTED_EDGE ( 'NONE', *, *, #5394, .F. ) ;
#70 = COLOUR_RGB ( '',0.4745098039215686070, 0.4823529411764705954, 0.5019607843137254832 ) ;
#71 =( NAMED_UNIT ( * ) PLANE_ANGLE_UNIT ( ) SI_UNIT ( $, .RADIAN. ) );
#72 = PRESENTATION_STYLE_ASSIGNMENT (( #558 ) ) ;
#73 = DIRECTION ( 'NONE',  ( -0.000000000000000000, 0.000000000000000000, 1.000000000000000000 ) ) ;
#74 = VERTEX_POINT ( 'NONE', #345 ) ;
#75 = PRESENTATION_LAYER_ASSIGNMENT (  '', '', ( #4433 ) ) ;
#76 = DIRECTION ( 'NONE',  ( 0.000000000000000000, 0.000000000000000000, 1.000000000000000000 ) ) ;
#77 = STYLED_ITEM ( 'NONE', ( #5616 ), #2359 ) ;
#78 = STYLED_ITEM ( 'NONE', ( #2807 ), #5207 ) ;
#79 = VECTOR ( 'NONE', #4535, 1000.000000000000000 ) ;
#80 = COLOUR_RGB ( '',0.8941176470588234615, 0.4039215686274509887, 0.2431372549019607809 ) ;
#81 = PRESENTATION_LAYER_ASSIGNMENT (  '', '', ( #950 ) ) ;
#82 = SURFACE_STYLE_USAGE ( .BOTH. , #630 ) ;
#83 = FACE_OUTER_BOUND ( 'NONE', #1308, .T. ) ;
#84 = EDGE_LOOP ( 'NONE', ( #5954, #5610, #5914, #1341 ) ) ;
#85 =( NAMED_UNIT ( * ) PLANE_ANGLE_UNIT ( ) SI_UNIT ( $, .RADIAN. ) );
#86 = VECTOR ( 'NONE', #4978, 1000.000000000000227 ) ;
#87 = VERTEX_POINT ( 'NONE', #2503 ) ;
#88 = CARTESIAN_POINT ( 'NONE',  ( -0.8000000000000001554, 0.02000000000000010797, -0.3700000000000000511 ) ) ;
#89 = CARTESIAN_POINT ( 'NONE',  ( 0.2420085203291615639, 4.235164736271501695E-19, -0.02822637805886715756 ) ) ;
#90 = VECTOR ( 'NONE', #3307, 1000.000000000000000 ) ;
#91 = MECHANICAL_DESIGN_GEOMETRIC_PRESENTATION_REPRESENTATION (  '', ( #5241 ), #4237 ) ;
#92 = CARTESIAN_POINT ( 'NONE',  ( 0.03995848295781381787, 0.000000000000000000, -0.06479096632406079748 ) ) ;
#93 = FACE_OUTER_BOUND ( 'NONE', #1301, .T. ) ;
#94 = PRESENTATION_LAYER_ASSIGNMENT (  '', '', ( #6106 ) ) ;
#95 = DIRECTION ( 'NONE',  ( 0.000000000000000000, 0.000000000000000000, 1.000000000000000000 ) ) ;
#96 = VECTOR ( 'NONE', #3391, 1000.000000000000000 ) ;
#97 = CARTESIAN_POINT ( 'NONE',  ( 0.4429153846565643260, 0.003000000000000000062, -0.08182039739377539034 ) ) ;
#98 = ORIENTED_EDGE ( 'NONE', *, *, #4276, .T. ) ;
#99 = LINE ( 'NONE', #2247, #4441 ) ;
#100 = LINE ( 'NONE', #679, #6197 ) ;
#101 = PRESENTATION_STYLE_ASSIGNMENT (( #3869 ) ) ;
#102 = CARTESIAN_POINT ( 'NONE',  ( 0.8000000000000001554, 0.7600000000000000089, -0.3699999999999999956 ) ) ;
#103 = MECHANICAL_DESIGN_GEOMETRIC_PRESENTATION_REPRESENTATION (  '', ( #3460 ), #5909 ) ;
#104 = LINE ( 'NONE', #1596, #1938 ) ;
#105 = VERTEX_POINT ( 'NONE', #1953 ) ;
#106 =( LENGTH_UNIT ( ) NAMED_UNIT ( * ) SI_UNIT ( .MILLI., .METRE. ) );
#107 = SURFACE_STYLE_FILL_AREA ( #3811 ) ;
#108 = ORIENTED_EDGE ( 'NONE', *, *, #2496, .F. ) ;
#109 = ADVANCED_FACE ( 'NONE', ( #4087 ), #1162, .F. ) ;
#110 = CONTEXT_DEPENDENT_SHAPE_REPRESENTATION ( #4040, #5857 ) ;
#111 =( GEOMETRIC_REPRESENTATION_CONTEXT ( 3 ) GLOBAL_UNCERTAINTY_ASSIGNED_CONTEXT ( ( #4123 ) ) GLOBAL_UNIT_ASSIGNED_CONTEXT ( ( #3406, #1325, #5015 ) ) REPRESENTATION_CONTEXT ( 'NONE', 'WORKASPACE' ) );
#112 = EDGE_CURVE ( 'NONE', #4819, #1096, #1802, .T. ) ;
#113 = ADVANCED_FACE ( 'NONE', ( #710 ), #3647, .T. ) ;
#114 = DIRECTION ( 'NONE',  ( -0.000000000000000000, -1.000000000000000000, -0.000000000000000000 ) ) ;
#115 = CARTESIAN_POINT ( 'NONE',  ( -0.8000000000000001554, 0.002426406871192912824, 0.3802943725152285737 ) ) ;
#116 = CARTESIAN_POINT ( 'NONE',  ( 0.8000000000000001554, 0.7900000000000001465, -0.4000000000000000777 ) ) ;
#117 = ORIENTED_EDGE ( 'NONE', *, *, #1606, .F. ) ;
#118 = ORIENTED_EDGE ( 'NONE', *, *, #112, .F. ) ;
#119 = SURFACE_STYLE_USAGE ( .BOTH. , #766 ) ;
#120 = CARTESIAN_POINT ( 'NONE',  ( 0.5209455743335885680, 0.003000000000000000062, -0.06004042221169466481 ) ) ;
#121 = VECTOR ( 'NONE', #1459, 1000.000000000000000 ) ;
#122 = CARTESIAN_POINT ( 'NONE',  ( 0.5078988403312109101, 0.003000000000000000062, -0.1258999299338860178 ) ) ;
#123 = CARTESIAN_POINT ( 'NONE',  ( 0.5078988403312109101, 0.000000000000000000, -0.1121352141941526354 ) ) ;
#124 = DIRECTION ( 'NONE',  ( 0.000000000000000000, 0.000000000000000000, -1.000000000000000000 ) ) ;
#125 = FILL_AREA_STYLE_COLOUR ( '', #2657 ) ;
#126 = DIRECTION ( 'NONE',  ( -0.000000000000000000, -1.000000000000000000, -0.000000000000000000 ) ) ;
#127 = ORIENTED_EDGE ( 'NONE', *, *, #1363, .T. ) ;
#128 = CARTESIAN_POINT ( 'NONE',  ( 0.5151552488221826653, 0.003000000000000000062, -0.03769204240707927506 ) ) ;
#129 = PRESENTATION_STYLE_ASSIGNMENT (( #1766 ) ) ;
#130 = CARTESIAN_POINT ( 'NONE',  ( 0.06614396386324637722, 0.003000000000000000062, -0.02822637805886715756 ) ) ;
#131 = SURFACE_STYLE_USAGE ( .BOTH. , #613 ) ;
#132 = VERTEX_POINT ( 'NONE', #2251 ) ;
#133 = EDGE_CURVE ( 'NONE', #3459, #2815, #4447, .T. ) ;
#134 = FILL_AREA_STYLE_COLOUR ( '', #1060 ) ;
#135 = CARTESIAN_POINT ( 'NONE',  ( 0.03995848295781381787, 0.003000000000000000062, -0.06479096632406079748 ) ) ;
#136 =( LENGTH_UNIT ( ) NAMED_UNIT ( * ) SI_UNIT ( .MILLI., .METRE. ) );
#137 = VERTEX_POINT ( 'NONE', #6371 ) ;
#138 = CONTEXT_DEPENDENT_SHAPE_REPRESENTATION ( #4637, #2134 ) ;
#139 = EDGE_CURVE ( 'NONE', #6325, #323, #2811, .T. ) ;
#140 = UNCERTAINTY_MEASURE_WITH_UNIT (LENGTH_MEASURE( 1.000000000000000082E-05 ), #4503, 'distance_accuracy_value', 'NONE');
#141 = LINE ( 'NONE', #1810, #6871 ) ;
#142 = CARTESIAN_POINT ( 'NONE',  ( 0.8000000000000001554, 0.02000000000000010797, -0.3875735931288071812 ) ) ;
#143 = CARTESIAN_POINT ( 'NONE',  ( 0.1959584026015205316, 0.000000000000000000, -0.1075953568382304604 ) ) ;
#144 = CARTESIAN_POINT ( 'NONE',  ( 0.000000000000000000, 0.7800000000000002487, 0.3599999999999999867 ) ) ;
#145 = VERTEX_POINT ( 'NONE', #1133 ) ;
#146 = FILL_AREA_STYLE ('',( #6579 ) ) ;
#147 = EDGE_CURVE ( 'NONE', #8, #2700, #4142, .T. ) ;
#148 = ORIENTED_EDGE ( 'NONE', *, *, #3801, .F. ) ;
#149 = LINE ( 'NONE', #4526, #2250 ) ;
#150 = DIRECTION ( 'NONE',  ( 0.000000000000000000, 1.000000000000000000, 0.000000000000000000 ) ) ;
#151 = AXIS2_PLACEMENT_3D ( 'NONE', #1099, #6361, #3297 ) ;
#152 = CARTESIAN_POINT ( 'NONE',  ( 0.5237534422598130179, 0.000000000000000000, -0.03806550428045622075 ) ) ;
#153 = CARTESIAN_POINT ( 'NONE',  ( -0.8000000000000001554, 0.7702943725152286980, -0.3875735931288072367 ) ) ;
#154 = ADVANCED_FACE ( 'NONE', ( #5428 ), #6887, .F. ) ;
#155 = FILL_AREA_STYLE_COLOUR ( '', #322 ) ;
#156 = ORIENTED_EDGE ( 'NONE', *, *, #1336, .T. ) ;
#157 = EDGE_CURVE ( 'NONE', #1947, #2815, #4116, .T. ) ;
#158 =( LENGTH_UNIT ( ) NAMED_UNIT ( * ) SI_UNIT ( .MILLI., .METRE. ) );
#159 = DIRECTION ( 'NONE',  ( -1.000000000000000000, 0.000000000000000000, 0.000000000000000000 ) ) ;
#160 = FILL_AREA_STYLE_COLOUR ( '', #5469 ) ;
#161 = CARTESIAN_POINT ( 'NONE',  ( 0.8000000000000001554, 0.7702943725152286980, -0.3875735931288072367 ) ) ;
#162 = ORIENTED_EDGE ( 'NONE', *, *, #3033, .F. ) ;
#163 = FACE_OUTER_BOUND ( 'NONE', #1428, .T. ) ;
#164 = EDGE_LOOP ( 'NONE', ( #930, #4891, #4319, #6248 ) ) ;
#165 = SHAPE_DEFINITION_REPRESENTATION ( #2060, #6825 ) ;
#166 = VECTOR ( 'NONE', #4778, 1000.000000000000000 ) ;
#167 = SURFACE_SIDE_STYLE ('',( #812 ) ) ;
#168 = MECHANICAL_DESIGN_GEOMETRIC_PRESENTATION_REPRESENTATION (  '', ( #4330 ), #4986 ) ;
#169 = CARTESIAN_POINT ( 'NONE',  ( 0.5288647974072393509, 0.003000000000000000062, -0.1149805027458715295 ) ) ;
#170 = ADVANCED_FACE ( 'NONE', ( #2495, #5064 ), #6667, .F. ) ;
#171 = COLOUR_RGB ( '',0.4745098039215686070, 0.4823529411764705954, 0.5019607843137254832 ) ;
#172 = CARTESIAN_POINT ( 'NONE',  ( 0.2130916288307719564, 0.003000000000000000062, -0.1274021582232185146 ) ) ;
#173 = DIRECTION ( 'NONE',  ( 1.355252715606880789E-16, 1.000000000000000000, -0.000000000000000000 ) ) ;
#174 = ORIENTED_EDGE ( 'NONE', *, *, #5933, .T. ) ;
#175 = DIRECTION ( 'NONE',  ( -1.000000000000000000, 0.000000000000000000, -0.000000000000000000 ) ) ;
#176 = VECTOR ( 'NONE', #6244, 1000.000000000000000 ) ;
#177 = VECTOR ( 'NONE', #3933, 1000.000000000000000 ) ;
#178 = AXIS2_PLACEMENT_3D ( 'NONE', #5059, #836, #907 ) ;
#179 = AXIS2_PLACEMENT_3D ( 'NONE', #3878, #658, #2842 ) ;
#180 = VECTOR ( 'NONE', #5631, 1000.000000000000000 ) ;
#181 = PRESENTATION_LAYER_ASSIGNMENT (  '', '', ( #6659 ) ) ;
#182 = LINE ( 'NONE', #2343, #636 ) ;
#183 = VECTOR ( 'NONE', #2727, 1000.000000000000000 ) ;
#184 = STYLED_ITEM ( 'NONE', ( #5575 ), #3557 ) ;
#185 = PLANE ( 'NONE',  #5215 ) ;
#186 = CARTESIAN_POINT ( 'NONE',  ( 0.7700000000000001288, 0.7600000000000001199, 0.3999999999999999667 ) ) ;
#187 = DIRECTION ( 'NONE',  ( -1.000000000000000000, 0.000000000000000000, 0.000000000000000000 ) ) ;
#188 = FACE_OUTER_BOUND ( 'NONE', #3608, .T. ) ;
#189 = CIRCLE ( 'NONE', #4102, 0.02999999999999997113 ) ;
#190 = FILL_AREA_STYLE_COLOUR ( '', #6466 ) ;
#191 = COLOUR_RGB ( '',0.8941176470588234615, 0.4039215686274509887, 0.2431372549019607809 ) ;
#192 = DIRECTION ( 'NONE',  ( -0.000000000000000000, -1.000000000000000000, -0.000000000000000000 ) ) ;
#193 = ORIENTED_EDGE ( 'NONE', *, *, #3090, .T. ) ;
#194 = CARTESIAN_POINT ( 'NONE',  ( -0.7875735931288072589, 0.7900000000000000355, 0.3699999999999999400 ) ) ;
#195 = CARTESIAN_POINT ( 'NONE',  ( 0.000000000000000000, 0.003000000000000000062, 0.000000000000000000 ) ) ;
#196 = SURFACE_STYLE_FILL_AREA ( #4997 ) ;
#197 = COLOUR_RGB ( '',0.8941176470588234615, 0.4039215686274509887, 0.2431372549019607809 ) ;
#198 = ORIENTED_EDGE ( 'NONE', *, *, #1571, .T. ) ;
#199 = SURFACE_STYLE_USAGE ( .BOTH. , #3934 ) ;
#200 = EDGE_CURVE ( 'NONE', #232, #4780, #4541, .T. ) ;
#201 =( NAMED_UNIT ( * ) SI_UNIT ( $, .STERADIAN. ) SOLID_ANGLE_UNIT ( ) );
#202 = EDGE_LOOP ( 'NONE', ( #2763, #861, #338, #6273 ) ) ;
#203 = UNCERTAINTY_MEASURE_WITH_UNIT (LENGTH_MEASURE( 1.000000000000000082E-05 ), #6561, 'distance_accuracy_value', 'NONE');
#204 = PRESENTATION_STYLE_ASSIGNMENT (( #233 ) ) ;
#205 = EDGE_CURVE ( 'NONE', #4551, #5158, #3465, .T. ) ;
#206 = CARTESIAN_POINT ( 'NONE',  ( 0.2335541953048984043, 0.003000000000000000062, -0.02864554858859405528 ) ) ;
#207 = CARTESIAN_POINT ( 'NONE',  ( 0.5084205967598398601, 0.003000000000000000062, -0.03645871607386060725 ) ) ;
#208 = LINE ( 'NONE', #144, #6453 ) ;
#209 = ORIENTED_EDGE ( 'NONE', *, *, #2263, .F. ) ;
#210 = ORIENTED_EDGE ( 'NONE', *, *, #403, .F. ) ;
#211 = PRESENTATION_LAYER_ASSIGNMENT (  '', '', ( #2360 ) ) ;
#212 = DIRECTION ( 'NONE',  ( 0.000000000000000000, -0.000000000000000000, -1.000000000000000000 ) ) ;
#213 = DIRECTION ( 'NONE',  ( 0.01298744226639455407, 0.000000000000000000, -0.9999156596150382548 ) ) ;
#214 = SURFACE_STYLE_FILL_AREA ( #5021 ) ;
#215 = PRESENTATION_STYLE_ASSIGNMENT (( #5022 ) ) ;
#216 = COLOUR_RGB ( '',0.8941176470588234615, 0.4039215686274509887, 0.2431372549019607809 ) ;
#217 = DIRECTION ( 'NONE',  ( 1.000000000000000000, 0.000000000000000000, 0.000000000000000000 ) ) ;
#218 = CARTESIAN_POINT ( 'NONE',  ( 0.2803476042950979186, 0.003000000000000000062, -0.1348280044436376557 ) ) ;
#219 = LINE ( 'NONE', #250, #6304 ) ;
#220 = DIRECTION ( 'NONE',  ( 0.000000000000000000, 0.000000000000000000, 1.000000000000000000 ) ) ;
#221 = MECHANICAL_DESIGN_GEOMETRIC_PRESENTATION_REPRESENTATION (  '', ( #1453 ), #3480 ) ;
#222 = ORIENTED_EDGE ( 'NONE', *, *, #4453, .T. ) ;
#223 = CARTESIAN_POINT ( 'NONE',  ( 0.5179688503939871014, 0.003000000000000000062, -0.1198996506375018395 ) ) ;
#224 = SURFACE_SIDE_STYLE ('',( #1721 ) ) ;
#225 = DIRECTION ( 'NONE',  ( 1.000000000000000000, 0.000000000000000000, 0.000000000000000000 ) ) ;
#226 = CARTESIAN_POINT ( 'NONE',  ( -0.8000000000000001554, 0.002426406871192947953, -0.3802943725152287402 ) ) ;
#227 =( LENGTH_UNIT ( ) NAMED_UNIT ( * ) SI_UNIT ( .MILLI., .METRE. ) );
#228 = EDGE_CURVE ( 'NONE', #29, #3917, #2938, .T. ) ;
#229 = ORIENTED_EDGE ( 'NONE', *, *, #291, .F. ) ;
#230 = LINE ( 'NONE', #5887, #2553 ) ;
#231 = PLANE ( 'NONE',  #4667 ) ;
#232 = VERTEX_POINT ( 'NONE', #5176 ) ;
#233 = SURFACE_STYLE_USAGE ( .BOTH. , #167 ) ;
#234 = CARTESIAN_POINT ( 'NONE',  ( 0.5200271813265667786, 0.000000000000000000, -0.06515718325081611140 ) ) ;
#235 = CYLINDRICAL_SURFACE ( 'NONE', #3755, 0.02999999999999997113 ) ;
#236 = LINE ( 'NONE', #1142, #640 ) ;
#237 = EDGE_CURVE ( 'NONE', #2119, #8, #1344, .T. ) ;
#238 = PRESENTATION_STYLE_ASSIGNMENT (( #4596 ) ) ;
#239 = ORIENTED_EDGE ( 'NONE', *, *, #3156, .T. ) ;
#240 = VERTEX_POINT ( 'NONE', #4076 ) ;
#241 = ORIENTED_EDGE ( 'NONE', *, *, #2434, .F. ) ;
#242 = PRESENTATION_STYLE_ASSIGNMENT (( #5481 ) ) ;
#243 = ORIENTED_EDGE ( 'NONE', *, *, #4250, .F. ) ;
#244 = FILL_AREA_STYLE ('',( #3951 ) ) ;
#245 = CARTESIAN_POINT ( 'NONE',  ( 0.5123449194841804832, 0.000000000000000000, -0.04042466694274549771 ) ) ;
#246 = CARTESIAN_POINT ( 'NONE',  ( 0.5229205373994898487, 0.000000000000000000, -0.09919797363134306989 ) ) ;
#247 = CARTESIAN_POINT ( 'NONE',  ( 0.2335176870820284134, 0.003000000000000000062, -0.05367500611619074879 ) ) ;
#248 = DIRECTION ( 'NONE',  ( 0.000000000000000000, 0.000000000000000000, 1.000000000000000000 ) ) ;
#249 = SURFACE_STYLE_FILL_AREA ( #5199 ) ;
#250 = CARTESIAN_POINT ( 'NONE',  ( -0.8000000000000001554, 0.7600000000000001199, -0.4000000000000000777 ) ) ;
#251 = PRESENTATION_LAYER_ASSIGNMENT (  '', '', ( #6051 ) ) ;
#252 = LINE ( 'NONE', #5490, #3217 ) ;
#253 = ORIENTED_EDGE ( 'NONE', *, *, #6397, .T. ) ;
#254 = CARTESIAN_POINT ( 'NONE',  ( 0.3795462710254895455, 0.003000000000000000062, -0.04879976180185294221 ) ) ;
#255 = CARTESIAN_POINT ( 'NONE',  ( -0.8000000000000000444, 0.7775735931288073610, 0.3699999999999999400 ) ) ;
#256 = CYLINDRICAL_SURFACE ( 'NONE', #5877, 0.02999999999999997113 ) ;
#257 = VECTOR ( 'NONE', #5846, 1000.000000000000000 ) ;
#258 = VERTEX_POINT ( 'NONE', #3492 ) ;
#259 = LINE ( 'NONE', #1309, #5882 ) ;
#260 = SURFACE_SIDE_STYLE ('',( #373 ) ) ;
#261 =( NAMED_UNIT ( * ) PLANE_ANGLE_UNIT ( ) SI_UNIT ( $, .RADIAN. ) );
#262 = ORIENTED_EDGE ( 'NONE', *, *, #2713, .T. ) ;
#263 = UNCERTAINTY_MEASURE_WITH_UNIT (LENGTH_MEASURE( 1.000000000000000082E-05 ), #4818, 'distance_accuracy_value', 'NONE');
#264 = EDGE_CURVE ( 'NONE', #1534, #1287, #5623, .T. ) ;
#265 = MECHANICAL_DESIGN_GEOMETRIC_PRESENTATION_REPRESENTATION (  '', ( #3085 ), #2067 ) ;
#266 = DIRECTION ( 'NONE',  ( 0.000000000000000000, 0.000000000000000000, 1.000000000000000000 ) ) ;
#267 = ORIENTED_EDGE ( 'NONE', *, *, #6588, .T. ) ;
#268 = CARTESIAN_POINT ( 'NONE',  ( 0.8000000000000001554, 0.7600000000000000089, 0.3699999999999999400 ) ) ;
#269 = PLANE ( 'NONE',  #3209 ) ;
#270 = DIRECTION ( 'NONE',  ( -1.000000000000000000, 0.000000000000000000, 0.000000000000000000 ) ) ;
#271 = CIRCLE ( 'NONE', #4426, 0.02999999999999997113 ) ;
#272 = CARTESIAN_POINT ( 'NONE',  ( 0.4000000000000000222, 0.7900000000000001465, -0.3700000000000001066 ) ) ;
#273 = FILL_AREA_STYLE_COLOUR ( '', #6891 ) ;
#274 = ORIENTED_EDGE ( 'NONE', *, *, #809, .F. ) ;
#276 = VERTEX_POINT ( 'NONE', #3567 ) ;
#275 = DIRECTION ( 'NONE',  ( 0.000000000000000000, 0.000000000000000000, -1.000000000000000000 ) ) ;
#277 = CARTESIAN_POINT ( 'NONE',  ( 0.5179688503939871014, 0.003000000000000000062, -0.04214059935213382985 ) ) ;
#278 = ORIENTED_EDGE ( 'NONE', *, *, #2464, .F. ) ;
#279 = UNCERTAINTY_MEASURE_WITH_UNIT (LENGTH_MEASURE( 1.000000000000000082E-05 ), #1712, 'distance_accuracy_value', 'NONE');
#280 =( NAMED_UNIT ( * ) SI_UNIT ( $, .STERADIAN. ) SOLID_ANGLE_UNIT ( ) );
#281 = VECTOR ( 'NONE', #5189, 1000.000000000000000 ) ;
#282 =( BOUNDED_SURFACE ( )  B_SPLINE_SURFACE ( 3, 3, ( 
 ( #4107, #978, #3966, #2047 ),
 ( #5753, #1800, #5200, #1305 ),
 ( #6298, #226, #6097, #6625 ),
 ( #1502, #1263, #3464, #88 ) ),
 .UNSPECIFIED., .F., .F., .F. ) 
 B_SPLINE_SURFACE_WITH_KNOTS ( ( 4, 4 ),
 ( 4, 4 ),
 ( 0.000000000000000000, 1.000000000000000000 ),
 ( 0.000000000000000000, 1.000000000000000000 ),
 .UNSPECIFIED. ) 
 GEOMETRIC_REPRESENTATION_ITEM ( )  RATIONAL_B_SPLINE_SURFACE ( (
 ( 1.000000000000000000, 0.8047378541243652705, 0.8047378541243652705, 1.000000000000000000),
 ( 0.8047378541243648264, 0.6476030138606878594, 0.6476030138606878594, 0.8047378541243648264),
 ( 0.8047378541243648264, 0.6476030138606878594, 0.6476030138606878594, 0.8047378541243648264),
 ( 1.000000000000000000, 0.8047378541243652705, 0.8047378541243652705, 1.000000000000000000) ) ) 
 REPRESENTATION_ITEM ( '' )  SURFACE ( )  );
#283 = VECTOR ( 'NONE', #576, 1000.000000000000000 ) ;
#284 = PLANE ( 'NONE',  #5879 ) ;
#285 =( GEOMETRIC_REPRESENTATION_CONTEXT ( 3 ) GLOBAL_UNCERTAINTY_ASSIGNED_CONTEXT ( ( #4621 ) ) GLOBAL_UNIT_ASSIGNED_CONTEXT ( ( #1362, #3580, #6177 ) ) REPRESENTATION_CONTEXT ( 'NONE', 'WORKASPACE' ) );
#286 = CARTESIAN_POINT ( 'NONE',  ( 0.5101288819357372439, 0.003000000000000000062, -0.06874794895536263939 ) ) ;
#287 = PLANE ( 'NONE',  #6780 ) ;
#288 =( LENGTH_UNIT ( ) NAMED_UNIT ( * ) SI_UNIT ( .MILLI., .METRE. ) );
#289 = FILL_AREA_STYLE_COLOUR ( '', #1039 ) ;
#290 = COLOUR_RGB ( '',0.4745098039215686070, 0.4823529411764705954, 0.5019607843137254832 ) ;
#291 = EDGE_CURVE ( 'NONE', #2572, #4164, #3591, .T. ) ;
#292 = STYLED_ITEM ( 'NONE', ( #2787 ), #2447 ) ;
#293 = LINE ( 'NONE', #6088, #1722 ) ;
#294 = EDGE_CURVE ( 'NONE', #780, #4468, #4045, .T. ) ;
#295 = EDGE_LOOP ( 'NONE', ( #4587, #4725, #2143, #6684 ) ) ;
#296 = MECHANICAL_DESIGN_GEOMETRIC_PRESENTATION_REPRESENTATION (  '', ( #5110 ), #2771 ) ;
#297 = CARTESIAN_POINT ( 'NONE',  ( 0.03995848295781381787, 0.003000000000000000062, -0.02822637805886715756 ) ) ;
#298 = STYLED_ITEM ( 'NONE', ( #1765 ), #2816 ) ;
#299 = AXIS2_PLACEMENT_3D ( 'NONE', #6584, #1255, #1758 ) ;
#300 = VECTOR ( 'NONE', #3104, 1000.000000000000000 ) ;
#301 = STYLED_ITEM ( 'NONE', ( #6296 ), #5902 ) ;
#302 = COLOUR_RGB ( '',0.8941176470588234615, 0.4039215686274509887, 0.2431372549019607809 ) ;
#303 = EDGE_LOOP ( 'NONE', ( #4959, #6728, #1850, #1987 ) ) ;
#304 = PRESENTATION_LAYER_ASSIGNMENT (  '', '', ( #1755 ) ) ;
#305 = FILL_AREA_STYLE_COLOUR ( '', #1178 ) ;
#306 = FACE_OUTER_BOUND ( 'NONE', #2973, .T. ) ;
#307 = CARTESIAN_POINT ( 'NONE',  ( 0.1239546528059941727, 0.003000000000000000062, -0.05204809658087075630 ) ) ;
#308 = ORIENTED_EDGE ( 'NONE', *, *, #5655, .T. ) ;
#309 = ORIENTED_EDGE ( 'NONE', *, *, #3366, .F. ) ;
#310 = PRESENTATION_LAYER_ASSIGNMENT (  '', '', ( #4803 ) ) ;
#311 = DIRECTION ( 'NONE',  ( 1.000000000000000000, -0.000000000000000000, -0.000000000000000000 ) ) ;
#312 = DIRECTION ( 'NONE',  ( -0.000000000000000000, -1.000000000000000000, -0.000000000000000000 ) ) ;
#313 = CARTESIAN_POINT ( 'NONE',  ( 0.5120076289780736145, 0.003000000000000000062, -0.1241701196862797923 ) ) ;
#314 = ADVANCED_FACE ( 'NONE', ( #6835 ), #2665, .F. ) ;
#315 = DIRECTION ( 'NONE',  ( 0.000000000000000000, 0.000000000000000000, 1.000000000000000000 ) ) ;
#316 = CARTESIAN_POINT ( 'NONE',  ( 0.3744480512798593064, 0.003000000000000000062, -0.09158047531953275588 ) ) ;
#317 = ORIENTED_EDGE ( 'NONE', *, *, #2340, .T. ) ;
#318 = CARTESIAN_POINT ( 'NONE',  ( -0.4000000000000000222, 0.7900000000000001465, -0.4000000000000000777 ) ) ;
#319 = PRESENTATION_STYLE_ASSIGNMENT (( #5126 ) ) ;
#320 = CIRCLE ( 'NONE', #4471, 0.01104772971636571940 ) ;
#321 = CARTESIAN_POINT ( 'NONE',  ( 0.5179688503939871014, 0.003000000000000000062, -0.1198996506375018395 ) ) ;
#322 = COLOUR_RGB ( '',0.4745098039215686070, 0.4823529411764705954, 0.5019607843137254832 ) ;
#323 = VERTEX_POINT ( 'NONE', #1045 ) ;
#324 = ADVANCED_FACE ( 'NONE', ( #2164 ), #2568, .F. ) ;
#325 = EDGE_CURVE ( 'NONE', #4220, #3935, #4693, .T. ) ;
#326 = CARTESIAN_POINT ( 'NONE',  ( -0.7700000000000001288, -0.009999999999999918676, -0.4000000000000000777 ) ) ;
#327 =( LENGTH_UNIT ( ) NAMED_UNIT ( * ) SI_UNIT ( .MILLI., .METRE. ) );
#328 = CARTESIAN_POINT ( 'NONE',  ( 0.2399327853941375099, 0.003000000000000000062, -0.1115516379562313670 ) ) ;
#329 = PRESENTATION_STYLE_ASSIGNMENT (( #5133 ) ) ;
#330 = SURFACE_STYLE_USAGE ( .BOTH. , #4033 ) ;
#331 = DIRECTION ( 'NONE',  ( 0.000000000000000000, 0.000000000000000000, 1.000000000000000000 ) ) ;
#332 = AXIS2_PLACEMENT_3D ( 'NONE', #3533, #5802, #6217 ) ;
#333 = MECHANICAL_DESIGN_GEOMETRIC_PRESENTATION_REPRESENTATION (  '', ( #2911 ), #2461 ) ;
#334 = AXIS2_PLACEMENT_3D ( 'NONE', #1146, #6857, #2080 ) ;
#335 = PRESENTATION_STYLE_ASSIGNMENT (( #5204 ) ) ;
#336 = VERTEX_POINT ( 'NONE', #4795 ) ;
#337 = DIRECTION ( 'NONE',  ( -0.000000000000000000, -1.000000000000000000, -0.000000000000000000 ) ) ;
#338 = ORIENTED_EDGE ( 'NONE', *, *, #910, .T. ) ;
#339 = DIRECTION ( 'NONE',  ( 0.000000000000000000, 1.000000000000000000, 0.000000000000000000 ) ) ;
#340 =( GEOMETRIC_REPRESENTATION_CONTEXT ( 3 ) GLOBAL_UNCERTAINTY_ASSIGNED_CONTEXT ( ( #5262 ) ) GLOBAL_UNIT_ASSIGNED_CONTEXT ( ( #5995, #4384, #6597 ) ) REPRESENTATION_CONTEXT ( 'NONE', 'WORKASPACE' ) );
#341 = ORIENTED_EDGE ( 'NONE', *, *, #3257, .T. ) ;
#342 = ORIENTED_EDGE ( 'NONE', *, *, #5884, .F. ) ;
#343 = FACE_OUTER_BOUND ( 'NONE', #2605, .T. ) ;
#344 = EDGE_CURVE ( 'NONE', #3078, #2572, #6305, .T. ) ;
#345 = CARTESIAN_POINT ( 'NONE',  ( -0.4000000000000000222, 0.7900000000000001465, 0.3699999999999999956 ) ) ;
#346 = CARTESIAN_POINT ( 'NONE',  ( 0.05327345187919454300, 0.003000000000000000062, -0.08625706701872583315 ) ) ;
#347 = CARTESIAN_POINT ( 'NONE',  ( 0.5120076289780736145, 0.003000000000000000062, -0.05803963744639718814 ) ) ;
#348 = EDGE_CURVE ( 'NONE', #5554, #5188, #5762, .T. ) ;
#349 = SURFACE_STYLE_FILL_AREA ( #5187 ) ;
#350 = PRESENTATION_STYLE_ASSIGNMENT (( #4092 ) ) ;
#351 = ORIENTED_EDGE ( 'NONE', *, *, #4199, .F. ) ;
#353 = ORIENTED_EDGE ( 'NONE', *, *, #1512, .T. ) ;
#352 = DIRECTION ( 'NONE',  ( 0.000000000000000000, -0.000000000000000000, 1.000000000000000000 ) ) ;
#354 = SURFACE_STYLE_FILL_AREA ( #6331 ) ;
#355 = EDGE_CURVE ( 'NONE', #3073, #5286, #5483, .T. ) ;
#356 = ORIENTED_EDGE ( 'NONE', *, *, #4043, .F. ) ;
#357 = UNCERTAINTY_MEASURE_WITH_UNIT (LENGTH_MEASURE( 1.000000000000000082E-05 ), #788, 'distance_accuracy_value', 'NONE');
#358 = LINE ( 'NONE', #4101, #3427 ) ;
#359 = FILL_AREA_STYLE_COLOUR ( '', #4759 ) ;
#360 = FILL_AREA_STYLE ('',( #3484 ) ) ;
#361 = DIRECTION ( 'NONE',  ( 0.000000000000000000, 0.000000000000000000, -1.000000000000000000 ) ) ;
#362 = UNCERTAINTY_MEASURE_WITH_UNIT (LENGTH_MEASURE( 1.000000000000000082E-05 ), #3017, 'distance_accuracy_value', 'NONE');
#363 = SURFACE_SIDE_STYLE ('',( #5757 ) ) ;
#364 = EDGE_LOOP ( 'NONE', ( #2394, #6868, #3341, #1463 ) ) ;
#365 =( NAMED_UNIT ( * ) SI_UNIT ( $, .STERADIAN. ) SOLID_ANGLE_UNIT ( ) );
#366 = LINE ( 'NONE', #2521, #3759 ) ;
#367 = SURFACE_STYLE_USAGE ( .BOTH. , #5142 ) ;
#368 = PRESENTATION_LAYER_ASSIGNMENT (  '', '', ( #1485 ) ) ;
#369 = ADVANCED_FACE ( 'NONE', ( #3673 ), #2136, .F. ) ;
#370 = ORIENTED_EDGE ( 'NONE', *, *, #3674, .F. ) ;
#371 = VECTOR ( 'NONE', #5937, 1000.000000000000000 ) ;
#372 = FILL_AREA_STYLE ('',( #305 ) ) ;
#373 = SURFACE_STYLE_FILL_AREA ( #6136 ) ;
#374 = SURFACE_SIDE_STYLE ('',( #5180 ) ) ;
#375 = VERTEX_POINT ( 'NONE', #2304 ) ;
#376 = COLOUR_RGB ( '',0.4745098039215686070, 0.4823529411764705954, 0.5019607843137254832 ) ;
#377 = ORIENTED_EDGE ( 'NONE', *, *, #2166, .F. ) ;
#378 = LINE ( 'NONE', #2982, #5885 ) ;
#379 = SURFACE_STYLE_USAGE ( .BOTH. , #4554 ) ;
#380 =( NAMED_UNIT ( * ) SI_UNIT ( $, .STERADIAN. ) SOLID_ANGLE_UNIT ( ) );
#381 = CARTESIAN_POINT ( 'NONE',  ( 0.5078988403312109101, 0.003000000000000000062, -0.05416084963150000903 ) ) ;
#382 = LINE ( 'NONE', #2003, #5900 ) ;
#383 = EDGE_LOOP ( 'NONE', ( #4560, #2137, #454, #2854 ) ) ;
#385 = ORIENTED_EDGE ( 'NONE', *, *, #6133, .T. ) ;
#384 =( LENGTH_UNIT ( ) NAMED_UNIT ( * ) SI_UNIT ( .MILLI., .METRE. ) );
#386 = CIRCLE ( 'NONE', #3100, 0.02999999999999997113 ) ;
#387 = LINE ( 'NONE', #3651, #5967 ) ;
#388 = ORIENTED_EDGE ( 'NONE', *, *, #2634, .T. ) ;
#389 = MECHANICAL_DESIGN_GEOMETRIC_PRESENTATION_REPRESENTATION (  '', ( #5088 ), #6302 ) ;
#390 = EDGE_CURVE ( 'NONE', #232, #4819, #1198, .T. ) ;
#391 = MECHANICAL_DESIGN_GEOMETRIC_PRESENTATION_REPRESENTATION (  '', ( #1151 ), #1498 ) ;
#392 =( NAMED_UNIT ( * ) PLANE_ANGLE_UNIT ( ) SI_UNIT ( $, .RADIAN. ) );
#393 = CARTESIAN_POINT ( 'NONE',  ( 0.3795462710254895455, 0.003000000000000000062, -0.1348280044436376557 ) ) ;
#394 = FACE_OUTER_BOUND ( 'NONE', #4026, .T. ) ;
#395 = DIRECTION ( 'NONE',  ( 1.000000000000000000, 0.000000000000000000, 0.000000000000000000 ) ) ;
#396 = PRESENTATION_STYLE_ASSIGNMENT (( #2445 ) ) ;
#397 = COLOUR_RGB ( '',0.4745098039215686070, 0.4823529411764705954, 0.5019607843137254832 ) ;
#398 = CARTESIAN_POINT ( 'NONE',  ( 0.2150087017542838541, 4.235164736271501695E-19, -0.03463143699253776880 ) ) ;
#399 = MECHANICAL_DESIGN_GEOMETRIC_PRESENTATION_REPRESENTATION (  '', ( #1966 ), #6653 ) ;
#400 = ORIENTED_EDGE ( 'NONE', *, *, #4108, .F. ) ;
#401 = DIRECTION ( 'NONE',  ( 0.000000000000000000, 1.000000000000000000, 0.000000000000000000 ) ) ;
#402 = DIRECTION ( 'NONE',  ( 1.355252715606880789E-16, 1.000000000000000000, -0.000000000000000000 ) ) ;
#403 = EDGE_CURVE ( 'NONE', #5871, #4527, #1998, .T. ) ;
#404 = VECTOR ( 'NONE', #6892, 1000.000000000000000 ) ;
#405 = COLOUR_RGB ( '',0.8941176470588234615, 0.4039215686274509887, 0.2431372549019607809 ) ;
#406 = VERTEX_POINT ( 'NONE', #6458 ) ;
#407 = COLOUR_RGB ( '',0.8941176470588234615, 0.4039215686274509887, 0.2431372549019607809 ) ;
#408 = EDGE_CURVE ( 'NONE', #1771, #2966, #676, .T. ) ;
#409 = ADVANCED_FACE ( 'NONE', ( #3385 ), #605, .T. ) ;
#410 = ORIENTED_EDGE ( 'NONE', *, *, #637, .T. ) ;
#411 = MECHANICAL_DESIGN_GEOMETRIC_PRESENTATION_REPRESENTATION (  '', ( #4675 ), #847 ) ;
#412 =( NAMED_UNIT ( * ) SI_UNIT ( $, .STERADIAN. ) SOLID_ANGLE_UNIT ( ) );
#413 = PRESENTATION_STYLE_ASSIGNMENT (( #5216 ) ) ;
#414 = STYLED_ITEM ( 'NONE', ( #3727 ), #4243 ) ;
#415 = COLOUR_RGB ( '',0.8941176470588234615, 0.4039215686274509887, 0.2431372549019607809 ) ;
#416 = SURFACE_STYLE_USAGE ( .BOTH. , #6394 ) ;
#417 = ORIENTED_EDGE ( 'NONE', *, *, #3782, .F. ) ;
#418 = UNCERTAINTY_MEASURE_WITH_UNIT (LENGTH_MEASURE( 1.000000000000000082E-05 ), #5559, 'distance_accuracy_value', 'NONE');
#419 = PRESENTATION_LAYER_ASSIGNMENT (  '', '', ( #3442 ) ) ;
#420 = CARTESIAN_POINT ( 'NONE',  ( 0.1236572826574574430, 0.003000000000000000062, -0.1348280044436376557 ) ) ;
#421 = VECTOR ( 'NONE', #5382, 1000.000000000000000 ) ;
#422 = ADVANCED_FACE ( 'NONE', ( #6484 ), #6022, .F. ) ;
#423 = ORIENTED_EDGE ( 'NONE', *, *, #2124, .T. ) ;
#424 = DIRECTION ( 'NONE',  ( 0.000000000000000000, 0.000000000000000000, -1.000000000000000000 ) ) ;
#425 = PRESENTATION_STYLE_ASSIGNMENT (( #1635 ) ) ;
#426 = VERTEX_POINT ( 'NONE', #2732 ) ;
#428 = VERTEX_POINT ( 'NONE', #4341 ) ;
#427 = DIRECTION ( 'NONE',  ( -0.000000000000000000, -0.000000000000000000, -1.000000000000000000 ) ) ;
#429 = CARTESIAN_POINT ( 'NONE',  ( -0.7700000000000001288, -0.009999999999999913472, 0.3699999999999999956 ) ) ;
#430 = PLANE ( 'NONE',  #932 ) ;
#431 = UNCERTAINTY_MEASURE_WITH_UNIT (LENGTH_MEASURE( 1.000000000000000082E-05 ), #3216, 'distance_accuracy_value', 'NONE');
#432 =( NAMED_UNIT ( * ) PLANE_ANGLE_UNIT ( ) SI_UNIT ( $, .RADIAN. ) );
#433 = EDGE_CURVE ( 'NONE', #4411, #4185, #1660, .T. ) ;
#434 =( GEOMETRIC_REPRESENTATION_CONTEXT ( 3 ) GLOBAL_UNCERTAINTY_ASSIGNED_CONTEXT ( ( #1175 ) ) GLOBAL_UNIT_ASSIGNED_CONTEXT ( ( #2627, #5730, #1560 ) ) REPRESENTATION_CONTEXT ( 'NONE', 'WORKASPACE' ) );
#435 = SURFACE_SIDE_STYLE ('',( #1472 ) ) ;
#436 = PRESENTATION_STYLE_ASSIGNMENT (( #5130 ) ) ;
#437 = FILL_AREA_STYLE_COLOUR ( '', #1978 ) ;
#438 = PLANE ( 'NONE',  #6077 ) ;
#439 = FACE_OUTER_BOUND ( 'NONE', #4159, .T. ) ;
#440 = VECTOR ( 'NONE', #6755, 1000.000000000000000 ) ;
#441 = AXIS2_PLACEMENT_3D ( 'NONE', #5979, #4372, #3352 ) ;
#442 = UNCERTAINTY_MEASURE_WITH_UNIT (LENGTH_MEASURE( 1.000000000000000082E-05 ), #6245, 'distance_accuracy_value', 'NONE');
#443 = PRESENTATION_STYLE_ASSIGNMENT (( #6762 ) ) ;
#444 =( NAMED_UNIT ( * ) SI_UNIT ( $, .STERADIAN. ) SOLID_ANGLE_UNIT ( ) );
#445 = CARTESIAN_POINT ( 'NONE',  ( 0.5149849188702897429, 0.000000000000000000, -0.1238094871698974531 ) ) ;
#446 = LINE ( 'NONE', #5792, #3414 ) ;
#447 = ORIENTED_EDGE ( 'NONE', *, *, #6885, .T. ) ;
#448 = DIRECTION ( 'NONE',  ( 0.000000000000000000, 1.000000000000000000, 0.000000000000000000 ) ) ;
#449 = VERTEX_POINT ( 'NONE', #4068 ) ;
#450 = FACE_OUTER_BOUND ( 'NONE', #6138, .T. ) ;
#451 =( NAMED_UNIT ( * ) SI_UNIT ( $, .STERADIAN. ) SOLID_ANGLE_UNIT ( ) );
#452 = ORIENTED_EDGE ( 'NONE', *, *, #6492, .F. ) ;
#453 = COLOUR_RGB ( '',0.4745098039215686070, 0.4823529411764705954, 0.5019607843137254832 ) ;
#454 = ORIENTED_EDGE ( 'NONE', *, *, #811, .F. ) ;
#455 =( NAMED_UNIT ( * ) PLANE_ANGLE_UNIT ( ) SI_UNIT ( $, .RADIAN. ) );
#456 =( NAMED_UNIT ( * ) PLANE_ANGLE_UNIT ( ) SI_UNIT ( $, .RADIAN. ) );
#457 = ORIENTED_EDGE ( 'NONE', *, *, #3745, .T. ) ;
#459 = ORIENTED_EDGE ( 'NONE', *, *, #2841, .T. ) ;
#458 = LINE ( 'NONE', #1569, #3857 ) ;
#460 = DIRECTION ( 'NONE',  ( 0.000000000000000000, 0.000000000000000000, 1.000000000000000000 ) ) ;
#461 =( LENGTH_UNIT ( ) NAMED_UNIT ( * ) SI_UNIT ( .MILLI., .METRE. ) );
#462 = DIRECTION ( 'NONE',  ( -1.000000000000000000, -0.000000000000000000, -0.000000000000000000 ) ) ;
#463 = EDGE_CURVE ( 'NONE', #6015, #3139, #5135, .T. ) ;
#464 = CYLINDRICAL_SURFACE ( 'NONE', #6339, 0.02999999999999997113 ) ;
#465 = CARTESIAN_POINT ( 'NONE',  ( -0.7900000000000000355, 0.7500000000000001110, -0.3900000000000001243 ) ) ;
#466 = CARTESIAN_POINT ( 'NONE',  ( 0.08159078854458594321, 0.000000000000000000, -0.1348280044436376557 ) ) ;
#467 =( LENGTH_UNIT ( ) NAMED_UNIT ( * ) SI_UNIT ( .MILLI., .METRE. ) );
#468 =( NAMED_UNIT ( * ) SI_UNIT ( $, .STERADIAN. ) SOLID_ANGLE_UNIT ( ) );
#469 = CARTESIAN_POINT ( 'NONE',  ( 0.1469232180088918538, 0.000000000000000000, -0.06791197847948228505 ) ) ;
#470 = SURFACE_STYLE_USAGE ( .BOTH. , #1478 ) ;
#471 = FILL_AREA_STYLE ('',( #6480 ) ) ;
#472 = DIRECTION ( 'NONE',  ( 1.000000000000000000, -0.000000000000000000, -0.000000000000000000 ) ) ;
#473 = ORIENTED_EDGE ( 'NONE', *, *, #3510, .F. ) ;
#474 = EDGE_CURVE ( 'NONE', #4831, #3190, #219, .T. ) ;
#475 = ADVANCED_FACE ( 'NONE', ( #6695 ), #3416, .F. ) ;
#476 = ORIENTED_EDGE ( 'NONE', *, *, #1656, .F. ) ;
#477 = SURFACE_STYLE_FILL_AREA ( #511 ) ;
#478 = ORIENTED_EDGE ( 'NONE', *, *, #6294, .F. ) ;
#479 = LINE ( 'NONE', #4125, #3026 ) ;
#480 = UNCERTAINTY_MEASURE_WITH_UNIT (LENGTH_MEASURE( 1.000000000000000082E-05 ), #106, 'distance_accuracy_value', 'NONE');
#481 = ORIENTED_EDGE ( 'NONE', *, *, #2685, .T. ) ;
#482 = PRESENTATION_STYLE_ASSIGNMENT (( #5266 ) ) ;
#483 = DIRECTION ( 'NONE',  ( 0.000000000000000000, 1.000000000000000000, 0.000000000000000000 ) ) ;
#484 = CARTESIAN_POINT ( 'NONE',  ( 0.000000000000000000, 0.003000000000000000062, 0.000000000000000000 ) ) ;
#485 = EDGE_LOOP ( 'NONE', ( #1591, #2323, #1565, #1491, #2411, #3864, #3097, #6369, #4517 ) ) ;
#487 = EDGE_LOOP ( 'NONE', ( #1349, #5499, #4450, #2062 ) ) ;
#486 = CARTESIAN_POINT ( 'NONE',  ( 0.5078988403312109101, 0.000000000000000000, -0.03902772777760919048 ) ) ;
#488 = ADVANCED_FACE ( 'NONE', ( #2963, #5090 ), #6050, .T. ) ;
#489 = FILL_AREA_STYLE_COLOUR ( '', #5810 ) ;
#490 = FILL_AREA_STYLE_COLOUR ( '', #2449 ) ;
#491 = FILL_AREA_STYLE ('',( #4260 ) ) ;
#492 = FACE_OUTER_BOUND ( 'NONE', #3902, .T. ) ;
#493 = CARTESIAN_POINT ( 'NONE',  ( -0.0006262868159067971896, 0.003000000000000000062, -0.1348280044436376557 ) ) ;
#494 = CARTESIAN_POINT ( 'NONE',  ( 0.5151552488221826653, 0.000000000000000000, -0.03769204240707927506 ) ) ;
#495 = EDGE_LOOP ( 'NONE', ( #6603, #6528, #4010, #5840 ) ) ;
#496 = CARTESIAN_POINT ( 'NONE',  ( 0.3795462710254895455, 0.003000000000000000062, -0.1348280044436376557 ) ) ;
#497 = STYLED_ITEM ( 'NONE', ( #2272 ), #1833 ) ;
#498 = PRESENTATION_STYLE_ASSIGNMENT (( #5315 ) ) ;
#499 = EDGE_CURVE ( 'NONE', #6366, #323, #1869, .T. ) ;
#500 = DIRECTION ( 'NONE',  ( 0.000000000000000000, 0.000000000000000000, 1.000000000000000000 ) ) ;
#501 = DIRECTION ( 'NONE',  ( -1.000000000000000000, 0.000000000000000000, 0.000000000000000000 ) ) ;
#502 = SURFACE_STYLE_FILL_AREA ( #5318 ) ;
#503 =( GEOMETRIC_REPRESENTATION_CONTEXT ( 3 ) GLOBAL_UNCERTAINTY_ASSIGNED_CONTEXT ( ( #6718 ) ) GLOBAL_UNIT_ASSIGNED_CONTEXT ( ( #2130, #4746, #6343 ) ) REPRESENTATION_CONTEXT ( 'NONE', 'WORKASPACE' ) );
#504 = EDGE_LOOP ( 'NONE', ( #5172, #1672, #4767, #1988 ) ) ;
#505 = AXIS2_PLACEMENT_3D ( 'NONE', #4605, #5545, #6082 ) ;
#506 =( LENGTH_UNIT ( ) NAMED_UNIT ( * ) SI_UNIT ( .MILLI., .METRE. ) );
#507 = EDGE_CURVE ( 'NONE', #5579, #4708, #293, .T. ) ;
#508 = CARTESIAN_POINT ( 'NONE',  ( 0.3744480512798593064, 0.000000000000000000, -0.07252464859866522562 ) ) ;
#509 = ORIENTED_EDGE ( 'NONE', *, *, #2161, .F. ) ;
#510 = DIRECTION ( 'NONE',  ( 0.8399299833958834283, -0.000000000000000000, -0.5426947788514192572 ) ) ;
#511 = FILL_AREA_STYLE ('',( #2211 ) ) ;
#512 = EDGE_LOOP ( 'NONE', ( #6280, #6354, #6537, #3154, #4766, #1602, #4876, #6186, #5004 ) ) ;
#513 = STYLED_ITEM ( 'NONE', ( #2349 ), #4070 ) ;
#514 = CARTESIAN_POINT ( 'NONE',  ( 0.2988614020076892919, 0.000000000000000000, -0.02822637805886715756 ) ) ;
#515 = MECHANICAL_DESIGN_GEOMETRIC_PRESENTATION_REPRESENTATION (  '', ( #5447 ), #1972 ) ;
#516 = ORIENTED_EDGE ( 'NONE', *, *, #3925, .T. ) ;
#517 = AXIS2_PLACEMENT_3D ( 'NONE', #1310, #4012, #5600 ) ;
#518 = CARTESIAN_POINT ( 'NONE',  ( 0.2988614020076892919, 0.003000000000000000062, -0.02822637805886715756 ) ) ;
#519 =( NAMED_UNIT ( * ) SI_UNIT ( $, .STERADIAN. ) SOLID_ANGLE_UNIT ( ) );
#520 = DIRECTION ( 'NONE',  ( -0.000000000000000000, -0.000000000000000000, 1.000000000000000000 ) ) ;
#521 = ORIENTED_EDGE ( 'NONE', *, *, #6619, .F. ) ;
#522 =( GEOMETRIC_REPRESENTATION_CONTEXT ( 3 ) GLOBAL_UNCERTAINTY_ASSIGNED_CONTEXT ( ( #3169 ) ) GLOBAL_UNIT_ASSIGNED_CONTEXT ( ( #1042, #1549, #444 ) ) REPRESENTATION_CONTEXT ( 'NONE', 'WORKASPACE' ) );
#524 = ORIENTED_EDGE ( 'NONE', *, *, #4813, .T. ) ;
#523 = FILL_AREA_STYLE_COLOUR ( '', #1726 ) ;
#525 = VERTEX_POINT ( 'NONE', #4036 ) ;
#526 = CARTESIAN_POINT ( 'NONE',  ( 0.000000000000000000, 0.000000000000000000, 0.000000000000000000 ) ) ;
#527 = STYLED_ITEM ( 'NONE', ( #215 ), #5633 ) ;
#528 = MECHANICAL_DESIGN_GEOMETRIC_PRESENTATION_REPRESENTATION (  '', ( #3553 ), #2448 ) ;
#529 = VECTOR ( 'NONE', #5043, 1000.000000000000000 ) ;
#530 = PLANE ( 'NONE',  #6734 ) ;
#531 = ADVANCED_FACE ( 'NONE', ( #744 ), #1825, .T. ) ;
#532 = VECTOR ( 'NONE', #1003, 1000.000000000000000 ) ;
#533 = SURFACE_SIDE_STYLE ('',( #5475 ) ) ;
#534 = SURFACE_SIDE_STYLE ('',( #5845 ) ) ;
#535 = PLANE ( 'NONE',  #1058 ) ;
#536 = COLOUR_RGB ( '',0.4745098039215686070, 0.4823529411764705954, 0.5019607843137254832 ) ;
#537 = STYLED_ITEM ( 'NONE', ( #3339 ), #3822 ) ;
#538 = CARTESIAN_POINT ( 'NONE',  ( -0.8000000000000001554, 0.02000000000000005593, 0.3875735931288071257 ) ) ;
#539 = SURFACE_SIDE_STYLE ('',( #1115 ) ) ;
#540 = ORIENTED_EDGE ( 'NONE', *, *, #2965, .T. ) ;
#541 = LINE ( 'NONE', #4820, #5968 ) ;
#542 = CARTESIAN_POINT ( 'NONE',  ( 0.5078988403312109101, 0.000000000000000000, -0.06475161236307666601 ) ) ;
#543 = EDGE_CURVE ( 'NONE', #2565, #3197, #6238, .T. ) ;
#544 = VECTOR ( 'NONE', #5958, 1000.000000000000000 ) ;
#545 = CARTESIAN_POINT ( 'NONE',  ( 0.5188791900677894864, 0.003000000000000000062, -0.07069795219244838502 ) ) ;
#546 = PRESENTATION_STYLE_ASSIGNMENT (( #6863 ) ) ;
#547 =( GEOMETRIC_REPRESENTATION_CONTEXT ( 3 ) GLOBAL_UNCERTAINTY_ASSIGNED_CONTEXT ( ( #362 ) ) GLOBAL_UNIT_ASSIGNED_CONTEXT ( ( #3017, #887, #5152 ) ) REPRESENTATION_CONTEXT ( 'NONE', 'WORKASPACE' ) );
#548 =( GEOMETRIC_REPRESENTATION_CONTEXT ( 3 ) GLOBAL_UNCERTAINTY_ASSIGNED_CONTEXT ( ( #5282 ) ) GLOBAL_UNIT_ASSIGNED_CONTEXT ( ( #2268, #3310, #3757 ) ) REPRESENTATION_CONTEXT ( 'NONE', 'WORKASPACE' ) );
#549 = DIRECTION ( 'NONE',  ( -0.000000000000000000, -1.000000000000000000, -0.000000000000000000 ) ) ;
#550 = EDGE_LOOP ( 'NONE', ( #6183, #5181, #2861, #4312 ) ) ;
#551 = CARTESIAN_POINT ( 'NONE',  ( 0.5250253739081551796, 0.000000000000000000, -0.04688998638497178517 ) ) ;
#552 = ORIENTED_EDGE ( 'NONE', *, *, #2196, .T. ) ;
#553 = CARTESIAN_POINT ( 'NONE',  ( 0.5288647974072393509, 0.003000000000000000062, -0.1149805027458715295 ) ) ;
#554 = ORIENTED_EDGE ( 'NONE', *, *, #3697, .F. ) ;
#555 =( GEOMETRIC_REPRESENTATION_CONTEXT ( 3 ) GLOBAL_UNCERTAINTY_ASSIGNED_CONTEXT ( ( #3016 ) ) GLOBAL_UNIT_ASSIGNED_CONTEXT ( ( #1604, #6848, #6437 ) ) REPRESENTATION_CONTEXT ( 'NONE', 'WORKASPACE' ) );
#556 = CARTESIAN_POINT ( 'NONE',  ( 0.5148982518008852205, 0.003000000000000000062, -0.1225023121905232382 ) ) ;
#557 = APPLICATION_CONTEXT ( 'automotive_design' ) ;
#558 = SURFACE_STYLE_USAGE ( .BOTH. , #5432 ) ;
#559 = VERTEX_POINT ( 'NONE', #3599 ) ;
#561 = ORIENTED_EDGE ( 'NONE', *, *, #499, .T. ) ;
#560 = CARTESIAN_POINT ( 'NONE',  ( 0.5229205373994898487, 0.000000000000000000, -0.1070613408442326470 ) ) ;
#562 = CLOSED_SHELL ( 'NONE', ( #5299, #4616, #6172, #3557, #2483, #4701, #767, #1021, #3778, #6690, #5633, #1859, #531, #2917 ) ) ;
#563 = DIRECTION ( 'NONE',  ( 1.000000000000000000, 0.000000000000000000, 0.000000000000000000 ) ) ;
#564 = UNCERTAINTY_MEASURE_WITH_UNIT (LENGTH_MEASURE( 1.000000000000000082E-05 ), #4089, 'distance_accuracy_value', 'NONE');
#565 = EDGE_CURVE ( 'NONE', #6075, #3403, #5313, .T. ) ;
#566 = VECTOR ( 'NONE', #4828, 1000.000000000000000 ) ;
#567 = CARTESIAN_POINT ( 'NONE',  ( -0.7700000000000001288, 0.000000000000000000, -0.4000000000000000777 ) ) ;
#568 = CARTESIAN_POINT ( 'NONE',  ( 0.3250174859200531396, 0.000000000000000000, -0.04879976180185294221 ) ) ;
#569 = LINE ( 'NONE', #2189, #1731 ) ;
#570 = CARTESIAN_POINT ( 'NONE',  ( -0.4000000000000001332, 0.000000000000000000, 0.3599999999999999867 ) ) ;
#571 = CARTESIAN_POINT ( 'NONE',  ( -0.4000000000000000222, 0.7600000000000001199, -0.3700000000000001066 ) ) ;
#572 = ORIENTED_EDGE ( 'NONE', *, *, #2754, .T. ) ;
#573 = DIRECTION ( 'NONE',  ( -0.000000000000000000, -1.000000000000000000, -0.000000000000000000 ) ) ;
#574 = CARTESIAN_POINT ( 'NONE',  ( 0.5291540010148010342, 0.003000000000000000062, -0.05105430400072100139 ) ) ;
#575 = FACE_OUTER_BOUND ( 'NONE', #3788, .T. ) ;
#576 = DIRECTION ( 'NONE',  ( 0.000000000000000000, 0.000000000000000000, 1.000000000000000000 ) ) ;
#577 = CARTESIAN_POINT ( 'NONE',  ( 0.5229205373994898487, 0.003000000000000000062, -0.09919797363134306989 ) ) ;
#578 = FACE_OUTER_BOUND ( 'NONE', #1282, .T. ) ;
#579 = DIRECTION ( 'NONE',  ( -1.000000000000000000, 0.000000000000000000, -0.000000000000000000 ) ) ;
#580 = DIRECTION ( 'NONE',  ( 0.000000000000000000, 0.000000000000000000, -1.000000000000000000 ) ) ;
#581 = ORIENTED_EDGE ( 'NONE', *, *, #6090, .F. ) ;
#582 = CARTESIAN_POINT ( 'NONE',  ( 0.1296967941067185826, 0.000000000000000000, -0.06791197847948228505 ) ) ;
#583 = DIRECTION ( 'NONE',  ( 0.000000000000000000, -0.000000000000000000, 1.000000000000000000 ) ) ;
#584 = VERTEX_POINT ( 'NONE', #5361 ) ;
#585 = ADVANCED_FACE ( 'NONE', ( #1504 ), #6515, .F. ) ;
#586 = SURFACE_SIDE_STYLE ('',( #2773 ) ) ;
#587 = ORIENTED_EDGE ( 'NONE', *, *, #2375, .F. ) ;
#588 = FACE_OUTER_BOUND ( 'NONE', #1391, .T. ) ;
#589 = SURFACE_SIDE_STYLE ('',( #1773 ) ) ;
#590 = VERTEX_POINT ( 'NONE', #1147 ) ;
#591 = CARTESIAN_POINT ( 'NONE',  ( -58.06312379396700862, 4.964576679658549097, 27.45274467586558131 ) ) ;
#592 =( NAMED_UNIT ( * ) SI_UNIT ( $, .STERADIAN. ) SOLID_ANGLE_UNIT ( ) );
#593 = EDGE_CURVE ( 'NONE', #6075, #3876, #5582, .T. ) ;
#594 = LINE ( 'NONE', #2688, #3758 ) ;
#595 = DIRECTION ( 'NONE',  ( 0.000000000000000000, 0.000000000000000000, -1.000000000000000000 ) ) ;
#596 = CARTESIAN_POINT ( 'NONE',  ( 0.5220709974093684647, 0.000000000000000000, -0.04688998638497178517 ) ) ;
#597 = EDGE_LOOP ( 'NONE', ( #1940, #4647, #3703, #2926 ) ) ;
#598 = SURFACE_STYLE_FILL_AREA ( #146 ) ;
#599 = CARTESIAN_POINT ( 'NONE',  ( 0.5288647974072393509, 0.003000000000000000062, -0.1198996506375018395 ) ) ;
#600 =( GEOMETRIC_REPRESENTATION_CONTEXT ( 3 ) GLOBAL_UNCERTAINTY_ASSIGNED_CONTEXT ( ( #3516 ) ) GLOBAL_UNIT_ASSIGNED_CONTEXT ( ( #2548, #4216, #3656 ) ) REPRESENTATION_CONTEXT ( 'NONE', 'WORKASPACE' ) );
#601 = EDGE_CURVE ( 'NONE', #375, #1116, #6009, .T. ) ;
#602 = LINE ( 'NONE', #4750, #5454 ) ;
#603 =( NAMED_UNIT ( * ) SI_UNIT ( $, .STERADIAN. ) SOLID_ANGLE_UNIT ( ) );
#604 = COLOUR_RGB ( '',0.7921568627450980005, 0.8196078431372548767, 0.9333333333333333481 ) ;
#605 = CYLINDRICAL_SURFACE ( 'NONE', #6353, 0.02999999999999997113 ) ;
#606 = LINE ( 'NONE', #5423, #4212 ) ;
#607 = EDGE_CURVE ( 'NONE', #5510, #1719, #654, .T. ) ;
#608 = ORIENTED_EDGE ( 'NONE', *, *, #5686, .F. ) ;
#609 = PRESENTATION_LAYER_ASSIGNMENT (  '', '', ( #5641 ) ) ;
#610 = CARTESIAN_POINT ( 'NONE',  ( 0.5139164806504733507, 0.003000000000000000062, -0.05002033037692237699 ) ) ;
#611 = CARTESIAN_POINT ( 'NONE',  ( 0.2400543990747725231, 0.003000000000000000062, -0.05107781836179189905 ) ) ;
#612 = ADVANCED_FACE ( 'NONE', ( #2726 ), #4182, .F. ) ;
#613 = SURFACE_SIDE_STYLE ('',( #196 ) ) ;
#614 = AXIS2_PLACEMENT_3D ( 'NONE', #1609, #5752, #2015 ) ;
#615 =( NAMED_UNIT ( * ) SI_UNIT ( $, .STERADIAN. ) SOLID_ANGLE_UNIT ( ) );
#616 = PRESENTATION_LAYER_ASSIGNMENT (  '', '', ( #2759 ) ) ;
#617 = ORIENTED_EDGE ( 'NONE', *, *, #2091, .F. ) ;
#618 = COLOUR_RGB ( '',0.4745098039215686070, 0.4823529411764705954, 0.5019607843137254832 ) ;
#619 = LINE ( 'NONE', #5963, #2876 ) ;
#620 = SURFACE_STYLE_FILL_AREA ( #6364 ) ;
#621 = EDGE_LOOP ( 'NONE', ( #6359, #581, #4951, #4597 ) ) ;
#622 = COLOUR_RGB ( '',0.4745098039215686070, 0.4823529411764705954, 0.5019607843137254832 ) ;
#623 = EDGE_CURVE ( 'NONE', #5123, #4169, #638, .T. ) ;
#624 = AXIS2_PLACEMENT_3D ( 'NONE', #1615, #4234, #5950 ) ;
#625 = SURFACE_STYLE_USAGE ( .BOTH. , #4844 ) ;
#626 = CIRCLE ( 'NONE', #6318, 0.006158018178927646483 ) ;
#627 =( GEOMETRIC_REPRESENTATION_CONTEXT ( 3 ) GLOBAL_UNCERTAINTY_ASSIGNED_CONTEXT ( ( #480 ) ) GLOBAL_UNIT_ASSIGNED_CONTEXT ( ( #106, #2874, #4932 ) ) REPRESENTATION_CONTEXT ( 'NONE', 'WORKASPACE' ) );
#628 = COLOUR_RGB ( '',0.4745098039215686070, 0.4823529411764705954, 0.5019607843137254832 ) ;
#629 = MECHANICAL_DESIGN_GEOMETRIC_PRESENTATION_REPRESENTATION (  '', ( #1062 ), #1630 ) ;
#630 = SURFACE_SIDE_STYLE ('',( #4874 ) ) ;
#631 = CARTESIAN_POINT ( 'NONE',  ( 0.2150087017542838541, 0.003000000000000000062, -0.03463143699253776880 ) ) ;
#632 = MECHANICAL_DESIGN_GEOMETRIC_PRESENTATION_REPRESENTATION (  '', ( #527 ), #5558 ) ;
#633 = CARTESIAN_POINT ( 'NONE',  ( 0.7700000000000001288, -0.009999999999999906533, 0.3699999999999999956 ) ) ;
#634 = ORIENTED_EDGE ( 'NONE', *, *, #543, .T. ) ;
#635 = FACE_OUTER_BOUND ( 'NONE', #3526, .T. ) ;
#636 = VECTOR ( 'NONE', #4472, 1000.000000000000000 ) ;
#637 = EDGE_CURVE ( 'NONE', #2851, #3459, #2752, .T. ) ;
#638 = LINE ( 'NONE', #3256, #6805 ) ;
#639 = VECTOR ( 'NONE', #2749, 1000.000000000000000 ) ;
#640 = VECTOR ( 'NONE', #6476, 1000.000000000000000 ) ;
#641 = CIRCLE ( 'NONE', #850, 0.02999999999999997113 ) ;
#642 = FILL_AREA_STYLE ('',( #3409 ) ) ;
#643 = CARTESIAN_POINT ( 'NONE',  ( -0.7700000000000002398, 0.7775735931288073610, -0.4000000000000001332 ) ) ;
#644 = PLANE ( 'NONE',  #6311 ) ;
#645 = CARTESIAN_POINT ( 'NONE',  ( 0.2558222386253550251, 0.003000000000000000062, -0.07995386187611175366 ) ) ;
#646 = ADVANCED_FACE ( 'NONE', ( #575 ), #6510, .T. ) ;
#647 = COLOUR_RGB ( '',0.7921568627450980005, 0.8196078431372548767, 0.9333333333333333481 ) ;
#648 = ORIENTED_EDGE ( 'NONE', *, *, #1227, .F. ) ;
#649 = SURFACE_SIDE_STYLE ('',( #5397 ) ) ;
#650 = SURFACE_STYLE_USAGE ( .BOTH. , #5460 ) ;
#651 = LINE ( 'NONE', #3362, #1969 ) ;
#652 =( LENGTH_UNIT ( ) NAMED_UNIT ( * ) SI_UNIT ( .MILLI., .METRE. ) );
#653 = STYLED_ITEM ( 'NONE', ( #6236 ), #6571 ) ;
#654 = CIRCLE ( 'NONE', #3015, 0.02999999999999997113 ) ;
#655 =( NAMED_UNIT ( * ) SI_UNIT ( $, .STERADIAN. ) SOLID_ANGLE_UNIT ( ) );
#656 = ADVANCED_FACE ( 'NONE', ( #2433 ), #6689, .T. ) ;
#657 = ORIENTED_EDGE ( 'NONE', *, *, #1365, .F. ) ;
#658 = DIRECTION ( 'NONE',  ( -1.000000000000000000, 0.000000000000000000, 0.000000000000000000 ) ) ;
#659 = DIRECTION ( 'NONE',  ( -0.000000000000000000, -0.000000000000000000, -1.000000000000000000 ) ) ;
#660 = ORIENTED_EDGE ( 'NONE', *, *, #5734, .F. ) ;
#661 = EDGE_CURVE ( 'NONE', #5183, #4411, #4565, .T. ) ;
#662 = DIRECTION ( 'NONE',  ( -1.000000000000000000, -0.000000000000000000, -0.000000000000000000 ) ) ;
#663 = CARTESIAN_POINT ( 'NONE',  ( 0.5149849188702897429, 0.000000000000000000, -0.1311974814857794769 ) ) ;
#664 = CARTESIAN_POINT ( 'NONE',  ( 0.4000000000000000777, 0.7500000000000001110, -0.3900000000000001243 ) ) ;
#665 = CARTESIAN_POINT ( 'NONE',  ( 0.1931536475512111162, 0.000000000000000000, -0.02822637805886715756 ) ) ;
#666 = ORIENTED_EDGE ( 'NONE', *, *, #886, .F. ) ;
#667 = CARTESIAN_POINT ( 'NONE',  ( 0.2558222386253550251, 0.003000000000000000062, -0.05107781836179189905 ) ) ;
#668 = ORIENTED_EDGE ( 'NONE', *, *, #2138, .T. ) ;
#669 = CARTESIAN_POINT ( 'NONE',  ( 0.1296967941067185826, 0.003000000000000000062, -0.06791197847948228505 ) ) ;
#670 = ORIENTED_EDGE ( 'NONE', *, *, #5453, .T. ) ;
#671 = SURFACE_STYLE_USAGE ( .BOTH. , #4299 ) ;
#672 = EDGE_CURVE ( 'NONE', #2165, #145, #3996, .T. ) ;
#673 = CARTESIAN_POINT ( 'NONE',  ( -0.8000000000000001554, 0.7600000000000001199, -0.3699999999999998290 ) ) ;
#674 = SURFACE_STYLE_FILL_AREA ( #4945 ) ;
#675 = CARTESIAN_POINT ( 'NONE',  ( 0.5179688503939871014, 0.003000000000000000062, -0.04214059935213382985 ) ) ;
#676 = LINE ( 'NONE', #5489, #5138 ) ;
#677 = CARTESIAN_POINT ( 'NONE',  ( 0.5148982518008852205, 0.000000000000000000, -0.1258395688702919624 ) ) ;
#678 = VERTEX_POINT ( 'NONE', #6044 ) ;
#679 = CARTESIAN_POINT ( 'NONE',  ( 0.5288647974072393509, 0.003000000000000000062, -0.1198996506375018395 ) ) ;
#680 = DIRECTION ( 'NONE',  ( -1.000000000000000000, -1.355252715606880789E-16, 0.000000000000000000 ) ) ;
#681 = CARTESIAN_POINT ( 'NONE',  ( 0.7700000000000002398, 0.7775735931288073610, -0.4000000000000001332 ) ) ;
#682 = ADVANCED_FACE ( 'NONE', ( #5539 ), #2894, .F. ) ;
#683 = ADVANCED_FACE ( 'NONE', ( #3509 ), #1289, .F. ) ;
#684 = ORIENTED_EDGE ( 'NONE', *, *, #1622, .F. ) ;
#685 =( NAMED_UNIT ( * ) SI_UNIT ( $, .STERADIAN. ) SOLID_ANGLE_UNIT ( ) );
#686 = SURFACE_SIDE_STYLE ('',( #4410 ) ) ;
#687 = ORIENTED_EDGE ( 'NONE', *, *, #2901, .F. ) ;
#688 = ITEM_DEFINED_TRANSFORMATION ( 'NONE', 'NONE', #6130,  #4484 ) ;
#689 = PLANE ( 'NONE',  #332 ) ;
#690 = DIRECTION ( 'NONE',  ( 1.000000000000000000, -0.000000000000000000, -0.000000000000000000 ) ) ;
#691 = CARTESIAN_POINT ( 'NONE',  ( 0.5220709974093684647, 0.003000000000000000062, -0.1198996506375018395 ) ) ;
#692 = EDGE_CURVE ( 'NONE', #5910, #888, #4985, .T. ) ;
#693 = DIRECTION ( 'NONE',  ( -0.000000000000000000, -1.000000000000000000, -0.000000000000000000 ) ) ;
#694 = CARTESIAN_POINT ( 'NONE',  ( 0.1511387349348353171, 0.000000000000000000, -0.1348280044436376557 ) ) ;
#695 = VERTEX_POINT ( 'NONE', #1001 ) ;
#696 =( NAMED_UNIT ( * ) SI_UNIT ( $, .STERADIAN. ) SOLID_ANGLE_UNIT ( ) );
#697 = AXIS2_PLACEMENT_3D ( 'NONE', #2186, #1140, #2786 ) ;
#698 = EDGE_LOOP ( 'NONE', ( #6580, #5076, #2740, #1523 ) ) ;
#699 = CARTESIAN_POINT ( 'NONE',  ( 0.4429153846565643260, 0.003000000000000000062, -0.08182039739377539034 ) ) ;
#700 = EDGE_CURVE ( 'NONE', #4810, #5290, #358, .T. ) ;
#701 = CARTESIAN_POINT ( 'NONE',  ( 0.4429153846565643260, 0.003000000000000000062, -0.08182039739377539034 ) ) ;
#702 = CARTESIAN_POINT ( 'NONE',  ( -0.7700000000000002398, 0.7900000000000001465, -0.3875735931288071257 ) ) ;
#703 = DIRECTION ( 'NONE',  ( 0.000000000000000000, 0.000000000000000000, -1.000000000000000000 ) ) ;
#704 = AXIS2_PLACEMENT_3D ( 'NONE', #954, #3125, #5256 ) ;
#705 = ADVANCED_FACE ( 'NONE', ( #1497 ), #3739, .F. ) ;
#706 = CARTESIAN_POINT ( 'NONE',  ( 0.5120076289780736145, 0.000000000000000000, -0.06259880273125538463 ) ) ;
#707 = ORIENTED_EDGE ( 'NONE', *, *, #769, .T. ) ;
#708 = CARTESIAN_POINT ( 'NONE',  ( 0.5209455743335885680, 0.003000000000000000062, -0.05803963744639718814 ) ) ;
#709 = SURFACE_STYLE_FILL_AREA ( #2310 ) ;
#710 = FACE_OUTER_BOUND ( 'NONE', #1239, .T. ) ;
#711 = EDGE_CURVE ( 'NONE', #6479, #4071, #4772, .T. ) ;
#712 =( GEOMETRIC_REPRESENTATION_CONTEXT ( 3 ) GLOBAL_UNCERTAINTY_ASSIGNED_CONTEXT ( ( #6795 ) ) GLOBAL_UNIT_ASSIGNED_CONTEXT ( ( #4888, #2243, #2832 ) ) REPRESENTATION_CONTEXT ( 'NONE', 'WORKASPACE' ) );
#713 = ORIENTED_EDGE ( 'NONE', *, *, #4568, .F. ) ;
#714 = FILL_AREA_STYLE_COLOUR ( '', #5666 ) ;
#715 = ORIENTED_EDGE ( 'NONE', *, *, #5933, .F. ) ;
#716 = VECTOR ( 'NONE', #2117, 1000.000000000000000 ) ;
#717 = COLOUR_RGB ( '',0.8941176470588234615, 0.4039215686274509887, 0.2431372549019607809 ) ;
#718 = PLANE ( 'NONE',  #3353 ) ;
#719 = STYLED_ITEM ( 'NONE', ( #5041 ), #5163 ) ;
#720 = CARTESIAN_POINT ( 'NONE',  ( 0.8000000000000000444, 0.7600000000000000089, 0.3875735931288070701 ) ) ;
#721 =( GEOMETRIC_REPRESENTATION_CONTEXT ( 3 ) GLOBAL_UNCERTAINTY_ASSIGNED_CONTEXT ( ( #4576 ) ) GLOBAL_UNIT_ASSIGNED_CONTEXT ( ( #4425, #6413, #280 ) ) REPRESENTATION_CONTEXT ( 'NONE', 'WORKASPACE' ) );
#722 = SURFACE_SIDE_STYLE ('',( #6503 ) ) ;
#723 = CARTESIAN_POINT ( 'NONE',  ( 0.5078988403312109101, 0.003000000000000000062, -0.03902772777760919048 ) ) ;
#724 = LINE ( 'NONE', #4394, #3771 ) ;
#725 = ORIENTED_EDGE ( 'NONE', *, *, #987, .T. ) ;
#726 = AXIS2_PLACEMENT_3D ( 'NONE', #3749, #1077, #6444 ) ;
#727 = LINE ( 'NONE', #862, #1382 ) ;
#728 = ORIENTED_EDGE ( 'NONE', *, *, #5128, .T. ) ;
#729 =( GEOMETRIC_REPRESENTATION_CONTEXT ( 3 ) GLOBAL_UNCERTAINTY_ASSIGNED_CONTEXT ( ( #6500 ) ) GLOBAL_UNIT_ASSIGNED_CONTEXT ( ( #3683, #455, #6462 ) ) REPRESENTATION_CONTEXT ( 'NONE', 'WORKASPACE' ) );
#730 = MECHANICAL_DESIGN_GEOMETRIC_PRESENTATION_REPRESENTATION (  '', ( #2658 ), #4437 ) ;
#731 = ORIENTED_EDGE ( 'NONE', *, *, #4127, .T. ) ;
#732 = STYLED_ITEM ( 'NONE', ( #5002 ), #4864 ) ;
#733 =( NAMED_UNIT ( * ) SI_UNIT ( $, .STERADIAN. ) SOLID_ANGLE_UNIT ( ) );
#734 = PRESENTATION_LAYER_ASSIGNMENT (  '', '', ( #1860 ) ) ;
#735 = PRESENTATION_LAYER_ASSIGNMENT (  '', '', ( #527 ) ) ;
#736 =( NAMED_UNIT ( * ) SI_UNIT ( $, .STERADIAN. ) SOLID_ANGLE_UNIT ( ) );
#737 = COLOUR_RGB ( '',0.8941176470588234615, 0.4039215686274509887, 0.2431372549019607809 ) ;
#738 = CARTESIAN_POINT ( 'NONE',  ( 0.4000000000000000222, 0.7900000000000001465, -0.4000000000000000777 ) ) ;
#739 = SURFACE_STYLE_FILL_AREA ( #5546 ) ;
#740 = SURFACE_STYLE_FILL_AREA ( #6020 ) ;
#741 = SURFACE_STYLE_FILL_AREA ( #5547 ) ;
#742 = EDGE_CURVE ( 'NONE', #276, #2038, #931, .T. ) ;
#743 = AXIS2_PLACEMENT_3D ( 'NONE', #2650, #5849, #4846 ) ;
#744 = FACE_OUTER_BOUND ( 'NONE', #1961, .T. ) ;
#745 = COLOUR_RGB ( '',0.4745098039215686070, 0.4823529411764705954, 0.5019607843137254832 ) ;
#746 = LINE ( 'NONE', #4508, #5102 ) ;
#747 = ORIENTED_EDGE ( 'NONE', *, *, #463, .T. ) ;
#748 = FILL_AREA_STYLE_COLOUR ( '', #833 ) ;
#749 = CYLINDRICAL_SURFACE ( 'NONE', #1048, 0.02999999999999997113 ) ;
#750 = VERTEX_POINT ( 'NONE', #6373 ) ;
#751 = FACE_OUTER_BOUND ( 'NONE', #1589, .T. ) ;
#752 = LINE ( 'NONE', #1883, #5358 ) ;
#753 =( GEOMETRIC_REPRESENTATION_CONTEXT ( 3 ) GLOBAL_UNCERTAINTY_ASSIGNED_CONTEXT ( ( #6281 ) ) GLOBAL_UNIT_ASSIGNED_CONTEXT ( ( #652, #5906, #5993 ) ) REPRESENTATION_CONTEXT ( 'NONE', 'WORKASPACE' ) );
#754 = ADVANCED_FACE ( 'NONE', ( #5685 ), #3549, .T. ) ;
#755 = ORIENTED_EDGE ( 'NONE', *, *, #5050, .F. ) ;
#756 = UNCERTAINTY_MEASURE_WITH_UNIT (LENGTH_MEASURE( 1.000000000000000082E-05 ), #916, 'distance_accuracy_value', 'NONE');
#757 = ORIENTED_EDGE ( 'NONE', *, *, #2297, .T. ) ;
#758 = DIRECTION ( 'NONE',  ( -1.355252715606880789E-16, 1.000000000000000000, -0.000000000000000000 ) ) ;
#759 = CARTESIAN_POINT ( 'NONE',  ( 0.5209455743335885680, 0.000000000000000000, -0.06515718325081611140 ) ) ;
#760 = DIRECTION ( 'NONE',  ( 0.000000000000000000, -0.000000000000000000, 1.000000000000000000 ) ) ;
#761 =( NAMED_UNIT ( * ) SI_UNIT ( $, .STERADIAN. ) SOLID_ANGLE_UNIT ( ) );
#762 = CARTESIAN_POINT ( 'NONE',  ( 0.5170852029101958847, 0.000000000000000000, -0.06287549031968749091 ) ) ;
#763 = EDGE_LOOP ( 'NONE', ( #6308, #6661, #6113, #1667 ) ) ;
#764 = LINE ( 'NONE', #2475, #1617 ) ;
#765 = ORIENTED_EDGE ( 'NONE', *, *, #1661, .T. ) ;
#766 = SURFACE_SIDE_STYLE ('',( #6615 ) ) ;
#767 = ADVANCED_FACE ( 'NONE', ( #2718 ), #1675, .F. ) ;
#768 = SURFACE_SIDE_STYLE ('',( #4469 ) ) ;
#769 = EDGE_CURVE ( 'NONE', #1445, #1543, #5915, .T. ) ;
#770 = CARTESIAN_POINT ( 'NONE',  ( -0.4000000000000001332, 0.02999999999999997113, 0.3900000000000000133 ) ) ;
#771 =( NAMED_UNIT ( * ) SI_UNIT ( $, .STERADIAN. ) SOLID_ANGLE_UNIT ( ) );
#772 = CARTESIAN_POINT ( 'NONE',  ( 0.5139164806504733507, 0.003000000000000000062, -0.05002033037692237699 ) ) ;
#773 = FILL_AREA_STYLE ('',( #3456 ) ) ;
#774 = FACE_OUTER_BOUND ( 'NONE', #2708, .T. ) ;
#775 = AXIS2_PLACEMENT_3D ( 'NONE', #4769, #6491, #6030 ) ;
#776 = FILL_AREA_STYLE ('',( #3959 ) ) ;
#777 = UNCERTAINTY_MEASURE_WITH_UNIT (LENGTH_MEASURE( 1.000000000000000082E-05 ), #5619, 'distance_accuracy_value', 'NONE');
#778 = DIRECTION ( 'NONE',  ( 0.3518482702154436259, -0.000000000000000000, -0.9360570467372169023 ) ) ;
#779 = AXIS2_PLACEMENT_3D ( 'NONE', #5828, #448, #5370 ) ;
#780 = VERTEX_POINT ( 'NONE', #1176 ) ;
#781 = CARTESIAN_POINT ( 'NONE',  ( 0.4429153846565643260, 0.003000000000000000062, -0.08182039739377539034 ) ) ;
#782 = PRESENTATION_STYLE_ASSIGNMENT (( #3596 ) ) ;
#783 = ORIENTED_EDGE ( 'NONE', *, *, #6619, .T. ) ;
#784 = DIRECTION ( 'NONE',  ( 1.000000000000000000, 0.000000000000000000, 0.000000000000000000 ) ) ;
#785 = CARTESIAN_POINT ( 'NONE',  ( 0.3795462710254895455, 0.003000000000000000062, -0.04879976180185294221 ) ) ;
#786 = VERTEX_POINT ( 'NONE', #1110 ) ;
#787 =( NAMED_UNIT ( * ) SI_UNIT ( $, .STERADIAN. ) SOLID_ANGLE_UNIT ( ) );
#788 =( LENGTH_UNIT ( ) NAMED_UNIT ( * ) SI_UNIT ( .MILLI., .METRE. ) );
#789 = ORIENTED_EDGE ( 'NONE', *, *, #6165, .T. ) ;
#790 = CARTESIAN_POINT ( 'NONE',  ( 0.5120076289780736145, 0.003000000000000000062, -0.06259880273125538463 ) ) ;
#791 = EDGE_LOOP ( 'NONE', ( #98, #6149, #6712, #2116 ) ) ;
#792 =( NAMED_UNIT ( * ) PLANE_ANGLE_UNIT ( ) SI_UNIT ( $, .RADIAN. ) );
#793 = ADVANCED_FACE ( 'NONE', ( #4291 ), #530, .F. ) ;
#794 = LINE ( 'NONE', #326, #5986 ) ;
#795 = FILL_AREA_STYLE_COLOUR ( '', #4079 ) ;
#796 = DIRECTION ( 'NONE',  ( 0.000000000000000000, 0.000000000000000000, -1.000000000000000000 ) ) ;
#797 =( NAMED_UNIT ( * ) SI_UNIT ( $, .STERADIAN. ) SOLID_ANGLE_UNIT ( ) );
#798 = CARTESIAN_POINT ( 'NONE',  ( 0.5078314603514237913, 0.003000000000000000062, -0.09401032424267029286 ) ) ;
#799 = ORIENTED_EDGE ( 'NONE', *, *, #6726, .T. ) ;
#800 =( NAMED_UNIT ( * ) PLANE_ANGLE_UNIT ( ) SI_UNIT ( $, .RADIAN. ) );
#801 = CARTESIAN_POINT ( 'NONE',  ( -0.7700000000000001288, 0.7900000000000000355, 0.3699999999999999400 ) ) ;
#802 = DIRECTION ( 'NONE',  ( 0.000000000000000000, 0.000000000000000000, 1.000000000000000000 ) ) ;
#803 = DIRECTION ( 'NONE',  ( -0.3525821047750795079, -0.000000000000000000, 0.9357808821472978211 ) ) ;
#804 = EDGE_CURVE ( 'NONE', #1959, #3950, #4389, .T. ) ;
#805 = ORIENTED_EDGE ( 'NONE', *, *, #2685, .F. ) ;
#806 = CARTESIAN_POINT ( 'NONE',  ( -0.7700000000000001288, 0.7600000000000001199, -0.4000000000000000777 ) ) ;
#807 = SURFACE_STYLE_USAGE ( .BOTH. , #260 ) ;
#808 = ORIENTED_EDGE ( 'NONE', *, *, #692, .T. ) ;
#809 = EDGE_CURVE ( 'NONE', #3264, #5820, #1700, .T. ) ;
#810 = UNCERTAINTY_MEASURE_WITH_UNIT (LENGTH_MEASURE( 1.000000000000000082E-05 ), #2909, 'distance_accuracy_value', 'NONE');
#811 = EDGE_CURVE ( 'NONE', #6062, #5591, #2416, .T. ) ;
#812 = SURFACE_STYLE_FILL_AREA ( #5007 ) ;
#813 = CARTESIAN_POINT ( 'NONE',  ( -0.7700000000000001288, -0.009999999999999913472, -0.3700000000000001066 ) ) ;
#814 = DIRECTION ( 'NONE',  ( 0.000000000000000000, 0.000000000000000000, -1.000000000000000000 ) ) ;
#815 = VECTOR ( 'NONE', #4329, 1000.000000000000000 ) ;
#816 =( NAMED_UNIT ( * ) PLANE_ANGLE_UNIT ( ) SI_UNIT ( $, .RADIAN. ) );
#817 = LINE ( 'NONE', #1462, #3000 ) ;
#818 = ORIENTED_EDGE ( 'NONE', *, *, #6269, .F. ) ;
#819 = VERTEX_POINT ( 'NONE', #1738 ) ;
#820 = FILL_AREA_STYLE ('',( #5160 ) ) ;
#821 = UNCERTAINTY_MEASURE_WITH_UNIT (LENGTH_MEASURE( 1.000000000000000082E-05 ), #5164, 'distance_accuracy_value', 'NONE');
#822 = SURFACE_STYLE_FILL_AREA ( #244 ) ;
#823 = COLOUR_RGB ( '',0.8941176470588234615, 0.4039215686274509887, 0.2431372549019607809 ) ;
#824 = DIRECTION ( 'NONE',  ( -0.000000000000000000, 1.000000000000000000, 0.000000000000000000 ) ) ;
#825 = FACE_OUTER_BOUND ( 'NONE', #303, .T. ) ;
#826 = STYLED_ITEM ( 'NONE', ( #1867 ), #5071 ) ;
#827 = DIRECTION ( 'NONE',  ( 0.000000000000000000, -1.000000000000000000, 0.000000000000000000 ) ) ;
#828 = FACE_OUTER_BOUND ( 'NONE', #2840, .T. ) ;
#829 =( GEOMETRIC_REPRESENTATION_CONTEXT ( 3 ) GLOBAL_UNCERTAINTY_ASSIGNED_CONTEXT ( ( #1402 ) ) GLOBAL_UNIT_ASSIGNED_CONTEXT ( ( #2586, #3203, #3174 ) ) REPRESENTATION_CONTEXT ( 'NONE', 'WORKASPACE' ) );
#830 = VECTOR ( 'NONE', #192, 1000.000000000000000 ) ;
#831 = PRESENTATION_LAYER_ASSIGNMENT (  '', '', ( #1062 ) ) ;
#832 = UNCERTAINTY_MEASURE_WITH_UNIT (LENGTH_MEASURE( 1.000000000000000082E-05 ), #2544, 'distance_accuracy_value', 'NONE');
#833 = COLOUR_RGB ( '',0.8941176470588234615, 0.4039215686274509887, 0.2431372549019607809 ) ;
#834 = AXIS2_PLACEMENT_3D ( 'NONE', #4144, #2993, #3625 ) ;
#835 = VECTOR ( 'NONE', #1237, 1000.000000000000000 ) ;
#836 = DIRECTION ( 'NONE',  ( 0.000000000000000000, 1.000000000000000000, 0.000000000000000000 ) ) ;
#837 = ORIENTED_EDGE ( 'NONE', *, *, #2699, .F. ) ;
#838 = FACE_OUTER_BOUND ( 'NONE', #512, .T. ) ;
#839 = DIRECTION ( 'NONE',  ( 0.5998278195904194199, -0.000000000000000000, 0.8001291063605943110 ) ) ;
#840 = CARTESIAN_POINT ( 'NONE',  ( -0.4000000000000001332, 0.02000000000000006634, 0.3999999999999999667 ) ) ;
#841 = STYLED_ITEM ( 'NONE', ( #3293 ), #1531 ) ;
#842 = VECTOR ( 'NONE', #2983, 1000.000000000000000 ) ;
#843 = PRESENTATION_LAYER_ASSIGNMENT (  '', '', ( #3338 ) ) ;
#844 = FILL_AREA_STYLE_COLOUR ( '', #453 ) ;
#845 = EDGE_CURVE ( 'NONE', #4118, #4135, #3294, .T. ) ;
#846 = ADVANCED_FACE ( 'NONE', ( #4459 ), #2846, .F. ) ;
#847 =( GEOMETRIC_REPRESENTATION_CONTEXT ( 3 ) GLOBAL_UNCERTAINTY_ASSIGNED_CONTEXT ( ( #1377 ) ) GLOBAL_UNIT_ASSIGNED_CONTEXT ( ( #4685, #3038, #2485 ) ) REPRESENTATION_CONTEXT ( 'NONE', 'WORKASPACE' ) );
#848 = AXIS2_PLACEMENT_3D ( 'NONE', #1068, #1566, #2177 ) ;
#849 = ORIENTED_EDGE ( 'NONE', *, *, #6045, .F. ) ;
#850 = AXIS2_PLACEMENT_3D ( 'NONE', #2206, #1590, #59 ) ;
#851 = SURFACE_STYLE_USAGE ( .BOTH. , #3528 ) ;
#852 = DIRECTION ( 'NONE',  ( 1.000000000000000000, 0.000000000000000000, 0.000000000000000000 ) ) ;
#853 = EDGE_LOOP ( 'NONE', ( #1145, #3337, #3678, #6241 ) ) ;
#854 = CIRCLE ( 'NONE', #6797, 0.02999999999999997113 ) ;
#855 = PRESENTATION_LAYER_ASSIGNMENT (  '', '', ( #4247 ) ) ;
#856 = SURFACE_STYLE_USAGE ( .BOTH. , #6707 ) ;
#857 = PRESENTATION_LAYER_ASSIGNMENT (  '', '', ( #4902 ) ) ;
#858 = CARTESIAN_POINT ( 'NONE',  ( 0.5130220236968332514, 0.003000000000000000062, -0.06437565386924887223 ) ) ;
#859 = LINE ( 'NONE', #5678, #2228 ) ;
#860 =( NAMED_UNIT ( * ) PLANE_ANGLE_UNIT ( ) SI_UNIT ( $, .RADIAN. ) );
#861 = ORIENTED_EDGE ( 'NONE', *, *, #3532, .T. ) ;
#862 = CARTESIAN_POINT ( 'NONE',  ( 0.3795462710254895455, 0.003000000000000000062, -0.04879976180185294221 ) ) ;
#863 = DIRECTION ( 'NONE',  ( -0.000000000000000000, -1.000000000000000000, -0.000000000000000000 ) ) ;
#864 =( NAMED_UNIT ( * ) PLANE_ANGLE_UNIT ( ) SI_UNIT ( $, .RADIAN. ) );
#865 = VERTEX_POINT ( 'NONE', #6635 ) ;
#866 = SHAPE_REPRESENTATION ( 'CC0603KRX7R7BB104', ( #3268, #6130, #1906 ), #1332 ) ;
#867 = DIRECTION ( 'NONE',  ( 0.5036625266281726798, 0.000000000000000000, -0.8639004915327489487 ) ) ;
#868 = ADVANCED_FACE ( 'NONE', ( #1350 ), #718, .F. ) ;
#869 = AXIS2_PLACEMENT_3D ( 'NONE', #4850, #150, #5391 ) ;
#870 = SURFACE_STYLE_FILL_AREA ( #5166 ) ;
#871 = CARTESIAN_POINT ( 'NONE',  ( 0.5170852029101958847, 0.000000000000000000, -0.06287549031968749091 ) ) ;
#872 = PRESENTATION_STYLE_ASSIGNMENT (( #1364 ) ) ;
#873 = EDGE_CURVE ( 'NONE', #5286, #3073, #320, .T. ) ;
#874 = DIRECTION ( 'NONE',  ( 0.000000000000000000, 0.000000000000000000, 1.000000000000000000 ) ) ;
#875 = AXIS2_PLACEMENT_3D ( 'NONE', #3577, #3050, #6253 ) ;
#876 =( LENGTH_UNIT ( ) NAMED_UNIT ( * ) SI_UNIT ( .MILLI., .METRE. ) );
#877 = ORIENTED_EDGE ( 'NONE', *, *, #4141, .F. ) ;
#878 = PRESENTATION_STYLE_ASSIGNMENT (( #5140 ) ) ;
#879 = MECHANICAL_DESIGN_GEOMETRIC_PRESENTATION_REPRESENTATION (  '', ( #2020 ), #4051 ) ;
#880 = DIRECTION ( 'NONE',  ( 0.000000000000000000, 0.000000000000000000, -1.000000000000000000 ) ) ;
#881 = VECTOR ( 'NONE', #6733, 1000.000000000000000 ) ;
#882 = ORIENTED_EDGE ( 'NONE', *, *, #4343, .F. ) ;
#883 = FILL_AREA_STYLE_COLOUR ( '', #80 ) ;
#884 = CARTESIAN_POINT ( 'NONE',  ( 0.5193766929004806077, 0.000000000000000000, -0.1036065314466263487 ) ) ;
#885 = ORIENTED_EDGE ( 'NONE', *, *, #1944, .F. ) ;
#886 = EDGE_CURVE ( 'NONE', #4501, #5764, #6007, .T. ) ;
#887 =( NAMED_UNIT ( * ) PLANE_ANGLE_UNIT ( ) SI_UNIT ( $, .RADIAN. ) );
#888 = VERTEX_POINT ( 'NONE', #2944 ) ;
#889 = CARTESIAN_POINT ( 'NONE',  ( 0.5078988403312109101, 0.000000000000000000, -0.1149805027458715295 ) ) ;
#890 = DIRECTION ( 'NONE',  ( 0.000000000000000000, -1.000000000000000000, 0.000000000000000000 ) ) ;
#891 = DIRECTION ( 'NONE',  ( 1.000000000000000000, 0.000000000000000000, 0.000000000000000000 ) ) ;
#892 = CARTESIAN_POINT ( 'NONE',  ( 0.2803476042950979186, 0.000000000000000000, -0.1348280044436376557 ) ) ;
#893 = ORIENTED_EDGE ( 'NONE', *, *, #6011, .T. ) ;
#894 = LINE ( 'NONE', #6148, #5922 ) ;
#895 = PLANE ( 'NONE',  #1610 ) ;
#896 = ORIENTED_EDGE ( 'NONE', *, *, #1848, .T. ) ;
#897 = UNCERTAINTY_MEASURE_WITH_UNIT (LENGTH_MEASURE( 1.000000000000000082E-05 ), #158, 'distance_accuracy_value', 'NONE');
#898 = ADVANCED_FACE ( 'NONE', ( #6678 ), #689, .F. ) ;
#899 = SURFACE_STYLE_FILL_AREA ( #5717 ) ;
#900 = CARTESIAN_POINT ( 'NONE',  ( 0.4000000000000000222, 0.7500000000000001110, -0.3600000000000001532 ) ) ;
#901 = SURFACE_STYLE_FILL_AREA ( #6693 ) ;
#902 =( NAMED_UNIT ( * ) SI_UNIT ( $, .STERADIAN. ) SOLID_ANGLE_UNIT ( ) );
#903 =( NAMED_UNIT ( * ) SI_UNIT ( $, .STERADIAN. ) SOLID_ANGLE_UNIT ( ) );
#904 = EDGE_CURVE ( 'NONE', #132, #2165, #479, .T. ) ;
#905 =( NAMED_UNIT ( * ) SI_UNIT ( $, .STERADIAN. ) SOLID_ANGLE_UNIT ( ) );
#906 = UNCERTAINTY_MEASURE_WITH_UNIT (LENGTH_MEASURE( 1.000000000000000082E-05 ), #3200, 'distance_accuracy_value', 'NONE');
#907 = DIRECTION ( 'NONE',  ( 0.000000000000000000, 0.000000000000000000, 1.000000000000000000 ) ) ;
#908 = ORIENTED_EDGE ( 'NONE', *, *, #3900, .F. ) ;
#909 = FACE_OUTER_BOUND ( 'NONE', #2805, .T. ) ;
#910 = EDGE_CURVE ( 'NONE', #5380, #6717, #4262, .T. ) ;
#911 = LINE ( 'NONE', #2493, #3320 ) ;
#912 = ORIENTED_EDGE ( 'NONE', *, *, #4976, .T. ) ;
#913 = FILL_AREA_STYLE_COLOUR ( '', #2478 ) ;
#914 = ORIENTED_EDGE ( 'NONE', *, *, #3680, .T. ) ;
#915 = SURFACE_STYLE_FILL_AREA ( #6700 ) ;
#916 =( LENGTH_UNIT ( ) NAMED_UNIT ( * ) SI_UNIT ( .MILLI., .METRE. ) );
#917 = LINE ( 'NONE', #1723, #96 ) ;
#918 = ORIENTED_EDGE ( 'NONE', *, *, #3900, .T. ) ;
#919 = PRESENTATION_LAYER_ASSIGNMENT (  '', '', ( #2741 ) ) ;
#920 = ADVANCED_FACE ( 'NONE', ( #343 ), #1997, .F. ) ;
#921 = B_SPLINE_SURFACE_WITH_KNOTS ( 'NONE', 3, 1, ( 
 ( #3513, #5888 ),
 ( #1036, #6376 ),
 ( #5788, #4745 ),
 ( #2076, #494 ),
 ( #3720, #3693 ),
 ( #6897, #4219 ),
 ( #6341, #1578 ),
 ( #5819, #5353 ) ),
 .UNSPECIFIED., .F., .F., .F.,
 ( 4, 1, 1, 1, 1, 4 ),
 ( 2, 2 ),
 ( 0.000000000000000000, 0.3161260551287067289, 0.4475206899615381539, 0.5829312061212666984, 0.7688482178689967084, 1.000000000000000000 ),
 ( 0.000000000000000000, 1.000000000000000000 ),
 .UNSPECIFIED. ) ;
#922 = VERTEX_POINT ( 'NONE', #3159 ) ;
#923 = FILL_AREA_STYLE_COLOUR ( '', #3237 ) ;
#924 = DIRECTION ( 'NONE',  ( 0.000000000000000000, 0.000000000000000000, 1.000000000000000000 ) ) ;
#925 = ORIENTED_EDGE ( 'NONE', *, *, #3278, .T. ) ;
#927 = ORIENTED_EDGE ( 'NONE', *, *, #4227, .F. ) ;
#926 = DIRECTION ( 'NONE',  ( -0.9518461175258359219, 0.000000000000000000, 0.3065762034975848538 ) ) ;
#928 = CYLINDRICAL_SURFACE ( 'NONE', #4919, 0.02999999999999997113 ) ;
#929 = VECTOR ( 'NONE', #2309, 1000.000000000000000 ) ;
#930 = ORIENTED_EDGE ( 'NONE', *, *, #5057, .T. ) ;
#931 = LINE ( 'NONE', #3653, #1779 ) ;
#932 = AXIS2_PLACEMENT_3D ( 'NONE', #1496, #2583, #3168 ) ;
#933 = B_SPLINE_CURVE_WITH_KNOTS ( 'NONE', 3,
 ( #3829, #5519, #4925, #128, #3903, #2837, #6560, #610 ),
 .UNSPECIFIED., .F., .F.,
 ( 4, 1, 1, 1, 1, 4 ),
 ( 0.000000000000000000, 0.3161260551287067289, 0.4475206899615381539, 0.5829312061212666984, 0.7688482178689967084, 1.000000000000000000 ),
 .UNSPECIFIED. ) ;
#934 = CIRCLE ( 'NONE', #4871, 0.007387994315882019485 ) ;
#935 = FILL_AREA_STYLE_COLOUR ( '', #5561 ) ;
#936 = DIRECTION ( 'NONE',  ( 1.000000000000000000, 0.000000000000000000, -0.000000000000000000 ) ) ;
#937 = CARTESIAN_POINT ( 'NONE',  ( 0.5188791900677894864, 0.000000000000000000, -0.08790370008774175958 ) ) ;
#938 = CARTESIAN_POINT ( 'NONE',  ( 0.7700000000000001288, 0.7600000000000001199, -0.3700000000000001066 ) ) ;
#939 = FILL_AREA_STYLE_COLOUR ( '', #5213 ) ;
#940 = SURFACE_SIDE_STYLE ('',( #4483 ) ) ;
#941 = VECTOR ( 'NONE', #3145, 1000.000000000000000 ) ;
#942 = STYLED_ITEM ( 'NONE', ( #6158 ), #5087 ) ;
#943 = DIRECTION ( 'NONE',  ( -0.000000000000000000, -1.000000000000000000, -0.000000000000000000 ) ) ;
#944 =( BOUNDED_SURFACE ( )  B_SPLINE_SURFACE ( 3, 3, ( 
 ( #5531, #6608, #1244, #268 ),
 ( #2422, #6681, #3399, #720 ),
 ( #4415, #1318, #4553, #5009 ),
 ( #2884, #1892, #3376, #4019 ) ),
 .UNSPECIFIED., .F., .F., .F. ) 
 B_SPLINE_SURFACE_WITH_KNOTS ( ( 4, 4 ),
 ( 4, 4 ),
 ( 0.000000000000000000, 1.000000000000000000 ),
 ( 0.000000000000000000, 1.000000000000000000 ),
 .UNSPECIFIED. ) 
 GEOMETRIC_REPRESENTATION_ITEM ( )  RATIONAL_B_SPLINE_SURFACE ( (
 ( 1.000000000000000000, 0.8047378541243649375, 0.8047378541243649375, 1.000000000000000000),
 ( 0.8047378541243658256, 0.6476030138606884146, 0.6476030138606884146, 0.8047378541243658256),
 ( 0.8047378541243658256, 0.6476030138606884146, 0.6476030138606884146, 0.8047378541243658256),
 ( 1.000000000000000000, 0.8047378541243649375, 0.8047378541243649375, 1.000000000000000000) ) ) 
 REPRESENTATION_ITEM ( '' )  SURFACE ( )  );
#945 = EDGE_CURVE ( 'NONE', #5621, #1182, #6316, .T. ) ;
#946 = MECHANICAL_DESIGN_GEOMETRIC_PRESENTATION_REPRESENTATION (  '', ( #2870 ), #3327 ) ;
#947 = PRESENTATION_LAYER_ASSIGNMENT (  '', '', ( #5447 ) ) ;
#948 = SURFACE_STYLE_FILL_AREA ( #6351 ) ;
#949 = VERTEX_POINT ( 'NONE', #1526 ) ;
#950 = STYLED_ITEM ( 'NONE', ( #6736 ), #1471 ) ;
#951 = VECTOR ( 'NONE', #1129, 1000.000000000000000 ) ;
#952 = ORIENTED_EDGE ( 'NONE', *, *, #593, .F. ) ;
#953 = CIRCLE ( 'NONE', #1411, 0.02999999999999997113 ) ;
#954 = CARTESIAN_POINT ( 'NONE',  ( 0.5179688503939871014, 0.003000000000000000062, -0.05105430400072100139 ) ) ;
#955 = DIRECTION ( 'NONE',  ( 0.000000000000000000, 0.000000000000000000, -1.000000000000000000 ) ) ;
#956 = VECTOR ( 'NONE', #1756, 1000.000000000000000 ) ;
#957 = VECTOR ( 'NONE', #995, 1000.000000000000000 ) ;
#958 = FILL_AREA_STYLE_COLOUR ( '', #647 ) ;
#959 = EDGE_LOOP ( 'NONE', ( #1066, #4973, #1209, #1598 ) ) ;
#960 = UNCERTAINTY_MEASURE_WITH_UNIT (LENGTH_MEASURE( 1.000000000000000082E-05 ), #6837, 'distance_accuracy_value', 'NONE');
#961 = EDGE_CURVE ( 'NONE', #1534, #336, #2032, .T. ) ;
#962 = SURFACE_STYLE_FILL_AREA ( #5733 ) ;
#963 =( GEOMETRIC_REPRESENTATION_CONTEXT ( 3 ) GLOBAL_UNCERTAINTY_ASSIGNED_CONTEXT ( ( #3099 ) ) GLOBAL_UNIT_ASSIGNED_CONTEXT ( ( #3301, #2285, #685 ) ) REPRESENTATION_CONTEXT ( 'NONE', 'WORKASPACE' ) );
#964 = ORIENTED_EDGE ( 'NONE', *, *, #1796, .T. ) ;
#965 = CARTESIAN_POINT ( 'NONE',  ( 0.7700000000000001288, 0.02000000000000002817, 0.3999999999999999667 ) ) ;
#966 = CARTESIAN_POINT ( 'NONE',  ( 0.08349208317513591437, 0.000000000000000000, -0.02822637805886715756 ) ) ;
#967 = MECHANICAL_DESIGN_GEOMETRIC_PRESENTATION_REPRESENTATION (  '', ( #6106 ), #4897 ) ;
#968 = CARTESIAN_POINT ( 'NONE',  ( 0.5188791900677894864, 0.003000000000000000062, -0.07558766372988645621 ) ) ;
#969 = ORIENTED_EDGE ( 'NONE', *, *, #6215, .F. ) ;
#970 = DIRECTION ( 'NONE',  ( 0.3065762034975848538, 0.000000000000000000, 0.9518461175258359219 ) ) ;
#971 = LINE ( 'NONE', #3140, #3070 ) ;
#972 = UNCERTAINTY_MEASURE_WITH_UNIT (LENGTH_MEASURE( 1.000000000000000082E-05 ), #42, 'distance_accuracy_value', 'NONE');
#973 = VECTOR ( 'NONE', #5218, 1000.000000000000000 ) ;
#974 = SURFACE_STYLE_FILL_AREA ( #491 ) ;
#975 = DIRECTION ( 'NONE',  ( -1.000000000000000000, 0.000000000000000000, 0.000000000000000000 ) ) ;
#976 = CARTESIAN_POINT ( 'NONE',  ( 0.4429153846565643260, 0.000000000000000000, -0.05150839609956783804 ) ) ;
#977 = LINE ( 'NONE', #5851, #5869 ) ;
#978 = CARTESIAN_POINT ( 'NONE',  ( -0.7700000000000001288, -0.009999999999999916941, -0.3875735931288072367 ) ) ;
#979 = VECTOR ( 'NONE', #2616, 1000.000000000000000 ) ;
#980 = UNCERTAINTY_MEASURE_WITH_UNIT (LENGTH_MEASURE( 1.000000000000000082E-05 ), #2092, 'distance_accuracy_value', 'NONE');
#981 = CARTESIAN_POINT ( 'NONE',  ( 0.5288647974072393509, 0.000000000000000000, -0.05803963744639718814 ) ) ;
#982 = DIRECTION ( 'NONE',  ( 1.000000000000000000, 0.000000000000000000, -0.000000000000000000 ) ) ;
#983 = PRESENTATION_STYLE_ASSIGNMENT (( #6765 ) ) ;
#984 = DIRECTION ( 'NONE',  ( -1.000000000000000000, 0.000000000000000000, -0.000000000000000000 ) ) ;
#985 = AXIS2_PLACEMENT_3D ( 'NONE', #1388, #6289, #1357 ) ;
#986 = AXIS2_PLACEMENT_3D ( 'NONE', #3716, #2288, #4934 ) ;
#987 = EDGE_CURVE ( 'NONE', #2175, #4137, #2600, .T. ) ;
#988 = ORIENTED_EDGE ( 'NONE', *, *, #5065, .F. ) ;
#989 = SURFACE_STYLE_USAGE ( .BOTH. , #5905 ) ;
#990 = CARTESIAN_POINT ( 'NONE',  ( 0.4000000000000000222, 0.7600000000000001199, -0.4000000000000000777 ) ) ;
#991 = ORIENTED_EDGE ( 'NONE', *, *, #5359, .T. ) ;
#992 = CLOSED_SHELL ( 'NONE', ( #2252, #2386, #3635, #6390, #6246, #1471 ) ) ;
#993 = SURFACE_STYLE_FILL_AREA ( #1458 ) ;
#994 = ORIENTED_EDGE ( 'NONE', *, *, #6607, .T. ) ;
#995 = DIRECTION ( 'NONE',  ( -0.000000000000000000, -1.000000000000000000, -0.000000000000000000 ) ) ;
#996 = DIRECTION ( 'NONE',  ( -0.000000000000000000, -1.000000000000000000, -0.000000000000000000 ) ) ;
#997 = EDGE_LOOP ( 'NONE', ( #1561, #5683, #684, #1272 ) ) ;
#999 = EDGE_LOOP ( 'NONE', ( #3, #174, #5253, #4240 ) ) ;
#998 = PRESENTATION_STYLE_ASSIGNMENT (( #4254 ) ) ;
#1000 = EDGE_LOOP ( 'NONE', ( #3196, #5713, #5518, #6226 ) ) ;
#1001 = CARTESIAN_POINT ( 'NONE',  ( 0.7700000000000001288, 0.7600000000000001199, -0.4000000000000000777 ) ) ;
#1002 =( NAMED_UNIT ( * ) PLANE_ANGLE_UNIT ( ) SI_UNIT ( $, .RADIAN. ) );
#1003 = DIRECTION ( 'NONE',  ( -0.000000000000000000, -1.000000000000000000, -0.000000000000000000 ) ) ;
#1004 = VERTEX_POINT ( 'NONE', #3681 ) ;
#1005 = DIRECTION ( 'NONE',  ( 0.000000000000000000, 1.000000000000000000, -0.000000000000000000 ) ) ;
#1006 = CARTESIAN_POINT ( 'NONE',  ( 0.2803476042950979186, 0.003000000000000000062, -0.07995386187611175366 ) ) ;
#1007 = EDGE_CURVE ( 'NONE', #3685, #1118, #1923, .T. ) ;
#1008 =( NAMED_UNIT ( * ) PLANE_ANGLE_UNIT ( ) SI_UNIT ( $, .RADIAN. ) );
#1009 =( NAMED_UNIT ( * ) SI_UNIT ( $, .STERADIAN. ) SOLID_ANGLE_UNIT ( ) );
#1010 = CARTESIAN_POINT ( 'NONE',  ( 0.4000000000000001332, -0.009999999999999918676, -0.4000000000000000777 ) ) ;
#1011 = CARTESIAN_POINT ( 'NONE',  ( -0.7700000000000001288, 0.000000000000000000, 0.3999999999999999667 ) ) ;
#1012 = PLANE ( 'NONE',  #4418 ) ;
#1013 = DIRECTION ( 'NONE',  ( 0.000000000000000000, 0.000000000000000000, 1.000000000000000000 ) ) ;
#1014 = EDGE_LOOP ( 'NONE', ( #1454, #2055, #2195, #3810 ) ) ;
#1015 = DIRECTION ( 'NONE',  ( 0.000000000000000000, -0.000000000000000000, -1.000000000000000000 ) ) ;
#1016 = ORIENTED_EDGE ( 'NONE', *, *, #3479, .T. ) ;
#1017 = CARTESIAN_POINT ( 'NONE',  ( 0.5288647974072393509, 0.003000000000000000062, -0.06515718325081611140 ) ) ;
#1018 =( LENGTH_UNIT ( ) NAMED_UNIT ( * ) SI_UNIT ( .MILLI., .METRE. ) );
#1019 = FILL_AREA_STYLE ('',( #958 ) ) ;
#1020 = ORIENTED_EDGE ( 'NONE', *, *, #4362, .F. ) ;
#1021 = ADVANCED_FACE ( 'NONE', ( #3780 ), #5465, .F. ) ;
#1022 = SURFACE_SIDE_STYLE ('',( #2173 ) ) ;
#1023 = ORIENTED_EDGE ( 'NONE', *, *, #6090, .T. ) ;
#1024 = EDGE_CURVE ( 'NONE', #336, #4810, #6396, .T. ) ;
#1025 = APPLICATION_CONTEXT ( 'automotive_design' ) ;
#1026 = ORIENTED_EDGE ( 'NONE', *, *, #1195, .T. ) ;
#1027 = EDGE_CURVE ( 'NONE', #888, #5602, #104, .T. ) ;
#1029 = ORIENTED_EDGE ( 'NONE', *, *, #4227, .T. ) ;
#1028 = CARTESIAN_POINT ( 'NONE',  ( 0.5288647974072393509, 0.003000000000000000062, -0.07109393804620700585 ) ) ;
#1030 = ORIENTED_EDGE ( 'NONE', *, *, #139, .T. ) ;
#1031 = UNCERTAINTY_MEASURE_WITH_UNIT (LENGTH_MEASURE( 1.000000000000000082E-05 ), #5806, 'distance_accuracy_value', 'NONE');
#1032 = ADVANCED_FACE ( 'NONE', ( #4313 ), #3236, .T. ) ;
#1033 = DIRECTION ( 'NONE',  ( 1.000000000000000000, 0.000000000000000000, -0.000000000000000000 ) ) ;
#1034 = FILL_AREA_STYLE_COLOUR ( '', #2566 ) ;
#1035 = CARTESIAN_POINT ( 'NONE',  ( 0.5188791900677894864, 0.003000000000000000062, -0.08174568190881410790 ) ) ;
#1036 = CARTESIAN_POINT ( 'NONE',  ( 0.5237534422598130179, 0.003000000000000000062, -0.03806550428045622075 ) ) ;
#1037 = ORIENTED_EDGE ( 'NONE', *, *, #2699, .T. ) ;
#1038 = DIRECTION ( 'NONE',  ( -1.000000000000000000, -0.000000000000000000, -0.000000000000000000 ) ) ;
#1039 = COLOUR_RGB ( '',0.8941176470588234615, 0.4039215686274509887, 0.2431372549019607809 ) ;
#1040 = AXIS2_PLACEMENT_3D ( 'NONE', #5694, #3040, #4476 ) ;
#1041 = SURFACE_STYLE_USAGE ( .BOTH. , #6455 ) ;
#1042 =( LENGTH_UNIT ( ) NAMED_UNIT ( * ) SI_UNIT ( .MILLI., .METRE. ) );
#1043 = AXIS2_PLACEMENT_3D ( 'NONE', #3991, #6114, #5609 ) ;
#1044 = VECTOR ( 'NONE', #3258, 1000.000000000000000 ) ;
#1045 = CARTESIAN_POINT ( 'NONE',  ( 0.2803476042950979186, 0.000000000000000000, -0.07995386187611175366 ) ) ;
#1047 = ORIENTED_EDGE ( 'NONE', *, *, #6282, .F. ) ;
#1046 = AXIS2_PLACEMENT_3D ( 'NONE', #5023, #187, #248 ) ;
#1048 = AXIS2_PLACEMENT_3D ( 'NONE', #4581, #2563, #880 ) ;
#1049 = STYLED_ITEM ( 'NONE', ( #5127 ), #683 ) ;
#1050 = LINE ( 'NONE', #5372, #4563 ) ;
#1051 = ORIENTED_EDGE ( 'NONE', *, *, #3122, .T. ) ;
#1052 = CARTESIAN_POINT ( 'NONE',  ( 0.5250253739081551796, 0.003000000000000000062, -0.1121352141941526354 ) ) ;
#1053 = VECTOR ( 'NONE', #4965, 1000.000000000000000 ) ;
#1054 =( GEOMETRIC_REPRESENTATION_CONTEXT ( 3 ) GLOBAL_UNCERTAINTY_ASSIGNED_CONTEXT ( ( #5755 ) ) GLOBAL_UNIT_ASSIGNED_CONTEXT ( ( #5865, #5427, #2626 ) ) REPRESENTATION_CONTEXT ( 'NONE', 'WORKASPACE' ) );
#1055 = FACE_OUTER_BOUND ( 'NONE', #2722, .T. ) ;
#1056 = ORIENTED_EDGE ( 'NONE', *, *, #2302, .T. ) ;
#1057 = EDGE_CURVE ( 'NONE', #4185, #4970, #5960, .T. ) ;
#1058 = AXIS2_PLACEMENT_3D ( 'NONE', #2155, #2613, #4743 ) ;
#1059 = MECHANICAL_DESIGN_GEOMETRIC_PRESENTATION_REPRESENTATION (  '', ( #5883 ), #5552 ) ;
#1060 = COLOUR_RGB ( '',0.4745098039215686070, 0.4823529411764705954, 0.5019607843137254832 ) ;
#1061 = EDGE_CURVE ( 'NONE', #4468, #2494, #2218, .T. ) ;
#1062 = STYLED_ITEM ( 'NONE', ( #1424 ), #2802 ) ;
#1063 = DIRECTION ( 'NONE',  ( 1.000000000000000000, 0.000000000000000000, 0.000000000000000000 ) ) ;
#1064 = EDGE_CURVE ( 'NONE', #3299, #1430, #3834, .T. ) ;
#1065 = MECHANICAL_DESIGN_GEOMETRIC_PRESENTATION_REPRESENTATION (  '', ( #414 ), #4098 ) ;
#1066 = ORIENTED_EDGE ( 'NONE', *, *, #4035, .T. ) ;
#1067 = VECTOR ( 'NONE', #4628, 1000.000000000000000 ) ;
#1068 = CARTESIAN_POINT ( 'NONE',  ( 0.1511387349348353171, 0.003000000000000000062, -0.1348280044436376557 ) ) ;
#1069 =( LENGTH_UNIT ( ) NAMED_UNIT ( * ) SI_UNIT ( .MILLI., .METRE. ) );
#1070 = LINE ( 'NONE', #1103, #5903 ) ;
#1071 = ORIENTED_EDGE ( 'NONE', *, *, #3914, .T. ) ;
#1073 = ORIENTED_EDGE ( 'NONE', *, *, #2302, .F. ) ;
#1072 = CARTESIAN_POINT ( 'NONE',  ( 0.5257201370498062465, 0.000000000000000000, -0.1053522860724485088 ) ) ;
#1074 = PRODUCT_CONTEXT ( 'NONE', #1025, 'mechanical' ) ;
#1075 = CIRCLE ( 'NONE', #3437, 0.006158018178927646483 ) ;
#1076 = STYLED_ITEM ( 'NONE', ( #4365 ), #4414 ) ;
#1077 = DIRECTION ( 'NONE',  ( 0.000000000000000000, 0.000000000000000000, -1.000000000000000000 ) ) ;
#1078 = AXIS2_PLACEMENT_3D ( 'NONE', #6843, #3710, #6322 ) ;
#1079 = CARTESIAN_POINT ( 'NONE',  ( -0.7700000000000001288, 0.02000000000000003858, 0.4000000000000000222 ) ) ;
#1080 = CARTESIAN_POINT ( 'NONE',  ( 0.5120076289780736145, 0.003000000000000000062, -0.1198996506375018395 ) ) ;
#1081 = VERTEX_POINT ( 'NONE', #5379 ) ;
#1082 =( LENGTH_UNIT ( ) NAMED_UNIT ( * ) SI_UNIT ( .MILLI., .METRE. ) );
#1083 = CARTESIAN_POINT ( 'NONE',  ( 0.5085210281320399206, 0.000000000000000000, -0.06605078106590553388 ) ) ;
#1084 = SURFACE_SIDE_STYLE ('',( #6383 ) ) ;
#1085 = MECHANICAL_DESIGN_GEOMETRIC_PRESENTATION_REPRESENTATION (  '', ( #4803 ), #753 ) ;
#1086 = DIRECTION ( 'NONE',  ( -0.000000000000000000, -1.000000000000000000, -0.000000000000000000 ) ) ;
#1087 = CARTESIAN_POINT ( 'NONE',  ( 0.5078988403312109101, 0.003000000000000000062, -0.1070613408442326470 ) ) ;
#1088 = PRESENTATION_STYLE_ASSIGNMENT (( #5899 ) ) ;
#1089 = EDGE_CURVE ( 'NONE', #4135, #5910, #5429, .T. ) ;
#1090 = VECTOR ( 'NONE', #3726, 1000.000000000000000 ) ;
#1091 = DIRECTION ( 'NONE',  ( -0.000000000000000000, -1.000000000000000000, -0.000000000000000000 ) ) ;
#1092 = ORIENTED_EDGE ( 'NONE', *, *, #2091, .T. ) ;
#1093 = FILL_AREA_STYLE_COLOUR ( '', #1518 ) ;
#1094 = PRESENTATION_STYLE_ASSIGNMENT (( #989 ) ) ;
#1095 = SURFACE_STYLE_USAGE ( .BOTH. , #4351 ) ;
#1096 = VERTEX_POINT ( 'NONE', #514 ) ;
#1097 = EDGE_CURVE ( 'NONE', #426, #6626, #5403, .T. ) ;
#1098 = UNCERTAINTY_MEASURE_WITH_UNIT (LENGTH_MEASURE( 1.000000000000000082E-05 ), #5251, 'distance_accuracy_value', 'NONE');
#1099 = CARTESIAN_POINT ( 'NONE',  ( 0.000000000000000000, 0.000000000000000000, -0.4000000000000000777 ) ) ;
#1100 = EDGE_LOOP ( 'NONE', ( #3575, #3708, #6810, #2338 ) ) ;
#1101 = FILL_AREA_STYLE ('',( #3193 ) ) ;
#1102 = FACE_OUTER_BOUND ( 'NONE', #1314, .T. ) ;
#1103 = CARTESIAN_POINT ( 'NONE',  ( 0.05327345187919454300, 0.003000000000000000062, -0.08625706701872583315 ) ) ;
#1104 = ORIENTED_EDGE ( 'NONE', *, *, #1552, .T. ) ;
#1105 = ORIENTED_EDGE ( 'NONE', *, *, #873, .T. ) ;
#1106 = ADVANCED_FACE ( 'NONE', ( #6875 ), #1, .F. ) ;
#1107 = COLOUR_RGB ( '',0.8941176470588234615, 0.4039215686274509887, 0.2431372549019607809 ) ;
#1108 = UNCERTAINTY_MEASURE_WITH_UNIT (LENGTH_MEASURE( 1.000000000000000082E-05 ), #5131, 'distance_accuracy_value', 'NONE');
#1109 = LINE ( 'NONE', #6422, #6326 ) ;
#1110 = CARTESIAN_POINT ( 'NONE',  ( 0.5288647974072393509, 0.003000000000000000062, -0.06515718325081611140 ) ) ;
#1111 = PRESENTATION_LAYER_ASSIGNMENT (  '', '', ( #1453 ) ) ;
#1112 = DIRECTION ( 'NONE',  ( -1.000000000000000000, -0.000000000000000000, -0.000000000000000000 ) ) ;
#1113 = CARTESIAN_POINT ( 'NONE',  ( 0.5291540010148010342, 0.003000000000000000062, -0.03821719267283291144 ) ) ;
#1114 = FILL_AREA_STYLE ('',( #4293 ) ) ;
#1115 = SURFACE_STYLE_FILL_AREA ( #5918 ) ;
#1116 = VERTEX_POINT ( 'NONE', #2282 ) ;
#1117 = DIRECTION ( 'NONE',  ( -1.000000000000000000, 0.000000000000000000, 0.000000000000000000 ) ) ;
#1118 = VERTEX_POINT ( 'NONE', #4739 ) ;
#1119 =( LENGTH_UNIT ( ) NAMED_UNIT ( * ) SI_UNIT ( .MILLI., .METRE. ) );
#1120 = ADVANCED_FACE ( 'NONE', ( #6185, #1964 ), #895, .F. ) ;
#1121 = CARTESIAN_POINT ( 'NONE',  ( -0.7875735931288073699, 0.7899999999999999245, -0.3699999999999999956 ) ) ;
#1122 = CARTESIAN_POINT ( 'NONE',  ( 0.5170852029101958847, 0.003000000000000000062, -0.06287549031968749091 ) ) ;
#1123 = ADVANCED_FACE ( 'NONE', ( #1432 ), #430, .F. ) ;
#1124 =( NAMED_UNIT ( * ) SI_UNIT ( $, .STERADIAN. ) SOLID_ANGLE_UNIT ( ) );
#1125 = DIRECTION ( 'NONE',  ( -1.000000000000000000, 0.000000000000000000, 0.000000000000000000 ) ) ;
#1126 = DIRECTION ( 'NONE',  ( -0.000000000000000000, -1.000000000000000000, -0.000000000000000000 ) ) ;
#1127 = CARTESIAN_POINT ( 'NONE',  ( 0.03995848295781381787, 0.000000000000000000, -0.06479096632406079748 ) ) ;
#1128 = ORIENTED_EDGE ( 'NONE', *, *, #6492, .T. ) ;
#1129 = DIRECTION ( 'NONE',  ( -0.000000000000000000, -1.000000000000000000, -0.000000000000000000 ) ) ;
#1130 = FACE_OUTER_BOUND ( 'NONE', #5862, .T. ) ;
#1131 = SURFACE_SIDE_STYLE ('',( #709 ) ) ;
#1132 = PRODUCT_DEFINITION ( 'UNKNOWN', '', #5598, #3640 ) ;
#1133 = CARTESIAN_POINT ( 'NONE',  ( 0.02512776830933449029, 0.000000000000000000, -0.1348280044436376557 ) ) ;
#1134 = CARTESIAN_POINT ( 'NONE',  ( 0.2803476042950979186, 0.003000000000000000062, -0.1348280044436376557 ) ) ;
#1135 = VERTEX_POINT ( 'NONE', #321 ) ;
#1136 = DIRECTION ( 'NONE',  ( -1.000000000000000000, 0.000000000000000000, 0.000000000000000000 ) ) ;
#1137 = SURFACE_STYLE_FILL_AREA ( #1807 ) ;
#1138 = ORIENTED_EDGE ( 'NONE', *, *, #6334, .T. ) ;
#1139 = AXIS2_PLACEMENT_3D ( 'NONE', #4283, #2254, #5834 ) ;
#1140 = DIRECTION ( 'NONE',  ( 0.000000000000000000, 0.000000000000000000, -1.000000000000000000 ) ) ;
#1141 = CARTESIAN_POINT ( 'NONE',  ( 0.1469232180088918538, 0.003000000000000000062, -0.06791197847948228505 ) ) ;
#1142 = CARTESIAN_POINT ( 'NONE',  ( 0.5209455743335885680, 0.000000000000000000, -0.06515718325081611140 ) ) ;
#1143 = CARTESIAN_POINT ( 'NONE',  ( 0.3999999999999999667, 0.7800000000000002487, 0.3599999999999999867 ) ) ;
#1144 = VERTEX_POINT ( 'NONE', #2479 ) ;
#1145 = ORIENTED_EDGE ( 'NONE', *, *, #6412, .T. ) ;
#1146 = CARTESIAN_POINT ( 'NONE',  ( 0.5220709974093684647, 0.003000000000000000062, -0.1198996506375018395 ) ) ;
#1147 = CARTESIAN_POINT ( 'NONE',  ( 0.5078988403312109101, 0.000000000000000000, -0.1258999299338860178 ) ) ;
#1148 = LINE ( 'NONE', #6415, #2440 ) ;
#1149 = FILL_AREA_STYLE_COLOUR ( '', #6309 ) ;
#1150 = DIRECTION ( 'NONE',  ( 1.000000000000000000, -0.000000000000000000, 0.000000000000000000 ) ) ;
#1151 = STYLED_ITEM ( 'NONE', ( #3413 ), #1856 ) ;
#1152 = CARTESIAN_POINT ( 'NONE',  ( 0.5149849188702897429, 0.000000000000000000, -0.1238094871698974531 ) ) ;
#1153 = DIRECTION ( 'NONE',  ( -0.000000000000000000, -1.000000000000000000, -0.000000000000000000 ) ) ;
#1154 = ORIENTED_EDGE ( 'NONE', *, *, #5709, .T. ) ;
#1155 = PRESENTATION_LAYER_ASSIGNMENT (  '', '', ( #6303 ) ) ;
#1156 = PLANE ( 'NONE',  #2436 ) ;
#1157 =( NAMED_UNIT ( * ) PLANE_ANGLE_UNIT ( ) SI_UNIT ( $, .RADIAN. ) );
#1158 = CARTESIAN_POINT ( 'NONE',  ( 0.5250253739081551796, 0.003000000000000000062, -0.04688998638497178517 ) ) ;
#1159 = STYLED_ITEM ( 'NONE', ( #3001 ), #488 ) ;
#1160 = CARTESIAN_POINT ( 'NONE',  ( 0.8000000000000001554, 0.000000000000000000, -0.3700000000000001066 ) ) ;
#1161 = VECTOR ( 'NONE', #6548, 1000.000000000000000 ) ;
#1162 = PLANE ( 'NONE',  #775 ) ;
#1163 = PRESENTATION_LAYER_ASSIGNMENT (  '', '', ( #4200 ) ) ;
#1164 = MECHANICAL_DESIGN_GEOMETRIC_PRESENTATION_REPRESENTATION (  '', ( #2974 ), #5969 ) ;
#1165 = ORIENTED_EDGE ( 'NONE', *, *, #6434, .F. ) ;
#1166 = COLOUR_RGB ( '',0.4745098039215686070, 0.4823529411764705954, 0.5019607843137254832 ) ;
#1167 = CARTESIAN_POINT ( 'NONE',  ( 0.5288647974072393509, 0.000000000000000000, -0.05416084963150000903 ) ) ;
#1168 = AXIS2_PLACEMENT_3D ( 'NONE', #6557, #6126, #3927 ) ;
#1169 = DIRECTION ( 'NONE',  ( 0.000000000000000000, 1.000000000000000000, 0.000000000000000000 ) ) ;
#1170 = ORIENTED_EDGE ( 'NONE', *, *, #1007, .F. ) ;
#1171 =( BOUNDED_SURFACE ( )  B_SPLINE_SURFACE ( 3, 3, ( 
 ( #801, #3489, #4538, #4991 ),
 ( #194, #6029, #4480, #1232 ),
 ( #255, #6594, #6521, #3965 ),
 ( #6094, #3389, #1798, #3929 ) ),
 .UNSPECIFIED., .F., .F., .F. ) 
 B_SPLINE_SURFACE_WITH_KNOTS ( ( 4, 4 ),
 ( 4, 4 ),
 ( 0.000000000000000000, 1.000000000000000000 ),
 ( 0.000000000000000000, 1.000000000000000000 ),
 .UNSPECIFIED. ) 
 GEOMETRIC_REPRESENTATION_ITEM ( )  RATIONAL_B_SPLINE_SURFACE ( (
 ( 1.000000000000000000, 0.8047378541243649375, 0.8047378541243649375, 1.000000000000000000),
 ( 0.8047378541243658256, 0.6476030138606884146, 0.6476030138606884146, 0.8047378541243658256),
 ( 0.8047378541243658256, 0.6476030138606884146, 0.6476030138606884146, 0.8047378541243658256),
 ( 1.000000000000000000, 0.8047378541243649375, 0.8047378541243649375, 1.000000000000000000) ) ) 
 REPRESENTATION_ITEM ( '' )  SURFACE ( )  );
#1172 = PRESENTATION_LAYER_ASSIGNMENT (  '', '', ( #1049 ) ) ;
#1173 = PRODUCT_CONTEXT ( 'NONE', #2363, 'mechanical' ) ;
#1174 = EDGE_CURVE ( 'NONE', #4112, #137, #4601, .T. ) ;
#1175 = UNCERTAINTY_MEASURE_WITH_UNIT (LENGTH_MEASURE( 1.000000000000000082E-05 ), #2627, 'distance_accuracy_value', 'NONE');
#1176 = CARTESIAN_POINT ( 'NONE',  ( -0.7700000000000001288, 0.7600000000000001199, -0.4000000000000000777 ) ) ;
#1177 = AXIS2_PLACEMENT_3D ( 'NONE', #6601, #1806, #5939 ) ;
#1178 = COLOUR_RGB ( '',0.8941176470588234615, 0.4039215686274509887, 0.2431372549019607809 ) ;
#1179 = VECTOR ( 'NONE', #1793, 1000.000000000000000 ) ;
#1180 = CARTESIAN_POINT ( 'NONE',  ( 0.5288647974072393509, 0.003000000000000000062, -0.05803963744639718814 ) ) ;
#1181 = CARTESIAN_POINT ( 'NONE',  ( 0.06614396386324637722, 0.003000000000000000062, -0.06479096632406079748 ) ) ;
#1182 = VERTEX_POINT ( 'NONE', #5191 ) ;
#1183 = VECTOR ( 'NONE', #1473, 1000.000000000000000 ) ;
#1184 = LINE ( 'NONE', #669, #5390 ) ;
#1185 = MECHANICAL_DESIGN_GEOMETRIC_PRESENTATION_REPRESENTATION (  '', ( #3338 ), #1864 ) ;
#1186 = VERTEX_POINT ( 'NONE', #1931 ) ;
#1187 = SURFACE_STYLE_FILL_AREA ( #4823 ) ;
#1188 = PRESENTATION_LAYER_ASSIGNMENT (  '', '', ( #841 ) ) ;
#1189 = AXIS2_PLACEMENT_3D ( 'NONE', #3541, #891, #6144 ) ;
#1190 =( GEOMETRIC_REPRESENTATION_CONTEXT ( 3 ) GLOBAL_UNCERTAINTY_ASSIGNED_CONTEXT ( ( #821 ) ) GLOBAL_UNIT_ASSIGNED_CONTEXT ( ( #5164, #4063, #5303 ) ) REPRESENTATION_CONTEXT ( 'NONE', 'WORKASPACE' ) );
#1191 = FILL_AREA_STYLE ('',( #1149 ) ) ;
#1192 = SURFACE_STYLE_USAGE ( .BOTH. , #3824 ) ;
#1193 = PLANE ( 'NONE',  #5217 ) ;
#1194 =( NAMED_UNIT ( * ) PLANE_ANGLE_UNIT ( ) SI_UNIT ( $, .RADIAN. ) );
#1195 = EDGE_CURVE ( 'NONE', #5123, #2851, #387, .T. ) ;
#1196 =( GEOMETRIC_REPRESENTATION_CONTEXT ( 3 ) GLOBAL_UNCERTAINTY_ASSIGNED_CONTEXT ( ( #3436 ) ) GLOBAL_UNIT_ASSIGNED_CONTEXT ( ( #5003, #2814, #201 ) ) REPRESENTATION_CONTEXT ( 'NONE', 'WORKASPACE' ) );
#1197 = EDGE_CURVE ( 'NONE', #2111, #2716, #4757, .T. ) ;
#1198 = LINE ( 'NONE', #5952, #2574 ) ;
#1199 =( NAMED_UNIT ( * ) PLANE_ANGLE_UNIT ( ) SI_UNIT ( $, .RADIAN. ) );
#1200 = VERTEX_POINT ( 'NONE', #1467 ) ;
#1201 = DIRECTION ( 'NONE',  ( 1.000000000000000000, -0.000000000000000000, 0.000000000000000000 ) ) ;
#1202 = CARTESIAN_POINT ( 'NONE',  ( 0.5220709974093684647, 0.003000000000000000062, -0.04214059935213382985 ) ) ;
#1203 = CARTESIAN_POINT ( 'NONE',  ( 0.7875735931288073699, 0.7600000000000001199, -0.4000000000000001332 ) ) ;
#1204 = EDGE_CURVE ( 'NONE', #428, #4187, #971, .T. ) ;
#1205 = VERTEX_POINT ( 'NONE', #5305 ) ;
#1206 = CARTESIAN_POINT ( 'NONE',  ( 0.3795462710254895455, 0.000000000000000000, -0.04879976180185294221 ) ) ;
#1207 = PLANE ( 'NONE',  #5896 ) ;
#1208 = PRESENTATION_STYLE_ASSIGNMENT (( #3340 ) ) ;
#1209 = ORIENTED_EDGE ( 'NONE', *, *, #607, .T. ) ;
#1210 =( GEOMETRIC_REPRESENTATION_CONTEXT ( 3 ) GLOBAL_UNCERTAINTY_ASSIGNED_CONTEXT ( ( #1977 ) ) GLOBAL_UNIT_ASSIGNED_CONTEXT ( ( #2534, #6840, #5706 ) ) REPRESENTATION_CONTEXT ( 'NONE', 'WORKASPACE' ) );
#1211 = DIRECTION ( 'NONE',  ( 1.000000000000000000, 0.000000000000000000, 0.000000000000000000 ) ) ;
#1212 = DIRECTION ( 'NONE',  ( -0.000000000000000000, -1.000000000000000000, -0.000000000000000000 ) ) ;
#1213 = CARTESIAN_POINT ( 'NONE',  ( 0.2307094166659325318, 0.003000000000000000062, -0.1345603585632335342 ) ) ;
#1214 = LINE ( 'NONE', #2921, #6451 ) ;
#1215 = CARTESIAN_POINT ( 'NONE',  ( 0.2558222386253550251, 0.000000000000000000, -0.05107781836179189905 ) ) ;
#1216 = ORIENTED_EDGE ( 'NONE', *, *, #2885, .T. ) ;
#1217 =( NAMED_UNIT ( * ) PLANE_ANGLE_UNIT ( ) SI_UNIT ( $, .RADIAN. ) );
#1218 = CARTESIAN_POINT ( 'NONE',  ( 0.8000000000000001554, 0.7600000000000001199, 0.3699999999999999956 ) ) ;
#1219 = EDGE_CURVE ( 'NONE', #3476, #6421, #6828, .T. ) ;
#1220 = ORIENTED_EDGE ( 'NONE', *, *, #474, .F. ) ;
#1221 = FILL_AREA_STYLE ('',( #51 ) ) ;
#1222 = VECTOR ( 'NONE', #3642, 1000.000000000000000 ) ;
#1223 = LINE ( 'NONE', #122, #5356 ) ;
#1224 = PLANE ( 'NONE',  #4656 ) ;
#1225 = CARTESIAN_POINT ( 'NONE',  ( 0.3250174859200531396, 0.003000000000000000062, -0.07252464859866522562 ) ) ;
#1226 =( LENGTH_UNIT ( ) NAMED_UNIT ( * ) SI_UNIT ( .MILLI., .METRE. ) );
#1227 = EDGE_CURVE ( 'NONE', #1764, #6181, #4682, .T. ) ;
#1228 = FILL_AREA_STYLE ('',( #155 ) ) ;
#1229 = CARTESIAN_POINT ( 'NONE',  ( 0.5288647974072393509, 0.000000000000000000, -0.1198996506375018395 ) ) ;
#1230 = ORIENTED_EDGE ( 'NONE', *, *, #2820, .T. ) ;
#1231 = DIRECTION ( 'NONE',  ( 0.000000000000000000, 0.000000000000000000, -1.000000000000000000 ) ) ;
#1232 = CARTESIAN_POINT ( 'NONE',  ( -0.7875735931288072589, 0.7600000000000000089, 0.3999999999999998557 ) ) ;
#1233 = DIRECTION ( 'NONE',  ( 0.000000000000000000, 0.000000000000000000, -1.000000000000000000 ) ) ;
#1234 = CARTESIAN_POINT ( 'NONE',  ( 0.7700000000000002398, 0.7900000000000001465, -0.3875735931288071257 ) ) ;
#1235 = ORIENTED_EDGE ( 'NONE', *, *, #4016, .T. ) ;
#1236 = LINE ( 'NONE', #2383, #4987 ) ;
#1237 = DIRECTION ( 'NONE',  ( -0.000000000000000000, -0.000000000000000000, -1.000000000000000000 ) ) ;
#1238 = CARTESIAN_POINT ( 'NONE',  ( 0.5138987830392848233, 0.003000000000000000062, -0.06903330197238165267 ) ) ;
#1239 = EDGE_LOOP ( 'NONE', ( #1896, #2640, #3945 ) ) ;
#1240 = ADVANCED_FACE ( 'NONE', ( #5350 ), #1540, .F. ) ;
#1241 = APPLICATION_PROTOCOL_DEFINITION ( 'draft international standard', 'automotive_design', 1998, #2725 ) ;
#1242 = DIRECTION ( 'NONE',  ( -0.000000000000000000, -1.000000000000000000, -0.000000000000000000 ) ) ;
#1243 = EDGE_CURVE ( 'NONE', #3403, #3165, #6798, .T. ) ;
#1244 = CARTESIAN_POINT ( 'NONE',  ( 0.8000000000000001554, 0.7600000000000000089, 0.3699999999999999956 ) ) ;
#1245 = CARTESIAN_POINT ( 'NONE',  ( 0.5120076289780736145, 0.000000000000000000, -0.05803963744639718814 ) ) ;
#1246 = LINE ( 'NONE', #4557, #1521 ) ;
#1247 = CARTESIAN_POINT ( 'NONE',  ( 0.5288647974072393509, 0.003000000000000000062, -0.05803963744639718814 ) ) ;
#1248 = VERTEX_POINT ( 'NONE', #1501 ) ;
#1249 = SURFACE_SIDE_STYLE ('',( #6042 ) ) ;
#1250 = ORIENTED_EDGE ( 'NONE', *, *, #5951, .T. ) ;
#1251 = AXIS2_PLACEMENT_3D ( 'NONE', #5039, #3375, #266 ) ;
#1252 = ORIENTED_EDGE ( 'NONE', *, *, #3613, .F. ) ;
#1253 = DIRECTION ( 'NONE',  ( 0.000000000000000000, 0.000000000000000000, -1.000000000000000000 ) ) ;
#1254 = FACE_OUTER_BOUND ( 'NONE', #2167, .T. ) ;
#1255 = DIRECTION ( 'NONE',  ( 0.000000000000000000, -0.000000000000000000, 1.000000000000000000 ) ) ;
#1256 = COLOUR_RGB ( '',0.4745098039215686070, 0.4823529411764705954, 0.5019607843137254832 ) ;
#1257 = CARTESIAN_POINT ( 'NONE',  ( 0.2803476042950979186, 0.000000000000000000, -0.02822637805886715756 ) ) ;
#1258 = DIRECTION ( 'NONE',  ( 0.000000000000000000, 1.000000000000000000, 0.000000000000000000 ) ) ;
#1259 = ORIENTED_EDGE ( 'NONE', *, *, #4747, .F. ) ;
#1260 = DIRECTION ( 'NONE',  ( 0.000000000000000000, 0.000000000000000000, -1.000000000000000000 ) ) ;
#1261 = DIRECTION ( 'NONE',  ( 1.000000000000000000, -0.000000000000000000, -0.000000000000000000 ) ) ;
#1262 = MECHANICAL_DESIGN_GEOMETRIC_PRESENTATION_REPRESENTATION (  '', ( #4433 ), #5767 ) ;
#1263 = CARTESIAN_POINT ( 'NONE',  ( -0.8000000000000002665, 0.02000000000000010797, -0.3700000000000001621 ) ) ;
#1264 = COLOUR_RGB ( '',0.8941176470588234615, 0.4039215686274509887, 0.2431372549019607809 ) ;
#1265 = COLOUR_RGB ( '',0.7921568627450980005, 0.8196078431372548767, 0.9333333333333333481 ) ;
#1266 = AXIS2_PLACEMENT_3D ( 'NONE', #4800, #2104, #5375 ) ;
#1267 = ORIENTED_EDGE ( 'NONE', *, *, #4282, .T. ) ;
#1268 = ADVANCED_FACE ( 'NONE', ( #492 ), #535, .F. ) ;
#1269 = CARTESIAN_POINT ( 'NONE',  ( 0.1239546528059941727, 0.003000000000000000062, -0.05204809658087075630 ) ) ;
#1270 = DIRECTION ( 'NONE',  ( 1.000000000000000000, -0.000000000000000000, -0.000000000000000000 ) ) ;
#1271 = CARTESIAN_POINT ( 'NONE',  ( 0.2558222386253550251, 0.000000000000000000, -0.07995386187611175366 ) ) ;
#1272 = ORIENTED_EDGE ( 'NONE', *, *, #3357, .T. ) ;
#1273 = CIRCLE ( 'NONE', #614, 0.02999999999999997113 ) ;
#1274 = PRESENTATION_LAYER_ASSIGNMENT (  '', '', ( #5542 ) ) ;
#1275 =( NAMED_UNIT ( * ) PLANE_ANGLE_UNIT ( ) SI_UNIT ( $, .RADIAN. ) );
#1276 = PRESENTATION_LAYER_ASSIGNMENT (  '', '', ( #4330 ) ) ;
#1277 = CIRCLE ( 'NONE', #2205, 0.006158018178927646483 ) ;
#1278 = DIRECTION ( 'NONE',  ( -1.000000000000000000, -0.000000000000000000, -0.000000000000000000 ) ) ;
#1279 =( NAMED_UNIT ( * ) PLANE_ANGLE_UNIT ( ) SI_UNIT ( $, .RADIAN. ) );
#1280 = DIRECTION ( 'NONE',  ( -0.000000000000000000, -0.000000000000000000, 1.000000000000000000 ) ) ;
#1281 = CARTESIAN_POINT ( 'NONE',  ( 0.03995848295781381787, 0.003000000000000000062, -0.02822637805886715756 ) ) ;
#1282 = EDGE_LOOP ( 'NONE', ( #2008, #5060, #370, #516 ) ) ;
#1283 =( GEOMETRIC_REPRESENTATION_CONTEXT ( 3 ) GLOBAL_UNCERTAINTY_ASSIGNED_CONTEXT ( ( #972 ) ) GLOBAL_UNIT_ASSIGNED_CONTEXT ( ( #42, #5916, #6574 ) ) REPRESENTATION_CONTEXT ( 'NONE', 'WORKASPACE' ) );
#1284 = ORIENTED_EDGE ( 'NONE', *, *, #6058, .T. ) ;
#1285 = STYLED_ITEM ( 'NONE', ( #983 ), #5314 ) ;
#1286 = PRESENTATION_LAYER_ASSIGNMENT (  '', '', ( #1857 ) ) ;
#1287 = VERTEX_POINT ( 'NONE', #2648 ) ;
#1288 = PRESENTATION_LAYER_ASSIGNMENT (  '', '', ( #732 ) ) ;
#1289 = PLANE ( 'NONE',  #4082 ) ;
#1290 = AXIS2_PLACEMENT_3D ( 'NONE', #1941, #1914, #3461 ) ;
#1291 = DIRECTION ( 'NONE',  ( 0.000000000000000000, -1.000000000000000000, 0.000000000000000000 ) ) ;
#1292 =( NAMED_UNIT ( * ) PLANE_ANGLE_UNIT ( ) SI_UNIT ( $, .RADIAN. ) );
#1293 = PRESENTATION_LAYER_ASSIGNMENT (  '', '', ( #4877 ) ) ;
#1294 = PLANE ( 'NONE',  #4540 ) ;
#1295 = PRESENTATION_STYLE_ASSIGNMENT (( #4473 ) ) ;
#1296 = FILL_AREA_STYLE_COLOUR ( '', #70 ) ;
#1297 = MECHANICAL_DESIGN_GEOMETRIC_PRESENTATION_REPRESENTATION (  '', ( #3442 ), #3562 ) ;
#1298 = PRESENTATION_LAYER_ASSIGNMENT (  '', '', ( #3774 ) ) ;
#1299 = AXIS2_PLACEMENT_3D ( 'NONE', #6497, #5912, #2780 ) ;
#1300 =( NAMED_UNIT ( * ) SI_UNIT ( $, .STERADIAN. ) SOLID_ANGLE_UNIT ( ) );
#1301 = EDGE_LOOP ( 'NONE', ( #388, #4278, #521, #1030 ) ) ;
#1302 =( NAMED_UNIT ( * ) SI_UNIT ( $, .STERADIAN. ) SOLID_ANGLE_UNIT ( ) );
#1303 = CARTESIAN_POINT ( 'NONE',  ( 0.1101808012522048213, 0.000000000000000000, -0.02822637805886715756 ) ) ;
#1304 = CARTESIAN_POINT ( 'NONE',  ( 0.4000000000000001332, -0.009999999999999918676, 0.3699999999999999956 ) ) ;
#1305 = CARTESIAN_POINT ( 'NONE',  ( -0.7875735931288073699, 0.02000000000000010797, -0.4000000000000000777 ) ) ;
#1306 = CARTESIAN_POINT ( 'NONE',  ( 0.5209455743335885680, 0.000000000000000000, -0.06004042221169466481 ) ) ;
#1307 = VECTOR ( 'NONE', #6358, 1000.000000000000000 ) ;
#1308 = EDGE_LOOP ( 'NONE', ( #6410, #988, #4281 ) ) ;
#1309 = CARTESIAN_POINT ( 'NONE',  ( 0.5188791900677894864, 0.003000000000000000062, -0.09279341162517983077 ) ) ;
#1310 = CARTESIAN_POINT ( 'NONE',  ( 0.2803476042950979186, 0.003000000000000000062, -0.1135792546526552677 ) ) ;
#1311 = PRESENTATION_LAYER_ASSIGNMENT (  '', '', ( #4360 ) ) ;
#1312 = AXIS2_PLACEMENT_3D ( 'NONE', #5357, #3309, #5312 ) ;
#1313 =( NAMED_UNIT ( * ) PLANE_ANGLE_UNIT ( ) SI_UNIT ( $, .RADIAN. ) );
#1314 = EDGE_LOOP ( 'NONE', ( #1994, #3060, #4355, #747 ) ) ;
#1315 = ADVANCED_FACE ( 'NONE', ( #4292 ), #1437, .T. ) ;
#1316 = VECTOR ( 'NONE', #6347, 1000.000000000000000 ) ;
#1317 = DIRECTION ( 'NONE',  ( 1.000000000000000000, -0.000000000000000000, -0.000000000000000000 ) ) ;
#1318 = CARTESIAN_POINT ( 'NONE',  ( 0.7875735931288073699, 0.7899999999999999245, 0.3875735931288070146 ) ) ;
#1319 = CARTESIAN_POINT ( 'NONE',  ( 0.4000000000000001332, 0.02000000000000007674, -0.3700000000000001066 ) ) ;
#1320 = DIRECTION ( 'NONE',  ( -0.3065762034975848538, 0.000000000000000000, -0.9518461175258359219 ) ) ;
#1321 = PLANE ( 'NONE',  #5458 ) ;
#1322 = EDGE_LOOP ( 'NONE', ( #5771, #2368, #2397, #2625 ) ) ;
#1323 = CARTESIAN_POINT ( 'NONE',  ( 0.8000000000000001554, 0.7600000000000001199, -0.3700000000000001066 ) ) ;
#1324 = VERTEX_POINT ( 'NONE', #1113 ) ;
#1325 =( NAMED_UNIT ( * ) PLANE_ANGLE_UNIT ( ) SI_UNIT ( $, .RADIAN. ) );
#1326 = ORIENTED_EDGE ( 'NONE', *, *, #5487, .T. ) ;
#1327 = UNCERTAINTY_MEASURE_WITH_UNIT (LENGTH_MEASURE( 1.000000000000000082E-05 ), #5815, 'distance_accuracy_value', 'NONE');
#1328 = AXIS2_PLACEMENT_3D ( 'NONE', #5509, #4914, #4423 ) ;
#1329 = CARTESIAN_POINT ( 'NONE',  ( 0.4000000000000000222, 0.7600000000000001199, -0.3700000000000001066 ) ) ;
#1330 = FACE_OUTER_BOUND ( 'NONE', #5388, .T. ) ;
#1331 = CARTESIAN_POINT ( 'NONE',  ( -0.4000000000000001332, 0.02999999999999997113, -0.3900000000000001243 ) ) ;
#1332 =( GEOMETRIC_REPRESENTATION_CONTEXT ( 3 ) GLOBAL_UNCERTAINTY_ASSIGNED_CONTEXT ( ( #2031 ) ) GLOBAL_UNIT_ASSIGNED_CONTEXT ( ( #5841, #3167, #3686 ) ) REPRESENTATION_CONTEXT ( 'NONE', 'WORKASPACE' ) );
#1333 =( LENGTH_UNIT ( ) NAMED_UNIT ( * ) SI_UNIT ( .MILLI., .METRE. ) );
#1334 = B_SPLINE_CURVE_WITH_KNOTS ( 'NONE', 3,
 ( #6010, #1213, #172, #3305, #5943, #2328, #631, #206, #4463 ),
 .UNSPECIFIED., .F., .F.,
 ( 4, 1, 1, 1, 1, 1, 4 ),
 ( 0.000000000000000000, 0.2077974415789504425, 0.3397721598355694095, 0.4727445301339894823, 0.6440778849629447134, 0.8429488191267432429, 1.000000000000000000 ),
 .UNSPECIFIED. ) ;
#1335 = ORIENTED_EDGE ( 'NONE', *, *, #2182, .T. ) ;
#1336 = EDGE_CURVE ( 'NONE', #2413, #2259, #230, .T. ) ;
#1337 = CLOSED_SHELL ( 'NONE', ( #920, #4070, #898, #4414, #6704, #2301, #1123, #2359, #5243, #1315 ) ) ;
#1338 = DIRECTION ( 'NONE',  ( 0.000000000000000000, 0.000000000000000000, -1.000000000000000000 ) ) ;
#1339 = EDGE_CURVE ( 'NONE', #6117, #3303, #569, .T. ) ;
#1340 = CARTESIAN_POINT ( 'NONE',  ( 0.5188791900677894864, 0.000000000000000000, -0.08174568190881410790 ) ) ;
#1341 = ORIENTED_EDGE ( 'NONE', *, *, #4205, .T. ) ;
#1342 = PRESENTATION_STYLE_ASSIGNMENT (( #2278 ) ) ;
#1343 =( NAMED_UNIT ( * ) PLANE_ANGLE_UNIT ( ) SI_UNIT ( $, .RADIAN. ) );
#1344 = LINE ( 'NONE', #1371, #6591 ) ;
#1345 = ORIENTED_EDGE ( 'NONE', *, *, #5020, .T. ) ;
#1346 = SURFACE_STYLE_USAGE ( .BOTH. , #6135 ) ;
#1347 = CYLINDRICAL_SURFACE ( 'NONE', #3548, 0.01104772971636571940 ) ;
#1348 = DIRECTION ( 'NONE',  ( 0.3666781236024608259, -0.000000000000000000, 0.9303478670214589963 ) ) ;
#1349 = ORIENTED_EDGE ( 'NONE', *, *, #4371, .T. ) ;
#1350 = FACE_OUTER_BOUND ( 'NONE', #383, .T. ) ;
#1351 = FACE_OUTER_BOUND ( 'NONE', #5938, .T. ) ;
#1352 = FILL_AREA_STYLE_COLOUR ( '', #2543 ) ;
#1353 = PLANE ( 'NONE',  #848 ) ;
#1354 = FACE_OUTER_BOUND ( 'NONE', #999, .T. ) ;
#1355 = ORIENTED_EDGE ( 'NONE', *, *, #1819, .F. ) ;
#1356 = PLANE ( 'NONE',  #2414 ) ;
#1357 = DIRECTION ( 'NONE',  ( 0.000000000000000000, 0.000000000000000000, 1.000000000000000000 ) ) ;
#1358 = CARTESIAN_POINT ( 'NONE',  ( 0.3250174859200531396, 0.000000000000000000, -0.1135792546526552677 ) ) ;
#1359 = CARTESIAN_POINT ( 'NONE',  ( -0.4000000000000000222, 0.7500000000000001110, 0.3900000000000000688 ) ) ;
#1360 = DIRECTION ( 'NONE',  ( -1.000000000000000000, 0.000000000000000000, 0.000000000000000000 ) ) ;
#1361 = CARTESIAN_POINT ( 'NONE',  ( 0.2988614020076892919, 0.003000000000000000062, -0.02822637805886715756 ) ) ;
#1362 =( LENGTH_UNIT ( ) NAMED_UNIT ( * ) SI_UNIT ( .MILLI., .METRE. ) );
#1363 = EDGE_CURVE ( 'NONE', #5079, #1797, #4489, .T. ) ;
#1364 = SURFACE_STYLE_USAGE ( .BOTH. , #4106 ) ;
#1365 = EDGE_CURVE ( 'NONE', #4780, #1771, #3281, .T. ) ;
#1366 = FILL_AREA_STYLE_COLOUR ( '', #4972 ) ;
#1367 = EDGE_LOOP ( 'NONE', ( #3721, #3186, #6448, #308 ) ) ;
#1368 = LINE ( 'NONE', #297, #176 ) ;
#1369 = CARTESIAN_POINT ( 'NONE',  ( 0.5288647974072393509, 0.003000000000000000062, -0.05416084963150000903 ) ) ;
#1370 = EDGE_CURVE ( 'NONE', #3387, #2038, #6104, .T. ) ;
#1371 = CARTESIAN_POINT ( 'NONE',  ( -0.4000000000000001332, -0.009999999999999918676, -0.3700000000000001066 ) ) ;
#1372 = ORIENTED_EDGE ( 'NONE', *, *, #2863, .T. ) ;
#1373 = CARTESIAN_POINT ( 'NONE',  ( 0.2803476042950979186, 0.003000000000000000062, -0.1348280044436376557 ) ) ;
#1374 = DIRECTION ( 'NONE',  ( 0.000000000000000000, 1.000000000000000000, 0.000000000000000000 ) ) ;
#1375 = VERTEX_POINT ( 'NONE', #1269 ) ;
#1376 = EDGE_CURVE ( 'NONE', #6258, #4831, #1236, .T. ) ;
#1377 = UNCERTAINTY_MEASURE_WITH_UNIT (LENGTH_MEASURE( 1.000000000000000082E-05 ), #4685, 'distance_accuracy_value', 'NONE');
#1378 = CARTESIAN_POINT ( 'NONE',  ( 0.3744480512798593064, 0.000000000000000000, -0.09158047531953275588 ) ) ;
#1379 = MECHANICAL_DESIGN_GEOMETRIC_PRESENTATION_REPRESENTATION (  '', ( #1159 ), #3417 ) ;
#1380 = ORIENTED_EDGE ( 'NONE', *, *, #6348, .F. ) ;
#1381 = SURFACE_SIDE_STYLE ('',( #4054 ) ) ;
#1382 = VECTOR ( 'NONE', #4559, 1000.000000000000000 ) ;
#1383 = EDGE_CURVE ( 'NONE', #4188, #5286, #259, .T. ) ;
#1384 = CARTESIAN_POINT ( 'NONE',  ( 0.5291540010148010342, 0.003000000000000000062, -0.03821719267283291144 ) ) ;
#1385 = LINE ( 'NONE', #2539, #2887 ) ;
#1386 = ORIENTED_EDGE ( 'NONE', *, *, #3051, .T. ) ;
#1387 = ORIENTED_EDGE ( 'NONE', *, *, #5134, .T. ) ;
#1388 = CARTESIAN_POINT ( 'NONE',  ( 0.4429153846565643260, 0.003000000000000000062, -0.08182039739377539034 ) ) ;
#1389 =( GEOMETRIC_REPRESENTATION_CONTEXT ( 3 ) GLOBAL_UNCERTAINTY_ASSIGNED_CONTEXT ( ( #6649 ) ) GLOBAL_UNIT_ASSIGNED_CONTEXT ( ( #54, #6416, #3795 ) ) REPRESENTATION_CONTEXT ( 'NONE', 'WORKASPACE' ) );
#1390 = CARTESIAN_POINT ( 'NONE',  ( 0.7700000000000001288, 0.7600000000000001199, -0.3700000000000001066 ) ) ;
#1391 = EDGE_LOOP ( 'NONE', ( #3990, #3746, #4352, #5975 ) ) ;
#1392 = SURFACE_SIDE_STYLE ('',( #822 ) ) ;
#1393 = STYLED_ITEM ( 'NONE', ( #2866 ), #1583 ) ;
#1394 = DIRECTION ( 'NONE',  ( 0.000000000000000000, 0.000000000000000000, -1.000000000000000000 ) ) ;
#1395 = DIRECTION ( 'NONE',  ( 0.000000000000000000, 0.000000000000000000, -1.000000000000000000 ) ) ;
#1396 = FILL_AREA_STYLE_COLOUR ( '', #2428 ) ;
#1397 = CARTESIAN_POINT ( 'NONE',  ( 0.5200271813265667786, 0.003000000000000000062, -0.06515718325081611140 ) ) ;
#1398 = CARTESIAN_POINT ( 'NONE',  ( 0.7700000000000001288, 0.7600000000000001199, 0.3699999999999999956 ) ) ;
#1399 = MECHANICAL_DESIGN_GEOMETRIC_PRESENTATION_REPRESENTATION (  '', ( #2979 ), #4664 ) ;
#1400 = MECHANICAL_DESIGN_GEOMETRIC_PRESENTATION_REPRESENTATION (  '', ( #1857 ), #6769 ) ;
#1401 =( LENGTH_UNIT ( ) NAMED_UNIT ( * ) SI_UNIT ( .MILLI., .METRE. ) );
#1402 = UNCERTAINTY_MEASURE_WITH_UNIT (LENGTH_MEASURE( 1.000000000000000082E-05 ), #2586, 'distance_accuracy_value', 'NONE');
#1403 = VECTOR ( 'NONE', #6730, 1000.000000000000000 ) ;
#1404 = PRESENTATION_LAYER_ASSIGNMENT (  '', '', ( #2882 ) ) ;
#1405 = VECTOR ( 'NONE', #6209, 1000.000000000000000 ) ;
#1406 = ORIENTED_EDGE ( 'NONE', *, *, #3510, .T. ) ;
#1407 = LINE ( 'NONE', #6833, #5223 ) ;
#1408 = AXIS2_PLACEMENT_3D ( 'NONE', #4721, #4271, #982 ) ;
#1409 = FACE_OUTER_BOUND ( 'NONE', #1729, .T. ) ;
#1410 = ADVANCED_FACE ( 'NONE', ( #751 ), #5599, .F. ) ;
#1411 = AXIS2_PLACEMENT_3D ( 'NONE', #3181, #6417, #55 ) ;
#1412 =( GEOMETRIC_REPRESENTATION_CONTEXT ( 3 ) GLOBAL_UNCERTAINTY_ASSIGNED_CONTEXT ( ( #3508 ) ) GLOBAL_UNIT_ASSIGNED_CONTEXT ( ( #6788, #860, #5267 ) ) REPRESENTATION_CONTEXT ( 'NONE', 'WORKASPACE' ) );
#1413 =( NAMED_UNIT ( * ) PLANE_ANGLE_UNIT ( ) SI_UNIT ( $, .RADIAN. ) );
#1414 = VECTOR ( 'NONE', #1461, 1000.000000000000000 ) ;
#1415 = ORIENTED_EDGE ( 'NONE', *, *, #1061, .F. ) ;
#1416 = DIRECTION ( 'NONE',  ( 1.000000000000000000, 0.000000000000000000, 0.000000000000000000 ) ) ;
#1417 = LINE ( 'NONE', #5703, #2452 ) ;
#1418 = ORIENTED_EDGE ( 'NONE', *, *, #6657, .T. ) ;
#1419 = B_SPLINE_CURVE_WITH_KNOTS ( 'NONE', 3,
 ( #723, #207, #6222, #4706, #2064, #2538, #1384 ),
 .UNSPECIFIED., .F., .F.,
 ( 4, 1, 1, 1, 4 ),
 ( 0.000000000000000000, 0.2815937549329925460, 0.5095778968687421084, 0.7385601484621064916, 1.000000000000000000 ),
 .UNSPECIFIED. ) ;
#1420 = PRESENTATION_LAYER_ASSIGNMENT (  '', '', ( #5008 ) ) ;
#1421 = ADVANCED_FACE ( 'NONE', ( #6060 ), #5664, .T. ) ;
#1422 = DIRECTION ( 'NONE',  ( 0.000000000000000000, 0.000000000000000000, -1.000000000000000000 ) ) ;
#1423 = PRESENTATION_LAYER_ASSIGNMENT (  '', '', ( #5017 ) ) ;
#1424 = PRESENTATION_STYLE_ASSIGNMENT (( #6176 ) ) ;
#1425 = CARTESIAN_POINT ( 'NONE',  ( 0.2803476042950979186, 0.003000000000000000062, -0.1348280044436376557 ) ) ;
#1426 = PLANE ( 'NONE',  #1189 ) ;
#1427 = FILL_AREA_STYLE_COLOUR ( '', #737 ) ;
#1428 = EDGE_LOOP ( 'NONE', ( #5794, #4424, #4075, #728 ) ) ;
#1430 = VERTEX_POINT ( 'NONE', #1373 ) ;
#1429 =( NAMED_UNIT ( * ) SI_UNIT ( $, .STERADIAN. ) SOLID_ANGLE_UNIT ( ) );
#1431 = DIRECTION ( 'NONE',  ( -0.000000000000000000, -1.000000000000000000, -0.000000000000000000 ) ) ;
#1432 = FACE_OUTER_BOUND ( 'NONE', #3242, .T. ) ;
#1433 = EDGE_LOOP ( 'NONE', ( #6031, #6395, #2370, #3543 ) ) ;
#1434 = CARTESIAN_POINT ( 'NONE',  ( 0.5084205967598398601, 0.003000000000000000062, -0.03645871607386060725 ) ) ;
#1435 = FILL_AREA_STYLE ('',( #6232 ) ) ;
#1436 =( LENGTH_UNIT ( ) NAMED_UNIT ( * ) SI_UNIT ( .MILLI., .METRE. ) );
#1437 = PLANE ( 'NONE',  #2319 ) ;
#1438 = DIRECTION ( 'NONE',  ( -1.000000000000000000, 0.000000000000000000, 0.000000000000000000 ) ) ;
#1439 = LINE ( 'NONE', #1937, #2219 ) ;
#1440 =( LENGTH_UNIT ( ) NAMED_UNIT ( * ) SI_UNIT ( .MILLI., .METRE. ) );
#1441 = CARTESIAN_POINT ( 'NONE',  ( 0.5188791900677894864, 0.000000000000000000, -0.08174568190881410790 ) ) ;
#1442 = COLOUR_RGB ( '',0.8941176470588234615, 0.4039215686274509887, 0.2431372549019607809 ) ;
#1443 = LINE ( 'NONE', #6832, #5345 ) ;
#1444 = ADVANCED_FACE ( 'NONE', ( #4657 ), #2528, .T. ) ;
#1445 = VERTEX_POINT ( 'NONE', #3011 ) ;
#1446 = FILL_AREA_STYLE ('',( #3074 ) ) ;
#1447 = DIRECTION ( 'NONE',  ( -0.000000000000000000, -1.000000000000000000, -0.000000000000000000 ) ) ;
#1448 = SURFACE_SIDE_STYLE ('',( #4073 ) ) ;
#1449 = AXIS2_PLACEMENT_3D ( 'NONE', #5699, #2525, #4008 ) ;
#1450 = EDGE_LOOP ( 'NONE', ( #4248, #5728, #2497, #1558 ) ) ;
#1451 = B_SPLINE_CURVE_WITH_KNOTS ( 'NONE', 3,
 ( #1397, #6121, #6192, #286, #2856, #4571 ),
 .UNSPECIFIED., .F., .F.,
 ( 4, 1, 1, 4 ),
 ( 0.000000000000000000, 0.4767507211553572155, 0.7106901092556320298, 1.000000000000000000 ),
 .UNSPECIFIED. ) ;
#1452 = PRESENTATION_STYLE_ASSIGNMENT (( #4275 ) ) ;
#1453 = STYLED_ITEM ( 'NONE', ( #1452 ), #324 ) ;
#1454 = ORIENTED_EDGE ( 'NONE', *, *, #2225, .F. ) ;
#1455 = CARTESIAN_POINT ( 'NONE',  ( 0.5200271813265667786, 0.000000000000000000, -0.06515718325081611140 ) ) ;
#1456 = ORIENTED_EDGE ( 'NONE', *, *, #52, .T. ) ;
#1457 = UNCERTAINTY_MEASURE_WITH_UNIT (LENGTH_MEASURE( 1.000000000000000082E-05 ), #1594, 'distance_accuracy_value', 'NONE');
#1458 = FILL_AREA_STYLE ('',( #5292 ) ) ;
#1459 = DIRECTION ( 'NONE',  ( -0.3065762034975848538, 0.000000000000000000, -0.9518461175258359219 ) ) ;
#1460 = CARTESIAN_POINT ( 'NONE',  ( 0.7875735931288072589, -0.009999999999999864900, 0.3699999999999999956 ) ) ;
#1461 = DIRECTION ( 'NONE',  ( 0.000000000000000000, 0.000000000000000000, -1.000000000000000000 ) ) ;
#1462 = CARTESIAN_POINT ( 'NONE',  ( 0.7700000000000001288, 0.000000000000000000, -0.4000000000000000777 ) ) ;
#1463 = ORIENTED_EDGE ( 'NONE', *, *, #6541, .T. ) ;
#1465 = ORIENTED_EDGE ( 'NONE', *, *, #264, .F. ) ;
#1464 = CARTESIAN_POINT ( 'NONE',  ( 0.5101288819357372439, 0.000000000000000000, -0.06874794895536263939 ) ) ;
#1466 = CARTESIAN_POINT ( 'NONE',  ( 0.2400543990747725231, 0.000000000000000000, -0.05107781836179189905 ) ) ;
#1467 = CARTESIAN_POINT ( 'NONE',  ( 0.2558222386253550251, 0.000000000000000000, -0.05107781836179189905 ) ) ;
#1468 = ORIENTED_EDGE ( 'NONE', *, *, #5280, .F. ) ;
#1469 = UNCERTAINTY_MEASURE_WITH_UNIT (LENGTH_MEASURE( 1.000000000000000082E-05 ), #4946, 'distance_accuracy_value', 'NONE');
#1470 = CARTESIAN_POINT ( 'NONE',  ( 0.5184583121003590866, 0.003000000000000000062, -0.03147425039532796703 ) ) ;
#1471 = ADVANCED_FACE ( 'NONE', ( #1488 ), #3494, .F. ) ;
#1472 = SURFACE_STYLE_FILL_AREA ( #4681 ) ;
#1473 = DIRECTION ( 'NONE',  ( 0.000000000000000000, 0.000000000000000000, -1.000000000000000000 ) ) ;
#1474 =( NAMED_UNIT ( * ) PLANE_ANGLE_UNIT ( ) SI_UNIT ( $, .RADIAN. ) );
#1475 = CARTESIAN_POINT ( 'NONE',  ( 0.5148982518008852205, 0.003000000000000000062, -0.1225023121905232382 ) ) ;
#1476 = SURFACE_SIDE_STYLE ('',( #5890 ) ) ;
#1477 =( NAMED_UNIT ( * ) PLANE_ANGLE_UNIT ( ) SI_UNIT ( $, .RADIAN. ) );
#1478 = SURFACE_SIDE_STYLE ('',( #2655 ) ) ;
#1479 = UNCERTAINTY_MEASURE_WITH_UNIT (LENGTH_MEASURE( 1.000000000000000082E-05 ), #2399, 'distance_accuracy_value', 'NONE');
#1480 = CARTESIAN_POINT ( 'NONE',  ( 0.4429153846565643260, 0.000000000000000000, -0.1345850973110999937 ) ) ;
#1481 = CARTESIAN_POINT ( 'NONE',  ( 0.1069762494361762850, 0.000000000000000000, -0.1348280044436376557 ) ) ;
#1482 = SURFACE_STYLE_USAGE ( .BOTH. , #1448 ) ;
#1483 = ADVANCED_FACE ( 'NONE', ( #6277 ), #3609, .F. ) ;
#1484 =( NAMED_UNIT ( * ) SI_UNIT ( $, .STERADIAN. ) SOLID_ANGLE_UNIT ( ) );
#1485 = STYLED_ITEM ( 'NONE', ( #5411 ), #793 ) ;
#1486 = ADVANCED_FACE ( 'NONE', ( #450 ), #4547, .F. ) ;
#1487 = ORIENTED_EDGE ( 'NONE', *, *, #5101, .F. ) ;
#1488 = FACE_OUTER_BOUND ( 'NONE', #6041, .T. ) ;
#1489 = SURFACE_STYLE_FILL_AREA ( #2027 ) ;
#1490 = CARTESIAN_POINT ( 'NONE',  ( 0.2803476042950979186, 0.000000000000000000, -0.1135792546526552677 ) ) ;
#1491 = ORIENTED_EDGE ( 'NONE', *, *, #4416, .T. ) ;
#1492 = CARTESIAN_POINT ( 'NONE',  ( 0.000000000000000000, 0.02000000000000007674, -0.3700000000000001066 ) ) ;
#1493 = DIRECTION ( 'NONE',  ( 1.000000000000000000, 0.000000000000000000, -0.000000000000000000 ) ) ;
#1494 = VERTEX_POINT ( 'NONE', #4310 ) ;
#1495 = CARTESIAN_POINT ( 'NONE',  ( 0.5078988403312109101, 0.000000000000000000, -0.06475161236307666601 ) ) ;
#1496 = CARTESIAN_POINT ( 'NONE',  ( 0.5078988403312109101, 0.003000000000000000062, -0.09919797363134306989 ) ) ;
#1497 = FACE_OUTER_BOUND ( 'NONE', #853, .T. ) ;
#1498 =( GEOMETRIC_REPRESENTATION_CONTEXT ( 3 ) GLOBAL_UNCERTAINTY_ASSIGNED_CONTEXT ( ( #1469 ) ) GLOBAL_UNIT_ASSIGNED_CONTEXT ( ( #4946, #6021, #4505 ) ) REPRESENTATION_CONTEXT ( 'NONE', 'WORKASPACE' ) );
#1499 = FACE_OUTER_BOUND ( 'NONE', #4536, .T. ) ;
#1500 = DIRECTION ( 'NONE',  ( -1.000000000000000000, 0.000000000000000000, -0.000000000000000000 ) ) ;
#1501 = CARTESIAN_POINT ( 'NONE',  ( 0.1069762494361762850, 0.003000000000000000062, -0.1348280044436376557 ) ) ;
#1502 = CARTESIAN_POINT ( 'NONE',  ( -0.8000000000000001554, 0.02000000000000007674, -0.3700000000000001621 ) ) ;
#1503 = B_SPLINE_CURVE_WITH_KNOTS ( 'NONE', 3,
 ( #1820, #152, #4429, #6546, #245, #6118, #2797, #4917 ),
 .UNSPECIFIED., .F., .F.,
 ( 4, 1, 1, 1, 1, 4 ),
 ( 0.000000000000000000, 0.3161260551287067289, 0.4475206899615381539, 0.5829312061212666984, 0.7688482178689967084, 1.000000000000000000 ),
 .UNSPECIFIED. ) ;
#1504 = FACE_OUTER_BOUND ( 'NONE', #4255, .T. ) ;
#1505 = EDGE_CURVE ( 'NONE', #5078, #6325, #3188, .T. ) ;
#1506 = MECHANICAL_DESIGN_GEOMETRIC_PRESENTATION_REPRESENTATION (  '', ( #6564 ), #1190 ) ;
#1507 = PRESENTATION_STYLE_ASSIGNMENT (( #6384 ) ) ;
#1508 = FILL_AREA_STYLE_COLOUR ( '', #2212 ) ;
#1509 = MECHANICAL_DESIGN_GEOMETRIC_PRESENTATION_REPRESENTATION (  '', ( #6086 ), #5337 ) ;
#1510 = VECTOR ( 'NONE', #6151, 1000.000000000000227 ) ;
#1511 = AXIS2_PLACEMENT_3D ( 'NONE', #1329, #4000, #4570 ) ;
#1512 = EDGE_CURVE ( 'NONE', #1116, #3741, #934, .T. ) ;
#1513 = VECTOR ( 'NONE', #2090, 1000.000000000000000 ) ;
#1514 = CARTESIAN_POINT ( 'NONE',  ( 0.5188791900677894864, 0.000000000000000000, -0.08174568190881410790 ) ) ;
#1515 = AXIS2_PLACEMENT_3D ( 'NONE', #3185, #1662, #1015 ) ;
#1516 = ORIENTED_EDGE ( 'NONE', *, *, #5392, .T. ) ;
#1517 = VECTOR ( 'NONE', #5405, 1000.000000000000000 ) ;
#1518 = COLOUR_RGB ( '',0.8941176470588234615, 0.4039215686274509887, 0.2431372549019607809 ) ;
#1519 = ORIENTED_EDGE ( 'NONE', *, *, #5970, .F. ) ;
#1520 = PRESENTATION_LAYER_ASSIGNMENT (  '', '', ( #6332 ) ) ;
#1521 = VECTOR ( 'NONE', #6576, 1000.000000000000000 ) ;
#1522 = LINE ( 'NONE', #5832, #973 ) ;
#1523 = ORIENTED_EDGE ( 'NONE', *, *, #3598, .T. ) ;
#1524 = ADVANCED_FACE ( 'NONE', ( #1055 ), #4279, .F. ) ;
#1525 = VECTOR ( 'NONE', #3473, 1000.000000000000000 ) ;
#1526 = CARTESIAN_POINT ( 'NONE',  ( 0.5179688503939871014, 0.000000000000000000, -0.04214059935213382985 ) ) ;
#1527 = VECTOR ( 'NONE', #1280, 1000.000000000000000 ) ;
#1528 = VECTOR ( 'NONE', #549, 1000.000000000000000 ) ;
#1529 = ORIENTED_EDGE ( 'NONE', *, *, #2070, .F. ) ;
#1530 = SURFACE_SIDE_STYLE ('',( #5836 ) ) ;
#1531 = ADVANCED_FACE ( 'NONE', ( #1130 ), #2736, .F. ) ;
#1532 = DIRECTION ( 'NONE',  ( 0.000000000000000000, 1.000000000000000000, 0.000000000000000000 ) ) ;
#1533 = FILL_AREA_STYLE_COLOUR ( '', #197 ) ;
#1534 = VERTEX_POINT ( 'NONE', #6488 ) ;
#1535 = CARTESIAN_POINT ( 'NONE',  ( 0.5155786827821470242, 0.000000000000000000, -0.06935524894075381641 ) ) ;
#1536 = SURFACE_SIDE_STYLE ('',( #3028 ) ) ;
#1537 = UNCERTAINTY_MEASURE_WITH_UNIT (LENGTH_MEASURE( 1.000000000000000082E-05 ), #4922, 'distance_accuracy_value', 'NONE');
#1538 = SURFACE_SIDE_STYLE ('',( #4740 ) ) ;
#1539 = FACE_OUTER_BOUND ( 'NONE', #3229, .T. ) ;
#1540 = PLANE ( 'NONE',  #4519 ) ;
#1541 = FILL_AREA_STYLE_COLOUR ( '', #3968 ) ;
#1542 = CARTESIAN_POINT ( 'NONE',  ( 0.3795462710254895455, 0.003000000000000000062, -0.1348280044436376557 ) ) ;
#1543 = VERTEX_POINT ( 'NONE', #2279 ) ;
#1544 = CARTESIAN_POINT ( 'NONE',  ( 0.5139164806504733507, 0.003000000000000000062, -0.05002033037692237699 ) ) ;
#1545 = AXIS2_PLACEMENT_3D ( 'NONE', #5113, #1242, #6140 ) ;
#1546 =( NAMED_UNIT ( * ) PLANE_ANGLE_UNIT ( ) SI_UNIT ( $, .RADIAN. ) );
#1547 = B_SPLINE_CURVE_WITH_KNOTS ( 'NONE', 3,
 ( #4203, #3094, #1535, #1464, #6327, #1495 ),
 .UNSPECIFIED., .F., .F.,
 ( 4, 1, 1, 4 ),
 ( 0.000000000000000000, 0.4767507211553572155, 0.7106901092556320298, 1.000000000000000000 ),
 .UNSPECIFIED. ) ;
#1548 = FILL_AREA_STYLE ('',( #5823 ) ) ;
#1549 =( NAMED_UNIT ( * ) PLANE_ANGLE_UNIT ( ) SI_UNIT ( $, .RADIAN. ) );
#1550 = DIRECTION ( 'NONE',  ( -0.000000000000000000, -1.000000000000000000, -0.000000000000000000 ) ) ;
#1551 =( NAMED_UNIT ( * ) PLANE_ANGLE_UNIT ( ) SI_UNIT ( $, .RADIAN. ) );
#1552 = EDGE_CURVE ( 'NONE', #276, #4756, #4953, .T. ) ;
#1553 = ORIENTED_EDGE ( 'NONE', *, *, #5843, .F. ) ;
#1554 = ORIENTED_EDGE ( 'NONE', *, *, #3357, .F. ) ;
#1555 = EDGE_CURVE ( 'NONE', #6421, #922, #2761, .T. ) ;
#1556 = EDGE_CURVE ( 'NONE', #5078, #6366, #6096, .T. ) ;
#1557 = CARTESIAN_POINT ( 'NONE',  ( 0.1469232180088918538, 0.003000000000000000062, -0.06791197847948228505 ) ) ;
#1558 = ORIENTED_EDGE ( 'NONE', *, *, #2381, .F. ) ;
#1559 = FILL_AREA_STYLE_COLOUR ( '', #5776 ) ;
#1560 =( NAMED_UNIT ( * ) SI_UNIT ( $, .STERADIAN. ) SOLID_ANGLE_UNIT ( ) );
#1561 = ORIENTED_EDGE ( 'NONE', *, *, #1968, .T. ) ;
#1562 = VECTOR ( 'NONE', #5225, 1000.000000000000000 ) ;
#1563 = PRESENTATION_STYLE_ASSIGNMENT (( #4245 ) ) ;
#1564 = ORIENTED_EDGE ( 'NONE', *, *, #5487, .F. ) ;
#1565 = ORIENTED_EDGE ( 'NONE', *, *, #811, .T. ) ;
#1566 = DIRECTION ( 'NONE',  ( -0.9303478670214591073, 0.000000000000000000, 0.3666781236024607704 ) ) ;
#1567 = FILL_AREA_STYLE_COLOUR ( '', #5566 ) ;
#1568 = EDGE_LOOP ( 'NONE', ( #3735, #1250, #3505, #3198 ) ) ;
#1569 = CARTESIAN_POINT ( 'NONE',  ( 0.1659364400072695367, 0.000000000000000000, -0.02822637805886715756 ) ) ;
#1570 = VERTEX_POINT ( 'NONE', #4895 ) ;
#1571 = EDGE_CURVE ( 'NONE', #2595, #426, #4512, .T. ) ;
#1572 = FILL_AREA_STYLE ('',( #3277 ) ) ;
#1573 = EDGE_CURVE ( 'NONE', #3777, #1982, #651, .T. ) ;
#1574 = LINE ( 'NONE', #5844, #2094 ) ;
#1575 = DIRECTION ( 'NONE',  ( 0.000000000000000000, 0.000000000000000000, -1.000000000000000000 ) ) ;
#1576 = DIRECTION ( 'NONE',  ( 0.000000000000000000, -0.000000000000000000, 1.000000000000000000 ) ) ;
#1577 = LINE ( 'NONE', #2587, #166 ) ;
#1578 = CARTESIAN_POINT ( 'NONE',  ( 0.5127611694927183272, 0.000000000000000000, -0.04849964280878794887 ) ) ;
#1579 = EDGE_LOOP ( 'NONE', ( #893, #1026, #410, #2526, #757, #5319, #2812, #341, #4357, #1854 ) ) ;
#1580 = DIRECTION ( 'NONE',  ( 0.000000000000000000, -0.000000000000000000, 1.000000000000000000 ) ) ;
#1581 = FILL_AREA_STYLE ('',( #2724 ) ) ;
#1582 = CARTESIAN_POINT ( 'NONE',  ( 0.2130916288307719564, 4.235164736271501695E-19, -0.1274021582232185146 ) ) ;
#1583 = ADVANCED_FACE ( 'NONE', ( #5493 ), #3867, .T. ) ;
#1584 = SURFACE_STYLE_USAGE ( .BOTH. , #1084 ) ;
#1585 = LINE ( 'NONE', #4749, #5332 ) ;
#1586 = CARTESIAN_POINT ( 'NONE',  ( 0.3795462710254895455, 0.003000000000000000062, -0.1135792546526552677 ) ) ;
#1587 = CARTESIAN_POINT ( 'NONE',  ( 0.000000000000000000, 0.02000000000000005246, 0.3999999999999999667 ) ) ;
#1588 = EDGE_CURVE ( 'NONE', #5591, #3935, #3831, .T. ) ;
#1589 = EDGE_LOOP ( 'NONE', ( #3918, #417, #1465, #1928 ) ) ;
#1590 = DIRECTION ( 'NONE',  ( -1.000000000000000000, -0.000000000000000000, -0.000000000000000000 ) ) ;
#1591 = ORIENTED_EDGE ( 'NONE', *, *, #5394, .T. ) ;
#1592 = SURFACE_SIDE_STYLE ('',( #2141 ) ) ;
#1593 = DIRECTION ( 'NONE',  ( -1.000000000000000000, 0.000000000000000000, -0.000000000000000000 ) ) ;
#1594 =( LENGTH_UNIT ( ) NAMED_UNIT ( * ) SI_UNIT ( .MILLI., .METRE. ) );
#1595 = ORIENTED_EDGE ( 'NONE', *, *, #1370, .T. ) ;
#1596 = CARTESIAN_POINT ( 'NONE',  ( 0.7700000000000001288, 0.000000000000000000, 0.3999999999999999667 ) ) ;
#1597 = VECTOR ( 'NONE', #2739, 1000.000000000000000 ) ;
#1598 = ORIENTED_EDGE ( 'NONE', *, *, #1770, .T. ) ;
#1599 = LINE ( 'NONE', #3742, #3660 ) ;
#1600 = COLOUR_RGB ( '',0.8941176470588234615, 0.4039215686274509887, 0.2431372549019607809 ) ;
#1601 = CARTESIAN_POINT ( 'NONE',  ( 0.3744480512798593064, 0.003000000000000000062, -0.07252464859866522562 ) ) ;
#1602 = ORIENTED_EDGE ( 'NONE', *, *, #3883, .F. ) ;
#1603 = SURFACE_STYLE_FILL_AREA ( #2684 ) ;
#1604 =( LENGTH_UNIT ( ) NAMED_UNIT ( * ) SI_UNIT ( .MILLI., .METRE. ) );
#1605 =( NAMED_UNIT ( * ) PLANE_ANGLE_UNIT ( ) SI_UNIT ( $, .RADIAN. ) );
#1606 = EDGE_CURVE ( 'NONE', #6626, #4545, #100, .T. ) ;
#1607 = PLANE ( 'NONE',  #2546 ) ;
#1608 = VERTEX_POINT ( 'NONE', #1304 ) ;
#1609 = CARTESIAN_POINT ( 'NONE',  ( -0.4000000000000000222, 0.7500000000000001110, 0.3599999999999999867 ) ) ;
#1610 = AXIS2_PLACEMENT_3D ( 'NONE', #4060, #3621, #6290 ) ;
#1611 =( GEOMETRIC_REPRESENTATION_CONTEXT ( 3 ) GLOBAL_UNCERTAINTY_ASSIGNED_CONTEXT ( ( #6150 ) ) GLOBAL_UNIT_ASSIGNED_CONTEXT ( ( #6235, #2486, #902 ) ) REPRESENTATION_CONTEXT ( 'NONE', 'WORKASPACE' ) );
#1612 = MECHANICAL_DESIGN_GEOMETRIC_PRESENTATION_REPRESENTATION (  '', ( #6530 ), #4427 ) ;
#1613 = CARTESIAN_POINT ( 'NONE',  ( 0.03995848295781381787, 0.000000000000000000, -0.02822637805886715756 ) ) ;
#1614 = CARTESIAN_POINT ( 'NONE',  ( -0.8000000000000001554, 0.7600000000000001199, -0.3700000000000001066 ) ) ;
#1615 = CARTESIAN_POINT ( 'NONE',  ( 0.7700000000000001288, 0.7600000000000001199, 0.3699999999999999956 ) ) ;
#1616 = CARTESIAN_POINT ( 'NONE',  ( 0.3744480512798593064, 0.003000000000000000062, -0.07252464859866522562 ) ) ;
#1617 = VECTOR ( 'NONE', #4598, 1000.000000000000000 ) ;
#1618 = AXIS2_PLACEMENT_3D ( 'NONE', #3729, #3632, #1983 ) ;
#1619 = SURFACE_SIDE_STYLE ('',( #2859 ) ) ;
#1620 = STYLED_ITEM ( 'NONE', ( #413 ), #5038 ) ;
#1621 = VECTOR ( 'NONE', #2936, 1000.000000000000000 ) ;
#1622 = EDGE_CURVE ( 'NONE', #5188, #4112, #3463, .T. ) ;
#1623 = VERTEX_POINT ( 'NONE', #4442 ) ;
#1624 = STYLED_ITEM ( 'NONE', ( #4288 ), #2301 ) ;
#1625 = CARTESIAN_POINT ( 'NONE',  ( 0.5149849188702897429, 0.003000000000000000062, -0.1238094871698974531 ) ) ;
#1626 = CIRCLE ( 'NONE', #3868, 0.03031200129420755576 ) ;
#1627 = FACE_OUTER_BOUND ( 'NONE', #4289, .T. ) ;
#1628 = ORIENTED_EDGE ( 'NONE', *, *, #6068, .F. ) ;
#1629 = STYLED_ITEM ( 'NONE', ( #4696 ), #5016 ) ;
#1630 =( GEOMETRIC_REPRESENTATION_CONTEXT ( 3 ) GLOBAL_UNCERTAINTY_ASSIGNED_CONTEXT ( ( #564 ) ) GLOBAL_UNIT_ASSIGNED_CONTEXT ( ( #4089, #5707, #5676 ) ) REPRESENTATION_CONTEXT ( 'NONE', 'WORKASPACE' ) );
#1631 = VERTEX_POINT ( 'NONE', #3905 ) ;
#1632 = AXIS2_PLACEMENT_3D ( 'NONE', #6256, #483, #924 ) ;
#1633 = LINE ( 'NONE', #4705, #1517 ) ;
#1634 = CARTESIAN_POINT ( 'NONE',  ( 0.3795462710254895455, 0.003000000000000000062, -0.02822637805886715756 ) ) ;
#1635 = SURFACE_STYLE_USAGE ( .BOTH. , #6431 ) ;
#1636 = VERTEX_POINT ( 'NONE', #611 ) ;
#1637 = ORIENTED_EDGE ( 'NONE', *, *, #27, .T. ) ;
#1638 = EDGE_CURVE ( 'NONE', #4933, #6908, #6562, .T. ) ;
#1639 = AXIS2_PLACEMENT_3D ( 'NONE', #3402, #4497, #6611 ) ;
#1640 = ADVANCED_BREP_SHAPE_REPRESENTATION ( '', ( #4158, #4484 ), #555 ) ;
#1641 = VECTOR ( 'NONE', #114, 1000.000000000000000 ) ;
#1642 = PRESENTATION_LAYER_ASSIGNMENT (  '', '', ( #6564 ) ) ;
#1643 = SURFACE_SIDE_STYLE ('',( #6440 ) ) ;
#1644 = ADVANCED_FACE ( 'NONE', ( #6055 ), #749, .T. ) ;
#1645 = CARTESIAN_POINT ( 'NONE',  ( -0.4000000000000000222, 0.7600000000000001199, 0.3699999999999999956 ) ) ;
#1646 = SURFACE_STYLE_USAGE ( .BOTH. , #2291 ) ;
#1647 = CARTESIAN_POINT ( 'NONE',  ( 0.5220709974093684647, 0.000000000000000000, -0.1258999299338860178 ) ) ;
#1648 = ORIENTED_EDGE ( 'NONE', *, *, #769, .F. ) ;
#1649 = CARTESIAN_POINT ( 'NONE',  ( 0.5220709974093684647, 0.003000000000000000062, -0.04688998638497178517 ) ) ;
#1650 = ORIENTED_EDGE ( 'NONE', *, *, #4737, .T. ) ;
#1651 = FACE_OUTER_BOUND ( 'NONE', #504, .T. ) ;
#1652 = PRESENTATION_LAYER_ASSIGNMENT (  '', '', ( #1878 ) ) ;
#1653 = ADVANCED_FACE ( 'NONE', ( #1409 ), #3604, .F. ) ;
#1654 = SURFACE_STYLE_FILL_AREA ( #1221 ) ;
#1655 = SURFACE_STYLE_FILL_AREA ( #2162 ) ;
#1656 = EDGE_CURVE ( 'NONE', #5833, #145, #5141, .T. ) ;
#1657 = COLOUR_RGB ( '',0.8941176470588234615, 0.4039215686274509887, 0.2431372549019607809 ) ;
#1658 = CARTESIAN_POINT ( 'NONE',  ( 0.5179688503939871014, 0.003000000000000000062, -0.1198996506375018395 ) ) ;
#1659 = SURFACE_SIDE_STYLE ('',( #5024 ) ) ;
#1660 = LINE ( 'NONE', #3800, #5436 ) ;
#1661 = EDGE_CURVE ( 'NONE', #3264, #888, #911, .T. ) ;
#1662 = DIRECTION ( 'NONE',  ( 0.000000000000000000, -1.000000000000000000, 0.000000000000000000 ) ) ;
#1663 = ORIENTED_EDGE ( 'NONE', *, *, #2281, .T. ) ;
#1664 = LINE ( 'NONE', #3360, #1975 ) ;
#1665 = PLANE ( 'NONE',  #2549 ) ;
#1666 = FILL_AREA_STYLE ('',( #6463 ) ) ;
#1667 = ORIENTED_EDGE ( 'NONE', *, *, #1219, .T. ) ;
#1668 = AXIS2_PLACEMENT_3D ( 'NONE', #526, #76, #3276 ) ;
#1669 = ORIENTED_EDGE ( 'NONE', *, *, #4679, .F. ) ;
#1670 = SURFACE_STYLE_USAGE ( .BOTH. , #2779 ) ;
#1671 = PLANE ( 'NONE',  #4567 ) ;
#1672 = ORIENTED_EDGE ( 'NONE', *, *, #4814, .F. ) ;
#1673 = COLOUR_RGB ( '',0.4705882352941176405, 0.3568627450980392246, 0.000000000000000000 ) ;
#1674 = PRODUCT_CONTEXT ( 'NONE', #3425, 'mechanical' ) ;
#1675 = PLANE ( 'NONE',  #697 ) ;
#1676 = CARTESIAN_POINT ( 'NONE',  ( 0.5209455743335885680, 0.003000000000000000062, -0.06515718325081611140 ) ) ;
#1677 =( NAMED_UNIT ( * ) SI_UNIT ( $, .STERADIAN. ) SOLID_ANGLE_UNIT ( ) );
#1678 = CARTESIAN_POINT ( 'NONE',  ( 0.3744480512798593064, 0.003000000000000000062, -0.09158047531953275588 ) ) ;
#1679 = ORIENTED_EDGE ( 'NONE', *, *, #4566, .T. ) ;
#1680 = LINE ( 'NONE', #1649, #3316 ) ;
#1681 = EDGE_CURVE ( 'NONE', #4253, #240, #2022, .T. ) ;
#1682 = LINE ( 'NONE', #5419, #5252 ) ;
#1683 = CARTESIAN_POINT ( 'NONE',  ( 0.5288647974072393509, 0.000000000000000000, -0.1198996506375018395 ) ) ;
#1684 = CARTESIAN_POINT ( 'NONE',  ( -0.7875735931288072589, 0.7900000000000002576, -0.3875735931288071812 ) ) ;
#1685 = SURFACE_STYLE_FILL_AREA ( #6482 ) ;
#1686 = SURFACE_SIDE_STYLE ('',( #6483 ) ) ;
#1687 = LINE ( 'NONE', #1557, #1528 ) ;
#1688 = ORIENTED_EDGE ( 'NONE', *, *, #507, .F. ) ;
#1689 = ADVANCED_FACE ( 'NONE', ( #6732 ), #4613, .T. ) ;
#1690 = CARTESIAN_POINT ( 'NONE',  ( 0.5250253739081551796, 0.003000000000000000062, -0.04055842633696740002 ) ) ;
#1691 = CARTESIAN_POINT ( 'NONE',  ( 0.7875735931288073699, 0.002426406871192919763, 0.3999999999999998557 ) ) ;
#1692 = CARTESIAN_POINT ( 'NONE',  ( 0.5078988403312109101, 0.003000000000000000062, -0.1149805027458715295 ) ) ;
#1693 = LINE ( 'NONE', #1202, #544 ) ;
#1694 = CARTESIAN_POINT ( 'NONE',  ( 0.8000000000000001554, 0.7600000000000001199, -0.3700000000000001066 ) ) ;
#1695 = EDGE_LOOP ( 'NONE', ( #1808, #4397 ) ) ;
#1696 = FILL_AREA_STYLE ('',( #134 ) ) ;
#1697 = CARTESIAN_POINT ( 'NONE',  ( -0.7700000000000001288, 0.7600000000000001199, -0.3700000000000001066 ) ) ;
#1698 = ORIENTED_EDGE ( 'NONE', *, *, #2464, .T. ) ;
#1699 = ORIENTED_EDGE ( 'NONE', *, *, #4127, .F. ) ;
#1700 = LINE ( 'NONE', #3841, #6405 ) ;
#1701 = EDGE_CURVE ( 'NONE', #3083, #6027, #4650, .T. ) ;
#1702 = FILL_AREA_STYLE_COLOUR ( '', #3214 ) ;
#1703 = EDGE_CURVE ( 'NONE', #3083, #1631, #3521, .T. ) ;
#1704 = PRESENTATION_STYLE_ASSIGNMENT (( #2886 ) ) ;
#1705 = CARTESIAN_POINT ( 'NONE',  ( 0.2420085203291615639, 0.000000000000000000, -0.1348280044436376557 ) ) ;
#1706 = DIRECTION ( 'NONE',  ( 0.000000000000000000, 0.000000000000000000, -1.000000000000000000 ) ) ;
#1707 = ORIENTED_EDGE ( 'NONE', *, *, #4303, .F. ) ;
#1708 = CARTESIAN_POINT ( 'NONE',  ( 0.5220709974093684647, 0.003000000000000000062, -0.1258999299338860178 ) ) ;
#1709 = ORIENTED_EDGE ( 'NONE', *, *, #4590, .F. ) ;
#1710 = SURFACE_STYLE_FILL_AREA ( #4466 ) ;
#1711 = FILL_AREA_STYLE_COLOUR ( '', #2245 ) ;
#1712 =( LENGTH_UNIT ( ) NAMED_UNIT ( * ) SI_UNIT ( .MILLI., .METRE. ) );
#1713 = CARTESIAN_POINT ( 'NONE',  ( 0.2420085203291615639, 0.003000000000000000062, -0.02822637805886715756 ) ) ;
#1714 = LINE ( 'NONE', #4002, #1844 ) ;
#1715 = SURFACE_STYLE_USAGE ( .BOTH. , #1686 ) ;
#1716 = ADVANCED_FACE ( 'NONE', ( #3076 ), #5208, .T. ) ;
#1717 = SURFACE_STYLE_FILL_AREA ( #6419 ) ;
#1718 = CARTESIAN_POINT ( 'NONE',  ( 0.5139164806504733507, 0.003000000000000000062, -0.05002033037692237699 ) ) ;
#1719 = VERTEX_POINT ( 'NONE', #840 ) ;
#1720 = AXIS2_PLACEMENT_3D ( 'NONE', #3446, #352, #5578 ) ;
#1721 = SURFACE_STYLE_FILL_AREA ( #3361 ) ;
#1722 = VECTOR ( 'NONE', #4506, 1000.000000000000000 ) ;
#1723 = CARTESIAN_POINT ( 'NONE',  ( 0.4000000000000000222, 0.7800000000000002487, -0.4000000000000000777 ) ) ;
#1724 = MECHANICAL_DESIGN_GEOMETRIC_PRESENTATION_REPRESENTATION (  '', ( #6759 ), #6652 ) ;
#1725 = DIRECTION ( 'NONE',  ( 0.000000000000000000, 0.000000000000000000, -1.000000000000000000 ) ) ;
#1726 = COLOUR_RGB ( '',0.8941176470588234615, 0.4039215686274509887, 0.2431372549019607809 ) ;
#1727 = EDGE_CURVE ( 'NONE', #1719, #6699, #3008, .T. ) ;
#1728 = VECTOR ( 'NONE', #4604, 1000.000000000000000 ) ;
#1729 = EDGE_LOOP ( 'NONE', ( #2129, #837, #5037, #4197 ) ) ;
#1730 = CARTESIAN_POINT ( 'NONE',  ( 0.2420085203291615639, 0.003000000000000000062, -0.02822637805886715756 ) ) ;
#1731 = VECTOR ( 'NONE', #3251, 1000.000000000000000 ) ;
#1732 = VECTOR ( 'NONE', #5553, 1000.000000000000000 ) ;
#1733 = DIRECTION ( 'NONE',  ( 1.000000000000000000, 0.000000000000000000, 0.000000000000000000 ) ) ;
#1734 = EDGE_LOOP ( 'NONE', ( #2601, #4738, #6470, #1922 ) ) ;
#1735 = APPLICATION_PROTOCOL_DEFINITION ( 'draft international standard', 'automotive_design', 1998, #4982 ) ;
#1736 = VECTOR ( 'NONE', #3539, 1000.000000000000000 ) ;
#1737 = UNCERTAINTY_MEASURE_WITH_UNIT (LENGTH_MEASURE( 1.000000000000000082E-05 ), #3712, 'distance_accuracy_value', 'NONE');
#1738 = CARTESIAN_POINT ( 'NONE',  ( 0.1659364400072695367, 0.000000000000000000, -0.02822637805886715756 ) ) ;
#1739 = COLOUR_RGB ( '',0.4745098039215686070, 0.4823529411764705954, 0.5019607843137254832 ) ;
#1740 = COLOUR_RGB ( '',0.4745098039215686070, 0.4823529411764705954, 0.5019607843137254832 ) ;
#1741 = EDGE_CURVE ( 'NONE', #5966, #4135, #6808, .T. ) ;
#1742 = LINE ( 'NONE', #169, #3544 ) ;
#1743 = CARTESIAN_POINT ( 'NONE',  ( 0.7700000000000001288, 0.02000000000000010797, -0.4000000000000000777 ) ) ;
#1744 = VECTOR ( 'NONE', #2756, 1000.000000000000000 ) ;
#1745 =( LENGTH_UNIT ( ) NAMED_UNIT ( * ) SI_UNIT ( .MILLI., .METRE. ) );
#1746 = CARTESIAN_POINT ( 'NONE',  ( -0.7700000000000001288, 0.7600000000000001199, 0.3699999999999999956 ) ) ;
#1747 = ORIENTED_EDGE ( 'NONE', *, *, #1061, .T. ) ;
#1748 = CARTESIAN_POINT ( 'NONE',  ( 0.5288647974072393509, 0.003000000000000000062, -0.07109393804620700585 ) ) ;
#1749 = STYLED_ITEM ( 'NONE', ( #4742 ), #4477 ) ;
#1750 = ORIENTED_EDGE ( 'NONE', *, *, #2654, .T. ) ;
#1751 =( NAMED_UNIT ( * ) PLANE_ANGLE_UNIT ( ) SI_UNIT ( $, .RADIAN. ) );
#1752 = ORIENTED_EDGE ( 'NONE', *, *, #6406, .F. ) ;
#1753 = AXIS2_PLACEMENT_3D ( 'NONE', #116, #2850, #6505 ) ;
#1754 = PRESENTATION_LAYER_ASSIGNMENT (  '', '', ( #3781 ) ) ;
#1755 = STYLED_ITEM ( 'NONE', ( #3063 ), #3872 ) ;
#1756 = DIRECTION ( 'NONE',  ( 0.000000000000000000, 0.000000000000000000, -1.000000000000000000 ) ) ;
#1757 = LINE ( 'NONE', #123, #5444 ) ;
#1758 = DIRECTION ( 'NONE',  ( 1.000000000000000000, 0.000000000000000000, -0.000000000000000000 ) ) ;
#1759 = SURFACE_SIDE_STYLE ('',( #6550 ) ) ;
#1760 = PLANE ( 'NONE',  #4870 ) ;
#1761 = VECTOR ( 'NONE', #5462, 1000.000000000000000 ) ;
#1762 = CARTESIAN_POINT ( 'NONE',  ( 0.7700000000000001288, 0.02000000000000005940, -0.4000000000000000777 ) ) ;
#1763 = ADVANCED_FACE ( 'NONE', ( #5063 ), #256, .T. ) ;
#1764 = VERTEX_POINT ( 'NONE', #1875 ) ;
#1765 = PRESENTATION_STYLE_ASSIGNMENT (( #3865 ) ) ;
#1766 = SURFACE_STYLE_USAGE ( .BOTH. , #2352 ) ;
#1767 = DIRECTION ( 'NONE',  ( -1.000000000000000000, -0.000000000000000000, 0.000000000000000000 ) ) ;
#1768 = PRESENTATION_LAYER_ASSIGNMENT (  '', '', ( #4806 ) ) ;
#1769 = CARTESIAN_POINT ( 'NONE',  ( 0.5209455743335885680, 0.003000000000000000062, -0.06004042221169466481 ) ) ;
#1770 = EDGE_CURVE ( 'NONE', #1719, #258, #4272, .T. ) ;
#1771 = VERTEX_POINT ( 'NONE', #5367 ) ;
#1772 =( LENGTH_UNIT ( ) NAMED_UNIT ( * ) SI_UNIT ( .MILLI., .METRE. ) );
#1773 = SURFACE_STYLE_FILL_AREA ( #6602 ) ;
#1774 = VERTEX_POINT ( 'NONE', #5250 ) ;
#1775 = ADVANCED_FACE ( 'NONE', ( #2202 ), #2053, .T. ) ;
#1776 = COLOUR_RGB ( '',0.8941176470588234615, 0.4039215686274509887, 0.2431372549019607809 ) ;
#1777 = FILL_AREA_STYLE ('',( #1843 ) ) ;
#1778 =( GEOMETRIC_REPRESENTATION_CONTEXT ( 3 ) GLOBAL_UNCERTAINTY_ASSIGNED_CONTEXT ( ( #5112 ) ) GLOBAL_UNIT_ASSIGNED_CONTEXT ( ( #3849, #1751, #5580 ) ) REPRESENTATION_CONTEXT ( 'NONE', 'WORKASPACE' ) );
#1779 = VECTOR ( 'NONE', #4140, 1000.000000000000000 ) ;
#1780 = CARTESIAN_POINT ( 'NONE',  ( 0.5149849188702897429, 0.003000000000000000062, -0.1238094871698974531 ) ) ;
#1781 = FILL_AREA_STYLE_COLOUR ( '', #302 ) ;
#1782 = CLOSED_SHELL ( 'NONE', ( #6547, #5038, #1240, #1268, #5797, #3799, #2081, #5087, #2447, #4864, #6119, #5502, #4405, #1106 ) ) ;
#1783 = DIRECTION ( 'NONE',  ( 0.000000000000000000, -0.000000000000000000, 1.000000000000000000 ) ) ;
#1784 = CARTESIAN_POINT ( 'NONE',  ( -0.4000000000000000222, 0.7800000000000002487, -0.4000000000000000777 ) ) ;
#1785 = ORIENTED_EDGE ( 'NONE', *, *, #4067, .T. ) ;
#1786 = DIRECTION ( 'NONE',  ( -1.000000000000000000, 0.000000000000000000, -0.000000000000000000 ) ) ;
#1787 = ORIENTED_EDGE ( 'NONE', *, *, #348, .F. ) ;
#1788 = ORIENTED_EDGE ( 'NONE', *, *, #2602, .T. ) ;
#1789 = PRESENTATION_STYLE_ASSIGNMENT (( #6187 ) ) ;
#1790 = PRESENTATION_LAYER_ASSIGNMENT (  '', '', ( #3039 ) ) ;
#1791 = DIRECTION ( 'NONE',  ( 0.000000000000000000, 1.000000000000000000, 0.000000000000000000 ) ) ;
#1792 = CARTESIAN_POINT ( 'NONE',  ( 0.2168055513914279031, 0.003000000000000000062, -0.07336348460537456262 ) ) ;
#1793 = DIRECTION ( 'NONE',  ( 0.3518482702154436259, -0.000000000000000000, -0.9360570467372169023 ) ) ;
#1794 =( NAMED_UNIT ( * ) PLANE_ANGLE_UNIT ( ) SI_UNIT ( $, .RADIAN. ) );
#1795 = DIRECTION ( 'NONE',  ( 0.000000000000000000, 0.000000000000000000, 1.000000000000000000 ) ) ;
#1796 = EDGE_CURVE ( 'NONE', #3303, #2744, #1277, .T. ) ;
#1797 = VERTEX_POINT ( 'NONE', #1616 ) ;
#1798 = CARTESIAN_POINT ( 'NONE',  ( -0.8000000000000001554, 0.7600000000000000089, 0.3699999999999999956 ) ) ;
#1799 = CARTESIAN_POINT ( 'NONE',  ( 0.5078314603514237913, 0.003000000000000000062, -0.09401032424267029286 ) ) ;
#1800 = CARTESIAN_POINT ( 'NONE',  ( -0.7875735931288071479, -0.009999999999999918676, -0.3875735931288072922 ) ) ;
#1801 = EDGE_CURVE ( 'NONE', #2494, #2119, #386, .T. ) ;
#1802 = LINE ( 'NONE', #5936, #5596 ) ;
#1803 = ORIENTED_EDGE ( 'NONE', *, *, #3960, .F. ) ;
#1804 = DIRECTION ( 'NONE',  ( 0.3525821047750795079, 0.000000000000000000, -0.9357808821472978211 ) ) ;
#1805 = MANIFOLD_SOLID_BREP ( 'Scale1[2]', #992 ) ;
#1806 = DIRECTION ( 'NONE',  ( 0.000000000000000000, -0.000000000000000000, 1.000000000000000000 ) ) ;
#1807 = FILL_AREA_STYLE ('',( #3838 ) ) ;
#1808 = ORIENTED_EDGE ( 'NONE', *, *, #4402, .T. ) ;
#1809 = EDGE_LOOP ( 'NONE', ( #47, #148, #2385, #2224 ) ) ;
#1810 = CARTESIAN_POINT ( 'NONE',  ( 0.000000000000000000, 0.7600000000000001199, 0.3999999999999999667 ) ) ;
#1811 = CARTESIAN_POINT ( 'NONE',  ( 0.7875735931288072589, 0.002426406871192974407, -0.4000000000000000777 ) ) ;
#1812 = CARTESIAN_POINT ( 'NONE',  ( 0.4000000000000000222, 0.7600000000000001199, 0.3699999999999999956 ) ) ;
#1813 = DIRECTION ( 'NONE',  ( 1.000000000000000000, 0.000000000000000000, 0.000000000000000000 ) ) ;
#1814 = VERTEX_POINT ( 'NONE', #2593 ) ;
#1815 = CARTESIAN_POINT ( 'NONE',  ( 0.5229205373994898487, 0.003000000000000000062, -0.1070613408442326470 ) ) ;
#1816 = ORIENTED_EDGE ( 'NONE', *, *, #3033, .T. ) ;
#1817 = EDGE_LOOP ( 'NONE', ( #6847, #1023, #1154, #2844 ) ) ;
#1818 = DIRECTION ( 'NONE',  ( 0.000000000000000000, 0.000000000000000000, -1.000000000000000000 ) ) ;
#1819 = EDGE_CURVE ( 'NONE', #1814, #2575, #446, .T. ) ;
#1820 = CARTESIAN_POINT ( 'NONE',  ( 0.5250253739081551796, 0.000000000000000000, -0.04055842633696740002 ) ) ;
#1821 = LINE ( 'NONE', #4641, #1728 ) ;
#1822 = FACE_OUTER_BOUND ( 'NONE', #2507, .T. ) ;
#1823 =( NAMED_UNIT ( * ) SI_UNIT ( $, .STERADIAN. ) SOLID_ANGLE_UNIT ( ) );
#1824 = CARTESIAN_POINT ( 'NONE',  ( 0.5148982518008852205, 0.003000000000000000062, -0.1225023121905232382 ) ) ;
#1825 = PLANE ( 'NONE',  #6426 ) ;
#1826 = DIRECTION ( 'NONE',  ( -1.000000000000000000, -0.000000000000000000, -0.000000000000000000 ) ) ;
#1827 = ORIENTED_EDGE ( 'NONE', *, *, #355, .T. ) ;
#1828 = SURFACE_STYLE_FILL_AREA ( #4510 ) ;
#1829 = SURFACE_STYLE_USAGE ( .BOTH. , #6624 ) ;
#1830 = AXIS2_PLACEMENT_3D ( 'NONE', #2454, #3045, #5175 ) ;
#1831 = CARTESIAN_POINT ( 'NONE',  ( 0.3250174859200531396, 0.003000000000000000062, -0.1135792546526552677 ) ) ;
#1832 = ORIENTED_EDGE ( 'NONE', *, *, #2841, .F. ) ;
#1833 = ADVANCED_FACE ( 'NONE', ( #3701 ), #1012, .F. ) ;
#1834 = MECHANICAL_DESIGN_GEOMETRIC_PRESENTATION_REPRESENTATION (  '', ( #6860 ), #2753 ) ;
#1835 = STYLED_ITEM ( 'NONE', ( #1094 ), #1524 ) ;
#1836 = ORIENTED_EDGE ( 'NONE', *, *, #5629, .T. ) ;
#1837 = DIRECTION ( 'NONE',  ( -0.000000000000000000, -1.000000000000000000, -0.000000000000000000 ) ) ;
#1838 = MANIFOLD_SOLID_BREP ( 'Scale1[11]', #562 ) ;
#1839 =( LENGTH_UNIT ( ) NAMED_UNIT ( * ) SI_UNIT ( .MILLI., .METRE. ) );
#1840 = VERTEX_POINT ( 'NONE', #6587 ) ;
#1841 = STYLED_ITEM ( 'NONE', ( #4369 ), #2028 ) ;
#1842 = VECTOR ( 'NONE', #4918, 1000.000000000000000 ) ;
#1843 = FILL_AREA_STYLE_COLOUR ( '', #4246 ) ;
#1844 = VECTOR ( 'NONE', #6123, 1000.000000000000000 ) ;
#1845 = CARTESIAN_POINT ( 'NONE',  ( 0.5229205373994898487, 0.000000000000000000, -0.1070613408442326470 ) ) ;
#1846 = CARTESIAN_POINT ( 'NONE',  ( 0.7700000000000001288, 0.000000000000000000, -0.3700000000000001066 ) ) ;
#1847 = PRESENTATION_STYLE_ASSIGNMENT (( #3472 ) ) ;
#1848 = EDGE_CURVE ( 'NONE', #2030, #1636, #4921, .T. ) ;
#1849 = DIRECTION ( 'NONE',  ( 0.000000000000000000, 1.000000000000000000, 0.000000000000000000 ) ) ;
#1850 = ORIENTED_EDGE ( 'NONE', *, *, #2466, .F. ) ;
#1851 = VECTOR ( 'NONE', #3439, 1000.000000000000000 ) ;
#1853 = ORIENTED_EDGE ( 'NONE', *, *, #4460, .T. ) ;
#1852 = PLANE ( 'NONE',  #1043 ) ;
#1854 = ORIENTED_EDGE ( 'NONE', *, *, #1681, .T. ) ;
#1855 = VECTOR ( 'NONE', #5317, 1000.000000000000000 ) ;
#1856 = MANIFOLD_SOLID_BREP ( 'Scale1[10]', #1782 ) ;
#1857 = STYLED_ITEM ( 'NONE', ( #6459 ), #3998 ) ;
#1858 = ORIENTED_EDGE ( 'NONE', *, *, #4303, .T. ) ;
#1859 = ADVANCED_FACE ( 'NONE', ( #188 ), #1760, .T. ) ;
#1860 = STYLED_ITEM ( 'NONE', ( #3964 ), #2948 ) ;
#1861 = PRESENTATION_LAYER_ASSIGNMENT (  '', '', ( #4889 ) ) ;
#1862 = SURFACE_STYLE_USAGE ( .BOTH. , #3453 ) ;
#1863 =( GEOMETRIC_REPRESENTATION_CONTEXT ( 3 ) GLOBAL_UNCERTAINTY_ASSIGNED_CONTEXT ( ( #4771 ) ) GLOBAL_UNIT_ASSIGNED_CONTEXT ( ( #1436, #392, #2547 ) ) REPRESENTATION_CONTEXT ( 'NONE', 'WORKASPACE' ) );
#1864 =( GEOMETRIC_REPRESENTATION_CONTEXT ( 3 ) GLOBAL_UNCERTAINTY_ASSIGNED_CONTEXT ( ( #2398 ) ) GLOBAL_UNIT_ASSIGNED_CONTEXT ( ( #45, #2191, #1677 ) ) REPRESENTATION_CONTEXT ( 'NONE', 'WORKASPACE' ) );
#1865 = CARTESIAN_POINT ( 'NONE',  ( 0.2241924239596195523, -4.235164736271501695E-19, -0.05970269945031925207 ) ) ;
#1866 =( NAMED_UNIT ( * ) PLANE_ANGLE_UNIT ( ) SI_UNIT ( $, .RADIAN. ) );
#1867 = PRESENTATION_STYLE_ASSIGNMENT (( #5586 ) ) ;
#1868 = VECTOR ( 'NONE', #2367, 1000.000000000000227 ) ;
#1869 = LINE ( 'NONE', #1257, #2972 ) ;
#1870 = CIRCLE ( 'NONE', #5461, 0.02999999999999997113 ) ;
#1871 = DIRECTION ( 'NONE',  ( 0.000000000000000000, 0.000000000000000000, 1.000000000000000000 ) ) ;
#1872 = ORIENTED_EDGE ( 'NONE', *, *, #4339, .T. ) ;
#1873 =( NAMED_UNIT ( * ) PLANE_ANGLE_UNIT ( ) SI_UNIT ( $, .RADIAN. ) );
#1874 = DIRECTION ( 'NONE',  ( 0.000000000000000000, 0.000000000000000000, 1.000000000000000000 ) ) ;
#1875 = CARTESIAN_POINT ( 'NONE',  ( 0.5120076289780736145, 0.003000000000000000062, -0.1198996506375018395 ) ) ;
#1876 = EDGE_LOOP ( 'NONE', ( #3192, #755, #5268, #6014 ) ) ;
#1877 = DIRECTION ( 'NONE',  ( -0.000000000000000000, -0.000000000000000000, 1.000000000000000000 ) ) ;
#1878 = STYLED_ITEM ( 'NONE', ( #4191 ), #6414 ) ;
#1879 = EDGE_CURVE ( 'NONE', #2246, #2985, #6069, .T. ) ;
#1880 = VERTEX_POINT ( 'NONE', #5646 ) ;
#1881 = FILL_AREA_STYLE ('',( #6672 ) ) ;
#1882 = MANIFOLD_SOLID_BREP ( 'Scale1[8]', #6813 ) ;
#1883 = CARTESIAN_POINT ( 'NONE',  ( 0.1101808012522048213, 0.003000000000000000062, -0.02822637805886715756 ) ) ;
#1884 = PRESENTATION_LAYER_ASSIGNMENT (  '', '', ( #4361 ) ) ;
#1885 = DIRECTION ( 'NONE',  ( 0.000000000000000000, 0.000000000000000000, 1.000000000000000000 ) ) ;
#1886 = ORIENTED_EDGE ( 'NONE', *, *, #4651, .F. ) ;
#1887 = PRESENTATION_LAYER_ASSIGNMENT (  '', '', ( #3460 ) ) ;
#1888 = UNCERTAINTY_MEASURE_WITH_UNIT (LENGTH_MEASURE( 1.000000000000000082E-05 ), #6083, 'distance_accuracy_value', 'NONE');
#1889 = ADVANCED_FACE ( 'NONE', ( #774 ), #6694, .F. ) ;
#1890 = LINE ( 'NONE', #2468, #121 ) ;
#1891 = MECHANICAL_DESIGN_GEOMETRIC_PRESENTATION_REPRESENTATION (  '', ( #4915 ), #721 ) ;
#1892 = CARTESIAN_POINT ( 'NONE',  ( 0.7700000000000002398, 0.7899999999999999245, 0.3875735931288070146 ) ) ;
#1893 = DIRECTION ( 'NONE',  ( -0.000000000000000000, -1.000000000000000000, -0.000000000000000000 ) ) ;
#1894 = PRESENTATION_STYLE_ASSIGNMENT (( #2505 ) ) ;
#1895 = LINE ( 'NONE', #5634, #2883 ) ;
#1896 = ORIENTED_EDGE ( 'NONE', *, *, #1197, .F. ) ;
#1898 = ORIENTED_EDGE ( 'NONE', *, *, #623, .F. ) ;
#1897 = CARTESIAN_POINT ( 'NONE',  ( 0.5193766929004806077, 0.003000000000000000062, -0.1036065314466263487 ) ) ;
#1899 = CARTESIAN_POINT ( 'NONE',  ( 0.5130220236968332514, 0.003000000000000000062, -0.06437565386924887223 ) ) ;
#1900 = UNCERTAINTY_MEASURE_WITH_UNIT (LENGTH_MEASURE( 1.000000000000000082E-05 ), #5197, 'distance_accuracy_value', 'NONE');
#1901 = VECTOR ( 'NONE', #5611, 1000.000000000000000 ) ;
#1902 = CARTESIAN_POINT ( 'NONE',  ( 0.5142504056419795466, 0.003000000000000000062, -0.03869015524353855429 ) ) ;
#1903 = PLANE ( 'NONE',  #4230 ) ;
#1904 = ADVANCED_FACE ( 'NONE', ( #3956 ), #5169, .F. ) ;
#1905 = DIRECTION ( 'NONE',  ( 0.9999156596150382548, -0.000000000000000000, 0.01298744226639455407 ) ) ;
#1906 = AXIS2_PLACEMENT_3D ( 'NONE', #591, #460, #5779 ) ;
#1907 = FILL_AREA_STYLE_COLOUR ( '', #618 ) ;
#1908 = MECHANICAL_DESIGN_GEOMETRIC_PRESENTATION_REPRESENTATION (  '', ( #2144 ), #340 ) ;
#1909 = SURFACE_STYLE_USAGE ( .BOTH. , #4575 ) ;
#1910 = UNCERTAINTY_MEASURE_WITH_UNIT (LENGTH_MEASURE( 1.000000000000000082E-05 ), #5285, 'distance_accuracy_value', 'NONE');
#1911 = EDGE_CURVE ( 'NONE', #5416, #2377, #1273, .T. ) ;
#1912 =( NAMED_UNIT ( * ) PLANE_ANGLE_UNIT ( ) SI_UNIT ( $, .RADIAN. ) );
#1913 = ORIENTED_EDGE ( 'NONE', *, *, #1848, .F. ) ;
#1914 = DIRECTION ( 'NONE',  ( -0.000000000000000000, 1.000000000000000000, 0.000000000000000000 ) ) ;
#1915 = DIRECTION ( 'NONE',  ( 0.000000000000000000, 0.000000000000000000, -1.000000000000000000 ) ) ;
#1916 =( NAMED_UNIT ( * ) SI_UNIT ( $, .STERADIAN. ) SOLID_ANGLE_UNIT ( ) );
#1917 = EDGE_CURVE ( 'NONE', #3190, #3407, #3108, .T. ) ;
#1918 = EDGE_LOOP ( 'NONE', ( #3713, #6319, #4206, #6644 ) ) ;
#1919 = PRESENTATION_STYLE_ASSIGNMENT (( #851 ) ) ;
#1920 = DIRECTION ( 'NONE',  ( -0.000000000000000000, -1.000000000000000000, -0.000000000000000000 ) ) ;
#1921 = DIRECTION ( 'NONE',  ( 0.000000000000000000, 0.000000000000000000, -1.000000000000000000 ) ) ;
#1922 = ORIENTED_EDGE ( 'NONE', *, *, #565, .F. ) ;
#1923 = LINE ( 'NONE', #1378, #6247 ) ;
#1924 = CARTESIAN_POINT ( 'NONE',  ( 0.08159078854458594321, 0.003000000000000000062, -0.1348280044436376557 ) ) ;
#1925 = CARTESIAN_POINT ( 'NONE',  ( 0.5188791900677894864, 0.000000000000000000, -0.07558766372988645621 ) ) ;
#1926 = FILL_AREA_STYLE ('',( #1352 ) ) ;
#1927 = PLANE ( 'NONE',  #5005 ) ;
#1928 = ORIENTED_EDGE ( 'NONE', *, *, #961, .T. ) ;
#1930 = ORIENTED_EDGE ( 'NONE', *, *, #5970, .T. ) ;
#1929 = CARTESIAN_POINT ( 'NONE',  ( 0.8000000000000001554, 0.02000000000000008021, -0.3700000000000001066 ) ) ;
#1931 = CARTESIAN_POINT ( 'NONE',  ( 0.4000000000000000777, 0.02999999999999997113, -0.3900000000000001243 ) ) ;
#1932 = VERTEX_POINT ( 'NONE', #3754 ) ;
#1933 = EDGE_CURVE ( 'NONE', #3264, #1608, #271, .T. ) ;
#1934 = EDGE_CURVE ( 'NONE', #2258, #6206, #6801, .T. ) ;
#1935 = FACE_OUTER_BOUND ( 'NONE', #2673, .T. ) ;
#1936 = CARTESIAN_POINT ( 'NONE',  ( 0.2479383188500637603, 0.003000000000000000062, -0.1135792546526552677 ) ) ;
#1937 = CARTESIAN_POINT ( 'NONE',  ( 0.1296967941067185826, 0.003000000000000000062, -0.06791197847948228505 ) ) ;
#1938 = VECTOR ( 'NONE', #3271, 1000.000000000000000 ) ;
#1939 = SURFACE_STYLE_USAGE ( .BOTH. , #363 ) ;
#1940 = ORIENTED_EDGE ( 'NONE', *, *, #5670, .T. ) ;
#1941 = CARTESIAN_POINT ( 'NONE',  ( 0.000000000000000000, 0.000000000000000000, 0.000000000000000000 ) ) ;
#1942 = CARTESIAN_POINT ( 'NONE',  ( 0.000000000000000000, 0.000000000000000000, -0.3600000000000001532 ) ) ;
#1943 = DIRECTION ( 'NONE',  ( 1.000000000000000000, 0.000000000000000000, -0.000000000000000000 ) ) ;
#1944 = EDGE_CURVE ( 'NONE', #4049, #2639, #6193, .T. ) ;
#1945 = EDGE_LOOP ( 'NONE', ( #572, #6195, #6356, #5628 ) ) ;
#1946 = LINE ( 'NONE', #6673, #1405 ) ;
#1947 = VERTEX_POINT ( 'NONE', #5821 ) ;
#1948 =( GEOMETRIC_REPRESENTATION_CONTEXT ( 3 ) GLOBAL_UNCERTAINTY_ASSIGNED_CONTEXT ( ( #3245 ) ) GLOBAL_UNIT_ASSIGNED_CONTEXT ( ( #4265, #3177, #468 ) ) REPRESENTATION_CONTEXT ( 'NONE', 'WORKASPACE' ) );
#1949 = MECHANICAL_DESIGN_GEOMETRIC_PRESENTATION_REPRESENTATION (  '', ( #1835 ), #5881 ) ;
#1950 = PRESENTATION_STYLE_ASSIGNMENT (( #5672 ) ) ;
#1951 = COLOUR_RGB ( '',0.4745098039215686070, 0.4823529411764705954, 0.5019607843137254832 ) ;
#1952 = EDGE_CURVE ( 'NONE', #1248, #1205, #977, .T. ) ;
#1953 = CARTESIAN_POINT ( 'NONE',  ( 0.4429153846565643260, 0.003000000000000000062, -0.1121323986879829565 ) ) ;
#1954 = FILL_AREA_STYLE_COLOUR ( '', #2878 ) ;
#1955 = CARTESIAN_POINT ( 'NONE',  ( 0.5288647974072393509, 0.003000000000000000062, -0.05803963744639718814 ) ) ;
#1956 = DIRECTION ( 'NONE',  ( -0.000000000000000000, -1.000000000000000000, -0.000000000000000000 ) ) ;
#1957 = AXIS2_PLACEMENT_3D ( 'NONE', #1897, #6288, #4673 ) ;
#1958 = LINE ( 'NONE', #2002, #1980 ) ;
#1959 = VERTEX_POINT ( 'NONE', #5355 ) ;
#1961 = EDGE_LOOP ( 'NONE', ( #6486, #648, #3636, #6792 ) ) ;
#1960 = DIRECTION ( 'NONE',  ( -1.000000000000000000, -0.000000000000000000, -0.000000000000000000 ) ) ;
#1962 = CYLINDRICAL_SURFACE ( 'NONE', #3906, 0.02999999999999997113 ) ;
#1963 = MECHANICAL_DESIGN_GEOMETRIC_PRESENTATION_REPRESENTATION (  '', ( #5542 ), #2078 ) ;
#1964 = FACE_BOUND ( 'NONE', #84, .T. ) ;
#1965 = EDGE_LOOP ( 'NONE', ( #3962, #2890, #5850 ) ) ;
#1966 = STYLED_ITEM ( 'NONE', ( #5085 ), #5073 ) ;
#1967 = UNCERTAINTY_MEASURE_WITH_UNIT (LENGTH_MEASURE( 1.000000000000000082E-05 ), #3044, 'distance_accuracy_value', 'NONE');
#1968 = EDGE_CURVE ( 'NONE', #5467, #2258, #541, .T. ) ;
#1969 = VECTOR ( 'NONE', #3390, 1000.000000000000000 ) ;
#1970 =( NAMED_UNIT ( * ) PLANE_ANGLE_UNIT ( ) SI_UNIT ( $, .RADIAN. ) );
#1971 = FILL_AREA_STYLE_COLOUR ( '', #823 ) ;
#1972 =( GEOMETRIC_REPRESENTATION_CONTEXT ( 3 ) GLOBAL_UNCERTAINTY_ASSIGNED_CONTEXT ( ( #203 ) ) GLOBAL_UNIT_ASSIGNED_CONTEXT ( ( #6561, #5556, #3904 ) ) REPRESENTATION_CONTEXT ( 'NONE', 'WORKASPACE' ) );
#1973 = DIRECTION ( 'NONE',  ( -1.000000000000000000, 0.000000000000000000, 0.000000000000000000 ) ) ;
#1974 = CARTESIAN_POINT ( 'NONE',  ( 0.5188791900677894864, 0.003000000000000000062, -0.08174568190881410790 ) ) ;
#1975 = VECTOR ( 'NONE', #5425, 1000.000000000000227 ) ;
#1976 = CARTESIAN_POINT ( 'NONE',  ( 0.1901006645942824591, 0.003000000000000000062, -0.08434848434810168771 ) ) ;
#1977 = UNCERTAINTY_MEASURE_WITH_UNIT (LENGTH_MEASURE( 1.000000000000000082E-05 ), #2534, 'distance_accuracy_value', 'NONE');
#1978 = COLOUR_RGB ( '',0.4745098039215686070, 0.4823529411764705954, 0.5019607843137254832 ) ;
#1979 = COLOUR_RGB ( '',0.7921568627450980005, 0.8196078431372548767, 0.9333333333333333481 ) ;
#1980 = VECTOR ( 'NONE', #4670, 1000.000000000000000 ) ;
#1981 = FILL_AREA_STYLE ('',( #4154 ) ) ;
#1982 = VERTEX_POINT ( 'NONE', #4717 ) ;
#1983 = DIRECTION ( 'NONE',  ( 0.000000000000000000, 0.000000000000000000, 1.000000000000000000 ) ) ;
#1984 =( NAMED_UNIT ( * ) PLANE_ANGLE_UNIT ( ) SI_UNIT ( $, .RADIAN. ) );
#1985 = CARTESIAN_POINT ( 'NONE',  ( 0.02512776830933449029, 0.003000000000000000062, -0.1348280044436376557 ) ) ;
#1986 = VECTOR ( 'NONE', #5308, 1000.000000000000000 ) ;
#1987 = ORIENTED_EDGE ( 'NONE', *, *, #3958, .T. ) ;
#1988 = ORIENTED_EDGE ( 'NONE', *, *, #5472, .T. ) ;
#1989 =( GEOMETRIC_REPRESENTATION_CONTEXT ( 3 ) GLOBAL_UNCERTAINTY_ASSIGNED_CONTEXT ( ( #263 ) ) GLOBAL_UNIT_ASSIGNED_CONTEXT ( ( #4818, #17, #6577 ) ) REPRESENTATION_CONTEXT ( 'NONE', 'WORKASPACE' ) );
#1990 = STYLED_ITEM ( 'NONE', ( #1847 ), #4753 ) ;
#1991 = ORIENTED_EDGE ( 'NONE', *, *, #2321, .F. ) ;
#1992 = CARTESIAN_POINT ( 'NONE',  ( -0.4000000000000000222, 0.7900000000000001465, -0.4000000000000000777 ) ) ;
#1993 =( LENGTH_UNIT ( ) NAMED_UNIT ( * ) SI_UNIT ( .MILLI., .METRE. ) );
#1994 = ORIENTED_EDGE ( 'NONE', *, *, #3975, .T. ) ;
#1995 = AXIS2_PLACEMENT_3D ( 'NONE', #4808, #5875, #3241 ) ;
#1996 = EDGE_CURVE ( 'NONE', #2607, #1840, #5310, .T. ) ;
#1997 = PLANE ( 'NONE',  #4482 ) ;
#1998 = CIRCLE ( 'NONE', #2902, 0.007387994315882019485 ) ;
#1999 = PRESENTATION_STYLE_ASSIGNMENT (( #856 ) ) ;
#2000 = AXIS2_PLACEMENT_3D ( 'NONE', #884, #2530, #1921 ) ;
#2001 = CARTESIAN_POINT ( 'NONE',  ( 0.5157387991927190329, 0.003000000000000000062, -0.06373683837152893661 ) ) ;
#2002 = CARTESIAN_POINT ( 'NONE',  ( 0.000000000000000000, 0.02000000000000005246, -0.4000000000000000777 ) ) ;
#2003 = CARTESIAN_POINT ( 'NONE',  ( -0.4000000000000001332, -0.009999999999999918676, -0.4000000000000000777 ) ) ;
#2004 = ORIENTED_EDGE ( 'NONE', *, *, #3130, .T. ) ;
#2006 = ORIENTED_EDGE ( 'NONE', *, *, #5453, .F. ) ;
#2005 = LINE ( 'NONE', #2150, #2082 ) ;
#2007 = CARTESIAN_POINT ( 'NONE',  ( -0.7700000000000001288, 0.7900000000000001465, -0.3700000000000001066 ) ) ;
#2008 = ORIENTED_EDGE ( 'NONE', *, *, #507, .T. ) ;
#2009 = DIRECTION ( 'NONE',  ( 0.8639004915327489487, -0.000000000000000000, 0.5036625266281726798 ) ) ;
#2010 = SURFACE_STYLE_FILL_AREA ( #6189 ) ;
#2011 = PRESENTATION_STYLE_ASSIGNMENT (( #5615 ) ) ;
#2012 = FILL_AREA_STYLE_COLOUR ( '', #3536 ) ;
#2013 = SURFACE_STYLE_USAGE ( .BOTH. , #5818 ) ;
#2014 = CARTESIAN_POINT ( 'NONE',  ( 0.5288647974072393509, 0.003000000000000000062, -0.1198996506375018395 ) ) ;
#2015 = DIRECTION ( 'NONE',  ( 0.000000000000000000, 0.000000000000000000, -1.000000000000000000 ) ) ;
#2016 = SURFACE_STYLE_USAGE ( .BOTH. , #5853 ) ;
#2017 = CIRCLE ( 'NONE', #985, 0.05276469991732458259 ) ;
#2018 = ORIENTED_EDGE ( 'NONE', *, *, #2281, .F. ) ;
#2019 = PRESENTATION_STYLE_ASSIGNMENT (( #3669 ) ) ;
#2020 = STYLED_ITEM ( 'NONE', ( #5473 ), #767 ) ;
#2021 = DIRECTION ( 'NONE',  ( 0.000000000000000000, 0.000000000000000000, -1.000000000000000000 ) ) ;
#2022 = LINE ( 'NONE', #1369, #2421 ) ;
#2023 = VECTOR ( 'NONE', #3809, 1000.000000000000000 ) ;
#2024 = DIRECTION ( 'NONE',  ( 1.000000000000000000, 0.000000000000000000, 0.000000000000000000 ) ) ;
#2025 = ADVANCED_FACE ( 'NONE', ( #4296 ), #438, .F. ) ;
#2026 = ORIENTED_EDGE ( 'NONE', *, *, #2754, .F. ) ;
#2027 = FILL_AREA_STYLE ('',( #6514 ) ) ;
#2028 = ADVANCED_FACE ( 'NONE', ( #5508 ), #4941, .T. ) ;
#2029 = LINE ( 'NONE', #2106, #1307 ) ;
#2030 = VERTEX_POINT ( 'NONE', #667 ) ;
#2031 = UNCERTAINTY_MEASURE_WITH_UNIT (LENGTH_MEASURE( 1.000000000000000082E-05 ), #5841, 'distance_accuracy_value', 'NONE');
#2032 = LINE ( 'NONE', #420, #2 ) ;
#2033 = CARTESIAN_POINT ( 'NONE',  ( 0.5220709974093684647, 0.003000000000000000062, -0.04214059935213382985 ) ) ;
#2034 = FACE_OUTER_BOUND ( 'NONE', #3937, .T. ) ;
#2035 = CARTESIAN_POINT ( 'NONE',  ( 0.5291540010148010342, 0.000000000000000000, -0.03821719267283291144 ) ) ;
#2036 = SURFACE_SIDE_STYLE ('',( #349 ) ) ;
#2037 = FILL_AREA_STYLE ('',( #4317 ) ) ;
#2038 = VERTEX_POINT ( 'NONE', #2334 ) ;
#2039 = FILL_AREA_STYLE ('',( #523 ) ) ;
#2040 = DIRECTION ( 'NONE',  ( -1.000000000000000000, 0.000000000000000000, 0.000000000000000000 ) ) ;
#2041 = CARTESIAN_POINT ( 'NONE',  ( 0.5248440630991575429, 0.003000000000000000062, -0.03300149384119212270 ) ) ;
#2042 = CARTESIAN_POINT ( 'NONE',  ( 0.3795462710254895455, 0.000000000000000000, -0.1348280044436376557 ) ) ;
#2043 = DIRECTION ( 'NONE',  ( 0.000000000000000000, -0.000000000000000000, 1.000000000000000000 ) ) ;
#2044 = SURFACE_STYLE_USAGE ( .BOTH. , #2690 ) ;
#2045 = CARTESIAN_POINT ( 'NONE',  ( 0.5220709974093684647, 0.000000000000000000, -0.04214059935213382985 ) ) ;
#2046 = PRESENTATION_STYLE_ASSIGNMENT (( #6297 ) ) ;
#2047 = CARTESIAN_POINT ( 'NONE',  ( -0.7700000000000001288, 0.02000000000000010797, -0.4000000000000000777 ) ) ;
#2048 = EDGE_CURVE ( 'NONE', #3723, #276, #1680, .T. ) ;
#2049 = FILL_AREA_STYLE ('',( #3212 ) ) ;
#2050 = UNCERTAINTY_MEASURE_WITH_UNIT (LENGTH_MEASURE( 1.000000000000000082E-05 ), #5570, 'distance_accuracy_value', 'NONE');
#2051 = ADVANCED_FACE ( 'NONE', ( #635 ), #4422, .F. ) ;
#2052 = CARTESIAN_POINT ( 'NONE',  ( -0.4000000000000000222, 0.7800000000000002487, 0.3599999999999999867 ) ) ;
#2053 = PLANE ( 'NONE',  #4314 ) ;
#2054 = CARTESIAN_POINT ( 'NONE',  ( 0.5220709974093684647, 0.003000000000000000062, -0.04214059935213382985 ) ) ;
#2055 = ORIENTED_EDGE ( 'NONE', *, *, #987, .F. ) ;
#2056 = VERTEX_POINT ( 'NONE', #6538 ) ;
#2057 = CARTESIAN_POINT ( 'NONE',  ( -0.7900000000000000355, 0.7800000000000002487, 0.3900000000000000133 ) ) ;
#2058 = CARTESIAN_POINT ( 'NONE',  ( 0.5184583121003590866, 0.000000000000000000, -0.03147425039532796703 ) ) ;
#2059 = ORIENTED_EDGE ( 'NONE', *, *, #3568, .F. ) ;
#2060 = PRODUCT_DEFINITION_SHAPE ( 'NONE', 'NONE',  #3919 ) ;
#2061 = SURFACE_STYLE_USAGE ( .BOTH. , #4195 ) ;
#2062 = ORIENTED_EDGE ( 'NONE', *, *, #2396, .F. ) ;
#2063 = CARTESIAN_POINT ( 'NONE',  ( 0.7875735931288073699, -0.009999999999999863165, 0.3875735931288071257 ) ) ;
#2064 = CARTESIAN_POINT ( 'NONE',  ( 0.5248440630991575429, 0.003000000000000000062, -0.03300149384119212270 ) ) ;
#2065 = ORIENTED_EDGE ( 'NONE', *, *, #3598, .F. ) ;
#2066 = ORIENTED_EDGE ( 'NONE', *, *, #4957, .F. ) ;
#2067 =( GEOMETRIC_REPRESENTATION_CONTEXT ( 3 ) GLOBAL_UNCERTAINTY_ASSIGNED_CONTEXT ( ( #3588 ) ) GLOBAL_UNIT_ASSIGNED_CONTEXT ( ( #1440, #6159, #2516 ) ) REPRESENTATION_CONTEXT ( 'NONE', 'WORKASPACE' ) );
#2068 = CARTESIAN_POINT ( 'NONE',  ( 0.5117773348484849771, 0.000000000000000000, -0.03294544722763400463 ) ) ;
#2069 = MECHANICAL_DESIGN_GEOMETRIC_PRESENTATION_REPRESENTATION (  '', ( #5209 ), #3957 ) ;
#2070 = EDGE_CURVE ( 'NONE', #375, #5871, #6507, .T. ) ;
#2071 = AXIS2_PLACEMENT_3D ( 'NONE', #3284, #4848, #2233 ) ;
#2072 =( NAMED_UNIT ( * ) PLANE_ANGLE_UNIT ( ) SI_UNIT ( $, .RADIAN. ) );
#2073 = CARTESIAN_POINT ( 'NONE',  ( 0.7700000000000001288, 0.02000000000000007674, -0.3700000000000001066 ) ) ;
#2074 = PRESENTATION_STYLE_ASSIGNMENT (( #5817 ) ) ;
#2075 = DIRECTION ( 'NONE',  ( -1.000000000000000000, -0.000000000000000000, -0.000000000000000000 ) ) ;
#2076 = CARTESIAN_POINT ( 'NONE',  ( 0.5151552488221826653, 0.003000000000000000062, -0.03769204240707927506 ) ) ;
#2077 = ORIENTED_EDGE ( 'NONE', *, *, #1243, .F. ) ;
#2078 =( GEOMETRIC_REPRESENTATION_CONTEXT ( 3 ) GLOBAL_UNCERTAINTY_ASSIGNED_CONTEXT ( ( #6291 ) ) GLOBAL_UNIT_ASSIGNED_CONTEXT ( ( #4531, #3454, #771 ) ) REPRESENTATION_CONTEXT ( 'NONE', 'WORKASPACE' ) );
#2079 = EDGE_LOOP ( 'NONE', ( #1092, #3792, #3518, #447 ) ) ;
#2080 = DIRECTION ( 'NONE',  ( 0.000000000000000000, 0.000000000000000000, 1.000000000000000000 ) ) ;
#2081 = ADVANCED_FACE ( 'NONE', ( #5417 ), #3847, .F. ) ;
#2082 = VECTOR ( 'NONE', #427, 1000.000000000000000 ) ;
#2083 = DIRECTION ( 'NONE',  ( 0.000000000000000000, 0.000000000000000000, -1.000000000000000000 ) ) ;
#2084 = EDGE_CURVE ( 'NONE', #1096, #2966, #2508, .T. ) ;
#2085 = MECHANICAL_DESIGN_GEOMETRIC_PRESENTATION_REPRESENTATION (  '', ( #292 ), #6767 ) ;
#2086 = MECHANICAL_DESIGN_GEOMETRIC_PRESENTATION_REPRESENTATION (  '', ( #826 ), #4979 ) ;
#2087 = SURFACE_STYLE_FILL_AREA ( #471 ) ;
#2088 = CIRCLE ( 'NONE', #6202, 0.01104772971636571940 ) ;
#2089 = PLANE ( 'NONE',  #1618 ) ;
#2090 = DIRECTION ( 'NONE',  ( -0.000000000000000000, -1.000000000000000000, -0.000000000000000000 ) ) ;
#2091 = EDGE_CURVE ( 'NONE', #949, #3387, #764, .T. ) ;
#2092 =( LENGTH_UNIT ( ) NAMED_UNIT ( * ) SI_UNIT ( .MILLI., .METRE. ) );
#2093 = AXIS2_PLACEMENT_3D ( 'NONE', #699, #3921, #6616 ) ;
#2094 = VECTOR ( 'NONE', #5348, 1000.000000000000000 ) ;
#2095 = VECTOR ( 'NONE', #2765, 1000.000000000000000 ) ;
#2096 = SURFACE_SIDE_STYLE ('',( #948 ) ) ;
#2097 = MECHANICAL_DESIGN_GEOMETRIC_PRESENTATION_REPRESENTATION (  '', ( #6332 ), #5782 ) ;
#2098 = VERTEX_POINT ( 'NONE', #1929 ) ;
#2099 = MECHANICAL_DESIGN_GEOMETRIC_PRESENTATION_REPRESENTATION (  '', ( #5346 ), #627 ) ;
#2100 = PRESENTATION_LAYER_ASSIGNMENT (  '', '', ( #5110 ) ) ;
#2101 = AXIS2_PLACEMENT_3D ( 'NONE', #4935, #690, #2289 ) ;
#2102 = VERTEX_POINT ( 'NONE', #6225 ) ;
#2103 = AXIS2_PLACEMENT_3D ( 'NONE', #1398, #3627, #4065 ) ;
#2104 = DIRECTION ( 'NONE',  ( -1.000000000000000000, 0.000000000000000000, 0.000000000000000000 ) ) ;
#2105 = STYLED_ITEM ( 'NONE', ( #2011 ), #4358 ) ;
#2106 = CARTESIAN_POINT ( 'NONE',  ( 0.5139164806504733507, 0.000000000000000000, -0.05002033037692237699 ) ) ;
#2107 = EDGE_LOOP ( 'NONE', ( #1750, #2581, #3928, #6804 ) ) ;
#2108 = AXIS2_PLACEMENT_3D ( 'NONE', #5576, #4367, #6477 ) ;
#2109 = FILL_AREA_STYLE ('',( #2710 ) ) ;
#2110 = COLOUR_RGB ( '',0.8941176470588234615, 0.4039215686274509887, 0.2431372549019607809 ) ;
#2111 = VERTEX_POINT ( 'NONE', #1323 ) ;
#2112 = CYLINDRICAL_SURFACE ( 'NONE', #6793, 0.02999999999999997113 ) ;
#2113 = PRESENTATION_LAYER_ASSIGNMENT (  '', '', ( #3779 ) ) ;
#2114 = PLANE ( 'NONE',  #1299 ) ;
#2115 = LINE ( 'NONE', #4252, #3451 ) ;
#2116 = ORIENTED_EDGE ( 'NONE', *, *, #5328, .T. ) ;
#2118 = ORIENTED_EDGE ( 'NONE', *, *, #1573, .T. ) ;
#2117 = DIRECTION ( 'NONE',  ( -0.000000000000000000, -0.000000000000000000, 1.000000000000000000 ) ) ;
#2119 = VERTEX_POINT ( 'NONE', #4058 ) ;
#2120 =( NAMED_UNIT ( * ) SI_UNIT ( $, .STERADIAN. ) SOLID_ANGLE_UNIT ( ) );
#2121 = PRESENTATION_STYLE_ASSIGNMENT (( #131 ) ) ;
#2122 = SURFACE_STYLE_USAGE ( .BOTH. , #6890 ) ;
#2123 = ADVANCED_FACE ( 'NONE', ( #5124 ), #1356, .T. ) ;
#2124 = EDGE_CURVE ( 'NONE', #2925, #5183, #727, .T. ) ;
#2125 = LINE ( 'NONE', #3304, #4333 ) ;
#2126 = CARTESIAN_POINT ( 'NONE',  ( 0.5229205373994898487, 0.003000000000000000062, -0.1070613408442326470 ) ) ;
#2127 = CARTESIAN_POINT ( 'NONE',  ( -0.7700000000000001288, 0.7900000000000001465, 0.3699999999999999956 ) ) ;
#2128 = DIRECTION ( 'NONE',  ( 0.000000000000000000, 0.000000000000000000, 1.000000000000000000 ) ) ;
#2129 = ORIENTED_EDGE ( 'NONE', *, *, #4858, .T. ) ;
#2130 =( LENGTH_UNIT ( ) NAMED_UNIT ( * ) SI_UNIT ( .MILLI., .METRE. ) );
#2131 = LINE ( 'NONE', #5893, #6467 ) ;
#2132 =( NAMED_UNIT ( * ) PLANE_ANGLE_UNIT ( ) SI_UNIT ( $, .RADIAN. ) );
#2133 = CARTESIAN_POINT ( 'NONE',  ( 0.3250174859200531396, 0.003000000000000000062, -0.09158047531953275588 ) ) ;
#2134 = PRODUCT_DEFINITION_SHAPE ( 'NONE', 'NONE',  #6909 ) ;
#2135 =( NAMED_UNIT ( * ) SI_UNIT ( $, .STERADIAN. ) SOLID_ANGLE_UNIT ( ) );
#2136 = PLANE ( 'NONE',  #5691 ) ;
#2137 = ORIENTED_EDGE ( 'NONE', *, *, #1588, .F. ) ;
#2138 = EDGE_CURVE ( 'NONE', #3705, #336, #2924, .T. ) ;
#2139 = DIRECTION ( 'NONE',  ( -0.000000000000000000, -0.000000000000000000, 1.000000000000000000 ) ) ;
#2140 = ORIENTED_EDGE ( 'NONE', *, *, #3156, .F. ) ;
#2141 = SURFACE_STYLE_FILL_AREA ( #2670 ) ;
#2142 = CARTESIAN_POINT ( 'NONE',  ( 0.5084205967598398601, 0.000000000000000000, -0.03645871607386060725 ) ) ;
#2143 = ORIENTED_EDGE ( 'NONE', *, *, #1097, .F. ) ;
#2144 = STYLED_ITEM ( 'NONE', ( #4896 ), #109 ) ;
#2145 = EDGE_CURVE ( 'NONE', #2716, #695, #6307, .T. ) ;
#2146 = FILL_AREA_STYLE_COLOUR ( '', #1442 ) ;
#2147 = EDGE_LOOP ( 'NONE', ( #459, #473, #5904, #3493 ) ) ;
#2148 = SURFACE_STYLE_FILL_AREA ( #2037 ) ;
#2149 = ORIENTED_EDGE ( 'NONE', *, *, #5472, .F. ) ;
#2150 = CARTESIAN_POINT ( 'NONE',  ( 0.5288647974072393509, 0.000000000000000000, -0.05803963744639718814 ) ) ;
#2151 = EDGE_LOOP ( 'NONE', ( #964, #3014 ) ) ;
#2152 = DIRECTION ( 'NONE',  ( -0.3666781236024608814, 0.000000000000000000, -0.9303478670214589963 ) ) ;
#2153 =( LENGTH_UNIT ( ) NAMED_UNIT ( * ) SI_UNIT ( .MILLI., .METRE. ) );
#2154 = DIRECTION ( 'NONE',  ( 1.000000000000000000, -0.000000000000000000, 0.000000000000000000 ) ) ;
#2155 = CARTESIAN_POINT ( 'NONE',  ( 0.2988614020076892919, 0.003000000000000000062, -0.1348280044436376557 ) ) ;
#2156 = CARTESIAN_POINT ( 'NONE',  ( 0.5209455743335885680, 0.003000000000000000062, -0.06004042221169466481 ) ) ;
#2157 = EDGE_LOOP ( 'NONE', ( #1663, #1898, #2628, #1037 ) ) ;
#2158 = DIRECTION ( 'NONE',  ( 0.000000000000000000, 0.000000000000000000, -1.000000000000000000 ) ) ;
#2159 = SURFACE_STYLE_FILL_AREA ( #5947 ) ;
#2160 = DIRECTION ( 'NONE',  ( 0.000000000000000000, 0.000000000000000000, 1.000000000000000000 ) ) ;
#2161 = EDGE_CURVE ( 'NONE', #1631, #1534, #4525, .T. ) ;
#2162 = FILL_AREA_STYLE ('',( #5421 ) ) ;
#2163 = FILL_AREA_STYLE_COLOUR ( '', #5548 ) ;
#2164 = FACE_OUTER_BOUND ( 'NONE', #2079, .T. ) ;
#2165 = VERTEX_POINT ( 'NONE', #4095 ) ;
#2166 = EDGE_CURVE ( 'NONE', #1248, #5373, #5637, .T. ) ;
#2167 = EDGE_LOOP ( 'NONE', ( #2560, #6873, #1853, #5032 ) ) ;
#2168 = LINE ( 'NONE', #5323, #3662 ) ;
#2169 =( NAMED_UNIT ( * ) PLANE_ANGLE_UNIT ( ) SI_UNIT ( $, .RADIAN. ) );
#2170 = ORIENTED_EDGE ( 'NONE', *, *, #2263, .T. ) ;
#2171 = COLOUR_RGB ( '',0.8941176470588234615, 0.4039215686274509887, 0.2431372549019607809 ) ;
#2172 = EDGE_CURVE ( 'NONE', #3917, #4793, #6613, .T. ) ;
#2173 = SURFACE_STYLE_FILL_AREA ( #4898 ) ;
#2174 = ADVANCED_FACE ( 'NONE', ( #6645 ), #1852, .T. ) ;
#2175 = VERTEX_POINT ( 'NONE', #790 ) ;
#2176 = MECHANICAL_DESIGN_GEOMETRIC_PRESENTATION_REPRESENTATION (  '', ( #6628 ), #600 ) ;
#2177 = DIRECTION ( 'NONE',  ( 0.3666781236024607149, 0.000000000000000000, 0.9303478670214589963 ) ) ;
#2178 =( GEOMETRIC_REPRESENTATION_CONTEXT ( 3 ) GLOBAL_UNCERTAINTY_ASSIGNED_CONTEXT ( ( #3664 ) ) GLOBAL_UNIT_ASSIGNED_CONTEXT ( ( #2459, #3080, #412 ) ) REPRESENTATION_CONTEXT ( 'NONE', 'WORKASPACE' ) );
#2179 =( NAMED_UNIT ( * ) PLANE_ANGLE_UNIT ( ) SI_UNIT ( $, .RADIAN. ) );
#2180 = CARTESIAN_POINT ( 'NONE',  ( 0.5078988403312109101, 0.003000000000000000062, -0.1149805027458715295 ) ) ;
#2181 = ORIENTED_EDGE ( 'NONE', *, *, #1089, .T. ) ;
#2182 = EDGE_CURVE ( 'NONE', #2293, #6558, #2951, .T. ) ;
#2183 = CARTESIAN_POINT ( 'NONE',  ( 0.5257201370498062465, 0.003000000000000000062, -0.1053522860724485088 ) ) ;
#2184 = APPLICATION_PROTOCOL_DEFINITION ( 'draft international standard', 'automotive_design', 1998, #3425 ) ;
#2185 = UNCERTAINTY_MEASURE_WITH_UNIT (LENGTH_MEASURE( 1.000000000000000082E-05 ), #2723, 'distance_accuracy_value', 'NONE');
#2186 = CARTESIAN_POINT ( 'NONE',  ( 0.5078988403312109101, 0.003000000000000000062, -0.1149805027458715295 ) ) ;
#2187 = CARTESIAN_POINT ( 'NONE',  ( 0.3250174859200531396, 0.003000000000000000062, -0.1135792546526552677 ) ) ;
#2188 = CARTESIAN_POINT ( 'NONE',  ( 0.4429153846565643260, 0.000000000000000000, -0.1121323986879829565 ) ) ;
#2189 = CARTESIAN_POINT ( 'NONE',  ( 0.5188791900677894864, 0.003000000000000000062, -0.08790370008774175958 ) ) ;
#2190 = PRESENTATION_LAYER_ASSIGNMENT (  '', '', ( #1393 ) ) ;
#2191 =( NAMED_UNIT ( * ) PLANE_ANGLE_UNIT ( ) SI_UNIT ( $, .RADIAN. ) );
#2192 = LINE ( 'NONE', #3658, #639 ) ;
#2193 = ORIENTED_EDGE ( 'NONE', *, *, #344, .F. ) ;
#2194 = DIRECTION ( 'NONE',  ( 0.000000000000000000, 0.000000000000000000, -1.000000000000000000 ) ) ;
#2195 = ORIENTED_EDGE ( 'NONE', *, *, #4568, .T. ) ;
#2196 = EDGE_CURVE ( 'NONE', #137, #2793, #4977, .T. ) ;
#2197 = PRESENTATION_LAYER_ASSIGNMENT (  '', '', ( #5080 ) ) ;
#2198 = MECHANICAL_DESIGN_GEOMETRIC_PRESENTATION_REPRESENTATION (  '', ( #3415 ), #4321 ) ;
#2199 = CYLINDRICAL_SURFACE ( 'NONE', #5665, 0.03031200129420755576 ) ;
#2200 = DIRECTION ( 'NONE',  ( 0.000000000000000000, 0.000000000000000000, 1.000000000000000000 ) ) ;
#2201 =( NAMED_UNIT ( * ) PLANE_ANGLE_UNIT ( ) SI_UNIT ( $, .RADIAN. ) );
#2202 = FACE_OUTER_BOUND ( 'NONE', #3158, .T. ) ;
#2203 =( LENGTH_UNIT ( ) NAMED_UNIT ( * ) SI_UNIT ( .MILLI., .METRE. ) );
#2204 = VECTOR ( 'NONE', #4920, 1000.000000000000000 ) ;
#2205 = AXIS2_PLACEMENT_3D ( 'NONE', #4302, #6418, #3152 ) ;
#2206 = CARTESIAN_POINT ( 'NONE',  ( 0.4000000000000000777, 0.02999999999999997113, -0.3600000000000001532 ) ) ;
#2207 = EDGE_LOOP ( 'NONE', ( #2950, #6882, #20, #1832, #1355, #2500, #3572, #6834 ) ) ;
#2208 =( NAMED_UNIT ( * ) SI_UNIT ( $, .STERADIAN. ) SOLID_ANGLE_UNIT ( ) );
#2209 =( NAMED_UNIT ( * ) SI_UNIT ( $, .STERADIAN. ) SOLID_ANGLE_UNIT ( ) );
#2210 = VECTOR ( 'NONE', #5642, 1000.000000000000000 ) ;
#2211 = FILL_AREA_STYLE_COLOUR ( '', #5344 ) ;
#2212 = COLOUR_RGB ( '',0.8941176470588234615, 0.4039215686274509887, 0.2431372549019607809 ) ;
#2213 = DIRECTION ( 'NONE',  ( 0.000000000000000000, 1.000000000000000000, 0.000000000000000000 ) ) ;
#2214 = ORIENTED_EDGE ( 'NONE', *, *, #6412, .F. ) ;
#2215 = MECHANICAL_DESIGN_GEOMETRIC_PRESENTATION_REPRESENTATION (  '', ( #4335 ), #4885 ) ;
#2216 = MECHANICAL_DESIGN_GEOMETRIC_PRESENTATION_REPRESENTATION (  '', ( #1629 ), #2418 ) ;
#2217 = MECHANICAL_DESIGN_GEOMETRIC_PRESENTATION_REPRESENTATION (  '', ( #5232 ), #4448 ) ;
#2218 = LINE ( 'NONE', #3191, #4633 ) ;
#2219 = VECTOR ( 'NONE', #5644, 1000.000000000000000 ) ;
#2220 = STYLED_ITEM ( 'NONE', ( #3354 ), #4273 ) ;
#2221 = VERTEX_POINT ( 'NONE', #486 ) ;
#2222 = PRESENTATION_LAYER_ASSIGNMENT (  '', '', ( #184 ) ) ;
#2223 =( NAMED_UNIT ( * ) PLANE_ANGLE_UNIT ( ) SI_UNIT ( $, .RADIAN. ) );
#2224 = ORIENTED_EDGE ( 'NONE', *, *, #6731, .T. ) ;
#2225 = EDGE_CURVE ( 'NONE', #4137, #4501, #5338, .T. ) ;
#2226 = DIRECTION ( 'NONE',  ( 1.000000000000000000, 0.000000000000000000, 0.000000000000000000 ) ) ;
#2227 = COLOUR_RGB ( '',0.8941176470588234615, 0.4039215686274509887, 0.2431372549019607809 ) ;
#2228 = VECTOR ( 'NONE', #3020, 1000.000000000000000 ) ;
#2229 = AXIS2_PLACEMENT_3D ( 'NONE', #1697, #5940, #2357 ) ;
#2230 = DIRECTION ( 'NONE',  ( 0.000000000000000000, 0.000000000000000000, 1.000000000000000000 ) ) ;
#2231 = FACE_OUTER_BOUND ( 'NONE', #3578, .T. ) ;
#2232 = ORIENTED_EDGE ( 'NONE', *, *, #433, .T. ) ;
#2233 = DIRECTION ( 'NONE',  ( 0.000000000000000000, -0.000000000000000000, -1.000000000000000000 ) ) ;
#2234 = EDGE_LOOP ( 'NONE', ( #5409, #2715, #5354, #6127 ) ) ;
#2235 = CARTESIAN_POINT ( 'NONE',  ( 0.1659364400072695367, 0.003000000000000000062, -0.02822637805886715756 ) ) ;
#2236 = AXIS2_PLACEMENT_3D ( 'NONE', #307, #2462, #4586 ) ;
#2237 = DIRECTION ( 'NONE',  ( -1.000000000000000000, 0.000000000000000000, 0.000000000000000000 ) ) ;
#2238 = EDGE_CURVE ( 'NONE', #6478, #5579, #1547, .T. ) ;
#2239 = MECHANICAL_DESIGN_GEOMETRIC_PRESENTATION_REPRESENTATION (  '', ( #4360 ), #3894 ) ;
#2240 = DIRECTION ( 'NONE',  ( -1.000000000000000000, -0.000000000000000000, -0.000000000000000000 ) ) ;
#2241 = PLANE ( 'NONE',  #299 ) ;
#2242 = FILL_AREA_STYLE ('',( #3826 ) ) ;
#2243 =( NAMED_UNIT ( * ) PLANE_ANGLE_UNIT ( ) SI_UNIT ( $, .RADIAN. ) );
#2244 = DIRECTION ( 'NONE',  ( 0.000000000000000000, 0.000000000000000000, 1.000000000000000000 ) ) ;
#2245 = COLOUR_RGB ( '',0.4745098039215686070, 0.4823529411764705954, 0.5019607843137254832 ) ;
#2246 = VERTEX_POINT ( 'NONE', #2638 ) ;
#2247 = CARTESIAN_POINT ( 'NONE',  ( 0.8000000000000001554, 0.02000000000000008021, -0.4000000000000000777 ) ) ;
#2248 = CARTESIAN_POINT ( 'NONE',  ( 0.8000000000000002665, 0.02000000000000008021, 0.3699999999999999956 ) ) ;
#2249 = DIRECTION ( 'NONE',  ( -0.000000000000000000, -1.000000000000000000, -0.000000000000000000 ) ) ;
#2250 = VECTOR ( 'NONE', #2336, 1000.000000000000000 ) ;
#2251 = CARTESIAN_POINT ( 'NONE',  ( 0.08159078854458594321, 0.000000000000000000, -0.1348280044436376557 ) ) ;
#2252 = ADVANCED_FACE ( 'NONE', ( #4765 ), #5741, .F. ) ;
#2253 = MECHANICAL_DESIGN_GEOMETRIC_PRESENTATION_REPRESENTATION (  '', ( #6367 ), #3370 ) ;
#2254 = DIRECTION ( 'NONE',  ( -1.000000000000000000, 0.000000000000000000, 0.000000000000000000 ) ) ;
#2255 = VERTEX_POINT ( 'NONE', #6401 ) ;
#2256 = PRODUCT_DEFINITION_FORMATION_WITH_SPECIFIED_SOURCE ( 'ANY', '', #5748, .NOT_KNOWN. ) ;
#2257 = CARTESIAN_POINT ( 'NONE',  ( 0.4000000000000001332, 0.000000000000000000, 0.000000000000000000 ) ) ;
#2258 = VERTEX_POINT ( 'NONE', #5777 ) ;
#2259 = VERTEX_POINT ( 'NONE', #5270 ) ;
#2260 = COLOUR_RGB ( '',0.4745098039215686070, 0.4823529411764705954, 0.5019607843137254832 ) ;
#2261 = SURFACE_STYLE_USAGE ( .BOTH. , #1643 ) ;
#2262 = DIRECTION ( 'NONE',  ( -0.000000000000000000, -0.000000000000000000, 1.000000000000000000 ) ) ;
#2263 = EDGE_CURVE ( 'NONE', #2851, #1947, #3138, .T. ) ;
#2264 = FACE_OUTER_BOUND ( 'NONE', #5859, .T. ) ;
#2265 = ORIENTED_EDGE ( 'NONE', *, *, #1952, .F. ) ;
#2266 =( LENGTH_UNIT ( ) NAMED_UNIT ( * ) SI_UNIT ( .MILLI., .METRE. ) );
#2267 = DIRECTION ( 'NONE',  ( 1.000000000000000000, -0.000000000000000000, 0.000000000000000000 ) ) ;
#2268 =( LENGTH_UNIT ( ) NAMED_UNIT ( * ) SI_UNIT ( .MILLI., .METRE. ) );
#2269 = CYLINDRICAL_SURFACE ( 'NONE', #2558, 0.02999999999999997113 ) ;
#2270 = CARTESIAN_POINT ( 'NONE',  ( -0.4000000000000001332, 0.000000000000000000, -0.3600000000000001532 ) ) ;
#2271 = SURFACE_SIDE_STYLE ('',( #4855 ) ) ;
#2272 = PRESENTATION_STYLE_ASSIGNMENT (( #6903 ) ) ;
#2273 = EDGE_CURVE ( 'NONE', #6558, #819, #458, .T. ) ;
#2274 = SURFACE_STYLE_USAGE ( .BOTH. , #58 ) ;
#2275 = DIRECTION ( 'NONE',  ( 0.000000000000000000, 0.000000000000000000, -1.000000000000000000 ) ) ;
#2276 = ORIENTED_EDGE ( 'NONE', *, *, #6787, .T. ) ;
#2277 = SURFACE_STYLE_FILL_AREA ( #3187 ) ;
#2278 = SURFACE_STYLE_USAGE ( .BOTH. , #224 ) ;
#2279 = CARTESIAN_POINT ( 'NONE',  ( 0.5170852029101958847, 0.003000000000000000062, -0.05803963744639718814 ) ) ;
#2280 =( NAMED_UNIT ( * ) SI_UNIT ( $, .STERADIAN. ) SOLID_ANGLE_UNIT ( ) );
#2281 = EDGE_CURVE ( 'NONE', #5178, #4169, #2005, .T. ) ;
#2282 = CARTESIAN_POINT ( 'NONE',  ( 0.5149849188702897429, 0.003000000000000000062, -0.1311974814857794769 ) ) ;
#2283 = ORIENTED_EDGE ( 'NONE', *, *, #1555, .F. ) ;
#2284 = PRESENTATION_STYLE_ASSIGNMENT (( #1670 ) ) ;
#2285 =( NAMED_UNIT ( * ) PLANE_ANGLE_UNIT ( ) SI_UNIT ( $, .RADIAN. ) );
#2286 =( NAMED_UNIT ( * ) PLANE_ANGLE_UNIT ( ) SI_UNIT ( $, .RADIAN. ) );
#2287 = ORIENTED_EDGE ( 'NONE', *, *, #5316, .F. ) ;
#2288 = DIRECTION ( 'NONE',  ( 0.000000000000000000, 0.000000000000000000, -1.000000000000000000 ) ) ;
#2289 = DIRECTION ( 'NONE',  ( 0.000000000000000000, 0.000000000000000000, 1.000000000000000000 ) ) ;
#2290 = CARTESIAN_POINT ( 'NONE',  ( 0.7875735931288073699, 0.02000000000000010797, -0.4000000000000000777 ) ) ;
#2291 = SURFACE_SIDE_STYLE ('',( #3844 ) ) ;
#2292 = CARTESIAN_POINT ( 'NONE',  ( 0.4000000000000000777, 0.000000000000000000, 0.3599999999999999867 ) ) ;
#2293 = VERTEX_POINT ( 'NONE', #5839 ) ;
#2294 = CARTESIAN_POINT ( 'NONE',  ( 0.1931536475512111162, 0.003000000000000000062, -0.02822637805886715756 ) ) ;
#2295 = ORIENTED_EDGE ( 'NONE', *, *, #4787, .F. ) ;
#2296 = CARTESIAN_POINT ( 'NONE',  ( -0.0006262868159067971896, 0.003000000000000000062, -0.1348280044436376557 ) ) ;
#2297 = EDGE_CURVE ( 'NONE', #786, #1959, #5233, .T. ) ;
#2298 =( NAMED_UNIT ( * ) SI_UNIT ( $, .STERADIAN. ) SOLID_ANGLE_UNIT ( ) );
#2299 = CARTESIAN_POINT ( 'NONE',  ( -0.8000000000000001554, 0.7600000000000000089, -0.3699999999999999956 ) ) ;
#2300 =( NAMED_UNIT ( * ) PLANE_ANGLE_UNIT ( ) SI_UNIT ( $, .RADIAN. ) );
#2301 = ADVANCED_FACE ( 'NONE', ( #6791 ), #2631, .F. ) ;
#2302 = EDGE_CURVE ( 'NONE', #1932, #1840, #6233, .T. ) ;
#2303 = PRESENTATION_LAYER_ASSIGNMENT (  '', '', ( #3085 ) ) ;
#2304 = CARTESIAN_POINT ( 'NONE',  ( 0.5220709974093684647, 0.003000000000000000062, -0.1258999299338860178 ) ) ;
#2305 = COLOUR_RGB ( '',0.8941176470588234615, 0.4039215686274509887, 0.2431372549019607809 ) ;
#2306 = ORIENTED_EDGE ( 'NONE', *, *, #6809, .F. ) ;
#2307 = VECTOR ( 'NONE', #3475, 1000.000000000000000 ) ;
#2308 = SURFACE_SIDE_STYLE ('',( #2277 ) ) ;
#2309 = DIRECTION ( 'NONE',  ( -0.000000000000000000, -1.000000000000000000, -0.000000000000000000 ) ) ;
#2310 = FILL_AREA_STYLE ('',( #160 ) ) ;
#2311 = VECTOR ( 'NONE', #2240, 1000.000000000000000 ) ;
#2312 = CARTESIAN_POINT ( 'NONE',  ( 0.8000000000000001554, 0.7775735931288073610, -0.3699999999999999956 ) ) ;
#2313 = UNCERTAINTY_MEASURE_WITH_UNIT (LENGTH_MEASURE( 1.000000000000000082E-05 ), #1839, 'distance_accuracy_value', 'NONE');
#2314 = PRESENTATION_LAYER_ASSIGNMENT (  '', '', ( #2870 ) ) ;
#2315 = ORIENTED_EDGE ( 'NONE', *, *, #4654, .T. ) ;
#2316 = VECTOR ( 'NONE', #2423, 1000.000000000000000 ) ;
#2317 = FILL_AREA_STYLE_COLOUR ( '', #628 ) ;
#2318 = FACE_OUTER_BOUND ( 'NONE', #4121, .T. ) ;
#2319 = AXIS2_PLACEMENT_3D ( 'NONE', #6032, #44, #5067 ) ;
#2320 = COLOUR_RGB ( '',1.000000000000000000, 1.000000000000000000, 1.000000000000000000 ) ;
#2321 = EDGE_CURVE ( 'NONE', #6460, #4509, #6438, .T. ) ;
#2322 = PLANE ( 'NONE',  #5464 ) ;
#2323 = ORIENTED_EDGE ( 'NONE', *, *, #5824, .T. ) ;
#2324 = UNCERTAINTY_MEASURE_WITH_UNIT (LENGTH_MEASURE( 1.000000000000000082E-05 ), #1333, 'distance_accuracy_value', 'NONE');
#2325 = PRESENTATION_LAYER_ASSIGNMENT (  '', '', ( #2220 ) ) ;
#2326 =( GEOMETRIC_REPRESENTATION_CONTEXT ( 3 ) GLOBAL_UNCERTAINTY_ASSIGNED_CONTEXT ( ( #3160 ) ) GLOBAL_UNIT_ASSIGNED_CONTEXT ( ( #4901, #71, #5468 ) ) REPRESENTATION_CONTEXT ( 'NONE', 'WORKASPACE' ) );
#2327 = CARTESIAN_POINT ( 'NONE',  ( 0.5250253739081551796, 0.003000000000000000062, -0.04055842633696740002 ) ) ;
#2328 = CARTESIAN_POINT ( 'NONE',  ( 0.1937951010351739445, 0.003000000000000000062, -0.05636409951526832884 ) ) ;
#2329 = COLOUR_RGB ( '',0.4745098039215686070, 0.4823529411764705954, 0.5019607843137254832 ) ;
#2330 = LINE ( 'NONE', #3988, #5115 ) ;
#2331 = DIRECTION ( 'NONE',  ( 0.000000000000000000, 1.000000000000000000, -0.000000000000000000 ) ) ;
#2332 = VERTEX_POINT ( 'NONE', #6751 ) ;
#2333 = B_SPLINE_CURVE_WITH_KNOTS ( 'NONE', 3,
 ( #1466, #3027, #6715, #5234, #3061, #6687, #4674, #3507 ),
 .UNSPECIFIED., .F., .F.,
 ( 4, 1, 1, 1, 1, 4 ),
 ( 0.000000000000000000, 0.2381054809262195260, 0.3540282173859492509, 0.5079153937562340682, 0.7090555150877102530, 1.000000000000000000 ),
 .UNSPECIFIED. ) ;
#2334 = CARTESIAN_POINT ( 'NONE',  ( 0.5220709974093684647, 0.000000000000000000, -0.04688998638497178517 ) ) ;
#2335 = AXIS2_PLACEMENT_3D ( 'NONE', #2073, #3142, #6445 ) ;
#2336 = DIRECTION ( 'NONE',  ( -0.000000000000000000, -1.000000000000000000, -0.000000000000000000 ) ) ;
#2337 = EDGE_CURVE ( 'NONE', #5907, #3046, #1821, .T. ) ;
#2338 = ORIENTED_EDGE ( 'NONE', *, *, #237, .T. ) ;
#2339 = FILL_AREA_STYLE ('',( #2991 ) ) ;
#2340 = EDGE_CURVE ( 'NONE', #1118, #2259, #3036, .T. ) ;
#2341 = MECHANICAL_DESIGN_GEOMETRIC_PRESENTATION_REPRESENTATION (  '', ( #301 ), #1989 ) ;
#2342 = AXIS2_PLACEMENT_3D ( 'NONE', #556, #5295, #5 ) ;
#2343 = CARTESIAN_POINT ( 'NONE',  ( 0.5179688503939871014, 0.003000000000000000062, -0.1198996506375018395 ) ) ;
#2344 = CARTESIAN_POINT ( 'NONE',  ( 0.000000000000000000, 0.000000000000000000, -0.4000000000000000777 ) ) ;
#2345 =( NAMED_UNIT ( * ) PLANE_ANGLE_UNIT ( ) SI_UNIT ( $, .RADIAN. ) );
#2346 = FILL_AREA_STYLE ('',( #4475 ) ) ;
#2347 = CARTESIAN_POINT ( 'NONE',  ( 0.1236572826574574430, 0.003000000000000000062, -0.1348280044436376557 ) ) ;
#2348 = VECTOR ( 'NONE', #4727, 1000.000000000000000 ) ;
#2349 = PRESENTATION_STYLE_ASSIGNMENT (( #2835 ) ) ;
#2350 = ORIENTED_EDGE ( 'NONE', *, *, #6513, .T. ) ;
#2351 = CARTESIAN_POINT ( 'NONE',  ( 0.3250174859200531396, 0.003000000000000000062, -0.04879976180185294221 ) ) ;
#2352 = SURFACE_SIDE_STYLE ('',( #6663 ) ) ;
#2353 = SURFACE_STYLE_FILL_AREA ( #6522 ) ;
#2354 = FACE_BOUND ( 'NONE', #2151, .T. ) ;
#2355 = FILL_AREA_STYLE ('',( #3332 ) ) ;
#2356 = ORIENTED_EDGE ( 'NONE', *, *, #348, .T. ) ;
#2357 = DIRECTION ( 'NONE',  ( 1.000000000000000000, 0.000000000000000000, 0.000000000000000000 ) ) ;
#2358 = ORIENTED_EDGE ( 'NONE', *, *, #3497, .F. ) ;
#2359 = ADVANCED_FACE ( 'NONE', ( #5082 ), #284, .F. ) ;
#2360 = STYLED_ITEM ( 'NONE', ( #2675 ), #1021 ) ;
#2361 = EDGE_LOOP ( 'NONE', ( #3244, #2678, #2923, #4284 ) ) ;
#2362 = SURFACE_STYLE_USAGE ( .BOTH. , #6036 ) ;
#2363 = APPLICATION_CONTEXT ( 'automotive_design' ) ;
#2364 = DIRECTION ( 'NONE',  ( 0.000000000000000000, 0.000000000000000000, -1.000000000000000000 ) ) ;
#2365 = AXIS2_PLACEMENT_3D ( 'NONE', #2455, #4582, #6698 ) ;
#2366 = DIRECTION ( 'NONE',  ( 0.000000000000000000, 0.000000000000000000, -1.000000000000000000 ) ) ;
#2367 = DIRECTION ( 'NONE',  ( -0.3666781236024606594, -0.000000000000000000, -0.9303478670214589963 ) ) ;
#2368 = ORIENTED_EDGE ( 'NONE', *, *, #3960, .T. ) ;
#2369 = DIRECTION ( 'NONE',  ( -1.000000000000000000, -0.000000000000000000, -0.000000000000000000 ) ) ;
#2370 = ORIENTED_EDGE ( 'NONE', *, *, #1064, .F. ) ;
#2371 = FILL_AREA_STYLE_COLOUR ( '', #4588 ) ;
#2372 = PRODUCT_DEFINITION_FORMATION_WITH_SPECIFIED_SOURCE ( 'ANY', '', #4700, .NOT_KNOWN. ) ;
#2373 = LINE ( 'NONE', #3452, #956 ) ;
#2374 = PRESENTATION_STYLE_ASSIGNMENT (( #2442 ) ) ;
#2375 = EDGE_CURVE ( 'NONE', #1494, #2637, #2929, .T. ) ;
#2376 = CARTESIAN_POINT ( 'NONE',  ( -0.7700000000000001288, 0.7600000000000001199, 0.3699999999999999956 ) ) ;
#2377 = VERTEX_POINT ( 'NONE', #1359 ) ;
#2378 =( NAMED_UNIT ( * ) PLANE_ANGLE_UNIT ( ) SI_UNIT ( $, .RADIAN. ) );
#2379 = EDGE_LOOP ( 'NONE', ( #1138, #3994, #6612, #3813 ) ) ;
#2380 =( LENGTH_UNIT ( ) NAMED_UNIT ( * ) SI_UNIT ( .MILLI., .METRE. ) );
#2381 = EDGE_CURVE ( 'NONE', #5868, #4408, #5981, .T. ) ;
#2382 = VERTEX_POINT ( 'NONE', #770 ) ;
#2383 = CARTESIAN_POINT ( 'NONE',  ( -0.8000000000000001554, 0.7900000000000001465, -0.3700000000000001066 ) ) ;
#2384 = CARTESIAN_POINT ( 'NONE',  ( 0.2803476042950979186, 0.003000000000000000062, -0.07995386187611175366 ) ) ;
#2385 = ORIENTED_EDGE ( 'NONE', *, *, #1363, .F. ) ;
#2386 = ADVANCED_FACE ( 'NONE', ( #825 ), #1607, .F. ) ;
#2387 = UNCERTAINTY_MEASURE_WITH_UNIT (LENGTH_MEASURE( 1.000000000000000082E-05 ), #2580, 'distance_accuracy_value', 'NONE');
#2388 =( NAMED_UNIT ( * ) PLANE_ANGLE_UNIT ( ) SI_UNIT ( $, .RADIAN. ) );
#2389 = EDGE_CURVE ( 'NONE', #5293, #2221, #594, .T. ) ;
#2390 = CARTESIAN_POINT ( 'NONE',  ( 0.2558222386253550251, 0.003000000000000000062, -0.07995386187611175366 ) ) ;
#2391 = SURFACE_STYLE_FILL_AREA ( #3890 ) ;
#2392 = ORIENTED_EDGE ( 'NONE', *, *, #6045, .T. ) ;
#2394 = ORIENTED_EDGE ( 'NONE', *, *, #1007, .T. ) ;
#2393 = DIRECTION ( 'NONE',  ( 0.000000000000000000, -0.000000000000000000, 1.000000000000000000 ) ) ;
#2395 = PRESENTATION_LAYER_ASSIGNMENT (  '', '', ( #4304 ) ) ;
#2396 = EDGE_CURVE ( 'NONE', #2700, #780, #3279, .T. ) ;
#2397 = ORIENTED_EDGE ( 'NONE', *, *, #5924, .F. ) ;
#2398 = UNCERTAINTY_MEASURE_WITH_UNIT (LENGTH_MEASURE( 1.000000000000000082E-05 ), #45, 'distance_accuracy_value', 'NONE');
#2399 =( LENGTH_UNIT ( ) NAMED_UNIT ( * ) SI_UNIT ( .MILLI., .METRE. ) );
#2400 = CARTESIAN_POINT ( 'NONE',  ( 0.7700000000000001288, 0.7900000000000001465, 0.3699999999999999956 ) ) ;
#2401 =( NAMED_UNIT ( * ) SI_UNIT ( $, .STERADIAN. ) SOLID_ANGLE_UNIT ( ) );
#2402 = CARTESIAN_POINT ( 'NONE',  ( 0.2241924239596195523, 0.003000000000000000062, -0.05970269945031925207 ) ) ;
#2403 = DIRECTION ( 'NONE',  ( 0.5013786773515722661, 0.000000000000000000, 0.8652279594980665234 ) ) ;
#2404 = CYLINDRICAL_SURFACE ( 'NONE', #1168, 0.01022966404797421430 ) ;
#2405 = VERTEX_POINT ( 'NONE', #5439 ) ;
#2406 = CARTESIAN_POINT ( 'NONE',  ( 0.2168055513914279031, 0.003000000000000000062, -0.07336348460537456262 ) ) ;
#2407 = CARTESIAN_POINT ( 'NONE',  ( -0.7700000000000001288, 0.7900000000000001465, -0.3700000000000001066 ) ) ;
#2408 = SURFACE_STYLE_FILL_AREA ( #6627 ) ;
#2409 = PRESENTATION_LAYER_ASSIGNMENT (  '', '', ( #5088 ) ) ;
#2410 = AXIS2_PLACEMENT_3D ( 'NONE', #1824, #5056, #2962 ) ;
#2411 = ORIENTED_EDGE ( 'NONE', *, *, #6023, .T. ) ;
#2412 = CARTESIAN_POINT ( 'NONE',  ( 0.8000000000000001554, 0.7900000000000001465, 0.3699999999999999956 ) ) ;
#2413 = VERTEX_POINT ( 'NONE', #2187 ) ;
#2414 = AXIS2_PLACEMENT_3D ( 'NONE', #318, #4631, #2393 ) ;
#2415 = AXIS2_PLACEMENT_3D ( 'NONE', #4642, #4175, #6855 ) ;
#2416 = LINE ( 'NONE', #6064, #4623 ) ;
#2417 = EDGE_CURVE ( 'NONE', #922, #559, #2125, .T. ) ;
#2418 =( GEOMETRIC_REPRESENTATION_CONTEXT ( 3 ) GLOBAL_UNCERTAINTY_ASSIGNED_CONTEXT ( ( #756 ) ) GLOBAL_UNIT_ASSIGNED_CONTEXT ( ( #916, #3797, #1124 ) ) REPRESENTATION_CONTEXT ( 'NONE', 'WORKASPACE' ) );
#2419 = VECTOR ( 'NONE', #2139, 1000.000000000000000 ) ;
#2420 = PLANE ( 'NONE',  #3803 ) ;
#2421 = VECTOR ( 'NONE', #5726, 1000.000000000000000 ) ;
#2422 = CARTESIAN_POINT ( 'NONE',  ( 0.8000000000000000444, 0.7775735931288073610, 0.3699999999999999400 ) ) ;
#2423 = DIRECTION ( 'NONE',  ( 1.000000000000000000, 0.000000000000000000, 0.000000000000000000 ) ) ;
#2424 = FACE_OUTER_BOUND ( 'NONE', #4081, .T. ) ;
#2425 = LINE ( 'NONE', #3503, #6556 ) ;
#2426 = FILL_AREA_STYLE ('',( #5157 ) ) ;
#2427 = ORIENTED_EDGE ( 'NONE', *, *, #4184, .F. ) ;
#2428 = COLOUR_RGB ( '',0.8941176470588234615, 0.4039215686274509887, 0.2431372549019607809 ) ;
#2429 = CARTESIAN_POINT ( 'NONE',  ( 0.2988614020076892919, 0.000000000000000000, -0.02822637805886715756 ) ) ;
#2430 = VECTOR ( 'NONE', #3288, 1000.000000000000000 ) ;
#2431 = AXIS2_PLACEMENT_3D ( 'NONE', #2376, #5026, #5987 ) ;
#2432 = MECHANICAL_DESIGN_GEOMETRIC_PRESENTATION_REPRESENTATION (  '', ( #5108 ), #6320 ) ;
#2433 = FACE_OUTER_BOUND ( 'NONE', #1945, .T. ) ;
#2434 = EDGE_CURVE ( 'NONE', #1840, #949, #5412, .T. ) ;
#2435 = AXIS2_PLACEMENT_3D ( 'NONE', #3751, #6600, #1804 ) ;
#2436 = AXIS2_PLACEMENT_3D ( 'NONE', #223, #2935, #6623 ) ;
#2437 = MECHANICAL_DESIGN_GEOMETRIC_PRESENTATION_REPRESENTATION (  '', ( #2557 ), #5671 ) ;
#2438 = DIRECTION ( 'NONE',  ( -0.5036625266281725688, 0.000000000000000000, 0.8639004915327489487 ) ) ;
#2439 = CARTESIAN_POINT ( 'NONE',  ( 0.5078314603514237913, 0.003000000000000000062, -0.09401032424267029286 ) ) ;
#2440 = VECTOR ( 'NONE', #4884, 1000.000000000000000 ) ;
#2441 = COLOUR_RGB ( '',0.8941176470588234615, 0.4039215686274509887, 0.2431372549019607809 ) ;
#2442 = SURFACE_STYLE_USAGE ( .BOTH. , #5053 ) ;
#2443 = DIRECTION ( 'NONE',  ( 0.000000000000000000, 0.000000000000000000, 1.000000000000000000 ) ) ;
#2444 = DIRECTION ( 'NONE',  ( 0.000000000000000000, -1.000000000000000000, 0.000000000000000000 ) ) ;
#2445 = SURFACE_STYLE_USAGE ( .BOTH. , #4533 ) ;
#2446 = MECHANICAL_DESIGN_GEOMETRIC_PRESENTATION_REPRESENTATION (  '', ( #3558 ), #5895 ) ;
#2447 = ADVANCED_FACE ( 'NONE', ( #2748 ), #3717, .F. ) ;
#2448 =( GEOMETRIC_REPRESENTATION_CONTEXT ( 3 ) GLOBAL_UNCERTAINTY_ASSIGNED_CONTEXT ( ( #5813 ) ) GLOBAL_UNIT_ASSIGNED_CONTEXT ( ( #2585, #1970, #5195 ) ) REPRESENTATION_CONTEXT ( 'NONE', 'WORKASPACE' ) );
#2449 = COLOUR_RGB ( '',0.8941176470588234615, 0.4039215686274509887, 0.2431372549019607809 ) ;
#2450 = SURFACE_STYLE_FILL_AREA ( #4179 ) ;
#2451 = ORIENTED_EDGE ( 'NONE', *, *, #5050, .T. ) ;
#2452 = VECTOR ( 'NONE', #5667, 1000.000000000000000 ) ;
#2453 = DIRECTION ( 'NONE',  ( 1.000000000000000000, 0.000000000000000000, 0.000000000000000000 ) ) ;
#2454 = CARTESIAN_POINT ( 'NONE',  ( 0.5288647974072393509, 0.003000000000000000062, -0.05416084963150000903 ) ) ;
#2455 = CARTESIAN_POINT ( 'NONE',  ( 0.4429153846565643260, 0.000000000000000000, -0.08182039739377539034 ) ) ;
#2456 = AXIS2_PLACEMENT_3D ( 'NONE', #1514, #4751, #1013 ) ;
#2457 = PRESENTATION_LAYER_ASSIGNMENT (  '', '', ( #4356 ) ) ;
#2458 = EDGE_LOOP ( 'NONE', ( #1056, #5538, #1707, #1418 ) ) ;
#2459 =( LENGTH_UNIT ( ) NAMED_UNIT ( * ) SI_UNIT ( .MILLI., .METRE. ) );
#2460 = CARTESIAN_POINT ( 'NONE',  ( -0.4000000000000000222, 0.7900000000000001465, -0.3700000000000001066 ) ) ;
#2461 =( GEOMETRIC_REPRESENTATION_CONTEXT ( 3 ) GLOBAL_UNCERTAINTY_ASSIGNED_CONTEXT ( ( #1098 ) ) GLOBAL_UNIT_ASSIGNED_CONTEXT ( ( #5251, #6274, #1484 ) ) REPRESENTATION_CONTEXT ( 'NONE', 'WORKASPACE' ) );
#2462 = DIRECTION ( 'NONE',  ( 0.000000000000000000, 0.000000000000000000, -1.000000000000000000 ) ) ;
#2463 = ORIENTED_EDGE ( 'NONE', *, *, #4836, .T. ) ;
#2464 = EDGE_CURVE ( 'NONE', #5962, #3876, #4907, .T. ) ;
#2465 = UNCERTAINTY_MEASURE_WITH_UNIT (LENGTH_MEASURE( 1.000000000000000082E-05 ), #2510, 'distance_accuracy_value', 'NONE');
#2466 = EDGE_CURVE ( 'NONE', #2332, #6836, #1574, .T. ) ;
#2467 = DIRECTION ( 'NONE',  ( -1.000000000000000000, 0.000000000000000000, -0.000000000000000000 ) ) ;
#2468 = CARTESIAN_POINT ( 'NONE',  ( 0.1520327505222483222, 0.000000000000000000, -0.05204809658087075630 ) ) ;
#2469 = DIRECTION ( 'NONE',  ( -0.000000000000000000, -0.000000000000000000, 1.000000000000000000 ) ) ;
#2470 = CARTESIAN_POINT ( 'NONE',  ( 0.2170060246263622317, 0.003000000000000000062, -0.08553923355679110552 ) ) ;
#2471 = SURFACE_SIDE_STYLE ('',( #5155 ) ) ;
#2472 = DIRECTION ( 'NONE',  ( 0.000000000000000000, 0.000000000000000000, 1.000000000000000000 ) ) ;
#2473 = SURFACE_SIDE_STYLE ('',( #2949 ) ) ;
#2474 = ORIENTED_EDGE ( 'NONE', *, *, #4324, .T. ) ;
#2476 = ORIENTED_EDGE ( 'NONE', *, *, #1944, .T. ) ;
#2475 = CARTESIAN_POINT ( 'NONE',  ( 0.5220709974093684647, 0.000000000000000000, -0.04214059935213382985 ) ) ;
#2477 = FACE_OUTER_BOUND ( 'NONE', #202, .T. ) ;
#2478 = COLOUR_RGB ( '',0.4745098039215686070, 0.4823529411764705954, 0.5019607843137254832 ) ;
#2479 = CARTESIAN_POINT ( 'NONE',  ( 0.5078988403312109101, 0.003000000000000000062, -0.06475161236307666601 ) ) ;
#2480 = EDGE_LOOP ( 'NONE', ( #3848, #1284, #4847, #5581 ) ) ;
#2481 = DIRECTION ( 'NONE',  ( -1.000000000000000000, 0.000000000000000000, 0.000000000000000000 ) ) ;
#2482 = PRESENTATION_LAYER_ASSIGNMENT (  '', '', ( #3590 ) ) ;
#2483 = ADVANCED_FACE ( 'NONE', ( #6502 ), #5886, .T. ) ;
#2484 = CARTESIAN_POINT ( 'NONE',  ( -0.7700000000000001288, 0.02000000000000005246, -0.3700000000000001066 ) ) ;
#2485 =( NAMED_UNIT ( * ) SI_UNIT ( $, .STERADIAN. ) SOLID_ANGLE_UNIT ( ) );
#2486 =( NAMED_UNIT ( * ) PLANE_ANGLE_UNIT ( ) SI_UNIT ( $, .RADIAN. ) );
#2487 = FILL_AREA_STYLE ('',( #1366 ) ) ;
#2488 = UNCERTAINTY_MEASURE_WITH_UNIT (LENGTH_MEASURE( 1.000000000000000082E-05 ), #6425, 'distance_accuracy_value', 'NONE');
#2489 =( NAMED_UNIT ( * ) SI_UNIT ( $, .STERADIAN. ) SOLID_ANGLE_UNIT ( ) );
#2490 = ORIENTED_EDGE ( 'NONE', *, *, #2629, .F. ) ;
#2491 = PLANE ( 'NONE',  #1408 ) ;
#2492 = SURFACE_STYLE_FILL_AREA ( #3007 ) ;
#2493 = CARTESIAN_POINT ( 'NONE',  ( 0.000000000000000000, 0.02000000000000005246, 0.3999999999999999667 ) ) ;
#2494 = VERTEX_POINT ( 'NONE', #4494 ) ;
#2495 = FACE_OUTER_BOUND ( 'NONE', #3267, .T. ) ;
#2496 = EDGE_CURVE ( 'NONE', #3299, #4551, #4520, .T. ) ;
#2497 = ORIENTED_EDGE ( 'NONE', *, *, #5101, .T. ) ;
#2498 =( NAMED_UNIT ( * ) PLANE_ANGLE_UNIT ( ) SI_UNIT ( $, .RADIAN. ) );
#2499 = CARTESIAN_POINT ( 'NONE',  ( -0.4000000000000001332, 0.02999999999999997113, 0.3599999999999999867 ) ) ;
#2500 = ORIENTED_EDGE ( 'NONE', *, *, #4566, .F. ) ;
#2501 = ADVANCED_FACE ( 'NONE', ( #1351 ), #944, .T. ) ;
#2502 = FILL_AREA_STYLE_COLOUR ( '', #1776 ) ;
#2503 = CARTESIAN_POINT ( 'NONE',  ( 0.2420085203291615639, 0.000000000000000000, -0.02822637805886715756 ) ) ;
#2504 = CARTESIAN_POINT ( 'NONE',  ( 0.1931536475512111162, 0.000000000000000000, -0.02822637805886715756 ) ) ;
#2505 = SURFACE_STYLE_USAGE ( .BOTH. , #2471 ) ;
#2506 = DIRECTION ( 'NONE',  ( 0.000000000000000000, 0.000000000000000000, 1.000000000000000000 ) ) ;
#2507 = EDGE_LOOP ( 'NONE', ( #1803, #3948, #1785, #885 ) ) ;
#2509 = ORIENTED_EDGE ( 'NONE', *, *, #5020, .F. ) ;
#2508 = LINE ( 'NONE', #2429, #5647 ) ;
#2510 =( LENGTH_UNIT ( ) NAMED_UNIT ( * ) SI_UNIT ( .MILLI., .METRE. ) );
#2511 = PRESENTATION_STYLE_ASSIGNMENT (( #3687 ) ) ;
#2512 =( NAMED_UNIT ( * ) SI_UNIT ( $, .STERADIAN. ) SOLID_ANGLE_UNIT ( ) );
#2513 = DIRECTION ( 'NONE',  ( -0.8639004915327490597, 0.000000000000000000, -0.5036625266281726798 ) ) ;
#2514 = SURFACE_STYLE_USAGE ( .BOTH. , #5307 ) ;
#2515 = FILL_AREA_STYLE_COLOUR ( '', #2227 ) ;
#2516 =( NAMED_UNIT ( * ) SI_UNIT ( $, .STERADIAN. ) SOLID_ANGLE_UNIT ( ) );
#2517 = EDGE_CURVE ( 'NONE', #5602, #5820, #141, .T. ) ;
#2518 = CARTESIAN_POINT ( 'NONE',  ( 0.1959584026015205316, 0.003000000000000000062, -0.1075953568382304604 ) ) ;
#2519 = AXIS2_PLACEMENT_3D ( 'NONE', #5765, #6168, #4584 ) ;
#2520 = EDGE_LOOP ( 'NONE', ( #3487, #5259 ) ) ;
#2521 = CARTESIAN_POINT ( 'NONE',  ( 0.5288647974072393509, 0.003000000000000000062, -0.06515718325081611140 ) ) ;
#2522 = EDGE_CURVE ( 'NONE', #5833, #6739, #6065, .T. ) ;
#2523 = CARTESIAN_POINT ( 'NONE',  ( -0.4000000000000001332, 0.02000000000000007674, 0.3699999999999999956 ) ) ;
#2524 = ORIENTED_EDGE ( 'NONE', *, *, #5359, .F. ) ;
#2525 = DIRECTION ( 'NONE',  ( 0.000000000000000000, 0.000000000000000000, 1.000000000000000000 ) ) ;
#2526 = ORIENTED_EDGE ( 'NONE', *, *, #2746, .T. ) ;
#2527 = VERTEX_POINT ( 'NONE', #2821 ) ;
#2528 = CYLINDRICAL_SURFACE ( 'NONE', #6879, 0.02999999999999997113 ) ;
#2529 =( NAMED_UNIT ( * ) SI_UNIT ( $, .STERADIAN. ) SOLID_ANGLE_UNIT ( ) );
#2530 = DIRECTION ( 'NONE',  ( 0.000000000000000000, 1.000000000000000000, -0.000000000000000000 ) ) ;
#2531 = ORIENTED_EDGE ( 'NONE', *, *, #6607, .F. ) ;
#2532 = UNCERTAINTY_MEASURE_WITH_UNIT (LENGTH_MEASURE( 1.000000000000000082E-05 ), #6223, 'distance_accuracy_value', 'NONE');
#2533 = COLOUR_RGB ( '',0.8941176470588234615, 0.4039215686274509887, 0.2431372549019607809 ) ;
#2534 =( LENGTH_UNIT ( ) NAMED_UNIT ( * ) SI_UNIT ( .MILLI., .METRE. ) );
#2535 =( LENGTH_UNIT ( ) NAMED_UNIT ( * ) SI_UNIT ( .MILLI., .METRE. ) );
#2536 = DIRECTION ( 'NONE',  ( -1.000000000000000000, 0.000000000000000000, 0.000000000000000000 ) ) ;
#2537 = LINE ( 'NONE', #4130, #1414 ) ;
#2538 = CARTESIAN_POINT ( 'NONE',  ( 0.5283846789471251526, 0.003000000000000000062, -0.03590742215311736735 ) ) ;
#2539 = CARTESIAN_POINT ( 'NONE',  ( 0.5179688503939871014, 0.003000000000000000062, -0.1238094871698974531 ) ) ;
#2540 = ORIENTED_EDGE ( 'NONE', *, *, #1879, .F. ) ;
#2541 = ORIENTED_EDGE ( 'NONE', *, *, #2834, .T. ) ;
#2542 = LINE ( 'NONE', #5682, #3696 ) ;
#2543 = COLOUR_RGB ( '',0.4745098039215686070, 0.4823529411764705954, 0.5019607843137254832 ) ;
#2544 =( LENGTH_UNIT ( ) NAMED_UNIT ( * ) SI_UNIT ( .MILLI., .METRE. ) );
#2545 = COLOUR_RGB ( '',0.8941176470588234615, 0.4039215686274509887, 0.2431372549019607809 ) ;
#2546 = AXIS2_PLACEMENT_3D ( 'NONE', #1141, #4775, #1033 ) ;
#2547 =( NAMED_UNIT ( * ) SI_UNIT ( $, .STERADIAN. ) SOLID_ANGLE_UNIT ( ) );
#2548 =( LENGTH_UNIT ( ) NAMED_UNIT ( * ) SI_UNIT ( .MILLI., .METRE. ) );
#2549 = AXIS2_PLACEMENT_3D ( 'NONE', #5520, #4440, #2865 ) ;
#2550 = CARTESIAN_POINT ( 'NONE',  ( 0.5291540010148010342, 0.003000000000000000062, -0.05105430400072100139 ) ) ;
#2551 = EDGE_CURVE ( 'NONE', #2793, #584, #3501, .T. ) ;
#2552 =( NAMED_UNIT ( * ) SI_UNIT ( $, .STERADIAN. ) SOLID_ANGLE_UNIT ( ) );
#2553 = VECTOR ( 'NONE', #1837, 1000.000000000000000 ) ;
#2554 = COLOUR_RGB ( '',0.7921568627450980005, 0.8196078431372548767, 0.9333333333333333481 ) ;
#2555 = PRESENTATION_LAYER_ASSIGNMENT (  '', '', ( #5346 ) ) ;
#2556 = UNCERTAINTY_MEASURE_WITH_UNIT (LENGTH_MEASURE( 1.000000000000000082E-05 ), #5343, 'distance_accuracy_value', 'NONE');
#2557 = STYLED_ITEM ( 'NONE', ( #1295 ), #5589 ) ;
#2558 = AXIS2_PLACEMENT_3D ( 'NONE', #2400, #1791, #3896 ) ;
#2559 = VECTOR ( 'NONE', #3542, 1000.000000000000000 ) ;
#2560 = ORIENTED_EDGE ( 'NONE', *, *, #5686, .T. ) ;
#2561 = DIRECTION ( 'NONE',  ( 0.000000000000000000, -0.000000000000000000, -1.000000000000000000 ) ) ;
#2562 = DIRECTION ( 'NONE',  ( 0.000000000000000000, 0.000000000000000000, 1.000000000000000000 ) ) ;
#2563 = DIRECTION ( 'NONE',  ( 1.000000000000000000, 0.000000000000000000, 0.000000000000000000 ) ) ;
#2564 = VECTOR ( 'NONE', #5535, 999.9999999999998863 ) ;
#2565 = VERTEX_POINT ( 'NONE', #3888 ) ;
#2566 = COLOUR_RGB ( '',0.4745098039215686070, 0.4823529411764705954, 0.5019607843137254832 ) ;
#2567 = PRESENTATION_LAYER_ASSIGNMENT (  '', '', ( #3121 ) ) ;
#2568 = PLANE ( 'NONE',  #4151 ) ;
#2569 = VERTEX_POINT ( 'NONE', #759 ) ;
#2570 =( NAMED_UNIT ( * ) PLANE_ANGLE_UNIT ( ) SI_UNIT ( $, .RADIAN. ) );
#2571 =( NAMED_UNIT ( * ) SI_UNIT ( $, .STERADIAN. ) SOLID_ANGLE_UNIT ( ) );
#2572 = VERTEX_POINT ( 'NONE', #6533 ) ;
#2573 = DIRECTION ( 'NONE',  ( -0.5036625266281727908, -0.000000000000000000, 0.8639004915327489487 ) ) ;
#2574 = VECTOR ( 'NONE', #5930, 1000.000000000000000 ) ;
#2575 = VERTEX_POINT ( 'NONE', #1845 ) ;
#2576 = VECTOR ( 'NONE', #6899, 1000.000000000000000 ) ;
#2577 = CARTESIAN_POINT ( 'NONE',  ( 0.5288647974072393509, 0.000000000000000000, -0.05416084963150000903 ) ) ;
#2578 = CARTESIAN_POINT ( 'NONE',  ( 0.2988614020076892919, 0.000000000000000000, -0.1348280044436376557 ) ) ;
#2579 = FACE_OUTER_BOUND ( 'NONE', #1367, .T. ) ;
#2580 =( LENGTH_UNIT ( ) NAMED_UNIT ( * ) SI_UNIT ( .MILLI., .METRE. ) );
#2581 = ORIENTED_EDGE ( 'NONE', *, *, #2632, .F. ) ;
#2582 = SURFACE_SIDE_STYLE ('',( #1603 ) ) ;
#2583 = DIRECTION ( 'NONE',  ( 0.000000000000000000, 0.000000000000000000, 1.000000000000000000 ) ) ;
#2584 = DIRECTION ( 'NONE',  ( 0.000000000000000000, 0.000000000000000000, -1.000000000000000000 ) ) ;
#2585 =( LENGTH_UNIT ( ) NAMED_UNIT ( * ) SI_UNIT ( .MILLI., .METRE. ) );
#2586 =( LENGTH_UNIT ( ) NAMED_UNIT ( * ) SI_UNIT ( .MILLI., .METRE. ) );
#2587 = CARTESIAN_POINT ( 'NONE',  ( 0.3795462710254895455, 0.003000000000000000062, -0.02822637805886715756 ) ) ;
#2588 = FILL_AREA_STYLE ('',( #2515 ) ) ;
#2589 = PRESENTATION_STYLE_ASSIGNMENT (( #4781 ) ) ;
#2590 = CARTESIAN_POINT ( 'NONE',  ( 0.2307094166659325318, 0.003000000000000000062, -0.1345603585632335342 ) ) ;
#2591 = CARTESIAN_POINT ( 'NONE',  ( 0.3250174859200531396, 0.000000000000000000, -0.07252464859866522562 ) ) ;
#2592 = CARTESIAN_POINT ( 'NONE',  ( 0.5291540010148010342, 0.000000000000000000, -0.05105430400072100139 ) ) ;
#2593 = CARTESIAN_POINT ( 'NONE',  ( 0.5078988403312109101, 0.000000000000000000, -0.1070613408442326470 ) ) ;
#2594 = EDGE_LOOP ( 'NONE', ( #5530, #2976, #2791, #2877 ) ) ;
#2595 = VERTEX_POINT ( 'NONE', #2918 ) ;
#2596 = ORIENTED_EDGE ( 'NONE', *, *, #52, .F. ) ;
#2597 = CARTESIAN_POINT ( 'NONE',  ( 0.5078988403312109101, 0.003000000000000000062, -0.05416084963150000903 ) ) ;
#2598 =( NAMED_UNIT ( * ) PLANE_ANGLE_UNIT ( ) SI_UNIT ( $, .RADIAN. ) );
#2599 = EDGE_LOOP ( 'NONE', ( #4078, #5443, #4133, #725 ) ) ;
#2600 = LINE ( 'NONE', #6706, #5700 ) ;
#2601 = ORIENTED_EDGE ( 'NONE', *, *, #593, .T. ) ;
#2602 = EDGE_CURVE ( 'NONE', #2569, #6478, #5040, .T. ) ;
#2603 =( LENGTH_UNIT ( ) NAMED_UNIT ( * ) SI_UNIT ( .MILLI., .METRE. ) );
#2604 = CARTESIAN_POINT ( 'NONE',  ( 0.3744480512798593064, 0.000000000000000000, -0.09158047531953275588 ) ) ;
#2605 = EDGE_LOOP ( 'NONE', ( #2881, #4868, #5745, #4807 ) ) ;
#2607 = VERTEX_POINT ( 'NONE', #6637 ) ;
#2606 = DIRECTION ( 'NONE',  ( -0.000000000000000000, -0.000000000000000000, -1.000000000000000000 ) ) ;
#2608 = ORIENTED_EDGE ( 'NONE', *, *, #355, .F. ) ;
#2609 = UNCERTAINTY_MEASURE_WITH_UNIT (LENGTH_MEASURE( 1.000000000000000082E-05 ), #3585, 'distance_accuracy_value', 'NONE');
#2610 = DIRECTION ( 'NONE',  ( 1.000000000000000000, -0.000000000000000000, -0.000000000000000000 ) ) ;
#2611 = FILL_AREA_STYLE_COLOUR ( '', #4794 ) ;
#2612 =( NAMED_UNIT ( * ) PLANE_ANGLE_UNIT ( ) SI_UNIT ( $, .RADIAN. ) );
#2613 = DIRECTION ( 'NONE',  ( 1.000000000000000000, 0.000000000000000000, 0.000000000000000000 ) ) ;
#2614 = DIRECTION ( 'NONE',  ( -1.000000000000000000, -0.000000000000000000, -0.000000000000000000 ) ) ;
#2615 = DIRECTION ( 'NONE',  ( -0.01298744226639455580, -0.000000000000000000, 0.9999156596150382548 ) ) ;
#2616 = DIRECTION ( 'NONE',  ( -1.000000000000000000, 0.000000000000000000, 0.000000000000000000 ) ) ;
#2617 =( LENGTH_UNIT ( ) NAMED_UNIT ( * ) SI_UNIT ( .MILLI., .METRE. ) );
#2618 = UNCERTAINTY_MEASURE_WITH_UNIT (LENGTH_MEASURE( 1.000000000000000082E-05 ), #4603, 'distance_accuracy_value', 'NONE');
#2619 =( NAMED_UNIT ( * ) PLANE_ANGLE_UNIT ( ) SI_UNIT ( $, .RADIAN. ) );
#2620 =( NAMED_UNIT ( * ) SI_UNIT ( $, .STERADIAN. ) SOLID_ANGLE_UNIT ( ) );
#2621 = CARTESIAN_POINT ( 'NONE',  ( 0.5220709974093684647, 0.000000000000000000, -0.1198996506375018395 ) ) ;
#2622 = CARTESIAN_POINT ( 'NONE',  ( -0.4000000000000001332, 0.02000000000000007674, -0.3700000000000001066 ) ) ;
#2623 = B_SPLINE_CURVE_WITH_KNOTS ( 'NONE', 3,
 ( #762, #3891, #5944, #2889 ),
 .UNSPECIFIED., .F., .F.,
 ( 4, 4 ),
 ( 0.000000000000000000, 1.000000000000000000 ),
 .UNSPECIFIED. ) ;
#2624 = CARTESIAN_POINT ( 'NONE',  ( 0.4429153846565643260, 0.003000000000000000062, -0.02905569747645081469 ) ) ;
#2625 = ORIENTED_EDGE ( 'NONE', *, *, #6152, .F. ) ;
#2626 =( NAMED_UNIT ( * ) SI_UNIT ( $, .STERADIAN. ) SOLID_ANGLE_UNIT ( ) );
#2627 =( LENGTH_UNIT ( ) NAMED_UNIT ( * ) SI_UNIT ( .MILLI., .METRE. ) );
#2628 = ORIENTED_EDGE ( 'NONE', *, *, #6011, .F. ) ;
#2629 = EDGE_CURVE ( 'NONE', #780, #6908, #6443, .T. ) ;
#2630 = SHAPE_REPRESENTATION ( 'CC0603KRX7R7BB104', ( #4484 ), #555 ) ;
#2631 = B_SPLINE_SURFACE_WITH_KNOTS ( 'NONE', 3, 1, ( 
 ( #4735, #560 ),
 ( #2183, #1072 ),
 ( #3243, #3552 ),
 ( #6191, #246 ) ),
 .UNSPECIFIED., .F., .F., .F.,
 ( 4, 4 ),
 ( 2, 2 ),
 ( 0.000000000000000000, 1.000000000000000000 ),
 ( 0.000000000000000000, 1.000000000000000000 ),
 .UNSPECIFIED. ) ;
#2632 = EDGE_CURVE ( 'NONE', #426, #428, #1742, .T. ) ;
#2633 = CARTESIAN_POINT ( 'NONE',  ( 0.7700000000000001288, -0.009999999999999918676, -0.4000000000000000777 ) ) ;
#2634 = EDGE_CURVE ( 'NONE', #323, #6328, #3985, .T. ) ;
#2635 = ORIENTED_EDGE ( 'NONE', *, *, #4343, .T. ) ;
#2636 =( NAMED_UNIT ( * ) PLANE_ANGLE_UNIT ( ) SI_UNIT ( $, .RADIAN. ) );
#2637 = VERTEX_POINT ( 'NONE', #5503 ) ;
#2639 = VERTEX_POINT ( 'NONE', #2848 ) ;
#2638 = CARTESIAN_POINT ( 'NONE',  ( 0.5179688503939871014, 0.003000000000000000062, -0.1238094871698974531 ) ) ;
#2640 = ORIENTED_EDGE ( 'NONE', *, *, #5709, .F. ) ;
#2641 =( NAMED_UNIT ( * ) PLANE_ANGLE_UNIT ( ) SI_UNIT ( $, .RADIAN. ) );
#2642 = MECHANICAL_DESIGN_GEOMETRIC_PRESENTATION_REPRESENTATION (  '', ( #5641 ), #1948 ) ;
#2643 = CARTESIAN_POINT ( 'NONE',  ( 0.2803476042950979186, 0.003000000000000000062, -0.07995386187611175366 ) ) ;
#2644 = EDGE_CURVE ( 'NONE', #4756, #2255, #3471, .T. ) ;
#2645 = FILL_AREA_STYLE ('',( #489 ) ) ;
#2646 = COLOUR_RGB ( '',0.4745098039215686070, 0.4823529411764705954, 0.5019607843137254832 ) ;
#2647 = SURFACE_STYLE_USAGE ( .BOTH. , #6893 ) ;
#2648 = CARTESIAN_POINT ( 'NONE',  ( 0.08349208317513591437, 0.003000000000000000062, -0.02822637805886715756 ) ) ;
#2649 = PLANE ( 'NONE',  #3753 ) ;
#2650 = CARTESIAN_POINT ( 'NONE',  ( -0.7700000000000001288, 0.7600000000000001199, -0.3700000000000001066 ) ) ;
#2651 = ORIENTED_EDGE ( 'NONE', *, *, #2196, .F. ) ;
#2652 = VECTOR ( 'NONE', #500, 1000.000000000000000 ) ;
#2653 = PLANE ( 'NONE',  #2701 ) ;
#2654 = EDGE_CURVE ( 'NONE', #3545, #428, #33, .T. ) ;
#2655 = SURFACE_STYLE_FILL_AREA ( #2049 ) ;
#2656 =( GEOMETRIC_REPRESENTATION_CONTEXT ( 3 ) GLOBAL_UNCERTAINTY_ASSIGNED_CONTEXT ( ( #5684 ) ) GLOBAL_UNIT_ASSIGNED_CONTEXT ( ( #327, #5584, #5689 ) ) REPRESENTATION_CONTEXT ( 'NONE', 'WORKASPACE' ) );
#2657 = COLOUR_RGB ( '',0.4745098039215686070, 0.4823529411764705954, 0.5019607843137254832 ) ;
#2658 = STYLED_ITEM ( 'NONE', ( #4111 ), #4148 ) ;
#2659 = CARTESIAN_POINT ( 'NONE',  ( 0.5188791900677894864, 0.000000000000000000, -0.07069795219244838502 ) ) ;
#2660 = FACE_OUTER_BOUND ( 'NONE', #5109, .T. ) ;
#2661 = SURFACE_SIDE_STYLE ('',( #502 ) ) ;
#2662 = EDGE_CURVE ( 'NONE', #2377, #5962, #378, .T. ) ;
#2663 = AXIS2_PLACEMENT_3D ( 'NONE', #5864, #2469, #4053 ) ;
#2664 =( GEOMETRIC_REPRESENTATION_CONTEXT ( 3 ) GLOBAL_UNCERTAINTY_ASSIGNED_CONTEXT ( ( #6572 ) ) GLOBAL_UNIT_ASSIGNED_CONTEXT ( ( #3670, #1984, #5653 ) ) REPRESENTATION_CONTEXT ( 'NONE', 'WORKASPACE' ) );
#2665 = PLANE ( 'NONE',  #779 ) ;
#2666 = VECTOR ( 'NONE', #4824, 1000.000000000000000 ) ;
#2667 = LINE ( 'NONE', #1127, #3775 ) ;
#2668 = VERTEX_POINT ( 'NONE', #346 ) ;
#2669 = COLOUR_RGB ( '',0.4745098039215686070, 0.4823529411764705954, 0.5019607843137254832 ) ;
#2670 = FILL_AREA_STYLE ('',( #1954 ) ) ;
#2671 = SURFACE_SIDE_STYLE ('',( #477 ) ) ;
#2672 = MECHANICAL_DESIGN_GEOMETRIC_PRESENTATION_REPRESENTATION (  '', ( #4231 ), #1412 ) ;
#2673 = EDGE_LOOP ( 'NONE', ( #3973, #377, #4924, #5624 ) ) ;
#2674 = PRESENTATION_LAYER_ASSIGNMENT (  '', '', ( #4456 ) ) ;
#2675 = PRESENTATION_STYLE_ASSIGNMENT (( #4354 ) ) ;
#2676 = CIRCLE ( 'NONE', #2342, 0.003337256679768706418 ) ;
#2677 = MECHANICAL_DESIGN_GEOMETRIC_PRESENTATION_REPRESENTATION (  '', ( #1755 ), #2785 ) ;
#2678 = ORIENTED_EDGE ( 'NONE', *, *, #5384, .T. ) ;
#2679 =( NAMED_UNIT ( * ) PLANE_ANGLE_UNIT ( ) SI_UNIT ( $, .RADIAN. ) );
#2680 = COLOUR_RGB ( '',0.8941176470588234615, 0.4039215686274509887, 0.2431372549019607809 ) ;
#2681 = PRESENTATION_STYLE_ASSIGNMENT (( #5874 ) ) ;
#2682 = DIRECTION ( 'NONE',  ( 0.000000000000000000, 1.000000000000000000, 0.000000000000000000 ) ) ;
#2683 = EDGE_LOOP ( 'NONE', ( #5480, #5018, #3324, #1816 ) ) ;
#2684 = FILL_AREA_STYLE ('',( #4134 ) ) ;
#2685 = EDGE_CURVE ( 'NONE', #1182, #5293, #5154, .T. ) ;
#2686 = ORIENTED_EDGE ( 'NONE', *, *, #5291, .F. ) ;
#2687 = UNCERTAINTY_MEASURE_WITH_UNIT (LENGTH_MEASURE( 1.000000000000000082E-05 ), #4537, 'distance_accuracy_value', 'NONE');
#2688 = CARTESIAN_POINT ( 'NONE',  ( 0.5078988403312109101, 0.000000000000000000, -0.05002033037692237699 ) ) ;
#2689 = SURFACE_STYLE_USAGE ( .BOTH. , #534 ) ;
#2690 = SURFACE_SIDE_STYLE ('',( #6894 ) ) ;
#2691 = CARTESIAN_POINT ( 'NONE',  ( -0.8000000000000002665, 0.02000000000000010797, 0.3699999999999999400 ) ) ;
#2692 =( NAMED_UNIT ( * ) SI_UNIT ( $, .STERADIAN. ) SOLID_ANGLE_UNIT ( ) );
#2693 = EDGE_LOOP ( 'NONE', ( #356, #660 ) ) ;
#2694 = CARTESIAN_POINT ( 'NONE',  ( -0.4000000000000000222, 0.7600000000000001199, 0.3999999999999999667 ) ) ;
#2695 = DIRECTION ( 'NONE',  ( -0.000000000000000000, -0.000000000000000000, -1.000000000000000000 ) ) ;
#2696 = CARTESIAN_POINT ( 'NONE',  ( 0.5188791900677894864, 0.003000000000000000062, -0.09279341162517983077 ) ) ;
#2697 = CARTESIAN_POINT ( 'NONE',  ( 0.5142504056419795466, 0.000000000000000000, -0.03869015524353855429 ) ) ;
#2698 = SURFACE_SIDE_STYLE ('',( #6902 ) ) ;
#2699 = EDGE_CURVE ( 'NONE', #240, #5178, #3053, .T. ) ;
#2700 = VERTEX_POINT ( 'NONE', #2705 ) ;
#2701 = AXIS2_PLACEMENT_3D ( 'NONE', #4974, #3380, #175 ) ;
#2702 = DIRECTION ( 'NONE',  ( 0.000000000000000000, 0.000000000000000000, 1.000000000000000000 ) ) ;
#2703 = VECTOR ( 'NONE', #803, 1000.000000000000000 ) ;
#2704 = ORIENTED_EDGE ( 'NONE', *, *, #4486, .F. ) ;
#2705 = CARTESIAN_POINT ( 'NONE',  ( -0.7700000000000001288, 0.02000000000000005246, -0.4000000000000000777 ) ) ;
#2706 =( NAMED_UNIT ( * ) PLANE_ANGLE_UNIT ( ) SI_UNIT ( $, .RADIAN. ) );
#2707 = FILL_AREA_STYLE ('',( #3157 ) ) ;
#2708 = EDGE_LOOP ( 'NONE', ( #5892, #2066, #3605, #481 ) ) ;
#2709 = VECTOR ( 'NONE', #1877, 1000.000000000000000 ) ;
#2710 = FILL_AREA_STYLE_COLOUR ( '', #5625 ) ;
#2711 = ORIENTED_EDGE ( 'NONE', *, *, #3860, .F. ) ;
#2712 =( NAMED_UNIT ( * ) SI_UNIT ( $, .STERADIAN. ) SOLID_ANGLE_UNIT ( ) );
#2713 = EDGE_CURVE ( 'NONE', #819, #6027, #3579, .T. ) ;
#2714 = FACE_BOUND ( 'NONE', #6053, .T. ) ;
#2715 = ORIENTED_EDGE ( 'NONE', *, *, #2466, .T. ) ;
#2716 = VERTEX_POINT ( 'NONE', #5117 ) ;
#2717 = APPLICATION_PROTOCOL_DEFINITION ( 'draft international standard', 'automotive_design', 1998, #557 ) ;
#2718 = FACE_OUTER_BOUND ( 'NONE', #2107, .T. ) ;
#2719 = DIRECTION ( 'NONE',  ( 1.355252715606880789E-16, -1.000000000000000000, 0.000000000000000000 ) ) ;
#2720 = CARTESIAN_POINT ( 'NONE',  ( -0.7700000000000001288, 0.002426406871192895911, 0.4000000000000000222 ) ) ;
#2721 = CARTESIAN_POINT ( 'NONE',  ( 0.1469232180088918538, 0.000000000000000000, -0.06791197847948228505 ) ) ;
#2722 = EDGE_LOOP ( 'NONE', ( #1345, #2065, #6845, #5383 ) ) ;
#2723 =( LENGTH_UNIT ( ) NAMED_UNIT ( * ) SI_UNIT ( .MILLI., .METRE. ) );
#2724 = FILL_AREA_STYLE_COLOUR ( '', #3457 ) ;
#2725 = APPLICATION_CONTEXT ( 'automotive_design' ) ;
#2726 = FACE_OUTER_BOUND ( 'NONE', #5941, .T. ) ;
#2727 = DIRECTION ( 'NONE',  ( -0.000000000000000000, -1.000000000000000000, -0.000000000000000000 ) ) ;
#2728 = LINE ( 'NONE', #1713, #1161 ) ;
#2729 = LINE ( 'NONE', #1658, #1744 ) ;
#2730 = PLANE ( 'NONE',  #1046 ) ;
#2731 = DIRECTION ( 'NONE',  ( -1.000000000000000000, 0.000000000000000000, 0.000000000000000000 ) ) ;
#2732 = CARTESIAN_POINT ( 'NONE',  ( 0.5288647974072393509, 0.003000000000000000062, -0.1149805027458715295 ) ) ;
#2733 = EDGE_CURVE ( 'NONE', #1375, #3777, #1109, .T. ) ;
#2734 = PLANE ( 'NONE',  #1515 ) ;
#2735 = ORIENTED_EDGE ( 'NONE', *, *, #1588, .T. ) ;
#2736 = PLANE ( 'NONE',  #3103 ) ;
#2737 = LINE ( 'NONE', #1160, #1761 ) ;
#2738 = EDGE_LOOP ( 'NONE', ( #4061, #4962, #5212, #849, #2059, #5830, #2782, #3839, #5597, #6312 ) ) ;
#2739 = DIRECTION ( 'NONE',  ( -0.000000000000000000, -0.000000000000000000, -1.000000000000000000 ) ) ;
#2740 = ORIENTED_EDGE ( 'NONE', *, *, #2644, .F. ) ;
#2741 = STYLED_ITEM ( 'NONE', ( #2074 ), #1268 ) ;
#2742 = LINE ( 'NONE', #1601, #421 ) ;
#2743 = CARTESIAN_POINT ( 'NONE',  ( 0.2803476042950979186, 0.003000000000000000062, -0.02822637805886715756 ) ) ;
#2744 = VERTEX_POINT ( 'NONE', #1925 ) ;
#2745 = DIRECTION ( 'NONE',  ( 0.000000000000000000, 0.000000000000000000, 1.000000000000000000 ) ) ;
#2746 = EDGE_CURVE ( 'NONE', #3459, #786, #6742, .T. ) ;
#2747 =( NAMED_UNIT ( * ) SI_UNIT ( $, .STERADIAN. ) SOLID_ANGLE_UNIT ( ) );
#2748 = FACE_OUTER_BOUND ( 'NONE', #1809, .T. ) ;
#2749 = DIRECTION ( 'NONE',  ( 0.000000000000000000, 0.000000000000000000, 1.000000000000000000 ) ) ;
#2750 = ORIENTED_EDGE ( 'NONE', *, *, #6866, .T. ) ;
#2751 = LINE ( 'NONE', #1006, #979 ) ;
#2752 = LINE ( 'NONE', #120, #6242 ) ;
#2753 =( GEOMETRIC_REPRESENTATION_CONTEXT ( 3 ) GLOBAL_UNCERTAINTY_ASSIGNED_CONTEXT ( ( #5746 ) ) GLOBAL_UNIT_ASSIGNED_CONTEXT ( ( #4574, #2999, #2552 ) ) REPRESENTATION_CONTEXT ( 'NONE', 'WORKASPACE' ) );
#2754 = EDGE_CURVE ( 'NONE', #6258, #8, #4672, .T. ) ;
#2755 = CARTESIAN_POINT ( 'NONE',  ( -0.7875735931288072589, 0.7775735931288072500, -0.4000000000000000777 ) ) ;
#2756 = DIRECTION ( 'NONE',  ( -0.000000000000000000, -1.000000000000000000, -0.000000000000000000 ) ) ;
#2757 = SURFACE_STYLE_USAGE ( .BOTH. , #3899 ) ;
#2758 =( GEOMETRIC_REPRESENTATION_CONTEXT ( 3 ) GLOBAL_UNCERTAINTY_ASSIGNED_CONTEXT ( ( #2609 ) ) GLOBAL_UNIT_ASSIGNED_CONTEXT ( ( #3585, #5681, #1429 ) ) REPRESENTATION_CONTEXT ( 'NONE', 'WORKASPACE' ) );
#2759 = STYLED_ITEM ( 'NONE', ( #24 ), #3171 ) ;
#2760 = PRESENTATION_STYLE_ASSIGNMENT (( #2274 ) ) ;
#2761 = CIRCLE ( 'NONE', #57, 0.02999999999999997113 ) ;
#2762 = SURFACE_STYLE_USAGE ( .BOTH. , #2804 ) ;
#2763 = ORIENTED_EDGE ( 'NONE', *, *, #1197, .T. ) ;
#2764 = DIRECTION ( 'NONE',  ( -0.3403531492772792211, 0.000000000000000000, 0.9402976835965501934 ) ) ;
#2765 = DIRECTION ( 'NONE',  ( 1.000000000000000000, -0.000000000000000000, -0.000000000000000000 ) ) ;
#2766 = VECTOR ( 'NONE', #2719, 1000.000000000000000 ) ;
#2767 = VECTOR ( 'NONE', #1550, 1000.000000000000000 ) ;
#2768 = FILL_AREA_STYLE_COLOUR ( '', #4244 ) ;
#2769 = STYLED_ITEM ( 'NONE', ( #6169 ), #4928 ) ;
#2770 = SURFACE_SIDE_STYLE ('',( #5959 ) ) ;
#2771 =( GEOMETRIC_REPRESENTATION_CONTEXT ( 3 ) GLOBAL_UNCERTAINTY_ASSIGNED_CONTEXT ( ( #4228 ) ) GLOBAL_UNIT_ASSIGNED_CONTEXT ( ( #5414, #6407, #6567 ) ) REPRESENTATION_CONTEXT ( 'NONE', 'WORKASPACE' ) );
#2772 = VECTOR ( 'NONE', #4799, 1000.000000000000000 ) ;
#2773 = SURFACE_STYLE_FILL_AREA ( #2109 ) ;
#2774 = EDGE_CURVE ( 'NONE', #29, #406, #2168, .T. ) ;
#2775 = STYLED_ITEM ( 'NONE', ( #4399 ), #5587 ) ;
#2776 = AXIS2_PLACEMENT_3D ( 'NONE', #4943, #1291, #212 ) ;
#2777 = ORIENTED_EDGE ( 'NONE', *, *, #1512, .F. ) ;
#2778 =( GEOMETRIC_REPRESENTATION_CONTEXT ( 3 ) GLOBAL_UNCERTAINTY_ASSIGNED_CONTEXT ( ( #3789 ) ) GLOBAL_UNIT_ASSIGNED_CONTEXT ( ( #1745, #5415, #6535 ) ) REPRESENTATION_CONTEXT ( 'NONE', 'WORKASPACE' ) );
#2779 = SURFACE_SIDE_STYLE ('',( #5431 ) ) ;
#2780 = DIRECTION ( 'NONE',  ( 1.000000000000000000, 0.000000000000000000, -0.000000000000000000 ) ) ;
#2781 = FACE_OUTER_BOUND ( 'NONE', #1579, .T. ) ;
#2782 = ORIENTED_EDGE ( 'NONE', *, *, #499, .F. ) ;
#2783 = SHAPE_DEFINITION_REPRESENTATION ( #5261, #2630 ) ;
#2784 = PRESENTATION_LAYER_ASSIGNMENT (  '', '', ( #301 ) ) ;
#2785 =( GEOMETRIC_REPRESENTATION_CONTEXT ( 3 ) GLOBAL_UNCERTAINTY_ASSIGNED_CONTEXT ( ( #1327 ) ) GLOBAL_UNIT_ASSIGNED_CONTEXT ( ( #5815, #3655, #5277 ) ) REPRESENTATION_CONTEXT ( 'NONE', 'WORKASPACE' ) );
#2786 = DIRECTION ( 'NONE',  ( -1.000000000000000000, 0.000000000000000000, -0.000000000000000000 ) ) ;
#2787 = PRESENTATION_STYLE_ASSIGNMENT (( #82 ) ) ;
#2788 = CARTESIAN_POINT ( 'NONE',  ( 0.3795462710254895455, 0.003000000000000000062, -0.1348280044436376557 ) ) ;
#2789 = DIRECTION ( 'NONE',  ( -1.000000000000000000, 0.000000000000000000, 0.000000000000000000 ) ) ;
#2790 = CARTESIAN_POINT ( 'NONE',  ( -0.4000000000000000222, 0.7900000000000001465, -0.3900000000000001243 ) ) ;
#2791 = ORIENTED_EDGE ( 'NONE', *, *, #2522, .F. ) ;
#2792 = SURFACE_SIDE_STYLE ('',( #598 ) ) ;
#2793 = VERTEX_POINT ( 'NONE', #1052 ) ;
#2794 = CARTESIAN_POINT ( 'NONE',  ( 0.5120076289780736145, 0.003000000000000000062, -0.05803963744639718814 ) ) ;
#2795 =( GEOMETRIC_REPRESENTATION_CONTEXT ( 3 ) GLOBAL_UNCERTAINTY_ASSIGNED_CONTEXT ( ( #3498 ) ) GLOBAL_UNIT_ASSIGNED_CONTEXT ( ( #6489, #5522, #2280 ) ) REPRESENTATION_CONTEXT ( 'NONE', 'WORKASPACE' ) );
#2796 = CARTESIAN_POINT ( 'NONE',  ( 0.5078988403312109101, 0.003000000000000000062, -0.06475161236307666601 ) ) ;
#2797 = CARTESIAN_POINT ( 'NONE',  ( 0.5127611694927183272, 0.000000000000000000, -0.04849964280878794887 ) ) ;
#2798 = MECHANICAL_DESIGN_GEOMETRIC_PRESENTATION_REPRESENTATION (  '', ( #4361 ), #6475 ) ;
#2799 = DIRECTION ( 'NONE',  ( -1.000000000000000000, -0.000000000000000000, -0.000000000000000000 ) ) ;
#2800 = SURFACE_STYLE_USAGE ( .BOTH. , #4338 ) ;
#2801 =( NAMED_UNIT ( * ) SI_UNIT ( $, .STERADIAN. ) SOLID_ANGLE_UNIT ( ) );
#2802 = ADVANCED_FACE ( 'NONE', ( #4832 ), #6853, .T. ) ;
#2803 = DIRECTION ( 'NONE',  ( 1.000000000000000000, 0.000000000000000000, 0.000000000000000000 ) ) ;
#2804 = SURFACE_SIDE_STYLE ('',( #4344 ) ) ;
#2805 = EDGE_LOOP ( 'NONE', ( #3804, #4498, #2509, #40, #617, #241, #1073, #6377, #2214, #4671, #6578 ) ) ;
#2806 = PRESENTATION_STYLE_ASSIGNMENT (( #4860 ) ) ;
#2807 = PRESENTATION_STYLE_ASSIGNMENT (( #650 ) ) ;
#2808 =( NAMED_UNIT ( * ) SI_UNIT ( $, .STERADIAN. ) SOLID_ANGLE_UNIT ( ) );
#2809 = FACE_BOUND ( 'NONE', #5491, .T. ) ;
#2810 = VECTOR ( 'NONE', #1431, 1000.000000000000000 ) ;
#2811 = LINE ( 'NONE', #2643, #2023 ) ;
#2812 = ORIENTED_EDGE ( 'NONE', *, *, #4141, .T. ) ;
#2813 = LINE ( 'NONE', #3194, #3319 ) ;
#2814 =( NAMED_UNIT ( * ) PLANE_ANGLE_UNIT ( ) SI_UNIT ( $, .RADIAN. ) );
#2815 = VERTEX_POINT ( 'NONE', #3736 ) ;
#2816 = ADVANCED_FACE ( 'NONE', ( #6357 ), #4592, .F. ) ;
#2817 = MECHANICAL_DESIGN_GEOMETRIC_PRESENTATION_REPRESENTATION (  '', ( #3702 ), #6025 ) ;
#2818 = UNCERTAINTY_MEASURE_WITH_UNIT (LENGTH_MEASURE( 1.000000000000000082E-05 ), #5284, 'distance_accuracy_value', 'NONE');
#2819 = EDGE_CURVE ( 'NONE', #4395, #6699, #3388, .T. ) ;
#2820 = EDGE_CURVE ( 'NONE', #2255, #5621, #933, .T. ) ;
#2821 = CARTESIAN_POINT ( 'NONE',  ( 0.1101808012522048213, 0.003000000000000000062, -0.02822637805886715756 ) ) ;
#2822 = CARTESIAN_POINT ( 'NONE',  ( 0.7700000000000001288, -0.009999999999999948166, -0.3700000000000001621 ) ) ;
#2823 = CARTESIAN_POINT ( 'NONE',  ( 0.2307094166659325318, 0.000000000000000000, -0.1345603585632335342 ) ) ;
#2824 = CARTESIAN_POINT ( 'NONE',  ( 0.5188791900677894864, 0.003000000000000000062, -0.07558766372988645621 ) ) ;
#2825 = ORIENTED_EDGE ( 'NONE', *, *, #6152, .T. ) ;
#2826 = ORIENTED_EDGE ( 'NONE', *, *, #2166, .T. ) ;
#2827 = DIRECTION ( 'NONE',  ( -0.3403531492772792211, 0.000000000000000000, 0.9402976835965501934 ) ) ;
#2828 = ORIENTED_EDGE ( 'NONE', *, *, #264, .T. ) ;
#2829 = PRESENTATION_STYLE_ASSIGNMENT (( #671 ) ) ;
#2830 = DIRECTION ( 'NONE',  ( -0.000000000000000000, -1.000000000000000000, -0.000000000000000000 ) ) ;
#2831 = LINE ( 'NONE', #4944, #2311 ) ;
#2832 =( NAMED_UNIT ( * ) SI_UNIT ( $, .STERADIAN. ) SOLID_ANGLE_UNIT ( ) );
#2833 =( LENGTH_UNIT ( ) NAMED_UNIT ( * ) SI_UNIT ( .MILLI., .METRE. ) );
#2834 = EDGE_CURVE ( 'NONE', #3046, #1118, #3805, .T. ) ;
#2835 = SURFACE_STYLE_USAGE ( .BOTH. , #4988 ) ;
#2836 = ORIENTED_EDGE ( 'NONE', *, *, #1727, .T. ) ;
#2837 = CARTESIAN_POINT ( 'NONE',  ( 0.5116072995723832673, 0.003000000000000000062, -0.04517935258088132122 ) ) ;
#2838 =( LENGTH_UNIT ( ) NAMED_UNIT ( * ) SI_UNIT ( .MILLI., .METRE. ) );
#2839 = SURFACE_STYLE_FILL_AREA ( #4445 ) ;
#2840 = EDGE_LOOP ( 'NONE', ( #2232, #5742, #3043, #4160 ) ) ;
#2841 = EDGE_CURVE ( 'NONE', #2575, #5148, #3947, .T. ) ;
#2842 = DIRECTION ( 'NONE',  ( 0.000000000000000000, 0.000000000000000000, 1.000000000000000000 ) ) ;
#2843 = PLANE ( 'NONE',  #6677 ) ;
#2844 = ORIENTED_EDGE ( 'NONE', *, *, #6517, .T. ) ;
#2845 = EDGE_CURVE ( 'NONE', #1186, #3476, #3325, .T. ) ;
#2846 = CYLINDRICAL_SURFACE ( 'NONE', #1545, 0.006158018178927646483 ) ;
#2847 = COLOUR_RGB ( '',0.8941176470588234615, 0.4039215686274509887, 0.2431372549019607809 ) ;
#2848 = CARTESIAN_POINT ( 'NONE',  ( 0.5120076289780736145, 0.000000000000000000, -0.1241701196862797923 ) ) ;
#2849 = CARTESIAN_POINT ( 'NONE',  ( 0.7875735931288073699, -0.009999999999999948166, -0.3700000000000001621 ) ) ;
#2850 = DIRECTION ( 'NONE',  ( -1.000000000000000000, 0.000000000000000000, 0.000000000000000000 ) ) ;
#2851 = VERTEX_POINT ( 'NONE', #708 ) ;
#2852 = FILL_AREA_STYLE_COLOUR ( '', #2646 ) ;
#2853 = DIRECTION ( 'NONE',  ( -1.000000000000000000, -0.000000000000000000, -0.000000000000000000 ) ) ;
#2854 = ORIENTED_EDGE ( 'NONE', *, *, #5369, .T. ) ;
#2855 = LINE ( 'NONE', #4529, #5891 ) ;
#2856 = CARTESIAN_POINT ( 'NONE',  ( 0.5085210281320399206, 0.003000000000000000062, -0.06605078106590553388 ) ) ;
#2857 = CARTESIAN_POINT ( 'NONE',  ( 0.4429153846565643260, 0.003000000000000000062, -0.08182039739377539034 ) ) ;
#2858 = FILL_AREA_STYLE_COLOUR ( '', #5210 ) ;
#2859 = SURFACE_STYLE_FILL_AREA ( #1228 ) ;
#2860 = CARTESIAN_POINT ( 'NONE',  ( -0.7700000000000001288, 0.02000000000000007674, 0.3699999999999999956 ) ) ;
#2861 = ORIENTED_EDGE ( 'NONE', *, *, #5696, .F. ) ;
#2862 = VECTOR ( 'NONE', #5014, 1000.000000000000000 ) ;
#2863 = EDGE_CURVE ( 'NONE', #2098, #1081, #99, .T. ) ;
#2864 = DIRECTION ( 'NONE',  ( -0.000000000000000000, -0.000000000000000000, 1.000000000000000000 ) ) ;
#2865 = DIRECTION ( 'NONE',  ( 0.000000000000000000, -0.000000000000000000, -1.000000000000000000 ) ) ;
#2866 = PRESENTATION_STYLE_ASSIGNMENT (( #1829 ) ) ;
#2867 = AXIS2_PLACEMENT_3D ( 'NONE', #5573, #2536, #5632 ) ;
#2868 = FILL_AREA_STYLE_COLOUR ( '', #1107 ) ;
#2869 = MECHANICAL_DESIGN_GEOMETRIC_PRESENTATION_REPRESENTATION (  '', ( #6634 ), #3756 ) ;
#2870 = STYLED_ITEM ( 'NONE', ( #5544 ), #2386 ) ;
#2871 = ORIENTED_EDGE ( 'NONE', *, *, #6885, .F. ) ;
#2872 = AXIS2_PLACEMENT_3D ( 'NONE', #5174, #839, #5725 ) ;
#2873 = FILL_AREA_STYLE ('',( #2317 ) ) ;
#2874 =( NAMED_UNIT ( * ) PLANE_ANGLE_UNIT ( ) SI_UNIT ( $, .RADIAN. ) );
#2875 = COLOUR_RGB ( '',0.4745098039215686070, 0.4823529411764705954, 0.5019607843137254832 ) ;
#2876 = VECTOR ( 'NONE', #3372, 1000.000000000000000 ) ;
#2877 = ORIENTED_EDGE ( 'NONE', *, *, #1656, .T. ) ;
#2878 = COLOUR_RGB ( '',0.8941176470588234615, 0.4039215686274509887, 0.2431372549019607809 ) ;
#2879 = UNCERTAINTY_MEASURE_WITH_UNIT (LENGTH_MEASURE( 1.000000000000000082E-05 ), #2603, 'distance_accuracy_value', 'NONE');
#2880 = CIRCLE ( 'NONE', #2103, 0.02999999999999997113 ) ;
#2881 = ORIENTED_EDGE ( 'NONE', *, *, #1934, .T. ) ;
#2882 = STYLED_ITEM ( 'NONE', ( #5825 ), #4196 ) ;
#2883 = VECTOR ( 'NONE', #3401, 1000.000000000000000 ) ;
#2884 = CARTESIAN_POINT ( 'NONE',  ( 0.7700000000000001288, 0.7900000000000000355, 0.3699999999999999400 ) ) ;
#2885 = EDGE_CURVE ( 'NONE', #5183, #5079, #4990, .T. ) ;
#2886 = SURFACE_STYLE_USAGE ( .BOTH. , #722 ) ;
#2887 = VECTOR ( 'NONE', #6257, 1000.000000000000000 ) ;
#2888 = CARTESIAN_POINT ( 'NONE',  ( 0.2335541953048984043, 0.000000000000000000, -0.02864554858859405528 ) ) ;
#2889 = CARTESIAN_POINT ( 'NONE',  ( 0.5120076289780736145, 0.000000000000000000, -0.06259880273125538463 ) ) ;
#2890 = ORIENTED_EDGE ( 'NONE', *, *, #4654, .F. ) ;
#2891 = DIRECTION ( 'NONE',  ( 1.000000000000000000, 0.000000000000000000, 0.000000000000000000 ) ) ;
#2892 =( GEOMETRIC_REPRESENTATION_CONTEXT ( 3 ) GLOBAL_UNCERTAINTY_ASSIGNED_CONTEXT ( ( #5193 ) ) GLOBAL_UNIT_ASSIGNED_CONTEXT ( ( #4875, #2612, #3750 ) ) REPRESENTATION_CONTEXT ( 'NONE', 'WORKASPACE' ) );
#2893 = ORIENTED_EDGE ( 'NONE', *, *, #2819, .F. ) ;
#2894 = PLANE ( 'NONE',  #4213 ) ;
#2895 = MECHANICAL_DESIGN_GEOMETRIC_PRESENTATION_REPRESENTATION (  '', ( #3781 ), #4110 ) ;
#2896 = DIRECTION ( 'NONE',  ( 0.000000000000000000, 0.000000000000000000, 1.000000000000000000 ) ) ;
#2897 = FACE_OUTER_BOUND ( 'NONE', #597, .T. ) ;
#2898 = SURFACE_SIDE_STYLE ('',( #739 ) ) ;
#2899 = FILL_AREA_STYLE ('',( #4401 ) ) ;
#2900 = AXIS2_PLACEMENT_3D ( 'NONE', #4516, #852, #2942 ) ;
#2901 = EDGE_CURVE ( 'NONE', #2668, #5833, #1664, .T. ) ;
#2902 = AXIS2_PLACEMENT_3D ( 'NONE', #1152, #4435, #2244 ) ;
#2903 = EDGE_CURVE ( 'NONE', #449, #6839, #6593, .T. ) ;
#2904 = DIRECTION ( 'NONE',  ( 0.000000000000000000, 0.000000000000000000, 1.000000000000000000 ) ) ;
#2905 = EDGE_LOOP ( 'NONE', ( #253, #1516, #5766, #1487 ) ) ;
#2906 = CARTESIAN_POINT ( 'NONE',  ( 0.2241924239596195523, 0.003000000000000000062, -0.05970269945031925207 ) ) ;
#2907 = DIRECTION ( 'NONE',  ( -0.000000000000000000, -1.000000000000000000, -0.000000000000000000 ) ) ;
#2908 = DIRECTION ( 'NONE',  ( 0.000000000000000000, 0.000000000000000000, 1.000000000000000000 ) ) ;
#2909 =( LENGTH_UNIT ( ) NAMED_UNIT ( * ) SI_UNIT ( .MILLI., .METRE. ) );
#2910 = ORIENTED_EDGE ( 'NONE', *, *, #845, .T. ) ;
#2911 = STYLED_ITEM ( 'NONE', ( #3731 ), #369 ) ;
#2912 = DIRECTION ( 'NONE',  ( -0.000000000000000000, -0.000000000000000000, -1.000000000000000000 ) ) ;
#2913 = DIRECTION ( 'NONE',  ( -0.000000000000000000, -1.000000000000000000, -0.000000000000000000 ) ) ;
#2914 = PLANE ( 'NONE',  #2236 ) ;
#2915 = ORIENTED_EDGE ( 'NONE', *, *, #4037, .T. ) ;
#2916 =( NAMED_UNIT ( * ) SI_UNIT ( $, .STERADIAN. ) SOLID_ANGLE_UNIT ( ) );
#2917 = ADVANCED_FACE ( 'NONE', ( #3772 ), #1156, .T. ) ;
#2918 = CARTESIAN_POINT ( 'NONE',  ( 0.5078988403312109101, 0.003000000000000000062, -0.1149805027458715295 ) ) ;
#2919 = CARTESIAN_POINT ( 'NONE',  ( 0.4429153846565643260, 0.003000000000000000062, -0.1345850973110999937 ) ) ;
#2920 = CLOSED_SHELL ( 'NONE', ( #4273, #5902, #4947, #409, #6543, #6153, #4984, #109, #1032, #2123, #6087, #314, #1689, #1421, #3269, #3211, #6858, #3850, #4785, #3335, #1763, #3184, #1444, #6360, #1716, #656, #6344, #3227, #4300, #6604, #5650, #1644, #5150, #6816, #6598, #3101, #2174, #5254, #3424, #5177, #2501, #5994, #4534, #113 ) ) ;
#2921 = CARTESIAN_POINT ( 'NONE',  ( 0.2558222386253550251, 0.000000000000000000, -0.07995386187611175366 ) ) ;
#2922 = DIRECTION ( 'NONE',  ( 0.000000000000000000, 0.000000000000000000, 1.000000000000000000 ) ) ;
#2923 = ORIENTED_EDGE ( 'NONE', *, *, #6282, .T. ) ;
#2924 = LINE ( 'NONE', #5045, #2862 ) ;
#2925 = VERTEX_POINT ( 'NONE', #254 ) ;
#2926 = ORIENTED_EDGE ( 'NONE', *, *, #2517, .F. ) ;
#2927 =( NAMED_UNIT ( * ) PLANE_ANGLE_UNIT ( ) SI_UNIT ( $, .RADIAN. ) );
#2928 = CARTESIAN_POINT ( 'NONE',  ( 0.5149849188702897429, 0.003000000000000000062, -0.1311974814857794769 ) ) ;
#2929 = LINE ( 'NONE', #6120, #2210 ) ;
#2930 = CARTESIAN_POINT ( 'NONE',  ( 0.2400543990747724954, -4.235164736271501695E-19, -0.05107781836179189211 ) ) ;
#2931 = CYLINDRICAL_SURFACE ( 'NONE', #6216, 0.003337256679768706418 ) ;
#2932 =( NAMED_UNIT ( * ) PLANE_ANGLE_UNIT ( ) SI_UNIT ( $, .RADIAN. ) );
#2933 = LINE ( 'NONE', #1718, #4223 ) ;
#2934 = ORIENTED_EDGE ( 'NONE', *, *, #3958, .F. ) ;
#2935 = DIRECTION ( 'NONE',  ( -1.000000000000000000, 0.000000000000000000, 0.000000000000000000 ) ) ;
#2936 = DIRECTION ( 'NONE',  ( 1.000000000000000000, 0.000000000000000000, 0.000000000000000000 ) ) ;
#2937 = CARTESIAN_POINT ( 'NONE',  ( 0.1373980087961464147, 0.000000000000000000, -0.1006350299428620948 ) ) ;
#2938 = LINE ( 'NONE', #6131, #2709 ) ;
#2939 = EDGE_LOOP ( 'NONE', ( #4005, #4809, #2181, #6599 ) ) ;
#2940 = PRESENTATION_STYLE_ASSIGNMENT (( #3395 ) ) ;
#2941 = DIRECTION ( 'NONE',  ( -0.000000000000000000, -1.000000000000000000, -0.000000000000000000 ) ) ;
#2942 = DIRECTION ( 'NONE',  ( 0.000000000000000000, 0.000000000000000000, -1.000000000000000000 ) ) ;
#2943 = ORIENTED_EDGE ( 'NONE', *, *, #543, .F. ) ;
#2944 = CARTESIAN_POINT ( 'NONE',  ( 0.7700000000000001288, 0.02000000000000005246, 0.3999999999999999667 ) ) ;
#2945 = CARTESIAN_POINT ( 'NONE',  ( 0.2803476042950979186, 0.003000000000000000062, -0.1135792546526552677 ) ) ;
#2946 =( LENGTH_UNIT ( ) NAMED_UNIT ( * ) SI_UNIT ( .MILLI., .METRE. ) );
#2947 = CARTESIAN_POINT ( 'NONE',  ( 0.5149849188702897429, 0.003000000000000000062, -0.1238094871698974531 ) ) ;
#2948 = ADVANCED_FACE ( 'NONE', ( #838 ), #4648, .F. ) ;
#2949 = SURFACE_STYLE_FILL_AREA ( #2426 ) ;
#2950 = ORIENTED_EDGE ( 'NONE', *, *, #1934, .F. ) ;
#2952 = ORIENTED_EDGE ( 'NONE', *, *, #3801, .T. ) ;
#2951 = LINE ( 'NONE', #5077, #3748 ) ;
#2953 = ORIENTED_EDGE ( 'NONE', *, *, #1996, .T. ) ;
#2954 = DIRECTION ( 'NONE',  ( 0.000000000000000000, 0.000000000000000000, 1.000000000000000000 ) ) ;
#2955 = ORIENTED_EDGE ( 'NONE', *, *, #3358, .T. ) ;
#2956 = UNCERTAINTY_MEASURE_WITH_UNIT (LENGTH_MEASURE( 1.000000000000000082E-05 ), #4301, 'distance_accuracy_value', 'NONE');
#2957 = CARTESIAN_POINT ( 'NONE',  ( -0.7700000000000001288, 0.02000000000000005246, -0.4000000000000000777 ) ) ;
#2958 = DIRECTION ( 'NONE',  ( -1.000000000000000000, -0.000000000000000000, -0.000000000000000000 ) ) ;
#2959 = CARTESIAN_POINT ( 'NONE',  ( 0.2168055513914279031, -4.235164736271501695E-19, -0.07336348460537456262 ) ) ;
#2960 = CARTESIAN_POINT ( 'NONE',  ( 0.1101808012522048213, 0.003000000000000000062, -0.02822637805886715756 ) ) ;
#2961 = CARTESIAN_POINT ( 'NONE',  ( 0.02512776830933449029, 0.003000000000000000062, -0.1348280044436376557 ) ) ;
#2962 = DIRECTION ( 'NONE',  ( 0.000000000000000000, 0.000000000000000000, -1.000000000000000000 ) ) ;
#2963 = FACE_OUTER_BOUND ( 'NONE', #2520, .T. ) ;
#2964 = DIRECTION ( 'NONE',  ( -0.000000000000000000, -1.000000000000000000, -0.000000000000000000 ) ) ;
#2965 = EDGE_CURVE ( 'NONE', #1636, #2565, #4958, .T. ) ;
#2966 = VERTEX_POINT ( 'NONE', #3488 ) ;
#2967 = SURFACE_SIDE_STYLE ('',( #6729 ) ) ;
#2968 = DIRECTION ( 'NONE',  ( 0.000000000000000000, 1.000000000000000000, 0.000000000000000000 ) ) ;
#2969 = ADVANCED_FACE ( 'NONE', ( #5592 ), #2491, .F. ) ;
#2970 = PRESENTATION_LAYER_ASSIGNMENT (  '', '', ( #1151 ) ) ;
#2971 = DIRECTION ( 'NONE',  ( 0.000000000000000000, 0.000000000000000000, 1.000000000000000000 ) ) ;
#2972 = VECTOR ( 'NONE', #1338, 1000.000000000000000 ) ;
#2973 = EDGE_LOOP ( 'NONE', ( #4171, #239, #1827, #4287 ) ) ;
#2974 = STYLED_ITEM ( 'NONE', ( #2019 ), #3021 ) ;
#2975 = DIRECTION ( 'NONE',  ( 0.000000000000000000, -0.000000000000000000, -1.000000000000000000 ) ) ;
#2976 = ORIENTED_EDGE ( 'NONE', *, *, #3278, .F. ) ;
#2977 = VECTOR ( 'NONE', #2606, 1000.000000000000000 ) ;
#2978 = COLOUR_RGB ( '',0.4745098039215686070, 0.4823529411764705954, 0.5019607843137254832 ) ;
#2979 = STYLED_ITEM ( 'NONE', ( #2940 ), #1315 ) ;
#2980 = PRESENTATION_LAYER_ASSIGNMENT (  '', '', ( #2658 ) ) ;
#2981 = CARTESIAN_POINT ( 'NONE',  ( 0.5291540010148010342, 0.003000000000000000062, -0.05105430400072100139 ) ) ;
#2982 = CARTESIAN_POINT ( 'NONE',  ( -0.7900000000000000355, 0.7500000000000001110, 0.3900000000000000133 ) ) ;
#2983 = DIRECTION ( 'NONE',  ( 0.000000000000000000, 0.000000000000000000, 1.000000000000000000 ) ) ;
#2984 = DIRECTION ( 'NONE',  ( -0.000000000000000000, 1.000000000000000000, 0.000000000000000000 ) ) ;
#2985 = VERTEX_POINT ( 'NONE', #6349 ) ;
#2986 = MECHANICAL_DESIGN_GEOMETRIC_PRESENTATION_REPRESENTATION (  '', ( #298 ), #4552 ) ;
#2987 = ADVANCED_FACE ( 'NONE', ( #909 ), #5724, .T. ) ;
#2988 = CARTESIAN_POINT ( 'NONE',  ( 0.5157387991927190329, 0.003000000000000000062, -0.06373683837152893661 ) ) ;
#2989 = CIRCLE ( 'NONE', #834, 0.03031200129420755576 ) ;
#2990 = PRESENTATION_LAYER_ASSIGNMENT (  '', '', ( #5108 ) ) ;
#2991 = FILL_AREA_STYLE_COLOUR ( '', #2545 ) ;
#2992 = AXIS2_PLACEMENT_3D ( 'NONE', #1690, #1201, #1231 ) ;
#2993 = DIRECTION ( 'NONE',  ( 0.000000000000000000, 1.000000000000000000, 0.000000000000000000 ) ) ;
#2994 = SURFACE_SIDE_STYLE ('',( #6080 ) ) ;
#2995 = AXIS2_PLACEMENT_3D ( 'NONE', #15, #2154, #5786 ) ;
#2996 = CARTESIAN_POINT ( 'NONE',  ( 0.2161283748927877724, 0.003000000000000000062, -0.08775334256599336136 ) ) ;
#2997 = SURFACE_STYLE_FILL_AREA ( #2588 ) ;
#2998 = FILL_AREA_STYLE ('',( #1907 ) ) ;
#2999 =( NAMED_UNIT ( * ) PLANE_ANGLE_UNIT ( ) SI_UNIT ( $, .RADIAN. ) );
#3000 = VECTOR ( 'NONE', #2984, 1000.000000000000000 ) ;
#3001 = PRESENTATION_STYLE_ASSIGNMENT (( #1909 ) ) ;
#3002 = MECHANICAL_DESIGN_GEOMETRIC_PRESENTATION_REPRESENTATION (  '', ( #1749 ), #2892 ) ;
#3003 = VECTOR ( 'NONE', #1091, 1000.000000000000000 ) ;
#3004 = EDGE_CURVE ( 'NONE', #6605, #3083, #1585, .T. ) ;
#3005 = EDGE_LOOP ( 'NONE', ( #400, #3405, #4388, #3694, #5712, #5608, #6508 ) ) ;
#3006 = FILL_AREA_STYLE ('',( #6662 ) ) ;
#3007 = FILL_AREA_STYLE ('',( #1508 ) ) ;
#3008 = LINE ( 'NONE', #6766, #3210 ) ;
#3009 = AXIS2_PLACEMENT_3D ( 'NONE', #6702, #1374, #1885 ) ;
#3010 = ORIENTED_EDGE ( 'NONE', *, *, #6076, .F. ) ;
#3011 = CARTESIAN_POINT ( 'NONE',  ( 0.5120076289780736145, 0.003000000000000000062, -0.05803963744639718814 ) ) ;
#3012 = MECHANICAL_DESIGN_GEOMETRIC_PRESENTATION_REPRESENTATION (  '', ( #5137 ), #547 ) ;
#3013 = LINE ( 'NONE', #5147, #4688 ) ;
#3014 = ORIENTED_EDGE ( 'NONE', *, *, #4091, .T. ) ;
#3015 = AXIS2_PLACEMENT_3D ( 'NONE', #5420, #2237, #2160 ) ;
#3016 = UNCERTAINTY_MEASURE_WITH_UNIT (LENGTH_MEASURE( 1.000000000000000082E-05 ), #1604, 'distance_accuracy_value', 'NONE');
#3017 =( LENGTH_UNIT ( ) NAMED_UNIT ( * ) SI_UNIT ( .MILLI., .METRE. ) );
#3018 = CARTESIAN_POINT ( 'NONE',  ( 0.5170852029101958847, 0.000000000000000000, -0.06287549031968749091 ) ) ;
#3019 = LINE ( 'NONE', #1425, #5872 ) ;
#3020 = DIRECTION ( 'NONE',  ( -0.000000000000000000, -1.000000000000000000, -0.000000000000000000 ) ) ;
#3021 = ADVANCED_FACE ( 'NONE', ( #3150 ), #2089, .F. ) ;
#3022 = CARTESIAN_POINT ( 'NONE',  ( 0.7700000000000001288, 0.02000000000000007674, -0.3700000000000001066 ) ) ;
#3023 = DIRECTION ( 'NONE',  ( 0.000000000000000000, 0.000000000000000000, 1.000000000000000000 ) ) ;
#3024 = ORIENTED_EDGE ( 'NONE', *, *, #661, .F. ) ;
#3025 = SURFACE_STYLE_FILL_AREA ( #6713 ) ;
#3026 = VECTOR ( 'NONE', #2573, 1000.000000000000000 ) ;
#3027 = CARTESIAN_POINT ( 'NONE',  ( 0.2335176870820284134, 0.000000000000000000, -0.05367500611619074879 ) ) ;
#3028 = SURFACE_STYLE_FILL_AREA ( #5273 ) ;
#3029 = UNCERTAINTY_MEASURE_WITH_UNIT (LENGTH_MEASURE( 1.000000000000000082E-05 ), #876, 'distance_accuracy_value', 'NONE');
#3030 = VECTOR ( 'NONE', #2853, 1000.000000000000000 ) ;
#3031 = DIRECTION ( 'NONE',  ( 0.000000000000000000, 0.000000000000000000, -1.000000000000000000 ) ) ;
#3032 = COLOUR_RGB ( '',0.8941176470588234615, 0.4039215686274509887, 0.2431372549019607809 ) ;
#3033 = EDGE_CURVE ( 'NONE', #1959, #4014, #5758, .T. ) ;
#3034 = SURFACE_SIDE_STYLE ('',( #2010 ) ) ;
#3035 = SURFACE_STYLE_FILL_AREA ( #6691 ) ;
#3036 = LINE ( 'NONE', #4530, #3428 ) ;
#3037 = CARTESIAN_POINT ( 'NONE',  ( 0.3795462710254895455, 0.000000000000000000, -0.04879976180185294221 ) ) ;
#3038 =( NAMED_UNIT ( * ) PLANE_ANGLE_UNIT ( ) SI_UNIT ( $, .RADIAN. ) );
#3039 = STYLED_ITEM ( 'NONE', ( #2121 ), #154 ) ;
#3040 = DIRECTION ( 'NONE',  ( 0.000000000000000000, 1.000000000000000000, 0.000000000000000000 ) ) ;
#3041 = UNCERTAINTY_MEASURE_WITH_UNIT (LENGTH_MEASURE( 1.000000000000000082E-05 ), #1018, 'distance_accuracy_value', 'NONE');
#3042 =( NAMED_UNIT ( * ) PLANE_ANGLE_UNIT ( ) SI_UNIT ( $, .RADIAN. ) );
#3043 = ORIENTED_EDGE ( 'NONE', *, *, #2885, .F. ) ;
#3044 =( LENGTH_UNIT ( ) NAMED_UNIT ( * ) SI_UNIT ( .MILLI., .METRE. ) );
#3045 = DIRECTION ( 'NONE',  ( 0.000000000000000000, 0.000000000000000000, -1.000000000000000000 ) ) ;
#3046 = VERTEX_POINT ( 'NONE', #2133 ) ;
#3047 =( LENGTH_UNIT ( ) NAMED_UNIT ( * ) SI_UNIT ( .MILLI., .METRE. ) );
#3048 = FILL_AREA_STYLE_COLOUR ( '', #5693 ) ;
#3049 = ORIENTED_EDGE ( 'NONE', *, *, #4737, .F. ) ;
#3050 = DIRECTION ( 'NONE',  ( -0.000000000000000000, -0.000000000000000000, -1.000000000000000000 ) ) ;
#3051 = EDGE_CURVE ( 'NONE', #5966, #1608, #3115, .T. ) ;
#3052 = ORIENTED_EDGE ( 'NONE', *, *, #637, .F. ) ;
#3053 = LINE ( 'NONE', #6708, #180 ) ;
#3054 = FACE_OUTER_BOUND ( 'NONE', #6363, .T. ) ;
#3055 = CARTESIAN_POINT ( 'NONE',  ( 0.5078988403312109101, 0.000000000000000000, -0.05416084963150000903 ) ) ;
#3056 = LINE ( 'NONE', #6323, #4678 ) ;
#3057 =( NAMED_UNIT ( * ) SI_UNIT ( $, .STERADIAN. ) SOLID_ANGLE_UNIT ( ) );
#3058 = ORIENTED_EDGE ( 'NONE', *, *, #3531, .T. ) ;
#3060 = ORIENTED_EDGE ( 'NONE', *, *, #5369, .F. ) ;
#3059 = CARTESIAN_POINT ( 'NONE',  ( 0.5209455743335885680, 0.003000000000000000062, -0.05803963744639718814 ) ) ;
#3061 = CARTESIAN_POINT ( 'NONE',  ( 0.2161283748927877724, 0.000000000000000000, -0.08775334256599336136 ) ) ;
#3062 = CARTESIAN_POINT ( 'NONE',  ( 0.06614396386324637722, 0.003000000000000000062, -0.06479096632406079748 ) ) ;
#3063 = PRESENTATION_STYLE_ASSIGNMENT (( #3624 ) ) ;
#3064 = CARTESIAN_POINT ( 'NONE',  ( 0.5120076289780736145, 0.003000000000000000062, -0.1198996506375018395 ) ) ;
#3065 = SURFACE_STYLE_FILL_AREA ( #6799 ) ;
#3066 = DIRECTION ( 'NONE',  ( -0.000000000000000000, -1.000000000000000000, -0.000000000000000000 ) ) ;
#3067 = MECHANICAL_DESIGN_GEOMETRIC_PRESENTATION_REPRESENTATION (  '', ( #6051 ), #5069 ) ;
#3068 = LINE ( 'NONE', #4718, #440 ) ;
#3069 = CARTESIAN_POINT ( 'NONE',  ( 0.1937951010351739445, 4.235164736271501695E-19, -0.05636409951526832884 ) ) ;
#3070 = VECTOR ( 'NONE', #1422, 1000.000000000000000 ) ;
#3071 =( NAMED_UNIT ( * ) PLANE_ANGLE_UNIT ( ) SI_UNIT ( $, .RADIAN. ) );
#3072 = PRESENTATION_LAYER_ASSIGNMENT (  '', '', ( #6057 ) ) ;
#3073 = VERTEX_POINT ( 'NONE', #2659 ) ;
#3074 = FILL_AREA_STYLE_COLOUR ( '', #6552 ) ;
#3075 = LINE ( 'NONE', #1942, #5880 ) ;
#3076 = FACE_OUTER_BOUND ( 'NONE', #959, .T. ) ;
#3077 = ORIENTED_EDGE ( 'NONE', *, *, #601, .F. ) ;
#3078 = VERTEX_POINT ( 'NONE', #3602 ) ;
#3079 = VECTOR ( 'NONE', #1767, 1000.000000000000000 ) ;
#3080 =( NAMED_UNIT ( * ) PLANE_ANGLE_UNIT ( ) SI_UNIT ( $, .RADIAN. ) );
#3081 = CARTESIAN_POINT ( 'NONE',  ( 0.5250253739081551796, 0.000000000000000000, -0.04688998638497178517 ) ) ;
#3082 = DIRECTION ( 'NONE',  ( 1.000000000000000000, -0.000000000000000000, -0.000000000000000000 ) ) ;
#3083 = VERTEX_POINT ( 'NONE', #5855 ) ;
#3084 = UNCERTAINTY_MEASURE_WITH_UNIT (LENGTH_MEASURE( 1.000000000000000082E-05 ), #467, 'distance_accuracy_value', 'NONE');
#3085 = STYLED_ITEM ( 'NONE', ( #872 ), #1882 ) ;
#3086 = PRESENTATION_LAYER_ASSIGNMENT (  '', '', ( #1835 ) ) ;
#3087 = AXIS2_PLACEMENT_3D ( 'NONE', #5170, #874, #5549 ) ;
#3088 = ORIENTED_EDGE ( 'NONE', *, *, #672, .T. ) ;
#3089 = PLANE ( 'NONE',  #3974 ) ;
#3090 = EDGE_CURVE ( 'NONE', #1324, #18, #6481, .T. ) ;
#3091 = CARTESIAN_POINT ( 'NONE',  ( 0.1520327505222483222, 0.003000000000000000062, -0.05204809658087075630 ) ) ;
#3092 = DIRECTION ( 'NONE',  ( -1.000000000000000000, 0.000000000000000000, -0.000000000000000000 ) ) ;
#3093 = ORIENTED_EDGE ( 'NONE', *, *, #294, .T. ) ;
#3095 = ORIENTED_EDGE ( 'NONE', *, *, #4851, .F. ) ;
#3094 = CARTESIAN_POINT ( 'NONE',  ( 0.5197454285148489506, 0.000000000000000000, -0.06812345752773144025 ) ) ;
#3096 = AXIS2_PLACEMENT_3D ( 'NONE', #6375, #1973, #4684 ) ;
#3097 = ORIENTED_EDGE ( 'NONE', *, *, #6204, .T. ) ;
#3098 = MECHANICAL_DESIGN_GEOMETRIC_PRESENTATION_REPRESENTATION (  '', ( #1620 ), #3215 ) ;
#3099 = UNCERTAINTY_MEASURE_WITH_UNIT (LENGTH_MEASURE( 1.000000000000000082E-05 ), #3301, 'distance_accuracy_value', 'NONE');
#3100 = AXIS2_PLACEMENT_3D ( 'NONE', #2622, #4856, #5858 ) ;
#3101 = ADVANCED_FACE ( 'NONE', ( #3823 ), #3858, .T. ) ;
#3102 = AXIS2_PLACEMENT_3D ( 'NONE', #1780, #6037, #2364 ) ;
#3103 = AXIS2_PLACEMENT_3D ( 'NONE', #5991, #1233, #5521 ) ;
#3104 = DIRECTION ( 'NONE',  ( 1.000000000000000000, 0.000000000000000000, 0.000000000000000000 ) ) ;
#3105 = SURFACE_STYLE_FILL_AREA ( #6264 ) ;
#3106 = FACE_OUTER_BOUND ( 'NONE', #5560, .T. ) ;
#3107 = FACE_OUTER_BOUND ( 'NONE', #791, .T. ) ;
#3108 = LINE ( 'NONE', #6378, #4194 ) ;
#3109 = VECTOR ( 'NONE', #778, 1000.000000000000000 ) ;
#3110 = VECTOR ( 'NONE', #5603, 1000.000000000000000 ) ;
#3111 = UNCERTAINTY_MEASURE_WITH_UNIT (LENGTH_MEASURE( 1.000000000000000082E-05 ), #2838, 'distance_accuracy_value', 'NONE');
#3112 = AXIS2_PLACEMENT_3D ( 'NONE', #3555, #395, #5751 ) ;
#3113 = MECHANICAL_DESIGN_GEOMETRIC_PRESENTATION_REPRESENTATION (  '', ( #2220 ), #3983 ) ;
#3114 = FILL_AREA_STYLE_COLOUR ( '', #2320 ) ;
#3115 = LINE ( 'NONE', #1010, #2652 ) ;
#3116 = CARTESIAN_POINT ( 'NONE',  ( 0.4429153846565643260, 0.003000000000000000062, -0.05150839609956783804 ) ) ;
#3117 = SURFACE_SIDE_STYLE ('',( #6386 ) ) ;
#3118 = EDGE_CURVE ( 'NONE', #590, #3545, #4430, .T. ) ;
#3119 = AXIS2_PLACEMENT_3D ( 'NONE', #4464, #2331, #1706 ) ;
#3120 = AXIS2_PLACEMENT_3D ( 'NONE', #6827, #824, #2043 ) ;
#3121 = STYLED_ITEM ( 'NONE', ( #4143 ), #3850 ) ;
#3122 = EDGE_CURVE ( 'NONE', #4859, #5078, #2728, .T. ) ;
#3123 = MECHANICAL_DESIGN_GEOMETRIC_PRESENTATION_REPRESENTATION (  '', ( #3997 ), #6457 ) ;
#3124 = ORIENTED_EDGE ( 'NONE', *, *, #6397, .F. ) ;
#3125 = DIRECTION ( 'NONE',  ( 0.000000000000000000, 0.000000000000000000, 1.000000000000000000 ) ) ;
#3126 =( LENGTH_UNIT ( ) NAMED_UNIT ( * ) SI_UNIT ( .MILLI., .METRE. ) );
#3127 = CARTESIAN_POINT ( 'NONE',  ( 0.5117773348484849771, 0.000000000000000000, -0.03294544722763400463 ) ) ;
#3128 = EDGE_LOOP ( 'NONE', ( #2910, #3639, #1650, #4380 ) ) ;
#3129 = MECHANICAL_DESIGN_GEOMETRIC_PRESENTATION_REPRESENTATION (  '', ( #4356 ), #2795 ) ;
#3130 = EDGE_CURVE ( 'NONE', #6460, #4620, #6018, .T. ) ;
#3131 = DIRECTION ( 'NONE',  ( -0.000000000000000000, -1.000000000000000000, -0.000000000000000000 ) ) ;
#3132 = ORIENTED_EDGE ( 'NONE', *, *, #5574, .F. ) ;
#3133 = CARTESIAN_POINT ( 'NONE',  ( 0.7700000000000001288, 0.002426406871192919330, 0.3999999999999999112 ) ) ;
#3134 = LINE ( 'NONE', #1206, #6203 ) ;
#3135 = LINE ( 'NONE', #968, #4100 ) ;
#3136 = PRESENTATION_STYLE_ASSIGNMENT (( #4168 ) ) ;
#3137 = ORIENTED_EDGE ( 'NONE', *, *, #873, .F. ) ;
#3138 = LINE ( 'NONE', #3059, #281 ) ;
#3139 = VERTEX_POINT ( 'NONE', #92 ) ;
#3140 = CARTESIAN_POINT ( 'NONE',  ( 0.5288647974072393509, 0.000000000000000000, -0.1149805027458715295 ) ) ;
#3141 = CARTESIAN_POINT ( 'NONE',  ( 0.5078988403312109101, 0.003000000000000000062, -0.03902772777760919048 ) ) ;
#3142 = DIRECTION ( 'NONE',  ( -0.000000000000000000, -0.000000000000000000, 1.000000000000000000 ) ) ;
#3143 = LINE ( 'NONE', #466, #6078 ) ;
#3144 = LINE ( 'NONE', #1542, #532 ) ;
#3145 = DIRECTION ( 'NONE',  ( -0.000000000000000000, -1.000000000000000000, -0.000000000000000000 ) ) ;
#3146 = FILL_AREA_STYLE_COLOUR ( '', #1657 ) ;
#3147 = PRESENTATION_LAYER_ASSIGNMENT (  '', '', ( #2020 ) ) ;
#3148 = CARTESIAN_POINT ( 'NONE',  ( 0.5120076289780736145, 0.003000000000000000062, -0.1198996506375018395 ) ) ;
#3149 = EDGE_CURVE ( 'NONE', #5380, #6539, #2831, .T. ) ;
#3150 = FACE_OUTER_BOUND ( 'NONE', #3234, .T. ) ;
#3151 = LINE ( 'NONE', #6456, #5769 ) ;
#3152 = DIRECTION ( 'NONE',  ( 0.000000000000000000, 0.000000000000000000, 1.000000000000000000 ) ) ;
#3153 = SURFACE_STYLE_USAGE ( .BOTH. , #5795 ) ;
#3154 = ORIENTED_EDGE ( 'NONE', *, *, #904, .F. ) ;
#3155 =( LENGTH_UNIT ( ) NAMED_UNIT ( * ) SI_UNIT ( .MILLI., .METRE. ) );
#3156 = EDGE_CURVE ( 'NONE', #5507, #3073, #5449, .T. ) ;
#3157 = FILL_AREA_STYLE_COLOUR ( '', #3790 ) ;
#3158 = EDGE_LOOP ( 'NONE', ( #6703, #2686, #5192, #3438 ) ) ;
#3159 = CARTESIAN_POINT ( 'NONE',  ( -0.4000000000000000222, 0.7800000000000002487, -0.3600000000000001532 ) ) ;
#3160 = UNCERTAINTY_MEASURE_WITH_UNIT (LENGTH_MEASURE( 1.000000000000000082E-05 ), #4901, 'distance_accuracy_value', 'NONE');
#3161 = EDGE_LOOP ( 'NONE', ( #4204, #4839, #6287, #5321 ) ) ;
#3162 = EDGE_CURVE ( 'NONE', #584, #406, #1757, .T. ) ;
#3163 = CARTESIAN_POINT ( 'NONE',  ( 0.5250253739081551796, 0.003000000000000000062, -0.04688998638497178517 ) ) ;
#3164 = CARTESIAN_POINT ( 'NONE',  ( 0.5220709974093684647, 0.003000000000000000062, -0.04214059935213382985 ) ) ;
#3165 = VERTEX_POINT ( 'NONE', #2270 ) ;
#3166 =( NAMED_UNIT ( * ) SI_UNIT ( $, .STERADIAN. ) SOLID_ANGLE_UNIT ( ) );
#3167 =( NAMED_UNIT ( * ) PLANE_ANGLE_UNIT ( ) SI_UNIT ( $, .RADIAN. ) );
#3168 = DIRECTION ( 'NONE',  ( 1.000000000000000000, 0.000000000000000000, -0.000000000000000000 ) ) ;
#3169 = UNCERTAINTY_MEASURE_WITH_UNIT (LENGTH_MEASURE( 1.000000000000000082E-05 ), #1042, 'distance_accuracy_value', 'NONE');
#3170 = CARTESIAN_POINT ( 'NONE',  ( 0.5117773348484849771, 0.003000000000000000062, -0.03294544722763400463 ) ) ;
#3171 = ADVANCED_FACE ( 'NONE', ( #3855 ), #1224, .F. ) ;
#3172 = SURFACE_STYLE_USAGE ( .BOTH. , #435 ) ;
#3173 = PLANE ( 'NONE',  #2995 ) ;
#3174 =( NAMED_UNIT ( * ) SI_UNIT ( $, .STERADIAN. ) SOLID_ANGLE_UNIT ( ) );
#3175 = DIRECTION ( 'NONE',  ( 1.000000000000000000, 0.000000000000000000, 0.000000000000000000 ) ) ;
#3176 = ORIENTED_EDGE ( 'NONE', *, *, #5151, .T. ) ;
#3177 =( NAMED_UNIT ( * ) PLANE_ANGLE_UNIT ( ) SI_UNIT ( $, .RADIAN. ) );
#3178 = DIRECTION ( 'NONE',  ( -1.000000000000000000, 0.000000000000000000, -0.000000000000000000 ) ) ;
#3179 =( NAMED_UNIT ( * ) SI_UNIT ( $, .STERADIAN. ) SOLID_ANGLE_UNIT ( ) );
#3180 = FILL_AREA_STYLE ('',( #6301 ) ) ;
#3181 = CARTESIAN_POINT ( 'NONE',  ( 0.3999999999999998557, 0.7500000000000001110, 0.3599999999999999867 ) ) ;
#3182 = FILL_AREA_STYLE_COLOUR ( '', #4189 ) ;
#3183 = DIRECTION ( 'NONE',  ( 1.000000000000000000, -0.000000000000000000, 0.000000000000000000 ) ) ;
#3184 = ADVANCED_FACE ( 'NONE', ( #1254 ), #3411, .T. ) ;
#3185 = CARTESIAN_POINT ( 'NONE',  ( 0.000000000000000000, 0.000000000000000000, 0.000000000000000000 ) ) ;
#3186 = ORIENTED_EDGE ( 'NONE', *, *, #3740, .F. ) ;
#3187 = FILL_AREA_STYLE ('',( #1559 ) ) ;
#3188 = LINE ( 'NONE', #5324, #4968 ) ;
#3189 = CARTESIAN_POINT ( 'NONE',  ( 0.5078988403312109101, 0.000000000000000000, -0.03902772777760919048 ) ) ;
#3190 = VERTEX_POINT ( 'NONE', #3923 ) ;
#3191 = CARTESIAN_POINT ( 'NONE',  ( -0.4000000000000000222, 0.7900000000000001465, -0.4000000000000000777 ) ) ;
#3192 = ORIENTED_EDGE ( 'NONE', *, *, #3568, .T. ) ;
#3193 = FILL_AREA_STYLE_COLOUR ( '', #536 ) ;
#3194 = CARTESIAN_POINT ( 'NONE',  ( 0.08349208317513591437, 0.003000000000000000062, -0.02822637805886715756 ) ) ;
#3195 = SURFACE_STYLE_FILL_AREA ( #3787 ) ;
#3196 = ORIENTED_EDGE ( 'NONE', *, *, #5999, .T. ) ;
#3197 = VERTEX_POINT ( 'NONE', #6047 ) ;
#3198 = ORIENTED_EDGE ( 'NONE', *, *, #1638, .T. ) ;
#3199 = PRESENTATION_LAYER_ASSIGNMENT (  '', '', ( #5866 ) ) ;
#3200 =( LENGTH_UNIT ( ) NAMED_UNIT ( * ) SI_UNIT ( .MILLI., .METRE. ) );
#3201 =( NAMED_UNIT ( * ) SI_UNIT ( $, .STERADIAN. ) SOLID_ANGLE_UNIT ( ) );
#3202 =( LENGTH_UNIT ( ) NAMED_UNIT ( * ) SI_UNIT ( .MILLI., .METRE. ) );
#3203 =( NAMED_UNIT ( * ) PLANE_ANGLE_UNIT ( ) SI_UNIT ( $, .RADIAN. ) );
#3204 = CARTESIAN_POINT ( 'NONE',  ( -0.7875735931288073699, -0.009999999999999970718, 0.3699999999999999956 ) ) ;
#3205 = CARTESIAN_POINT ( 'NONE',  ( 0.4000000000000000222, 0.7600000000000001199, 0.3999999999999999667 ) ) ;
#3206 = VERTEX_POINT ( 'NONE', #4064 ) ;
#3207 = DIRECTION ( 'NONE',  ( 1.000000000000000000, 0.000000000000000000, -0.000000000000000000 ) ) ;
#3208 = LINE ( 'NONE', #574, #6116 ) ;
#3209 = AXIS2_PLACEMENT_3D ( 'NONE', #2470, #6743, #4593 ) ;
#3210 = VECTOR ( 'NONE', #402, 1000.000000000000000 ) ;
#3211 = ADVANCED_FACE ( 'NONE', ( #1330 ), #1294, .F. ) ;
#3212 = FILL_AREA_STYLE_COLOUR ( '', #2305 ) ;
#3213 =( GEOMETRIC_REPRESENTATION_CONTEXT ( 3 ) GLOBAL_UNCERTAINTY_ASSIGNED_CONTEXT ( ( #2618 ) ) GLOBAL_UNIT_ASSIGNED_CONTEXT ( ( #4603, #6650, #5511 ) ) REPRESENTATION_CONTEXT ( 'NONE', 'WORKASPACE' ) );
#3214 = COLOUR_RGB ( '',0.8941176470588234615, 0.4039215686274509887, 0.2431372549019607809 ) ;
#3215 =( GEOMETRIC_REPRESENTATION_CONTEXT ( 3 ) GLOBAL_UNCERTAINTY_ASSIGNED_CONTEXT ( ( #960 ) ) GLOBAL_UNIT_ASSIGNED_CONTEXT ( ( #6837, #2570, #603 ) ) REPRESENTATION_CONTEXT ( 'NONE', 'WORKASPACE' ) );
#3216 =( LENGTH_UNIT ( ) NAMED_UNIT ( * ) SI_UNIT ( .MILLI., .METRE. ) );
#3217 = VECTOR ( 'NONE', #3863, 1000.000000000000000 ) ;
#3218 = PRESENTATION_LAYER_ASSIGNMENT (  '', '', ( #2769 ) ) ;
#3219 = DIRECTION ( 'NONE',  ( 0.000000000000000000, -1.000000000000000000, 0.000000000000000000 ) ) ;
#3220 = CARTESIAN_POINT ( 'NONE',  ( 0.3250174859200531396, 0.003000000000000000062, -0.09158047531953275588 ) ) ;
#3221 = PRESENTATION_LAYER_ASSIGNMENT (  '', '', ( #5232 ) ) ;
#3222 = AXIS2_PLACEMENT_3D ( 'NONE', #445, #401, #2562 ) ;
#3223 = FILL_AREA_STYLE_COLOUR ( '', #6819 ) ;
#3224 = MECHANICAL_DESIGN_GEOMETRIC_PRESENTATION_REPRESENTATION (  '', ( #2105 ), #1863 ) ;
#3225 = ORIENTED_EDGE ( 'NONE', *, *, #3666, .T. ) ;
#3226 = AXIS2_PLACEMENT_3D ( 'NONE', #3022, #6844, #424 ) ;
#3227 = ADVANCED_FACE ( 'NONE', ( #2897 ), #6654, .T. ) ;
#3228 = LINE ( 'NONE', #3769, #6671 ) ;
#3229 = EDGE_LOOP ( 'NONE', ( #1679, #2149, #4635, #4264 ) ) ;
#3230 = CIRCLE ( 'NONE', #3112, 0.02999999999999997113 ) ;
#3231 = DIRECTION ( 'NONE',  ( 1.000000000000000000, -0.000000000000000000, 0.000000000000000000 ) ) ;
#3232 = COLOUR_RGB ( '',0.8941176470588234615, 0.4039215686274509887, 0.2431372549019607809 ) ;
#3233 = CARTESIAN_POINT ( 'NONE',  ( 0.5283846789471251526, 0.000000000000000000, -0.03590742215311736735 ) ) ;
#3234 = EDGE_LOOP ( 'NONE', ( #6675, #5524, #3052, #2170 ) ) ;
#3235 = PRESENTATION_LAYER_ASSIGNMENT (  '', '', ( #3558 ) ) ;
#3236 = PLANE ( 'NONE',  #151 ) ;
#3237 = COLOUR_RGB ( '',0.4745098039215686070, 0.4823529411764705954, 0.5019607843137254832 ) ;
#3238 = ORIENTED_EDGE ( 'NONE', *, *, #4858, .F. ) ;
#3239 = CARTESIAN_POINT ( 'NONE',  ( 0.5229205373994898487, 0.003000000000000000062, -0.1070613408442326470 ) ) ;
#3240 = MECHANICAL_DESIGN_GEOMETRIC_PRESENTATION_REPRESENTATION (  '', ( #6346 ), #1196 ) ;
#3241 = DIRECTION ( 'NONE',  ( 0.000000000000000000, -0.000000000000000000, 1.000000000000000000 ) ) ;
#3242 = EDGE_LOOP ( 'NONE', ( #799, #1554, #1787, #1406 ) ) ;
#3244 = ORIENTED_EDGE ( 'NONE', *, *, #1243, .T. ) ;
#3243 = CARTESIAN_POINT ( 'NONE',  ( 0.5257606270092732847, 0.003000000000000000062, -0.1006883056271078852 ) ) ;
#3245 = UNCERTAINTY_MEASURE_WITH_UNIT (LENGTH_MEASURE( 1.000000000000000082E-05 ), #4265, 'distance_accuracy_value', 'NONE');
#3246 =( NAMED_UNIT ( * ) PLANE_ANGLE_UNIT ( ) SI_UNIT ( $, .RADIAN. ) );
#3247 = CIRCLE ( 'NONE', #2000, 0.01022966404797421430 ) ;
#3248 = ADVANCED_FACE ( 'NONE', ( #3954 ), #3689, .F. ) ;
#3249 = CARTESIAN_POINT ( 'NONE',  ( 0.5179688503939871014, 0.000000000000000000, -0.04214059935213382985 ) ) ;
#3250 = LINE ( 'NONE', #5386, #6555 ) ;
#3251 = DIRECTION ( 'NONE',  ( -0.000000000000000000, -1.000000000000000000, -0.000000000000000000 ) ) ;
#3252 = CARTESIAN_POINT ( 'NONE',  ( -0.8000000000000001554, 0.002426406871192912824, 0.3699999999999999956 ) ) ;
#3253 =( NAMED_UNIT ( * ) PLANE_ANGLE_UNIT ( ) SI_UNIT ( $, .RADIAN. ) );
#3254 = ORIENTED_EDGE ( 'NONE', *, *, #2273, .T. ) ;
#3255 = PRESENTATION_LAYER_ASSIGNMENT (  '', '', ( #4915 ) ) ;
#3256 = CARTESIAN_POINT ( 'NONE',  ( 0.5288647974072393509, 0.003000000000000000062, -0.05803963744639718814 ) ) ;
#3257 = EDGE_CURVE ( 'NONE', #4863, #1144, #1451, .T. ) ;
#3258 = DIRECTION ( 'NONE',  ( -0.000000000000000000, -0.000000000000000000, -1.000000000000000000 ) ) ;
#3259 =( NAMED_UNIT ( * ) PLANE_ANGLE_UNIT ( ) SI_UNIT ( $, .RADIAN. ) );
#3260 = MECHANICAL_DESIGN_GEOMETRIC_PRESENTATION_REPRESENTATION (  '', ( #4817 ), #1210 ) ;
#3261 = PRESENTATION_LAYER_ASSIGNMENT (  '', '', ( #3367 ) ) ;
#3262 = DIRECTION ( 'NONE',  ( 0.5036625266281726798, 0.000000000000000000, -0.8639004915327489487 ) ) ;
#3263 =( GEOMETRIC_REPRESENTATION_CONTEXT ( 3 ) GLOBAL_UNCERTAINTY_ASSIGNED_CONTEXT ( ( #3833 ) ) GLOBAL_UNIT_ASSIGNED_CONTEXT ( ( #2535, #6815, #4666 ) ) REPRESENTATION_CONTEXT ( 'NONE', 'WORKASPACE' ) );
#3264 = VERTEX_POINT ( 'NONE', #4980 ) ;
#3265 =( NAMED_UNIT ( * ) PLANE_ANGLE_UNIT ( ) SI_UNIT ( $, .RADIAN. ) );
#3266 = DIRECTION ( 'NONE',  ( -0.5426947788514193682, 0.000000000000000000, -0.8399299833958835393 ) ) ;
#3267 = EDGE_LOOP ( 'NONE', ( #3881, #229 ) ) ;
#3268 = AXIS2_PLACEMENT_3D ( 'NONE', #4207, #5340, #11 ) ;
#3269 = ADVANCED_FACE ( 'NONE', ( #4032 ), #185, .F. ) ;
#3270 = VECTOR ( 'NONE', #3183, 1000.000000000000000 ) ;
#3271 = DIRECTION ( 'NONE',  ( -0.000000000000000000, 1.000000000000000000, 0.000000000000000000 ) ) ;
#3272 = ORIENTED_EDGE ( 'NONE', *, *, #1505, .T. ) ;
#3273 = PLANE ( 'NONE',  #1078 ) ;
#3274 = SURFACE_STYLE_USAGE ( .BOTH. , #3711 ) ;
#3275 = ORIENTED_EDGE ( 'NONE', *, *, #3538, .F. ) ;
#3276 = DIRECTION ( 'NONE',  ( 1.000000000000000000, 0.000000000000000000, 0.000000000000000000 ) ) ;
#3277 = FILL_AREA_STYLE_COLOUR ( '', #5516 ) ;
#3278 = EDGE_CURVE ( 'NONE', #6739, #6059, #4263, .T. ) ;
#3279 = LINE ( 'NONE', #567, #404 ) ;
#3280 = PLANE ( 'NONE',  #5787 ) ;
#3281 = LINE ( 'NONE', #3976, #6441 ) ;
#3282 = CYLINDRICAL_SURFACE ( 'NONE', #5562, 0.01104772971636571940 ) ;
#3283 = ORIENTED_EDGE ( 'NONE', *, *, #3623, .T. ) ;
#3284 = CARTESIAN_POINT ( 'NONE',  ( 0.2170060246263622317, 0.000000000000000000, -0.08553923355679110552 ) ) ;
#3285 = ADVANCED_FACE ( 'NONE', ( #3106 ), #2649, .F. ) ;
#3286 = CARTESIAN_POINT ( 'NONE',  ( 0.5170852029101958847, 0.003000000000000000062, -0.06287549031968749091 ) ) ;
#3287 = CARTESIAN_POINT ( 'NONE',  ( 0.5188791900677894864, 0.003000000000000000062, -0.07069795219244838502 ) ) ;
#3288 = DIRECTION ( 'NONE',  ( 0.000000000000000000, 0.000000000000000000, -1.000000000000000000 ) ) ;
#3289 = DIRECTION ( 'NONE',  ( -0.000000000000000000, -1.000000000000000000, -0.000000000000000000 ) ) ;
#3290 = VERTEX_POINT ( 'NONE', #3037 ) ;
#3291 =( LENGTH_UNIT ( ) NAMED_UNIT ( * ) SI_UNIT ( .MILLI., .METRE. ) );
#3292 = CARTESIAN_POINT ( 'NONE',  ( 0.8000000000000001554, 0.02000000000000008021, 0.3699999999999999956 ) ) ;
#3293 = PRESENTATION_STYLE_ASSIGNMENT (( #3707 ) ) ;
#3294 = CIRCLE ( 'NONE', #1251, 0.02999999999999997113 ) ;
#3295 = DIRECTION ( 'NONE',  ( 1.000000000000000000, 0.000000000000000000, 0.000000000000000000 ) ) ;
#3296 = UNCERTAINTY_MEASURE_WITH_UNIT (LENGTH_MEASURE( 1.000000000000000082E-05 ), #1401, 'distance_accuracy_value', 'NONE');
#3297 = DIRECTION ( 'NONE',  ( -1.000000000000000000, 0.000000000000000000, -0.000000000000000000 ) ) ;
#3298 = EDGE_CURVE ( 'NONE', #1771, #2925, #1577, .T. ) ;
#3299 = VERTEX_POINT ( 'NONE', #5750 ) ;
#3300 = FACE_OUTER_BOUND ( 'NONE', #5799, .T. ) ;
#3301 =( LENGTH_UNIT ( ) NAMED_UNIT ( * ) SI_UNIT ( .MILLI., .METRE. ) );
#3302 = FACE_BOUND ( 'NONE', #5697, .T. ) ;
#3303 = VERTEX_POINT ( 'NONE', #937 ) ;
#3304 = CARTESIAN_POINT ( 'NONE',  ( 0.000000000000000000, 0.7800000000000002487, -0.3600000000000001532 ) ) ;
#3305 = CARTESIAN_POINT ( 'NONE',  ( 0.1959584026015205316, 0.003000000000000000062, -0.1075953568382304604 ) ) ;
#3306 = CARTESIAN_POINT ( 'NONE',  ( -0.7875735931288071479, -0.009999999999999970718, 0.3875735931288071257 ) ) ;
#3307 = DIRECTION ( 'NONE',  ( 0.000000000000000000, 0.000000000000000000, 1.000000000000000000 ) ) ;
#3308 = ORIENTED_EDGE ( 'NONE', *, *, #5134, .F. ) ;
#3309 = DIRECTION ( 'NONE',  ( -1.000000000000000000, 0.000000000000000000, 0.000000000000000000 ) ) ;
#3310 =( NAMED_UNIT ( * ) PLANE_ANGLE_UNIT ( ) SI_UNIT ( $, .RADIAN. ) );
#3311 = VECTOR ( 'NONE', #1960, 1000.000000000000000 ) ;
#3312 =( NAMED_UNIT ( * ) PLANE_ANGLE_UNIT ( ) SI_UNIT ( $, .RADIAN. ) );
#3313 = CARTESIAN_POINT ( 'NONE',  ( -0.8000000000000001554, 0.7600000000000001199, -0.3700000000000001066 ) ) ;
#3314 = CARTESIAN_POINT ( 'NONE',  ( 0.1373980087961464147, 0.003000000000000000062, -0.1006350299428620948 ) ) ;
#3315 = SURFACE_STYLE_FILL_AREA ( #2242 ) ;
#3316 = VECTOR ( 'NONE', #3818, 1000.000000000000000 ) ;
#3317 = DIRECTION ( 'NONE',  ( 1.000000000000000000, 0.000000000000000000, -0.000000000000000000 ) ) ;
#3318 = MECHANICAL_DESIGN_GEOMETRIC_PRESENTATION_REPRESENTATION (  '', ( #942 ), #285 ) ;
#3319 = VECTOR ( 'NONE', #5334, 1000.000000000000000 ) ;
#3320 = VECTOR ( 'NONE', #5622, 1000.000000000000000 ) ;
#3321 = MECHANICAL_DESIGN_GEOMETRIC_PRESENTATION_REPRESENTATION (  '', ( #5103 ), #6315 ) ;
#3322 = FILL_AREA_STYLE ('',( #5456 ) ) ;
#3323 = EDGE_CURVE ( 'NONE', #145, #6059, #3692, .T. ) ;
#3324 = ORIENTED_EDGE ( 'NONE', *, *, #804, .F. ) ;
#3325 = LINE ( 'NONE', #4381, #5661 ) ;
#3326 = CARTESIAN_POINT ( 'NONE',  ( 0.2803476042950979186, 0.003000000000000000062, -0.1135792546526552677 ) ) ;
#3327 =( GEOMETRIC_REPRESENTATION_CONTEXT ( 3 ) GLOBAL_UNCERTAINTY_ASSIGNED_CONTEXT ( ( #1108 ) ) GLOBAL_UNIT_ASSIGNED_CONTEXT ( ( #5131, #1292, #2401 ) ) REPRESENTATION_CONTEXT ( 'NONE', 'WORKASPACE' ) );
#3328 = COLOUR_RGB ( '',0.8941176470588234615, 0.4039215686274509887, 0.2431372549019607809 ) ;
#3329 = CIRCLE ( 'NONE', #178, 0.02999999999999997113 ) ;
#3330 = VECTOR ( 'NONE', #6737, 1000.000000000000000 ) ;
#3331 = EDGE_CURVE ( 'NONE', #3407, #258, #6427, .T. ) ;
#3332 = FILL_AREA_STYLE_COLOUR ( '', #1673 ) ;
#3333 = VECTOR ( 'NONE', #510, 1000.000000000000000 ) ;
#3334 = DIRECTION ( 'NONE',  ( -1.000000000000000000, 0.000000000000000000, 0.000000000000000000 ) ) ;
#3335 = ADVANCED_FACE ( 'NONE', ( #394 ), #3719, .T. ) ;
#3336 = COLOUR_RGB ( '',0.8941176470588234615, 0.4039215686274509887, 0.2431372549019607809 ) ;
#3337 = ORIENTED_EDGE ( 'NONE', *, *, #3531, .F. ) ;
#3338 = STYLED_ITEM ( 'NONE', ( #4845 ), #3408 ) ;
#3339 = PRESENTATION_STYLE_ASSIGNMENT (( #3274 ) ) ;
#3340 = SURFACE_STYLE_USAGE ( .BOTH. , #3880 ) ;
#3341 = ORIENTED_EDGE ( 'NONE', *, *, #2337, .F. ) ;
#3342 = CIRCLE ( 'NONE', #6100, 0.02999999999999997113 ) ;
#3343 = VECTOR ( 'NONE', #2262, 1000.000000000000000 ) ;
#3344 = VECTOR ( 'NONE', #6295, 1000.000000000000000 ) ;
#3345 = PRESENTATION_LAYER_ASSIGNMENT (  '', '', ( #6346 ) ) ;
#3346 = FILL_AREA_STYLE ('',( #1702 ) ) ;
#3347 = CARTESIAN_POINT ( 'NONE',  ( 0.8000000000000001554, 0.02000000000000010797, -0.3700000000000000511 ) ) ;
#3348 = CARTESIAN_POINT ( 'NONE',  ( -0.4000000000000001332, 0.02999999999999997113, -0.3600000000000001532 ) ) ;
#3349 = ORIENTED_EDGE ( 'NONE', *, *, #433, .F. ) ;
#3350 = VERTEX_POINT ( 'NONE', #2127 ) ;
#3351 = EDGE_LOOP ( 'NONE', ( #2474, #36, #69, #925 ) ) ;
#3352 = DIRECTION ( 'NONE',  ( 0.000000000000000000, 0.000000000000000000, 1.000000000000000000 ) ) ;
#3353 = AXIS2_PLACEMENT_3D ( 'NONE', #6606, #4017, #2467 ) ;
#3354 = PRESENTATION_STYLE_ASSIGNMENT (( #6046 ) ) ;
#3355 = CARTESIAN_POINT ( 'NONE',  ( -0.7700000000000001288, 0.7900000000000001465, -0.3699999999999999956 ) ) ;
#3356 = CARTESIAN_POINT ( 'NONE',  ( 0.2803476042950979186, 0.003000000000000000062, -0.02822637805886715756 ) ) ;
#3357 = EDGE_CURVE ( 'NONE', #5188, #5467, #5279, .T. ) ;
#3358 = EDGE_CURVE ( 'NONE', #5373, #132, #3143, .T. ) ;
#3359 = VERTEX_POINT ( 'NONE', #871 ) ;
#3360 = CARTESIAN_POINT ( 'NONE',  ( 0.02512776830933449029, 0.003000000000000000062, -0.1348280044436376557 ) ) ;
#3361 = FILL_AREA_STYLE ('',( #748 ) ) ;
#3362 = CARTESIAN_POINT ( 'NONE',  ( 0.1520327505222483222, 0.003000000000000000062, -0.05204809658087075630 ) ) ;
#3363 = PRESENTATION_LAYER_ASSIGNMENT (  '', '', ( #4817 ) ) ;
#3364 = PRESENTATION_LAYER_ASSIGNMENT (  '', '', ( #2911 ) ) ;
#3365 = FACE_OUTER_BOUND ( 'NONE', #5311, .T. ) ;
#3366 = EDGE_CURVE ( 'NONE', #559, #3476, #68, .T. ) ;
#3367 = STYLED_ITEM ( 'NONE', ( #6115 ), #6741 ) ;
#3368 = DIRECTION ( 'NONE',  ( 0.000000000000000000, 0.000000000000000000, 1.000000000000000000 ) ) ;
#3369 = UNCERTAINTY_MEASURE_WITH_UNIT (LENGTH_MEASURE( 1.000000000000000082E-05 ), #2833, 'distance_accuracy_value', 'NONE');
#3370 =( GEOMETRIC_REPRESENTATION_CONTEXT ( 3 ) GLOBAL_UNCERTAINTY_ASSIGNED_CONTEXT ( ( #832 ) ) GLOBAL_UNIT_ASSIGNED_CONTEXT ( ( #2544, #5784, #592 ) ) REPRESENTATION_CONTEXT ( 'NONE', 'WORKASPACE' ) );
#3371 = ORIENTED_EDGE ( 'NONE', *, *, #3532, .F. ) ;
#3372 = DIRECTION ( 'NONE',  ( -1.000000000000000000, 0.000000000000000000, 0.000000000000000000 ) ) ;
#3373 = EDGE_LOOP ( 'NONE', ( #6648, #6250, #2531, #3770 ) ) ;
#3374 = CLOSED_SHELL ( 'NONE', ( #4243, #646, #488, #170, #3872, #5589 ) ) ;
#3375 = DIRECTION ( 'NONE',  ( -1.000000000000000000, 0.000000000000000000, 0.000000000000000000 ) ) ;
#3376 = CARTESIAN_POINT ( 'NONE',  ( 0.7700000000000002398, 0.7775735931288070280, 0.3999999999999998557 ) ) ;
#3377 = CARTESIAN_POINT ( 'NONE',  ( 0.4000000000000000222, 0.7900000000000001465, -0.3700000000000001066 ) ) ;
#3378 = CARTESIAN_POINT ( 'NONE',  ( 0.2150087017542838541, 0.000000000000000000, -0.03463143699253776880 ) ) ;
#3379 = EDGE_LOOP ( 'NONE', ( #6134, #5809, #1220, #4514 ) ) ;
#3380 = DIRECTION ( 'NONE',  ( 0.000000000000000000, 0.000000000000000000, -1.000000000000000000 ) ) ;
#3381 = EDGE_LOOP ( 'NONE', ( #5656, #2871, #908, #2953 ) ) ;
#3382 = CARTESIAN_POINT ( 'NONE',  ( 0.5200271813265667786, 0.000000000000000000, -0.06515718325081611140 ) ) ;
#3383 = DIRECTION ( 'NONE',  ( -1.000000000000000000, -0.000000000000000000, -0.000000000000000000 ) ) ;
#3384 = SURFACE_STYLE_FILL_AREA ( #1191 ) ;
#3385 = FACE_OUTER_BOUND ( 'NONE', #1734, .T. ) ;
#3386 = CARTESIAN_POINT ( 'NONE',  ( 0.5188791900677894864, 0.003000000000000000062, -0.08174568190881410790 ) ) ;
#3387 = VERTEX_POINT ( 'NONE', #2045 ) ;
#3388 = LINE ( 'NONE', #6461, #6664 ) ;
#3389 = CARTESIAN_POINT ( 'NONE',  ( -0.8000000000000001554, 0.7600000000000001199, 0.3699999999999998290 ) ) ;
#3390 = DIRECTION ( 'NONE',  ( -0.000000000000000000, -1.000000000000000000, -0.000000000000000000 ) ) ;
#3391 = DIRECTION ( 'NONE',  ( 0.000000000000000000, 0.000000000000000000, 1.000000000000000000 ) ) ;
#3392 = CARTESIAN_POINT ( 'NONE',  ( -0.7700000000000001288, 0.02000000000000007674, -0.3700000000000001066 ) ) ;
#3393 = ADVANCED_FACE ( 'NONE', ( #4218 ), #6340, .F. ) ;
#3394 = EDGE_LOOP ( 'NONE', ( #3254, #6167, #34, #1335 ) ) ;
#3395 = SURFACE_STYLE_USAGE ( .BOTH. , #4777 ) ;
#3396 = ORIENTED_EDGE ( 'NONE', *, *, #2417, .F. ) ;
#3397 =( GEOMETRIC_REPRESENTATION_CONTEXT ( 3 ) GLOBAL_UNCERTAINTY_ASSIGNED_CONTEXT ( ( #6239 ) ) GLOBAL_UNIT_ASSIGNED_CONTEXT ( ( #6468, #4758, #615 ) ) REPRESENTATION_CONTEXT ( 'NONE', 'WORKASPACE' ) );
#3398 = PRESENTATION_LAYER_ASSIGNMENT (  '', '', ( #6628 ) ) ;
#3399 = CARTESIAN_POINT ( 'NONE',  ( 0.8000000000000001554, 0.7702943725152284760, 0.3875735931288071257 ) ) ;
#3400 = CARTESIAN_POINT ( 'NONE',  ( 0.8000000000000001554, 0.02000000000000011144, -0.3700000000000001066 ) ) ;
#3401 = DIRECTION ( 'NONE',  ( -0.000000000000000000, -0.000000000000000000, -1.000000000000000000 ) ) ;
#3402 = CARTESIAN_POINT ( 'NONE',  ( -0.7900000000000000355, 0.02999999999999997113, -0.3600000000000001532 ) ) ;
#3403 = VERTEX_POINT ( 'NONE', #570 ) ;
#3404 = FILL_AREA_STYLE_COLOUR ( '', #6757 ) ;
#3405 = ORIENTED_EDGE ( 'NONE', *, *, #700, .F. ) ;
#3406 =( LENGTH_UNIT ( ) NAMED_UNIT ( * ) SI_UNIT ( .MILLI., .METRE. ) );
#3407 = VERTEX_POINT ( 'NONE', #6446 ) ;
#3408 = ADVANCED_FACE ( 'NONE', ( #2264 ), #3282, .T. ) ;
#3409 = FILL_AREA_STYLE_COLOUR ( '', #6876 ) ;
#3410 = FILL_AREA_STYLE ('',( #1396 ) ) ;
#3411 = CYLINDRICAL_SURFACE ( 'NONE', #505, 0.02999999999999997113 ) ;
#3412 = FILL_AREA_STYLE_COLOUR ( '', #2669 ) ;
#3413 = PRESENTATION_STYLE_ASSIGNMENT (( #1715 ) ) ;
#3414 = VECTOR ( 'NONE', #472, 1000.000000000000000 ) ;
#3415 = STYLED_ITEM ( 'NONE', ( #6872 ), #1486 ) ;
#3416 = PLANE ( 'NONE',  #3087 ) ;
#3417 =( GEOMETRIC_REPRESENTATION_CONTEXT ( 3 ) GLOBAL_UNCERTAINTY_ASSIGNED_CONTEXT ( ( #777 ) ) GLOBAL_UNIT_ASSIGNED_CONTEXT ( ( #5619, #6620, #797 ) ) REPRESENTATION_CONTEXT ( 'NONE', 'WORKASPACE' ) );
#3418 = ORIENTED_EDGE ( 'NONE', *, *, #2238, .T. ) ;
#3419 = AXIS2_PLACEMENT_3D ( 'NONE', #2294, #2194, #1786 ) ;
#3420 = CYLINDRICAL_SURFACE ( 'NONE', #4546, 0.003337256679768706418 ) ;
#3421 = DIRECTION ( 'NONE',  ( -0.01298744226639455580, -0.000000000000000000, 0.9999156596150382548 ) ) ;
#3422 = MECHANICAL_DESIGN_GEOMETRIC_PRESENTATION_REPRESENTATION (  '', ( #2759 ), #1389 ) ;
#3423 = PRESENTATION_STYLE_ASSIGNMENT (( #367 ) ) ;
#3424 = ADVANCED_FACE ( 'NONE', ( #83 ), #3820, .T. ) ;
#3425 = APPLICATION_CONTEXT ( 'automotive_design' ) ;
#3426 = VECTOR ( 'NONE', #579, 1000.000000000000000 ) ;
#3427 = VECTOR ( 'NONE', #2610, 1000.000000000000000 ) ;
#3428 = VECTOR ( 'NONE', #6721, 1000.000000000000000 ) ;
#3429 = ORIENTED_EDGE ( 'NONE', *, *, #3939, .F. ) ;
#3430 = FILL_AREA_STYLE ('',( #6033 ) ) ;
#3431 = AXIS2_PLACEMENT_3D ( 'NONE', #2860, #4438, #6590 ) ;
#3432 =( GEOMETRIC_REPRESENTATION_CONTEXT ( 3 ) GLOBAL_UNCERTAINTY_ASSIGNED_CONTEXT ( ( #2313 ) ) GLOBAL_UNIT_ASSIGNED_CONTEXT ( ( #1839, #2498, #5626 ) ) REPRESENTATION_CONTEXT ( 'NONE', 'WORKASPACE' ) );
#3433 = DIRECTION ( 'NONE',  ( 1.000000000000000000, -0.000000000000000000, -0.000000000000000000 ) ) ;
#3434 = ORIENTED_EDGE ( 'NONE', *, *, #910, .F. ) ;
#3435 = MECHANICAL_DESIGN_GEOMETRIC_PRESENTATION_REPRESENTATION (  '', ( #1860 ), #6205 ) ;
#3436 = UNCERTAINTY_MEASURE_WITH_UNIT (LENGTH_MEASURE( 1.000000000000000082E-05 ), #5003, 'distance_accuracy_value', 'NONE');
#3437 = AXIS2_PLACEMENT_3D ( 'NONE', #1974, #3595, #2443 ) ;
#3438 = ORIENTED_EDGE ( 'NONE', *, *, #5435, .T. ) ;
#3439 = DIRECTION ( 'NONE',  ( -0.000000000000000000, -1.000000000000000000, -0.000000000000000000 ) ) ;
#3440 = LINE ( 'NONE', #6066, #3534 ) ;
#3441 = FILL_AREA_STYLE ('',( #1781 ) ) ;
#3442 = STYLED_ITEM ( 'NONE', ( #350 ), #6153 ) ;
#3443 = LINE ( 'NONE', #4496, #6889 ) ;
#3444 = LINE ( 'NONE', #2790, #4892 ) ;
#3445 = ORIENTED_EDGE ( 'NONE', *, *, #1638, .F. ) ;
#3446 = CARTESIAN_POINT ( 'NONE',  ( 0.3795462710254895455, 0.003000000000000000062, -0.04879976180185294221 ) ) ;
#3447 =( GEOMETRIC_REPRESENTATION_CONTEXT ( 3 ) GLOBAL_UNCERTAINTY_ASSIGNED_CONTEXT ( ( #4711 ) ) GLOBAL_UNIT_ASSIGNED_CONTEXT ( ( #6038, #5972, #380 ) ) REPRESENTATION_CONTEXT ( 'NONE', 'WORKASPACE' ) );
#3448 = ORIENTED_EDGE ( 'NONE', *, *, #2375, .T. ) ;
#3449 = CYLINDRICAL_SURFACE ( 'NONE', #1328, 0.006158018178927646483 ) ;
#3450 = ORIENTED_EDGE ( 'NONE', *, *, #945, .T. ) ;
#3451 = VECTOR ( 'NONE', #659, 1000.000000000000000 ) ;
#3452 = CARTESIAN_POINT ( 'NONE',  ( -0.8000000000000001554, 0.02000000000000005246, -0.4000000000000000777 ) ) ;
#3453 = SURFACE_SIDE_STYLE ('',( #870 ) ) ;
#3454 =( NAMED_UNIT ( * ) PLANE_ANGLE_UNIT ( ) SI_UNIT ( $, .RADIAN. ) );
#3455 = DIRECTION ( 'NONE',  ( -0.000000000000000000, -1.000000000000000000, -0.000000000000000000 ) ) ;
#3456 = FILL_AREA_STYLE_COLOUR ( '', #2978 ) ;
#3457 = COLOUR_RGB ( '',0.8941176470588234615, 0.4039215686274509887, 0.2431372549019607809 ) ;
#3458 = SURFACE_STYLE_FILL_AREA ( #5590 ) ;
#3459 = VERTEX_POINT ( 'NONE', #2156 ) ;
#3460 = STYLED_ITEM ( 'NONE', ( #5281 ), #585 ) ;
#3461 = DIRECTION ( 'NONE',  ( 0.000000000000000000, -0.000000000000000000, 1.000000000000000000 ) ) ;
#3462 = LINE ( 'NONE', #4006, #6545 ) ;
#3463 = LINE ( 'NONE', #1799, #6314 ) ;
#3464 = CARTESIAN_POINT ( 'NONE',  ( -0.8000000000000002665, 0.02000000000000013572, -0.3700000000000000511 ) ) ;
#3465 = LINE ( 'NONE', #5595, #881 ) ;
#3466 = EDGE_LOOP ( 'NONE', ( #5205, #4488, #117, #6043 ) ) ;
#3467 = SURFACE_SIDE_STYLE ('',( #5001 ) ) ;
#3468 = CARTESIAN_POINT ( 'NONE',  ( 0.5188791900677894864, 0.003000000000000000062, -0.08174568190881410790 ) ) ;
#3469 = CARTESIAN_POINT ( 'NONE',  ( 0.2803476042950979186, 0.000000000000000000, -0.02822637805886715756 ) ) ;
#3470 = EDGE_LOOP ( 'NONE', ( #5457, #6034, #6220, #2735 ) ) ;
#3471 = LINE ( 'NONE', #2327, #4774 ) ;
#3472 = SURFACE_STYLE_USAGE ( .BOTH. , #6640 ) ;
#3473 = DIRECTION ( 'NONE',  ( -0.000000000000000000, -0.000000000000000000, -1.000000000000000000 ) ) ;
#3474 = ORIENTED_EDGE ( 'NONE', *, *, #1027, .T. ) ;
#3475 = DIRECTION ( 'NONE',  ( -0.000000000000000000, -1.000000000000000000, -0.000000000000000000 ) ) ;
#3476 = VERTEX_POINT ( 'NONE', #664 ) ;
#3477 = DIRECTION ( 'NONE',  ( 0.000000000000000000, 0.000000000000000000, 1.000000000000000000 ) ) ;
#3478 = ORIENTED_EDGE ( 'NONE', *, *, #4016, .F. ) ;
#3479 = EDGE_CURVE ( 'NONE', #4866, #87, #5550, .T. ) ;
#3480 =( GEOMETRIC_REPRESENTATION_CONTEXT ( 3 ) GLOBAL_UNCERTAINTY_ASSIGNED_CONTEXT ( ( #5997 ) ) GLOBAL_UNIT_ASSIGNED_CONTEXT ( ( #506, #3606, #4723 ) ) REPRESENTATION_CONTEXT ( 'NONE', 'WORKASPACE' ) );
#3481 = CARTESIAN_POINT ( 'NONE',  ( 0.3744480512798593064, 0.003000000000000000062, -0.07252464859866522562 ) ) ;
#3482 = CARTESIAN_POINT ( 'NONE',  ( 0.2239978401694351640, 0.003000000000000000062, -0.1069829042204056835 ) ) ;
#3483 = CARTESIAN_POINT ( 'NONE',  ( 0.1239546528059941727, 0.000000000000000000, -0.05204809658087075630 ) ) ;
#3484 = FILL_AREA_STYLE_COLOUR ( '', #2533 ) ;
#3485 =( NAMED_UNIT ( * ) SI_UNIT ( $, .STERADIAN. ) SOLID_ANGLE_UNIT ( ) );
#3486 = CARTESIAN_POINT ( 'NONE',  ( 0.1373980087961464147, 0.000000000000000000, -0.1006350299428620948 ) ) ;
#3487 = ORIENTED_EDGE ( 'NONE', *, *, #6068, .T. ) ;
#3488 = CARTESIAN_POINT ( 'NONE',  ( 0.3795462710254895455, 0.000000000000000000, -0.02822637805886715756 ) ) ;
#3489 = CARTESIAN_POINT ( 'NONE',  ( -0.7700000000000002398, 0.7899999999999999245, 0.3875735931288070146 ) ) ;
#3490 =( NAMED_UNIT ( * ) SI_UNIT ( $, .STERADIAN. ) SOLID_ANGLE_UNIT ( ) );
#3491 = EDGE_CURVE ( 'NONE', #3935, #4071, #6039, .T. ) ;
#3492 = CARTESIAN_POINT ( 'NONE',  ( -0.7700000000000001288, 0.02000000000000005246, 0.3999999999999999667 ) ) ;
#3493 = ORIENTED_EDGE ( 'NONE', *, *, #4814, .T. ) ;
#3494 = PLANE ( 'NONE',  #2519 ) ;
#3495 = SURFACE_STYLE_USAGE ( .BOTH. , #4047 ) ;
#3496 = ORIENTED_EDGE ( 'NONE', *, *, #2340, .F. ) ;
#3497 = EDGE_CURVE ( 'NONE', #3777, #2332, #3443, .T. ) ;
#3498 = UNCERTAINTY_MEASURE_WITH_UNIT (LENGTH_MEASURE( 1.000000000000000082E-05 ), #6489, 'distance_accuracy_value', 'NONE');
#3499 =( LENGTH_UNIT ( ) NAMED_UNIT ( * ) SI_UNIT ( .MILLI., .METRE. ) );
#3500 = ORIENTED_EDGE ( 'NONE', *, *, #961, .F. ) ;
#3501 = LINE ( 'NONE', #5572, #1053 ) ;
#3502 = PLANE ( 'NONE',  #2867 ) ;
#3503 = CARTESIAN_POINT ( 'NONE',  ( 0.5229205373994898487, 0.003000000000000000062, -0.09919797363134306989 ) ) ;
#3504 = DIRECTION ( 'NONE',  ( 1.000000000000000000, 0.000000000000000000, -0.000000000000000000 ) ) ;
#3505 = ORIENTED_EDGE ( 'NONE', *, *, #3538, .T. ) ;
#3506 = PRESENTATION_STYLE_ASSIGNMENT (( #5159 ) ) ;
#3507 = CARTESIAN_POINT ( 'NONE',  ( 0.2479383188500637603, 0.000000000000000000, -0.1135792546526552677 ) ) ;
#3508 = UNCERTAINTY_MEASURE_WITH_UNIT (LENGTH_MEASURE( 1.000000000000000082E-05 ), #6788, 'distance_accuracy_value', 'NONE');
#3509 = FACE_OUTER_BOUND ( 'NONE', #5333, .T. ) ;
#3510 = EDGE_CURVE ( 'NONE', #5554, #5148, #2425, .T. ) ;
#3511 = DIRECTION ( 'NONE',  ( 0.000000000000000000, 0.000000000000000000, 1.000000000000000000 ) ) ;
#3512 = CARTESIAN_POINT ( 'NONE',  ( 0.2335176870820284134, -4.235164736271501695E-19, -0.05367500611619074879 ) ) ;
#3513 = CARTESIAN_POINT ( 'NONE',  ( 0.5250253739081551796, 0.003000000000000000062, -0.04055842633696740002 ) ) ;
#3514 = DIRECTION ( 'NONE',  ( 1.000000000000000000, 0.000000000000000000, 0.000000000000000000 ) ) ;
#3515 = SURFACE_STYLE_USAGE ( .BOTH. , #5648 ) ;
#3516 = UNCERTAINTY_MEASURE_WITH_UNIT (LENGTH_MEASURE( 1.000000000000000082E-05 ), #2548, 'distance_accuracy_value', 'NONE');
#3517 = FILL_AREA_STYLE_COLOUR ( '', #2554 ) ;
#3518 = ORIENTED_EDGE ( 'NONE', *, *, #6513, .F. ) ;
#3519 = CARTESIAN_POINT ( 'NONE',  ( 0.2399327853941375099, 0.003000000000000000062, -0.1115516379562313670 ) ) ;
#3520 = PLANE ( 'NONE',  #2872 ) ;
#3521 = LINE ( 'NONE', #4114, #3654 ) ;
#3522 = PRESENTATION_LAYER_ASSIGNMENT (  '', '', ( #6300 ) ) ;
#3523 = CARTESIAN_POINT ( 'NONE',  ( 0.4429153846565643260, 0.000000000000000000, -0.08182039739377539034 ) ) ;
#3524 = EDGE_CURVE ( 'NONE', #6539, #5820, #6098, .T. ) ;
#3525 =( GEOMETRIC_REPRESENTATION_CONTEXT ( 3 ) GLOBAL_UNCERTAINTY_ASSIGNED_CONTEXT ( ( #4843 ) ) GLOBAL_UNIT_ASSIGNED_CONTEXT ( ( #2266, #85, #4971 ) ) REPRESENTATION_CONTEXT ( 'NONE', 'WORKASPACE' ) );
#3526 = EDGE_LOOP ( 'NONE', ( #262, #6714, #4439, #3646 ) ) ;
#3527 = VECTOR ( 'NONE', #1086, 1000.000000000000000 ) ;
#3528 = SURFACE_SIDE_STYLE ('',( #915 ) ) ;
#3529 = DIRECTION ( 'NONE',  ( 1.000000000000000000, 0.000000000000000000, -0.000000000000000000 ) ) ;
#3530 = ORIENTED_EDGE ( 'NONE', *, *, #2172, .T. ) ;
#3531 = EDGE_CURVE ( 'NONE', #1324, #4754, #1246, .T. ) ;
#3532 = EDGE_CURVE ( 'NONE', #2716, #5380, #2330, .T. ) ;
#3533 = CARTESIAN_POINT ( 'NONE',  ( 0.5078988403312109101, 0.003000000000000000062, -0.1121352141941526354 ) ) ;
#3534 = VECTOR ( 'NONE', #1893, 1000.000000000000000 ) ;
#3535 = AXIS2_PLACEMENT_3D ( 'NONE', #5935, #4755, #1593 ) ;
#3536 = COLOUR_RGB ( '',0.8941176470588234615, 0.4039215686274509887, 0.2431372549019607809 ) ;
#3537 = CARTESIAN_POINT ( 'NONE',  ( 0.06614396386324637722, 0.003000000000000000062, -0.02822637805886715756 ) ) ;
#3538 = EDGE_CURVE ( 'NONE', #74, #4933, #1895, .T. ) ;
#3539 = DIRECTION ( 'NONE',  ( -0.000000000000000000, -1.000000000000000000, -0.000000000000000000 ) ) ;
#3540 = SURFACE_STYLE_USAGE ( .BOTH. , #1381 ) ;
#3541 = CARTESIAN_POINT ( 'NONE',  ( 0.5078988403312109101, 0.003000000000000000062, -0.1258999299338860178 ) ) ;
#3542 = DIRECTION ( 'NONE',  ( -1.000000000000000000, 0.000000000000000000, 0.000000000000000000 ) ) ;
#3543 = ORIENTED_EDGE ( 'NONE', *, *, #2496, .T. ) ;
#3544 = VECTOR ( 'NONE', #1212, 1000.000000000000000 ) ;
#3545 = VERTEX_POINT ( 'NONE', #4022 ) ;
#3546 = CARTESIAN_POINT ( 'NONE',  ( 0.7700000000000001288, 0.7600000000000001199, -0.4000000000000000777 ) ) ;
#3547 =( LENGTH_UNIT ( ) NAMED_UNIT ( * ) SI_UNIT ( .MILLI., .METRE. ) );
#3548 = AXIS2_PLACEMENT_3D ( 'NONE', #3468, #1920, #4618 ) ;
#3549 = PLANE ( 'NONE',  #986 ) ;
#3550 = MECHANICAL_DESIGN_GEOMETRIC_PRESENTATION_REPRESENTATION (  '', ( #5360 ), #522 ) ;
#3551 = LINE ( 'NONE', #5688, #5983 ) ;
#3552 = CARTESIAN_POINT ( 'NONE',  ( 0.5257606270092732847, 0.000000000000000000, -0.1006883056271078852 ) ) ;
#3553 = STYLED_ITEM ( 'NONE', ( #436 ), #4405 ) ;
#3554 = AXIS2_PLACEMENT_3D ( 'NONE', #1180, #2789, #5848 ) ;
#3555 = CARTESIAN_POINT ( 'NONE',  ( -0.7700000000000001288, 0.7600000000000001199, 0.3699999999999999956 ) ) ;
#3556 = SURFACE_STYLE_FILL_AREA ( #5086 ) ;
#3557 = ADVANCED_FACE ( 'NONE', ( #3943, #5606 ), #5121, .F. ) ;
#3558 = STYLED_ITEM ( 'NONE', ( #238 ), #6119 ) ;
#3559 =( GEOMETRIC_REPRESENTATION_CONTEXT ( 3 ) GLOBAL_UNCERTAINTY_ASSIGNED_CONTEXT ( ( #1031 ) ) GLOBAL_UNIT_ASSIGNED_CONTEXT ( ( #5806, #5381, #2712 ) ) REPRESENTATION_CONTEXT ( 'NONE', 'WORKASPACE' ) );
#3560 = PRESENTATION_LAYER_ASSIGNMENT (  '', '', ( #537 ) ) ;
#3561 = ORIENTED_EDGE ( 'NONE', *, *, #3090, .F. ) ;
#3562 =( GEOMETRIC_REPRESENTATION_CONTEXT ( 3 ) GLOBAL_UNCERTAINTY_ASSIGNED_CONTEXT ( ( #3840 ) ) GLOBAL_UNIT_ASSIGNED_CONTEXT ( ( #6180, #5075, #4629 ) ) REPRESENTATION_CONTEXT ( 'NONE', 'WORKASPACE' ) );
#3563 = SURFACE_SIDE_STYLE ('',( #1828 ) ) ;
#3564 = CARTESIAN_POINT ( 'NONE',  ( 0.5148982518008852205, 0.003000000000000000062, -0.1225023121905232382 ) ) ;
#3565 = FILL_AREA_STYLE_COLOUR ( '', #6656 ) ;
#3566 = VERTEX_POINT ( 'NONE', #6012 ) ;
#3567 = CARTESIAN_POINT ( 'NONE',  ( 0.5220709974093684647, 0.003000000000000000062, -0.04688998638497178517 ) ) ;
#3568 = EDGE_CURVE ( 'NONE', #6328, #1200, #1214, .T. ) ;
#3569 = AXIS2_PLACEMENT_3D ( 'NONE', #5494, #680, #6423 ) ;
#3570 = ORIENTED_EDGE ( 'NONE', *, *, #1174, .T. ) ;
#3571 = STYLED_ITEM ( 'NONE', ( #22 ), #612 ) ;
#3572 = ORIENTED_EDGE ( 'NONE', *, *, #3162, .F. ) ;
#3573 = VECTOR ( 'NONE', #1317, 1000.000000000000000 ) ;
#3574 =( NAMED_UNIT ( * ) SI_UNIT ( $, .STERADIAN. ) SOLID_ANGLE_UNIT ( ) );
#3575 = ORIENTED_EDGE ( 'NONE', *, *, #147, .T. ) ;
#3576 = B_SPLINE_CURVE_WITH_KNOTS ( 'NONE', 3,
 ( #3189, #2142, #3127, #2058, #5258, #3233, #4280 ),
 .UNSPECIFIED., .F., .F.,
 ( 4, 1, 1, 1, 4 ),
 ( 0.000000000000000000, 0.2815937549329925460, 0.5095778968687421084, 0.7385601484621064916, 1.000000000000000000 ),
 .UNSPECIFIED. ) ;
#3577 = CARTESIAN_POINT ( 'NONE',  ( 0.7700000000000001288, 0.7600000000000001199, 0.3699999999999999956 ) ) ;
#3578 = EDGE_LOOP ( 'NONE', ( #3709, #3010, #4163, #3587 ) ) ;
#3579 = LINE ( 'NONE', #2504, #6544 ) ;
#3580 =( NAMED_UNIT ( * ) PLANE_ANGLE_UNIT ( ) SI_UNIT ( $, .RADIAN. ) );
#3581 = DIRECTION ( 'NONE',  ( 0.000000000000000000, 0.000000000000000000, -1.000000000000000000 ) ) ;
#3582 = CARTESIAN_POINT ( 'NONE',  ( 0.5188791900677894864, 0.003000000000000000062, -0.08174568190881410790 ) ) ;
#3583 = LINE ( 'NONE', #5122, #1525 ) ;
#3584 = VERTEX_POINT ( 'NONE', #5074 ) ;
#3585 =( LENGTH_UNIT ( ) NAMED_UNIT ( * ) SI_UNIT ( .MILLI., .METRE. ) );
#3586 = CARTESIAN_POINT ( 'NONE',  ( 0.2803476042950979186, 0.003000000000000000062, -0.1348280044436376557 ) ) ;
#3587 = ORIENTED_EDGE ( 'NONE', *, *, #2863, .F. ) ;
#3588 = UNCERTAINTY_MEASURE_WITH_UNIT (LENGTH_MEASURE( 1.000000000000000082E-05 ), #1440, 'distance_accuracy_value', 'NONE');
#3589 = CARTESIAN_POINT ( 'NONE',  ( 0.5084205967598398601, 0.000000000000000000, -0.03645871607386060725 ) ) ;
#3590 = STYLED_ITEM ( 'NONE', ( #6852 ), #705 ) ;
#3591 = CIRCLE ( 'NONE', #2365, 0.05276469991732458259 ) ;
#3592 = CARTESIAN_POINT ( 'NONE',  ( -0.7700000000000001288, 0.7600000000000001199, 0.3999999999999999667 ) ) ;
#3593 = FILL_AREA_STYLE ('',( #3691 ) ) ;
#3594 = DIRECTION ( 'NONE',  ( 1.000000000000000000, 0.000000000000000000, -0.000000000000000000 ) ) ;
#3595 = DIRECTION ( 'NONE',  ( 0.000000000000000000, 1.000000000000000000, 0.000000000000000000 ) ) ;
#3596 = SURFACE_STYLE_USAGE ( .BOTH. , #5721 ) ;
#3597 = VECTOR ( 'NONE', #2024, 1000.000000000000000 ) ;
#3598 = EDGE_CURVE ( 'NONE', #4756, #6432, #5505, .T. ) ;
#3599 = CARTESIAN_POINT ( 'NONE',  ( 0.4000000000000000222, 0.7800000000000002487, -0.3600000000000001532 ) ) ;
#3600 = UNCERTAINTY_MEASURE_WITH_UNIT (LENGTH_MEASURE( 1.000000000000000082E-05 ), #1772, 'distance_accuracy_value', 'NONE');
#3601 = EDGE_LOOP ( 'NONE', ( #4465, #5271, #2651, #4728 ) ) ;
#3602 = CARTESIAN_POINT ( 'NONE',  ( 0.4429153846565643260, 0.003000000000000000062, -0.02905569747645081469 ) ) ;
#3603 = CARTESIAN_POINT ( 'NONE',  ( 0.7700000000000001288, 0.7900000000000001465, 0.3699999999999999956 ) ) ;
#3604 = PLANE ( 'NONE',  #1830 ) ;
#3605 = ORIENTED_EDGE ( 'NONE', *, *, #4066, .F. ) ;
#3606 =( NAMED_UNIT ( * ) PLANE_ANGLE_UNIT ( ) SI_UNIT ( $, .RADIAN. ) );
#3607 = ORIENTED_EDGE ( 'NONE', *, *, #4037, .F. ) ;
#3608 = EDGE_LOOP ( 'NONE', ( #5496, #3892, #6424, #3808 ) ) ;
#3609 = PLANE ( 'NONE',  #704 ) ;
#3610 = PRESENTATION_STYLE_ASSIGNMENT (( #5257 ) ) ;
#3611 = CARTESIAN_POINT ( 'NONE',  ( 0.06614396386324637722, 0.003000000000000000062, -0.06479096632406079748 ) ) ;
#3612 = ORIENTED_EDGE ( 'NONE', *, *, #3257, .F. ) ;
#3613 = EDGE_CURVE ( 'NONE', #4509, #2716, #3915, .T. ) ;
#3614 = DIRECTION ( 'NONE',  ( 0.000000000000000000, 0.000000000000000000, -1.000000000000000000 ) ) ;
#3615 = FACE_OUTER_BOUND ( 'NONE', #3738, .T. ) ;
#3616 = PLANE ( 'NONE',  #4353 ) ;
#3617 = ORIENTED_EDGE ( 'NONE', *, *, #4453, .F. ) ;
#3619 = ORIENTED_EDGE ( 'NONE', *, *, #4390, .F. ) ;
#3618 = SURFACE_STYLE_FILL_AREA ( #2039 ) ;
#3620 = SURFACE_STYLE_FILL_AREA ( #820 ) ;
#3621 = DIRECTION ( 'NONE',  ( 0.000000000000000000, 1.000000000000000000, 0.000000000000000000 ) ) ;
#3622 = CARTESIAN_POINT ( 'NONE',  ( 0.5248440630991575429, 0.000000000000000000, -0.03300149384119212270 ) ) ;
#3623 = EDGE_CURVE ( 'NONE', #678, #1324, #1419, .T. ) ;
#3624 = SURFACE_STYLE_USAGE ( .BOTH. , #6262 ) ;
#3625 = DIRECTION ( 'NONE',  ( 0.000000000000000000, 0.000000000000000000, 1.000000000000000000 ) ) ;
#3626 =( NAMED_UNIT ( * ) SI_UNIT ( $, .STERADIAN. ) SOLID_ANGLE_UNIT ( ) );
#3627 = DIRECTION ( 'NONE',  ( -1.000000000000000000, 0.000000000000000000, 0.000000000000000000 ) ) ;
#3628 = CARTESIAN_POINT ( 'NONE',  ( 0.5148982518008852205, 0.000000000000000000, -0.1225023121905232382 ) ) ;
#3629 = VECTOR ( 'NONE', #4322, 1000.000000000000000 ) ;
#3630 = EDGE_CURVE ( 'NONE', #2098, #4118, #5364, .T. ) ;
#3631 = CARTESIAN_POINT ( 'NONE',  ( 0.1959584026015205316, 4.235164736271501695E-19, -0.1075953568382304604 ) ) ;
#3632 = DIRECTION ( 'NONE',  ( -1.000000000000000000, 0.000000000000000000, 0.000000000000000000 ) ) ;
#3633 =( NAMED_UNIT ( * ) SI_UNIT ( $, .STERADIAN. ) SOLID_ANGLE_UNIT ( ) );
#3634 = PRODUCT ( 'CC0603KRX7R7BB104', 'CC0603KRX7R7BB104', '', ( #1173 ) ) ;
#3635 = ADVANCED_FACE ( 'NONE', ( #2579 ), #4732, .F. ) ;
#3636 = ORIENTED_EDGE ( 'NONE', *, *, #5843, .T. ) ;
#3637 =( NAMED_UNIT ( * ) SI_UNIT ( $, .STERADIAN. ) SOLID_ANGLE_UNIT ( ) );
#3638 = SURFACE_STYLE_USAGE ( .BOTH. , #4834 ) ;
#3639 = ORIENTED_EDGE ( 'NONE', *, *, #1741, .F. ) ;
#3640 = PRODUCT_DEFINITION_CONTEXT ( 'detailed design', #4982, 'design' ) ;
#3641 = AXIS2_PLACEMENT_3D ( 'NONE', #4034, #6724, #6618 ) ;
#3642 = DIRECTION ( 'NONE',  ( -0.000000000000000000, -1.000000000000000000, -0.000000000000000000 ) ) ;
#3643 = FACE_OUTER_BOUND ( 'NONE', #2379, .T. ) ;
#3644 = PRESENTATION_LAYER_ASSIGNMENT (  '', '', ( #1841 ) ) ;
#3645 = PRESENTATION_STYLE_ASSIGNMENT (( #4167 ) ) ;
#3646 = ORIENTED_EDGE ( 'NONE', *, *, #4804, .T. ) ;
#3647 =( BOUNDED_SURFACE ( )  B_SPLINE_SURFACE ( 3, 3, ( 
 ( #1694, #5523, #4485, #102 ),
 ( #4927, #161, #3871, #2312 ),
 ( #1203, #5495, #6565, #4956 ),
 ( #5301, #681, #1234, #5463 ) ),
 .UNSPECIFIED., .F., .F., .F. ) 
 B_SPLINE_SURFACE_WITH_KNOTS ( ( 4, 4 ),
 ( 4, 4 ),
 ( 0.000000000000000000, 1.000000000000000000 ),
 ( 0.000000000000000000, 1.000000000000000000 ),
 .UNSPECIFIED. ) 
 GEOMETRIC_REPRESENTATION_ITEM ( )  RATIONAL_B_SPLINE_SURFACE ( (
 ( 1.000000000000000000, 0.8047378541243649375, 0.8047378541243649375, 1.000000000000000000),
 ( 0.8047378541243649375, 0.6476030138606876374, 0.6476030138606876374, 0.8047378541243649375),
 ( 0.8047378541243649375, 0.6476030138606876374, 0.6476030138606876374, 0.8047378541243649375),
 ( 1.000000000000000000, 0.8047378541243649375, 0.8047378541243649375, 1.000000000000000000) ) ) 
 REPRESENTATION_ITEM ( '' )  SURFACE ( )  );
#3649 = ORIENTED_EDGE ( 'NONE', *, *, #344, .T. ) ;
#3648 =( LENGTH_UNIT ( ) NAMED_UNIT ( * ) SI_UNIT ( .MILLI., .METRE. ) );
#3650 = DIRECTION ( 'NONE',  ( 0.000000000000000000, 0.000000000000000000, 1.000000000000000000 ) ) ;
#3651 = CARTESIAN_POINT ( 'NONE',  ( 0.5209455743335885680, 0.003000000000000000062, -0.05803963744639718814 ) ) ;
#3652 = UNCERTAINTY_MEASURE_WITH_UNIT (LENGTH_MEASURE( 1.000000000000000082E-05 ), #3986, 'distance_accuracy_value', 'NONE');
#3653 = CARTESIAN_POINT ( 'NONE',  ( 0.5220709974093684647, 0.003000000000000000062, -0.04688998638497178517 ) ) ;
#3654 = VECTOR ( 'NONE', #5654, 1000.000000000000227 ) ;
#3655 =( NAMED_UNIT ( * ) PLANE_ANGLE_UNIT ( ) SI_UNIT ( $, .RADIAN. ) );
#3656 =( NAMED_UNIT ( * ) SI_UNIT ( $, .STERADIAN. ) SOLID_ANGLE_UNIT ( ) );
#3657 = CIRCLE ( 'NONE', #624, 0.02999999999999997113 ) ;
#3658 = CARTESIAN_POINT ( 'NONE',  ( 0.03995848295781381787, 0.003000000000000000062, -0.06479096632406079748 ) ) ;
#3659 = AXIS2_PLACEMENT_3D ( 'NONE', #3386, #6519, #220 ) ;
#3660 = VECTOR ( 'NONE', #5873, 1000.000000000000000 ) ;
#3661 = AXIS2_PLACEMENT_3D ( 'NONE', #5702, #6773, #2975 ) ;
#3662 = VECTOR ( 'NONE', #5831, 1000.000000000000000 ) ;
#3663 =( LENGTH_UNIT ( ) NAMED_UNIT ( * ) SI_UNIT ( .MILLI., .METRE. ) );
#3664 = UNCERTAINTY_MEASURE_WITH_UNIT (LENGTH_MEASURE( 1.000000000000000082E-05 ), #2459, 'distance_accuracy_value', 'NONE');
#3665 = MECHANICAL_DESIGN_GEOMETRIC_PRESENTATION_REPRESENTATION (  '', ( #2775 ), #3981 ) ;
#3666 = EDGE_CURVE ( 'NONE', #6035, #2744, #3135, .T. ) ;
#3667 = COLOUR_RGB ( '',0.7921568627450980005, 0.8196078431372548767, 0.9333333333333333481 ) ;
#3668 = MECHANICAL_DESIGN_GEOMETRIC_PRESENTATION_REPRESENTATION (  '', ( #6666 ), #3672 ) ;
#3669 = SURFACE_STYLE_USAGE ( .BOTH. , #6270 ) ;
#3670 =( LENGTH_UNIT ( ) NAMED_UNIT ( * ) SI_UNIT ( .MILLI., .METRE. ) );
#3671 = VECTOR ( 'NONE', #6067, 1000.000000000000000 ) ;
#3672 =( GEOMETRIC_REPRESENTATION_CONTEXT ( 3 ) GLOBAL_UNCERTAINTY_ASSIGNED_CONTEXT ( ( #4636 ) ) GLOBAL_UNIT_ASSIGNED_CONTEXT ( ( #1069, #2223, #5837 ) ) REPRESENTATION_CONTEXT ( 'NONE', 'WORKASPACE' ) );
#3673 = FACE_OUTER_BOUND ( 'NONE', #6162, .T. ) ;
#3674 = EDGE_CURVE ( 'NONE', #1144, #4253, #6179, .T. ) ;
#3675 = MECHANICAL_DESIGN_GEOMETRIC_PRESENTATION_REPRESENTATION (  '', ( #3779 ), #5996 ) ;
#3676 = ORIENTED_EDGE ( 'NONE', *, *, #1365, .T. ) ;
#3677 = LINE ( 'NONE', #6838, #5378 ) ;
#3678 = ORIENTED_EDGE ( 'NONE', *, *, #3623, .F. ) ;
#3679 = CIRCLE ( 'NONE', #6237, 0.03031200129420755576 ) ;
#3680 = EDGE_CURVE ( 'NONE', #5507, #4188, #4996, .T. ) ;
#3681 = CARTESIAN_POINT ( 'NONE',  ( 0.2420085203291615639, 0.003000000000000000062, -0.1348280044436376557 ) ) ;
#3682 = ORIENTED_EDGE ( 'NONE', *, *, #3925, .F. ) ;
#3683 =( LENGTH_UNIT ( ) NAMED_UNIT ( * ) SI_UNIT ( .MILLI., .METRE. ) );
#3684 = DIRECTION ( 'NONE',  ( -0.000000000000000000, -1.000000000000000000, -0.000000000000000000 ) ) ;
#3685 = VERTEX_POINT ( 'NONE', #2604 ) ;
#3686 =( NAMED_UNIT ( * ) SI_UNIT ( $, .STERADIAN. ) SOLID_ANGLE_UNIT ( ) );
#3687 = SURFACE_STYLE_USAGE ( .BOTH. , #5715 ) ;
#3688 =( LENGTH_UNIT ( ) NAMED_UNIT ( * ) SI_UNIT ( .MILLI., .METRE. ) );
#3689 = B_SPLINE_SURFACE_WITH_KNOTS ( 'NONE', 3, 1, ( 
 ( #5643, #2930 ),
 ( #247, #3512 ),
 ( #2402, #1865 ),
 ( #1792, #2959 ),
 ( #2996, #6722 ),
 ( #3482, #5083 ),
 ( #328, #5132 ),
 ( #1936, #4001 ) ),
 .UNSPECIFIED., .F., .F., .F.,
 ( 4, 1, 1, 1, 1, 4 ),
 ( 2, 2 ),
 ( 0.000000000000000000, 0.2381054809262195260, 0.3540282173859492509, 0.5079153937562340682, 0.7090555150877102530, 1.000000000000000000 ),
 ( 0.000000000000000000, 1.000000000000000000 ),
 .UNSPECIFIED. ) ;
#3690 = SURFACE_STYLE_FILL_AREA ( #1435 ) ;
#3691 = FILL_AREA_STYLE_COLOUR ( '', #1256 ) ;
#3692 = LINE ( 'NONE', #6896, #5649 ) ;
#3693 = CARTESIAN_POINT ( 'NONE',  ( 0.5123449194841804832, 0.000000000000000000, -0.04042466694274549771 ) ) ;
#3694 = ORIENTED_EDGE ( 'NONE', *, *, #2138, .F. ) ;
#3695 = DIRECTION ( 'NONE',  ( 1.000000000000000000, 0.000000000000000000, 0.000000000000000000 ) ) ;
#3696 = VECTOR ( 'NONE', #863, 1000.000000000000000 ) ;
#3697 = EDGE_CURVE ( 'NONE', #6821, #5510, #5710, .T. ) ;
#3698 = DIRECTION ( 'NONE',  ( -1.000000000000000000, 0.000000000000000000, -0.000000000000000000 ) ) ;
#3699 = EDGE_CURVE ( 'NONE', #4863, #6478, #3056, .T. ) ;
#3700 = LINE ( 'NONE', #1122, #1855 ) ;
#3701 = FACE_OUTER_BOUND ( 'NONE', #1433, .T. ) ;
#3702 = STYLED_ITEM ( 'NONE', ( #3423 ), #170 ) ;
#3703 = ORIENTED_EDGE ( 'NONE', *, *, #3524, .T. ) ;
#3704 = EDGE_CURVE ( 'NONE', #4620, #4118, #1958, .T. ) ;
#3705 = VERTEX_POINT ( 'NONE', #5296 ) ;
#3706 = CARTESIAN_POINT ( 'NONE',  ( 0.5120076289780736145, 0.003000000000000000062, -0.06259880273125538463 ) ) ;
#3707 = SURFACE_STYLE_USAGE ( .BOTH. , #2671 ) ;
#3708 = ORIENTED_EDGE ( 'NONE', *, *, #6676, .F. ) ;
#3709 = ORIENTED_EDGE ( 'NONE', *, *, #6517, .F. ) ;
#3710 = DIRECTION ( 'NONE',  ( -0.9360570467372169023, 0.000000000000000000, -0.3518482702154436814 ) ) ;
#3711 = SURFACE_SIDE_STYLE ('',( #620 ) ) ;
#3712 =( LENGTH_UNIT ( ) NAMED_UNIT ( * ) SI_UNIT ( .MILLI., .METRE. ) );
#3713 = ORIENTED_EDGE ( 'NONE', *, *, #3666, .F. ) ;
#3714 = DIRECTION ( 'NONE',  ( 0.3666781236024608259, -0.000000000000000000, 0.9303478670214589963 ) ) ;
#3715 = UNCERTAINTY_MEASURE_WITH_UNIT (LENGTH_MEASURE( 1.000000000000000082E-05 ), #3202, 'distance_accuracy_value', 'NONE');
#3716 = CARTESIAN_POINT ( 'NONE',  ( 0.5170852029101958847, 0.003000000000000000062, -0.05803963744639718814 ) ) ;
#3717 = PLANE ( 'NONE',  #726 ) ;
#3718 = CARTESIAN_POINT ( 'NONE',  ( 0.5257606270092732847, 0.003000000000000000062, -0.1006883056271078852 ) ) ;
#3719 = CYLINDRICAL_SURFACE ( 'NONE', #3096, 0.02999999999999997113 ) ;
#3720 = CARTESIAN_POINT ( 'NONE',  ( 0.5123449194841804832, 0.003000000000000000062, -0.04042466694274549771 ) ) ;
#3721 = ORIENTED_EDGE ( 'NONE', *, *, #2903, .T. ) ;
#3722 = DIRECTION ( 'NONE',  ( 0.000000000000000000, 0.000000000000000000, -1.000000000000000000 ) ) ;
#3723 = VERTEX_POINT ( 'NONE', #3164 ) ;
#3724 = SURFACE_STYLE_FILL_AREA ( #1581 ) ;
#3725 = EDGE_CURVE ( 'NONE', #5158, #4866, #4131, .T. ) ;
#3726 = DIRECTION ( 'NONE',  ( -0.000000000000000000, -1.000000000000000000, -0.000000000000000000 ) ) ;
#3727 = PRESENTATION_STYLE_ASSIGNMENT (( #1584 ) ) ;
#3728 = VECTOR ( 'NONE', #6404, 1000.000000000000000 ) ;
#3729 = CARTESIAN_POINT ( 'NONE',  ( 0.5209455743335885680, 0.003000000000000000062, -0.06004042221169466481 ) ) ;
#3730 = DIRECTION ( 'NONE',  ( 0.000000000000000000, 0.000000000000000000, 1.000000000000000000 ) ) ;
#3731 = PRESENTATION_STYLE_ASSIGNMENT (( #3153 ) ) ;
#3732 = EDGE_LOOP ( 'NONE', ( #554, #3619, #4558, #385 ) ) ;
#3733 =( GEOMETRIC_REPRESENTATION_CONTEXT ( 3 ) GLOBAL_UNCERTAINTY_ASSIGNED_CONTEXT ( ( #5202 ) ) GLOBAL_UNIT_ASSIGNED_CONTEXT ( ( #4161, #6208, #3637 ) ) REPRESENTATION_CONTEXT ( 'NONE', 'WORKASPACE' ) );
#3734 = CARTESIAN_POINT ( 'NONE',  ( 0.5078314603514237913, 0.003000000000000000062, -0.09401032424267029286 ) ) ;
#3735 = ORIENTED_EDGE ( 'NONE', *, *, #4486, .T. ) ;
#3736 = CARTESIAN_POINT ( 'NONE',  ( 0.5209455743335885680, 0.000000000000000000, -0.06004042221169466481 ) ) ;
#3737 = DIRECTION ( 'NONE',  ( -0.000000000000000000, -1.000000000000000000, -0.000000000000000000 ) ) ;
#3738 = EDGE_LOOP ( 'NONE', ( #5336, #1752, #4630, #6464 ) ) ;
#3739 = B_SPLINE_SURFACE_WITH_KNOTS ( 'NONE', 3, 1, ( 
 ( #3141, #6230 ),
 ( #1434, #3589 ),
 ( #3170, #2068 ),
 ( #1470, #4258 ),
 ( #2041, #3622 ),
 ( #4172, #5302 ),
 ( #5716, #6333 ) ),
 .UNSPECIFIED., .F., .F., .F.,
 ( 4, 1, 1, 1, 4 ),
 ( 2, 2 ),
 ( 0.000000000000000000, 0.2815937549329925460, 0.5095778968687421084, 0.7385601484621064916, 1.000000000000000000 ),
 ( 0.000000000000000000, 1.000000000000000000 ),
 .UNSPECIFIED. ) ;
#3740 = EDGE_CURVE ( 'NONE', #1375, #6839, #5807, .T. ) ;
#3741 = VERTEX_POINT ( 'NONE', #5679 ) ;
#3742 = CARTESIAN_POINT ( 'NONE',  ( -0.7900000000000000355, 0.02999999999999997113, -0.3900000000000001243 ) ) ;
#3743 = DIRECTION ( 'NONE',  ( -0.000000000000000000, -1.000000000000000000, -0.000000000000000000 ) ) ;
#3744 = EDGE_LOOP ( 'NONE', ( #3396, #1930, #6093, #452 ) ) ;
#3745 = EDGE_CURVE ( 'NONE', #4164, #2572, #5783, .T. ) ;
#3746 = ORIENTED_EDGE ( 'NONE', *, *, #4937, .F. ) ;
#3747 =( NAMED_UNIT ( * ) SI_UNIT ( $, .STERADIAN. ) SOLID_ANGLE_UNIT ( ) );
#3748 = VECTOR ( 'NONE', #6685, 1000.000000000000000 ) ;
#3749 = CARTESIAN_POINT ( 'NONE',  ( 0.3250174859200531396, 0.003000000000000000062, -0.07252464859866522562 ) ) ;
#3750 =( NAMED_UNIT ( * ) SI_UNIT ( $, .STERADIAN. ) SOLID_ANGLE_UNIT ( ) );
#3751 = CARTESIAN_POINT ( 'NONE',  ( 0.08349208317513591437, 0.003000000000000000062, -0.02822637805886715756 ) ) ;
#3752 = ORIENTED_EDGE ( 'NONE', *, *, #5451, .T. ) ;
#3753 = AXIS2_PLACEMENT_3D ( 'NONE', #2550, #975, #4744 ) ;
#3754 = CARTESIAN_POINT ( 'NONE',  ( 0.5291540010148010342, 0.000000000000000000, -0.05105430400072100139 ) ) ;
#3755 = AXIS2_PLACEMENT_3D ( 'NONE', #1846, #890, #4668 ) ;
#3756 =( GEOMETRIC_REPRESENTATION_CONTEXT ( 3 ) GLOBAL_UNCERTAINTY_ASSIGNED_CONTEXT ( ( #980 ) ) GLOBAL_UNIT_ASSIGNED_CONTEXT ( ( #2092, #4791, #2135 ) ) REPRESENTATION_CONTEXT ( 'NONE', 'WORKASPACE' ) );
#3757 =( NAMED_UNIT ( * ) SI_UNIT ( $, .STERADIAN. ) SOLID_ANGLE_UNIT ( ) );
#3758 = VECTOR ( 'NONE', #2230, 1000.000000000000000 ) ;
#3759 = VECTOR ( 'NONE', #1447, 1000.000000000000000 ) ;
#3760 = CARTESIAN_POINT ( 'NONE',  ( 0.05327345187919454300, 0.003000000000000000062, -0.08625706701872583315 ) ) ;
#3761 = CIRCLE ( 'NONE', #3659, 0.006158018178927646483 ) ;
#3762 =( GEOMETRIC_REPRESENTATION_CONTEXT ( 3 ) GLOBAL_UNCERTAINTY_ASSIGNED_CONTEXT ( ( #5529 ) ) GLOBAL_UNIT_ASSIGNED_CONTEXT ( ( #3126, #2201, #451 ) ) REPRESENTATION_CONTEXT ( 'NONE', 'WORKASPACE' ) );
#3763 = SURFACE_SIDE_STYLE ('',( #3384 ) ) ;
#3764 = LINE ( 'NONE', #1586, #2767 ) ;
#3765 = SURFACE_SIDE_STYLE ('',( #4183 ) ) ;
#3766 =( GEOMETRIC_REPRESENTATION_CONTEXT ( 3 ) GLOBAL_UNCERTAINTY_ASSIGNED_CONTEXT ( ( #2818 ) ) GLOBAL_UNIT_ASSIGNED_CONTEXT ( ( #5284, #3259, #5366 ) ) REPRESENTATION_CONTEXT ( 'NONE', 'WORKASPACE' ) );
#3767 = SURFACE_STYLE_USAGE ( .BOTH. , #1619 ) ;
#3768 = AXIS2_PLACEMENT_3D ( 'NONE', #6642, #1849, #1783 ) ;
#3769 = CARTESIAN_POINT ( 'NONE',  ( 0.06614396386324637722, 0.000000000000000000, -0.06479096632406079748 ) ) ;
#3770 = ORIENTED_EDGE ( 'NONE', *, *, #5829, .T. ) ;
#3771 = VECTOR ( 'NONE', #5442, 1000.000000000000000 ) ;
#3772 = FACE_OUTER_BOUND ( 'NONE', #3893, .T. ) ;
#3773 = DIRECTION ( 'NONE',  ( 0.000000000000000000, 1.000000000000000000, 0.000000000000000000 ) ) ;
#3774 = STYLED_ITEM ( 'NONE', ( #1704 ), #4616 ) ;
#3775 = VECTOR ( 'NONE', #2702, 1000.000000000000000 ) ;
#3776 = PRESENTATION_STYLE_ASSIGNMENT (( #1095 ) ) ;
#3777 = VERTEX_POINT ( 'NONE', #3091 ) ;
#3778 = ADVANCED_FACE ( 'NONE', ( #5229 ), #2114, .F. ) ;
#3779 = STYLED_ITEM ( 'NONE', ( #3911 ), #6313 ) ;
#3780 = FACE_OUTER_BOUND ( 'NONE', #295, .T. ) ;
#3781 = STYLED_ITEM ( 'NONE', ( #482 ), #4798 ) ;
#3782 = EDGE_CURVE ( 'NONE', #1287, #4810, #2813, .T. ) ;
#3783 = ORIENTED_EDGE ( 'NONE', *, *, #6026, .T. ) ;
#3784 = DIRECTION ( 'NONE',  ( 1.000000000000000000, 0.000000000000000000, 0.000000000000000000 ) ) ;
#3785 = MECHANICAL_DESIGN_GEOMETRIC_PRESENTATION_REPRESENTATION (  '', ( #5017 ), #4906 ) ;
#3786 = FILL_AREA_STYLE_COLOUR ( '', #415 ) ;
#3787 = FILL_AREA_STYLE ('',( #1533 ) ) ;
#3788 = EDGE_LOOP ( 'NONE', ( #4841, #3649, #4764, #3308 ) ) ;
#3789 = UNCERTAINTY_MEASURE_WITH_UNIT (LENGTH_MEASURE( 1.000000000000000082E-05 ), #1745, 'distance_accuracy_value', 'NONE');
#3790 = COLOUR_RGB ( '',0.7921568627450980005, 0.8196078431372548767, 0.9333333333333333481 ) ;
#3791 = FILL_AREA_STYLE_COLOUR ( '', #4792 ) ;
#3792 = ORIENTED_EDGE ( 'NONE', *, *, #30, .F. ) ;
#3793 = SURFACE_STYLE_USAGE ( .BOTH. , #1249 ) ;
#3794 = DIRECTION ( 'NONE',  ( -0.000000000000000000, -1.000000000000000000, -0.000000000000000000 ) ) ;
#3795 =( NAMED_UNIT ( * ) SI_UNIT ( $, .STERADIAN. ) SOLID_ANGLE_UNIT ( ) );
#3796 = LINE ( 'NONE', #2621, #2430 ) ;
#3797 =( NAMED_UNIT ( * ) PLANE_ANGLE_UNIT ( ) SI_UNIT ( $, .RADIAN. ) );
#3798 = SURFACE_STYLE_USAGE ( .BOTH. , #1659 ) ;
#3799 = ADVANCED_FACE ( 'NONE', ( #588 ), #3837, .F. ) ;
#3800 = CARTESIAN_POINT ( 'NONE',  ( 0.3250174859200531396, 0.000000000000000000, -0.04879976180185294221 ) ) ;
#3801 = EDGE_CURVE ( 'NONE', #1797, #4970, #2742, .T. ) ;
#3802 = CARTESIAN_POINT ( 'NONE',  ( 0.5288647974072393509, 0.000000000000000000, -0.07109393804620700585 ) ) ;
#3803 = AXIS2_PLACEMENT_3D ( 'NONE', #3537, #4624, #5153 ) ;
#3804 = ORIENTED_EDGE ( 'NONE', *, *, #4276, .F. ) ;
#3805 = LINE ( 'NONE', #61, #951 ) ;
#3806 = DIRECTION ( 'NONE',  ( 0.8652279594980666344, 0.000000000000000000, -0.5013786773515723771 ) ) ;
#3807 = DIRECTION ( 'NONE',  ( -0.000000000000000000, -1.000000000000000000, -0.000000000000000000 ) ) ;
#3808 = ORIENTED_EDGE ( 'NONE', *, *, #1227, .T. ) ;
#3809 = DIRECTION ( 'NONE',  ( -0.000000000000000000, -1.000000000000000000, -0.000000000000000000 ) ) ;
#3810 = ORIENTED_EDGE ( 'NONE', *, *, #4651, .T. ) ;
#3811 = FILL_AREA_STYLE ('',( #4867 ) ) ;
#3812 = LINE ( 'NONE', #2257, #5371 ) ;
#3813 = ORIENTED_EDGE ( 'NONE', *, *, #133, .T. ) ;
#3814 = DIRECTION ( 'NONE',  ( -0.000000000000000000, -0.000000000000000000, 1.000000000000000000 ) ) ;
#3815 = LINE ( 'NONE', #3889, #3343 ) ;
#3816 = CARTESIAN_POINT ( 'NONE',  ( -0.7875735931288071479, 0.002426406871192865553, 0.4000000000000000777 ) ) ;
#3817 = ORIENTED_EDGE ( 'NONE', *, *, #3524, .F. ) ;
#3818 = DIRECTION ( 'NONE',  ( -0.000000000000000000, -0.000000000000000000, -1.000000000000000000 ) ) ;
#3819 = PLANE ( 'NONE',  #334 ) ;
#3820 =( BOUNDED_SURFACE ( )  B_SPLINE_SURFACE ( 3, 3, ( 
 ( #1079, #2720, #5441, #16 ),
 ( #4366, #3816, #3306, #3204 ),
 ( #538, #4909, #115, #3252 ),
 ( #4393, #5477, #2691, #6504 ) ),
 .UNSPECIFIED., .F., .F., .F. ) 
 B_SPLINE_SURFACE_WITH_KNOTS ( ( 4, 4 ),
 ( 4, 4 ),
 ( 0.000000000000000000, 1.000000000000000000 ),
 ( 0.000000000000000000, 1.000000000000000000 ),
 .UNSPECIFIED. ) 
 GEOMETRIC_REPRESENTATION_ITEM ( )  RATIONAL_B_SPLINE_SURFACE ( (
 ( 1.000000000000000000, 0.8047378541243652705, 0.8047378541243652705, 1.000000000000000000),
 ( 0.8047378541243649375, 0.6476030138606879705, 0.6476030138606879705, 0.8047378541243649375),
 ( 0.8047378541243649375, 0.6476030138606879705, 0.6476030138606879705, 0.8047378541243649375),
 ( 1.000000000000000000, 0.8047378541243652705, 0.8047378541243652705, 1.000000000000000000) ) ) 
 REPRESENTATION_ITEM ( '' )  SURFACE ( )  );
#3821 = CARTESIAN_POINT ( 'NONE',  ( 0.5200271813265667786, 0.003000000000000000062, -0.06515718325081611140 ) ) ;
#3822 = ADVANCED_FACE ( 'NONE', ( #1102 ), #4251, .F. ) ;
#3823 = FACE_OUTER_BOUND ( 'NONE', #4931, .T. ) ;
#3824 = SURFACE_SIDE_STYLE ('',( #1685 ) ) ;
#3825 = ADVANCED_FACE ( 'NONE', ( #3879 ), #1207, .F. ) ;
#3826 = FILL_AREA_STYLE_COLOUR ( '', #4225 ) ;
#3827 = LINE ( 'NONE', #6389, #2419 ) ;
#3828 = ORIENTED_EDGE ( 'NONE', *, *, #294, .F. ) ;
#3829 = CARTESIAN_POINT ( 'NONE',  ( 0.5250253739081551796, 0.003000000000000000062, -0.04055842633696740002 ) ) ;
#3830 = CARTESIAN_POINT ( 'NONE',  ( 0.7700000000000001288, -0.009999999999999863165, 0.3699999999999999956 ) ) ;
#3831 = LINE ( 'NONE', #130, #929 ) ;
#3832 = VECTOR ( 'NONE', #1063, 1000.000000000000000 ) ;
#3833 = UNCERTAINTY_MEASURE_WITH_UNIT (LENGTH_MEASURE( 1.000000000000000082E-05 ), #2535, 'distance_accuracy_value', 'NONE');
#3834 = LINE ( 'NONE', #1134, #1597 ) ;
#3835 = ORIENTED_EDGE ( 'NONE', *, *, #2602, .F. ) ;
#3836 = DIRECTION ( 'NONE',  ( -1.000000000000000000, 0.000000000000000000, 0.000000000000000000 ) ) ;
#3837 = PLANE ( 'NONE',  #4350 ) ;
#3838 = FILL_AREA_STYLE_COLOUR ( '', #5129 ) ;
#3839 = ORIENTED_EDGE ( 'NONE', *, *, #4396, .F. ) ;
#3840 = UNCERTAINTY_MEASURE_WITH_UNIT (LENGTH_MEASURE( 1.000000000000000082E-05 ), #6180, 'distance_accuracy_value', 'NONE');
#3841 = CARTESIAN_POINT ( 'NONE',  ( 0.4000000000000000222, 0.7900000000000001465, 0.3999999999999999667 ) ) ;
#3842 = FILL_AREA_STYLE_COLOUR ( '', #4882 ) ;
#3843 = PRESENTATION_LAYER_ASSIGNMENT (  '', '', ( #6860 ) ) ;
#3844 = SURFACE_STYLE_FILL_AREA ( #1114 ) ;
#3845 = DIRECTION ( 'NONE',  ( -0.000000000000000000, -1.000000000000000000, -0.000000000000000000 ) ) ;
#3846 = ORIENTED_EDGE ( 'NONE', *, *, #623, .T. ) ;
#3847 = PLANE ( 'NONE',  #1720 ) ;
#3848 = ORIENTED_EDGE ( 'NONE', *, *, #5501, .T. ) ;
#3849 =( LENGTH_UNIT ( ) NAMED_UNIT ( * ) SI_UNIT ( .MILLI., .METRE. ) );
#3850 = ADVANCED_FACE ( 'NONE', ( #5239 ), #464, .T. ) ;
#3851 = ORIENTED_EDGE ( 'NONE', *, *, #4443, .T. ) ;
#3852 = CARTESIAN_POINT ( 'NONE',  ( 0.5101288819357372439, 0.003000000000000000062, -0.06874794895536263939 ) ) ;
#3853 = AXIS2_PLACEMENT_3D ( 'NONE', #900, #1438, #5167 ) ;
#3854 = SURFACE_STYLE_FILL_AREA ( #642 ) ;
#3855 = FACE_OUTER_BOUND ( 'NONE', #5921, .T. ) ;
#3856 = CARTESIAN_POINT ( 'NONE',  ( 0.06614396386324637722, 0.003000000000000000062, -0.02822637805886715756 ) ) ;
#3857 = VECTOR ( 'NONE', #3714, 1000.000000000000114 ) ;
#3858 =( BOUNDED_SURFACE ( )  B_SPLINE_SURFACE ( 3, 3, ( 
 ( #6512, #643, #702, #3355 ),
 ( #4825, #2755, #1684, #1121 ),
 ( #5484, #153, #3897, #5422 ),
 ( #3313, #1614, #673, #2299 ) ),
 .UNSPECIFIED., .F., .F., .F. ) 
 B_SPLINE_SURFACE_WITH_KNOTS ( ( 4, 4 ),
 ( 4, 4 ),
 ( 0.000000000000000000, 1.000000000000000000 ),
 ( 0.000000000000000000, 1.000000000000000000 ),
 .UNSPECIFIED. ) 
 GEOMETRIC_REPRESENTATION_ITEM ( )  RATIONAL_B_SPLINE_SURFACE ( (
 ( 1.000000000000000000, 0.8047378541243649375, 0.8047378541243649375, 1.000000000000000000),
 ( 0.8047378541243649375, 0.6476030138606876374, 0.6476030138606876374, 0.8047378541243649375),
 ( 0.8047378541243649375, 0.6476030138606876374, 0.6476030138606876374, 0.8047378541243649375),
 ( 1.000000000000000000, 0.8047378541243649375, 0.8047378541243649375, 1.000000000000000000) ) ) 
 REPRESENTATION_ITEM ( '' )  SURFACE ( )  );
#3859 = PRESENTATION_STYLE_ASSIGNMENT (( #3767 ) ) ;
#3860 = EDGE_CURVE ( 'NONE', #2637, #4819, #6826, .T. ) ;
#3861 = AXIS2_PLACEMENT_3D ( 'NONE', #4532, #703, #4474 ) ;
#3862 = COLOUR_RGB ( '',0.7921568627450980005, 0.8196078431372548767, 0.9333333333333333481 ) ;
#3863 = DIRECTION ( 'NONE',  ( 0.000000000000000000, 0.000000000000000000, 1.000000000000000000 ) ) ;
#3864 = ORIENTED_EDGE ( 'NONE', *, *, #1952, .T. ) ;
#3865 = SURFACE_STYLE_USAGE ( .BOTH. , #2308 ) ;
#3866 =( NAMED_UNIT ( * ) PLANE_ANGLE_UNIT ( ) SI_UNIT ( $, .RADIAN. ) );
#3867 = PLANE ( 'NONE',  #4983 ) ;
#3868 = AXIS2_PLACEMENT_3D ( 'NONE', #781, #2968, #1874 ) ;
#3869 = SURFACE_STYLE_USAGE ( .BOTH. , #1131 ) ;
#3870 = CIRCLE ( 'NONE', #5114, 0.02999999999999997113 ) ;
#3871 = CARTESIAN_POINT ( 'NONE',  ( 0.8000000000000001554, 0.7775735931288074720, -0.3802943725152284626 ) ) ;
#3872 = ADVANCED_FACE ( 'NONE', ( #1499 ), #6907, .T. ) ;
#3873 = PRESENTATION_LAYER_ASSIGNMENT (  '', '', ( #5360 ) ) ;
#3874 = VECTOR ( 'NONE', #5719, 1000.000000000000000 ) ;
#3875 = VECTOR ( 'NONE', #4669, 1000.000000000000000 ) ;
#3876 = VERTEX_POINT ( 'NONE', #5953 ) ;
#3877 = MECHANICAL_DESIGN_GEOMETRIC_PRESENTATION_REPRESENTATION (  '', ( #184 ), #6211 ) ;
#3878 = CARTESIAN_POINT ( 'NONE',  ( 0.3744480512798593064, 0.003000000000000000062, -0.07252464859866522562 ) ) ;
#3879 = FACE_OUTER_BOUND ( 'NONE', #3381, .T. ) ;
#3880 = SURFACE_SIDE_STYLE ('',( #1137 ) ) ;
#3881 = ORIENTED_EDGE ( 'NONE', *, *, #3745, .F. ) ;
#3882 =( GEOMETRIC_REPRESENTATION_CONTEXT ( 3 ) GLOBAL_UNCERTAINTY_ASSIGNED_CONTEXT ( ( #3084 ) ) GLOBAL_UNIT_ASSIGNED_CONTEXT ( ( #467, #3253, #2692 ) ) REPRESENTATION_CONTEXT ( 'NONE', 'WORKASPACE' ) );
#3883 = EDGE_CURVE ( 'NONE', #4071, #5373, #3228, .T. ) ;
#3884 = MECHANICAL_DESIGN_GEOMETRIC_PRESENTATION_REPRESENTATION (  '', ( #1990 ), #3559 ) ;
#3885 = AXIS2_PLACEMENT_3D ( 'NONE', #97, #126, #6485 ) ;
#3886 = DIRECTION ( 'NONE',  ( 0.000000000000000000, 0.000000000000000000, 1.000000000000000000 ) ) ;
#3887 = COLOUR_RGB ( '',0.4745098039215686070, 0.4823529411764705954, 0.5019607843137254832 ) ;
#3888 = CARTESIAN_POINT ( 'NONE',  ( 0.2479383188500637603, 0.003000000000000000062, -0.1135792546526552677 ) ) ;
#3889 = CARTESIAN_POINT ( 'NONE',  ( 0.5120076289780736145, 0.003000000000000000062, -0.05803963744639718814 ) ) ;
#3890 = FILL_AREA_STYLE ('',( #5533 ) ) ;
#3891 = CARTESIAN_POINT ( 'NONE',  ( 0.5157387991927190329, 0.000000000000000000, -0.06373683837152893661 ) ) ;
#3892 = ORIENTED_EDGE ( 'NONE', *, *, #4067, .F. ) ;
#3893 = EDGE_LOOP ( 'NONE', ( #3429, #3132, #1872, #2825 ) ) ;
#3894 =( GEOMETRIC_REPRESENTATION_CONTEXT ( 3 ) GLOBAL_UNCERTAINTY_ASSIGNED_CONTEXT ( ( #3369 ) ) GLOBAL_UNIT_ASSIGNED_CONTEXT ( ( #2833, #4948, #6554 ) ) REPRESENTATION_CONTEXT ( 'NONE', 'WORKASPACE' ) );
#3895 = CARTESIAN_POINT ( 'NONE',  ( 0.5197454285148489506, 0.000000000000000000, -0.06812345752773144025 ) ) ;
#3896 = DIRECTION ( 'NONE',  ( 0.000000000000000000, 0.000000000000000000, 1.000000000000000000 ) ) ;
#3897 = CARTESIAN_POINT ( 'NONE',  ( -0.8000000000000001554, 0.7775735931288074720, -0.3802943725152284626 ) ) ;
#3898 =( LENGTH_UNIT ( ) NAMED_UNIT ( * ) SI_UNIT ( .MILLI., .METRE. ) );
#3899 = SURFACE_SIDE_STYLE ('',( #741 ) ) ;
#3900 = EDGE_CURVE ( 'NONE', #2607, #5066, #3827, .T. ) ;
#3901 = CARTESIAN_POINT ( 'NONE',  ( 0.06614396386324637722, 0.000000000000000000, -0.06479096632406079748 ) ) ;
#3902 = EDGE_LOOP ( 'NONE', ( #5612, #5070, #5740, #5675 ) ) ;
#3903 = CARTESIAN_POINT ( 'NONE',  ( 0.5123449194841804832, 0.003000000000000000062, -0.04042466694274549771 ) ) ;
#3904 =( NAMED_UNIT ( * ) SI_UNIT ( $, .STERADIAN. ) SOLID_ANGLE_UNIT ( ) );
#3905 = CARTESIAN_POINT ( 'NONE',  ( 0.1511387349348353171, 0.003000000000000000062, -0.1348280044436376557 ) ) ;
#3906 = AXIS2_PLACEMENT_3D ( 'NONE', #4096, #2040, #2954 ) ;
#3907 = EDGE_CURVE ( 'NONE', #4112, #2258, #5931, .T. ) ;
#3908 = ORIENTED_EDGE ( 'NONE', *, *, #6269, .T. ) ;
#3909 =( NAMED_UNIT ( * ) PLANE_ANGLE_UNIT ( ) SI_UNIT ( $, .RADIAN. ) );
#3910 = CARTESIAN_POINT ( 'NONE',  ( 0.2420085203291615639, 0.000000000000000000, -0.1348280044436376557 ) ) ;
#3911 = PRESENTATION_STYLE_ASSIGNMENT (( #4454 ) ) ;
#3912 = VERTEX_POINT ( 'NONE', #4277 ) ;
#3913 = VECTOR ( 'NONE', #2971, 1000.000000000000000 ) ;
#3914 = EDGE_CURVE ( 'NONE', #1186, #3584, #641, .T. ) ;
#3915 = LINE ( 'NONE', #272, #5674 ) ;
#3916 = CARTESIAN_POINT ( 'NONE',  ( 0.3999999999999999667, 0.7500000000000001110, 0.3900000000000000688 ) ) ;
#3917 = VERTEX_POINT ( 'NONE', #5861 ) ;
#3918 = ORIENTED_EDGE ( 'NONE', *, *, #1024, .T. ) ;
#3919 = PRODUCT_DEFINITION ( 'UNKNOWN', '', #2372, #4050 ) ;
#3920 = EDGE_LOOP ( 'NONE', ( #6398, #2476, #267, #5636, #5651 ) ) ;
#3921 = DIRECTION ( 'NONE',  ( -0.000000000000000000, -1.000000000000000000, -0.000000000000000000 ) ) ;
#3922 = FACE_OUTER_BOUND ( 'NONE', #2361, .T. ) ;
#3923 = CARTESIAN_POINT ( 'NONE',  ( -0.8000000000000001554, 0.7600000000000001199, 0.3699999999999999956 ) ) ;
#3924 = FILL_AREA_STYLE_COLOUR ( '', #3336 ) ;
#3925 = EDGE_CURVE ( 'NONE', #1144, #5579, #6355, .T. ) ;
#3926 = CARTESIAN_POINT ( 'NONE',  ( 0.03995848295781381787, 0.003000000000000000062, -0.06479096632406079748 ) ) ;
#3927 = DIRECTION ( 'NONE',  ( 0.000000000000000000, 0.000000000000000000, -1.000000000000000000 ) ) ;
#3928 = ORIENTED_EDGE ( 'NONE', *, *, #1571, .F. ) ;
#3929 = CARTESIAN_POINT ( 'NONE',  ( -0.8000000000000001554, 0.7600000000000000089, 0.3699999999999999400 ) ) ;
#3930 = CARTESIAN_POINT ( 'NONE',  ( -0.4000000000000000222, 0.7900000000000001465, -0.3700000000000001066 ) ) ;
#3931 = SURFACE_STYLE_FILL_AREA ( #1666 ) ;
#3932 = ORIENTED_EDGE ( 'NONE', *, *, #1703, .T. ) ;
#3933 = DIRECTION ( 'NONE',  ( 1.000000000000000000, 0.000000000000000000, 0.000000000000000000 ) ) ;
#3934 = SURFACE_SIDE_STYLE ('',( #4409 ) ) ;
#3935 = VERTEX_POINT ( 'NONE', #4830 ) ;
#3936 = ITEM_DEFINED_TRANSFORMATION ( 'NONE', 'NONE', #1906,  #4484 ) ;
#3937 = EDGE_LOOP ( 'NONE', ( #3570, #552, #2276, #5876, #3530, #3851, #2356, #4655 ) ) ;
#3938 = DIRECTION ( 'NONE',  ( 0.000000000000000000, 1.000000000000000000, 0.000000000000000000 ) ) ;
#3939 = EDGE_CURVE ( 'NONE', #750, #1623, #1050, .T. ) ;
#3940 = DIRECTION ( 'NONE',  ( -1.000000000000000000, -0.000000000000000000, 0.000000000000000000 ) ) ;
#3941 = CARTESIAN_POINT ( 'NONE',  ( 0.2803476042950979186, 0.000000000000000000, -0.1348280044436376557 ) ) ;
#3942 = LINE ( 'NONE', #1676, #1641 ) ;
#3943 = FACE_OUTER_BOUND ( 'NONE', #4660, .T. ) ;
#3944 = LINE ( 'NONE', #1181, #2564 ) ;
#3945 = ORIENTED_EDGE ( 'NONE', *, *, #2145, .F. ) ;
#3946 = DIRECTION ( 'NONE',  ( 1.000000000000000000, -0.000000000000000000, -0.000000000000000000 ) ) ;
#3947 = B_SPLINE_CURVE_WITH_KNOTS ( 'NONE', 3,
 ( #5459, #4952, #4347, #5934 ),
 .UNSPECIFIED., .F., .F.,
 ( 4, 4 ),
 ( 0.000000000000000000, 1.000000000000000000 ),
 .UNSPECIFIED. ) ;
#3948 = ORIENTED_EDGE ( 'NONE', *, *, #4787, .T. ) ;
#3949 = FACE_OUTER_BOUND ( 'NONE', #41, .T. ) ;
#3950 = VERTEX_POINT ( 'NONE', #4378 ) ;
#3951 = FILL_AREA_STYLE_COLOUR ( '', #171 ) ;
#3952 = PRESENTATION_LAYER_ASSIGNMENT (  '', '', ( #6086 ) ) ;
#3953 = FACE_OUTER_BOUND ( 'NONE', #6171, .T. ) ;
#3954 = FACE_OUTER_BOUND ( 'NONE', #4734, .T. ) ;
#3955 = PLANE ( 'NONE',  #4770 ) ;
#3956 = FACE_OUTER_BOUND ( 'NONE', #4900, .T. ) ;
#3957 =( GEOMETRIC_REPRESENTATION_CONTEXT ( 3 ) GLOBAL_UNCERTAINTY_ASSIGNED_CONTEXT ( ( #5136 ) ) GLOBAL_UNIT_ASSIGNED_CONTEXT ( ( #3547, #4634, #5236 ) ) REPRESENTATION_CONTEXT ( 'NONE', 'WORKASPACE' ) );
#3958 = EDGE_CURVE ( 'NONE', #2332, #6614, #1687, .T. ) ;
#3959 = FILL_AREA_STYLE_COLOUR ( '', #1951 ) ;
#3960 = EDGE_CURVE ( 'NONE', #2985, #4049, #606, .T. ) ;
#3961 = CARTESIAN_POINT ( 'NONE',  ( 0.5120076289780736145, 0.003000000000000000062, -0.1241701196862797923 ) ) ;
#3962 = ORIENTED_EDGE ( 'NONE', *, *, #692, .F. ) ;
#3963 =( GEOMETRIC_REPRESENTATION_CONTEXT ( 3 ) GLOBAL_UNCERTAINTY_ASSIGNED_CONTEXT ( ( #2185 ) ) GLOBAL_UNIT_ASSIGNED_CONTEXT ( ( #2723, #1217, #4912 ) ) REPRESENTATION_CONTEXT ( 'NONE', 'WORKASPACE' ) );
#3964 = PRESENTATION_STYLE_ASSIGNMENT (( #5698 ) ) ;
#3965 = CARTESIAN_POINT ( 'NONE',  ( -0.8000000000000000444, 0.7600000000000000089, 0.3875735931288070701 ) ) ;
#3966 = CARTESIAN_POINT ( 'NONE',  ( -0.7700000000000001288, 0.002426406871192990887, -0.4000000000000001332 ) ) ;
#3967 = ORIENTED_EDGE ( 'NONE', *, *, #1661, .F. ) ;
#3968 = COLOUR_RGB ( '',0.8941176470588234615, 0.4039215686274509887, 0.2431372549019607809 ) ;
#3969 = PRESENTATION_LAYER_ASSIGNMENT (  '', '', ( #826 ) ) ;
#3970 = PRESENTATION_LAYER_ASSIGNMENT (  '', '', ( #6634 ) ) ;
#3971 = VECTOR ( 'NONE', #4029, 1000.000000000000000 ) ;
#3972 = VECTOR ( 'NONE', #2958, 1000.000000000000000 ) ;
#3973 = ORIENTED_EDGE ( 'NONE', *, *, #3883, .T. ) ;
#3974 = AXIS2_PLACEMENT_3D ( 'NONE', #5227, #3266, #6817 ) ;
#3975 = EDGE_CURVE ( 'NONE', #3139, #4220, #2667, .T. ) ;
#3976 = CARTESIAN_POINT ( 'NONE',  ( 0.2988614020076892919, 0.003000000000000000062, -0.02822637805886715756 ) ) ;
#3977 = PRESENTATION_LAYER_ASSIGNMENT (  '', '', ( #1629 ) ) ;
#3978 = CYLINDRICAL_SURFACE ( 'NONE', #3009, 0.02999999999999997113 ) ;
#3979 = ORIENTED_EDGE ( 'NONE', *, *, #2517, .T. ) ;
#3980 = MECHANICAL_DESIGN_GEOMETRIC_PRESENTATION_REPRESENTATION (  '', ( #950 ), #2178 ) ;
#3981 =( GEOMETRIC_REPRESENTATION_CONTEXT ( 3 ) GLOBAL_UNCERTAINTY_ASSIGNED_CONTEXT ( ( #1888 ) ) GLOBAL_UNIT_ASSIGNED_CONTEXT ( ( #6083, #2345, #6549 ) ) REPRESENTATION_CONTEXT ( 'NONE', 'WORKASPACE' ) );
#3982 = SURFACE_STYLE_FILL_AREA ( #1777 ) ;
#3983 =( GEOMETRIC_REPRESENTATION_CONTEXT ( 3 ) GLOBAL_UNCERTAINTY_ASSIGNED_CONTEXT ( ( #279 ) ) GLOBAL_UNIT_ASSIGNED_CONTEXT ( ( #1712, #4502, #736 ) ) REPRESENTATION_CONTEXT ( 'NONE', 'WORKASPACE' ) );
#3984 = VECTOR ( 'NONE', #1493, 1000.000000000000000 ) ;
#3985 = LINE ( 'NONE', #6108, #3110 ) ;
#3986 =( LENGTH_UNIT ( ) NAMED_UNIT ( * ) SI_UNIT ( .MILLI., .METRE. ) );
#3987 = AXIS2_PLACEMENT_3D ( 'NONE', #1746, #3845, #2922 ) ;
#3988 = CARTESIAN_POINT ( 'NONE',  ( 0.7700000000000001288, 0.7900000000000001465, -0.4000000000000000777 ) ) ;
#3989 = FILL_AREA_STYLE ('',( #273 ) ) ;
#3990 = ORIENTED_EDGE ( 'NONE', *, *, #5294, .T. ) ;
#3991 = CARTESIAN_POINT ( 'NONE',  ( -0.8000000000000001554, 0.7900000000000001465, -0.4000000000000000777 ) ) ;
#3992 = CARTESIAN_POINT ( 'NONE',  ( 0.5078988403312109101, 0.000000000000000000, -0.09919797363134306989 ) ) ;
#3993 =( GEOMETRIC_REPRESENTATION_CONTEXT ( 3 ) GLOBAL_UNCERTAINTY_ASSIGNED_CONTEXT ( ( #4138 ) ) GLOBAL_UNIT_ASSIGNED_CONTEXT ( ( #6880, #2179, #519 ) ) REPRESENTATION_CONTEXT ( 'NONE', 'WORKASPACE' ) );
#3994 = ORIENTED_EDGE ( 'NONE', *, *, #5406, .F. ) ;
#3995 = UNCERTAINTY_MEASURE_WITH_UNIT (LENGTH_MEASURE( 1.000000000000000082E-05 ), #5687, 'distance_accuracy_value', 'NONE');
#3996 = LINE ( 'NONE', #5640, #1510 ) ;
#3997 = STYLED_ITEM ( 'NONE', ( #425 ), #6246 ) ;
#3998 = ADVANCED_FACE ( 'NONE', ( #31 ), #2734, .T. ) ;
#3999 = LINE ( 'NONE', #5512, #86 ) ;
#4000 = DIRECTION ( 'NONE',  ( 1.000000000000000000, 0.000000000000000000, 0.000000000000000000 ) ) ;
#4001 = CARTESIAN_POINT ( 'NONE',  ( 0.2479383188500637603, -4.235164736271501695E-19, -0.1135792546526552677 ) ) ;
#4002 = CARTESIAN_POINT ( 'NONE',  ( 0.2558222386253550251, 0.003000000000000000062, -0.05107781836179189905 ) ) ;
#4003 = MECHANICAL_DESIGN_GEOMETRIC_PRESENTATION_REPRESENTATION (  '', ( #4902 ), #5571 ) ;
#4004 = AXIS2_PLACEMENT_3D ( 'NONE', #1441, #4644, #4687 ) ;
#4005 = ORIENTED_EDGE ( 'NONE', *, *, #3051, .F. ) ;
#4006 = CARTESIAN_POINT ( 'NONE',  ( 0.5170852029101958847, 0.003000000000000000062, -0.05803963744639718814 ) ) ;
#4007 = PRESENTATION_STYLE_ASSIGNMENT (( #1482 ) ) ;
#4008 = DIRECTION ( 'NONE',  ( 1.000000000000000000, 0.000000000000000000, -0.000000000000000000 ) ) ;
#4009 = PRODUCT_RELATED_PRODUCT_CATEGORY ( 'part', '', ( #3634 ) ) ;
#4010 = ORIENTED_EDGE ( 'NONE', *, *, #6787, .F. ) ;
#4011 = SURFACE_STYLE_FILL_AREA ( #1881 ) ;
#4012 = DIRECTION ( 'NONE',  ( 0.000000000000000000, 0.000000000000000000, -1.000000000000000000 ) ) ;
#4013 = DIRECTION ( 'NONE',  ( 0.000000000000000000, -0.000000000000000000, 1.000000000000000000 ) ) ;
#4014 = VERTEX_POINT ( 'NONE', #3802 ) ;
#4015 = AXIS2_PLACEMENT_3D ( 'NONE', #2794, #2267, #6540 ) ;
#4016 = EDGE_CURVE ( 'NONE', #4970, #3685, #5320, .T. ) ;
#4017 = DIRECTION ( 'NONE',  ( 0.000000000000000000, 0.000000000000000000, -1.000000000000000000 ) ) ;
#4018 = FILL_AREA_STYLE_COLOUR ( '', #2260 ) ;
#4019 = CARTESIAN_POINT ( 'NONE',  ( 0.7700000000000001288, 0.7600000000000000089, 0.3999999999999998002 ) ) ;
#4020 =( NAMED_UNIT ( * ) PLANE_ANGLE_UNIT ( ) SI_UNIT ( $, .RADIAN. ) );
#4021 = VECTOR ( 'NONE', #4052, 1000.000000000000000 ) ;
#4022 = CARTESIAN_POINT ( 'NONE',  ( 0.5078988403312109101, 0.000000000000000000, -0.1149805027458715295 ) ) ;
#4023 = DIRECTION ( 'NONE',  ( 0.000000000000000000, 0.000000000000000000, 1.000000000000000000 ) ) ;
#4024 = EDGE_LOOP ( 'NONE', ( #3088, #476, #687, #1029 ) ) ;
#4026 = EDGE_LOOP ( 'NONE', ( #5735, #3445, #5577, #3828 ) ) ;
#4025 = CARTESIAN_POINT ( 'NONE',  ( 0.1236572826574574430, 0.003000000000000000062, -0.1348280044436376557 ) ) ;
#4027 = CARTESIAN_POINT ( 'NONE',  ( 0.5170852029101958847, 0.003000000000000000062, -0.06287549031968749091 ) ) ;
#4028 = ORIENTED_EDGE ( 'NONE', *, *, #6676, .T. ) ;
#4029 = DIRECTION ( 'NONE',  ( -0.000000000000000000, -1.000000000000000000, -0.000000000000000000 ) ) ;
#4030 = PLANE ( 'NONE',  #3120 ) ;
#4031 = CARTESIAN_POINT ( 'NONE',  ( 0.4429153846565643260, 0.000000000000000000, -0.08182039739377539034 ) ) ;
#4032 = FACE_OUTER_BOUND ( 'NONE', #621, .T. ) ;
#4033 = SURFACE_SIDE_STYLE ('',( #5645 ) ) ;
#4034 = CARTESIAN_POINT ( 'NONE',  ( 0.5078988403312109101, 0.003000000000000000062, -0.05002033037692237699 ) ) ;
#4035 = EDGE_CURVE ( 'NONE', #258, #6821, #5660, .T. ) ;
#4036 = CARTESIAN_POINT ( 'NONE',  ( 0.5250253739081551796, 0.000000000000000000, -0.04055842633696740002 ) ) ;
#4037 = EDGE_CURVE ( 'NONE', #4188, #5507, #2088, .T. ) ;
#4038 = SURFACE_SIDE_STYLE ('',( #2450 ) ) ;
#4039 = ORIENTED_EDGE ( 'NONE', *, *, #1556, .T. ) ;
#4040 =( REPRESENTATION_RELATIONSHIP ('NONE','NONE', #866, #6825 ) REPRESENTATION_RELATIONSHIP_WITH_TRANSFORMATION ( #3936 )SHAPE_REPRESENTATION_RELATIONSHIP( ) );
#4041 = CARTESIAN_POINT ( 'NONE',  ( 0.2400543990747725231, 0.003000000000000000062, -0.05107781836179189905 ) ) ;
#4042 = SURFACE_SIDE_STYLE ('',( #2492 ) ) ;
#4043 = EDGE_CURVE ( 'NONE', #6117, #6035, #3761, .T. ) ;
#4044 = DIRECTION ( 'NONE',  ( -0.000000000000000000, -1.000000000000000000, -0.000000000000000000 ) ) ;
#4045 = LINE ( 'NONE', #4305, #3270 ) ;
#4046 = EDGE_LOOP ( 'NONE', ( #3124, #1468 ) ) ;
#4047 = SURFACE_SIDE_STYLE ('',( #5567 ) ) ;
#4048 = CARTESIAN_POINT ( 'NONE',  ( 0.4429153846565643260, 0.003000000000000000062, -0.08182039739377539034 ) ) ;
#4049 = VERTEX_POINT ( 'NONE', #677 ) ;
#4050 = PRODUCT_DEFINITION_CONTEXT ( 'detailed design', #2725, 'design' ) ;
#4051 =( GEOMETRIC_REPRESENTATION_CONTEXT ( 3 ) GLOBAL_UNCERTAINTY_ASSIGNED_CONTEXT ( ( #906 ) ) GLOBAL_UNIT_ASSIGNED_CONTEXT ( ( #3200, #3246, #2747 ) ) REPRESENTATION_CONTEXT ( 'NONE', 'WORKASPACE' ) );
#4052 = DIRECTION ( 'NONE',  ( -0.000000000000000000, -1.000000000000000000, -0.000000000000000000 ) ) ;
#4053 = DIRECTION ( 'NONE',  ( -1.000000000000000000, 0.000000000000000000, 0.000000000000000000 ) ) ;
#4054 = SURFACE_STYLE_FILL_AREA ( #1926 ) ;
#4055 = LINE ( 'NONE', #5119, #6669 ) ;
#4056 = CARTESIAN_POINT ( 'NONE',  ( -0.4000000000000001332, -0.009999999999999918676, 0.3699999999999999956 ) ) ;
#4057 = EDGE_LOOP ( 'NONE', ( #3448, #6905, #2427, #5932 ) ) ;
#4058 = CARTESIAN_POINT ( 'NONE',  ( -0.4000000000000001332, -0.009999999999999918676, -0.3700000000000001066 ) ) ;
#4059 = DIRECTION ( 'NONE',  ( -1.000000000000000000, -0.000000000000000000, -0.000000000000000000 ) ) ;
#4060 = CARTESIAN_POINT ( 'NONE',  ( 0.5138987830392848233, 0.000000000000000000, -0.06903330197238165267 ) ) ;
#4061 = ORIENTED_EDGE ( 'NONE', *, *, #205, .F. ) ;
#4062 = UNCERTAINTY_MEASURE_WITH_UNIT (LENGTH_MEASURE( 1.000000000000000082E-05 ), #384, 'distance_accuracy_value', 'NONE');
#4063 =( NAMED_UNIT ( * ) PLANE_ANGLE_UNIT ( ) SI_UNIT ( $, .RADIAN. ) );
#4064 = CARTESIAN_POINT ( 'NONE',  ( 0.5288647974072393509, 0.000000000000000000, -0.06515718325081611140 ) ) ;
#4065 = DIRECTION ( 'NONE',  ( 0.000000000000000000, 0.000000000000000000, 1.000000000000000000 ) ) ;
#4066 = EDGE_CURVE ( 'NONE', #1182, #678, #252, .T. ) ;
#4067 = EDGE_CURVE ( 'NONE', #2056, #2639, #6092, .T. ) ;
#4068 = CARTESIAN_POINT ( 'NONE',  ( 0.1296967941067185826, 0.000000000000000000, -0.06791197847948228505 ) ) ;
#4069 = UNCERTAINTY_MEASURE_WITH_UNIT (LENGTH_MEASURE( 1.000000000000000082E-05 ), #2617, 'distance_accuracy_value', 'NONE');
#4070 = ADVANCED_FACE ( 'NONE', ( #5092 ), #2404, .T. ) ;
#4071 = VERTEX_POINT ( 'NONE', #3901 ) ;
#4072 = LINE ( 'NONE', #3116, #6768 ) ;
#4073 = SURFACE_STYLE_FILL_AREA ( #5097 ) ;
#4074 = COLOUR_RGB ( '',0.7921568627450980005, 0.8196078431372548767, 0.9333333333333333481 ) ;
#4075 = ORIENTED_EDGE ( 'NONE', *, *, #6850, .F. ) ;
#4076 = CARTESIAN_POINT ( 'NONE',  ( 0.5288647974072393509, 0.003000000000000000062, -0.05416084963150000903 ) ) ;
#4077 = VECTOR ( 'NONE', #3946, 1000.000000000000000 ) ;
#4078 = ORIENTED_EDGE ( 'NONE', *, *, #5964, .F. ) ;
#4079 = COLOUR_RGB ( '',0.4745098039215686070, 0.4823529411764705954, 0.5019607843137254832 ) ;
#4080 = SURFACE_SIDE_STYLE ('',( #5179 ) ) ;
#4081 = EDGE_LOOP ( 'NONE', ( #5161, #969, #4242, #5255 ) ) ;
#4082 = AXIS2_PLACEMENT_3D ( 'NONE', #5614, #2009, #867 ) ;
#4083 = MECHANICAL_DESIGN_GEOMETRIC_PRESENTATION_REPRESENTATION (  '', ( #6658 ), #1283 ) ;
#4084 = CARTESIAN_POINT ( 'NONE',  ( 0.5078314603514237913, 0.003000000000000000062, -0.09401032424267029286 ) ) ;
#4085 = VECTOR ( 'NONE', #1260, 1000.000000000000000 ) ;
#4086 = VECTOR ( 'NONE', #2912, 1000.000000000000000 ) ;
#4087 = FACE_OUTER_BOUND ( 'NONE', #3744, .T. ) ;
#4088 = STYLED_ITEM ( 'NONE', ( #3610 ), #4984 ) ;
#4089 =( LENGTH_UNIT ( ) NAMED_UNIT ( * ) SI_UNIT ( .MILLI., .METRE. ) );
#4090 = DIRECTION ( 'NONE',  ( -0.000000000000000000, -1.000000000000000000, -0.000000000000000000 ) ) ;
#4091 = EDGE_CURVE ( 'NONE', #2744, #3303, #626, .T. ) ;
#4092 = SURFACE_STYLE_USAGE ( .BOTH. , #2473 ) ;
#4093 = ORIENTED_EDGE ( 'NONE', *, *, #3699, .T. ) ;
#4094 = STYLED_ITEM ( 'NONE', ( #2806 ), #2917 ) ;
#4095 = CARTESIAN_POINT ( 'NONE',  ( 0.05327345187919454300, 0.000000000000000000, -0.08625706701872583315 ) ) ;
#4096 = CARTESIAN_POINT ( 'NONE',  ( 0.000000000000000000, 0.7500000000000001110, -0.3600000000000001532 ) ) ;
#4097 = MECHANICAL_DESIGN_GEOMETRIC_PRESENTATION_REPRESENTATION (  '', ( #6659 ), #4334 ) ;
#4098 =( GEOMETRIC_REPRESENTATION_CONTEXT ( 3 ) GLOBAL_UNCERTAINTY_ASSIGNED_CONTEXT ( ( #431 ) ) GLOBAL_UNIT_ASSIGNED_CONTEXT ( ( #3216, #53, #2298 ) ) REPRESENTATION_CONTEXT ( 'NONE', 'WORKASPACE' ) );
#4099 = ORIENTED_EDGE ( 'NONE', *, *, #601, .T. ) ;
#4100 = VECTOR ( 'NONE', #4201, 1000.000000000000000 ) ;
#4101 = CARTESIAN_POINT ( 'NONE',  ( 0.1101808012522048213, 0.000000000000000000, -0.02822637805886715756 ) ) ;
#4102 = AXIS2_PLACEMENT_3D ( 'NONE', #938, #827, #6753 ) ;
#4103 = SURFACE_STYLE_USAGE ( .BOTH. , #2994 ) ;
#4104 = CIRCLE ( 'NONE', #2335, 0.02999999999999997113 ) ;
#4105 = CYLINDRICAL_SURFACE ( 'NONE', #4993, 0.02999999999999997113 ) ;
#4106 = SURFACE_SIDE_STYLE ('',( #3556 ) ) ;
#4107 = CARTESIAN_POINT ( 'NONE',  ( -0.7700000000000001288, -0.009999999999999948166, -0.3700000000000001621 ) ) ;
#4108 = EDGE_CURVE ( 'NONE', #5290, #6558, #6621, .T. ) ;
#4109 = CARTESIAN_POINT ( 'NONE',  ( 0.1937951010351739445, 0.003000000000000000062, -0.05636409951526832884 ) ) ;
#4110 =( GEOMETRIC_REPRESENTATION_CONTEXT ( 3 ) GLOBAL_UNCERTAINTY_ASSIGNED_CONTEXT ( ( #6000 ) ) GLOBAL_UNIT_ASSIGNED_CONTEXT ( ( #4166, #2679, #4285 ) ) REPRESENTATION_CONTEXT ( 'NONE', 'WORKASPACE' ) );
#4111 = PRESENTATION_STYLE_ASSIGNMENT (( #1939 ) ) ;
#4112 = VERTEX_POINT ( 'NONE', #798 ) ;
#4113 = CIRCLE ( 'NONE', #2229, 0.02999999999999997113 ) ;
#4114 = CARTESIAN_POINT ( 'NONE',  ( 0.1511387349348353171, 0.003000000000000000062, -0.1348280044436376557 ) ) ;
#4115 = EDGE_CURVE ( 'NONE', #5621, #2102, #2933, .T. ) ;
#4116 = LINE ( 'NONE', #1306, #5393 ) ;
#4117 = VECTOR ( 'NONE', #3082, 1000.000000000000000 ) ;
#4118 = VERTEX_POINT ( 'NONE', #1762 ) ;
#4119 = DIRECTION ( 'NONE',  ( 0.000000000000000000, 0.000000000000000000, 1.000000000000000000 ) ) ;
#4120 = CARTESIAN_POINT ( 'NONE',  ( 0.3744480512798593064, 0.000000000000000000, -0.07252464859866522562 ) ) ;
#4121 = EDGE_LOOP ( 'NONE', ( #2392, #5287, #1913, #2451 ) ) ;
#4122 = MECHANICAL_DESIGN_GEOMETRIC_PRESENTATION_REPRESENTATION (  '', ( #3571 ), #548 ) ;
#4123 = UNCERTAINTY_MEASURE_WITH_UNIT (LENGTH_MEASURE( 1.000000000000000082E-05 ), #3406, 'distance_accuracy_value', 'NONE');
#4124 = EDGE_CURVE ( 'NONE', #4187, #2405, #6024, .T. ) ;
#4125 = CARTESIAN_POINT ( 'NONE',  ( 0.05327345187919454300, 0.000000000000000000, -0.08625706701872583315 ) ) ;
#4126 = CARTESIAN_POINT ( 'NONE',  ( 0.2988614020076892919, 0.003000000000000000062, -0.02822637805886715756 ) ) ;
#4127 = EDGE_CURVE ( 'NONE', #3190, #3350, #4548, .T. ) ;
#4128 = CARTESIAN_POINT ( 'NONE',  ( 0.5130220236968332514, 0.000000000000000000, -0.06437565386924887223 ) ) ;
#4129 = FACE_OUTER_BOUND ( 'NONE', #1965, .T. ) ;
#4130 = CARTESIAN_POINT ( 'NONE',  ( 0.3250174859200531396, 0.003000000000000000062, -0.09158047531953275588 ) ) ;
#4131 = LINE ( 'NONE', #892, #2559 ) ;
#4132 = CARTESIAN_POINT ( 'NONE',  ( 0.5188791900677894864, 0.003000000000000000062, -0.08790370008774175958 ) ) ;
#4133 = ORIENTED_EDGE ( 'NONE', *, *, #6756, .T. ) ;
#4135 = VERTEX_POINT ( 'NONE', #5517 ) ;
#4134 = FILL_AREA_STYLE_COLOUR ( '', #4663 ) ;
#4136 = DIRECTION ( 'NONE',  ( 0.000000000000000000, 0.000000000000000000, 1.000000000000000000 ) ) ;
#4137 = VERTEX_POINT ( 'NONE', #706 ) ;
#4138 = UNCERTAINTY_MEASURE_WITH_UNIT (LENGTH_MEASURE( 1.000000000000000082E-05 ), #6880, 'distance_accuracy_value', 'NONE');
#4139 = STYLED_ITEM ( 'NONE', ( #242 ), #6725 ) ;
#4140 = DIRECTION ( 'NONE',  ( -0.000000000000000000, -1.000000000000000000, -0.000000000000000000 ) ) ;
#4141 = EDGE_CURVE ( 'NONE', #3950, #4863, #746, .T. ) ;
#4142 = CIRCLE ( 'NONE', #4379, 0.02999999999999997113 ) ;
#4143 = PRESENTATION_STYLE_ASSIGNMENT (( #3172 ) ) ;
#4144 = CARTESIAN_POINT ( 'NONE',  ( 0.4429153846565643260, 0.000000000000000000, -0.08182039739377539034 ) ) ;
#4145 = CARTESIAN_POINT ( 'NONE',  ( -0.4000000000000001332, 0.000000000000000000, 0.000000000000000000 ) ) ;
#4146 = PRESENTATION_STYLE_ASSIGNMENT (( #2013 ) ) ;
#4147 = LINE ( 'NONE', #2960, #6886 ) ;
#4148 = MANIFOLD_SOLID_BREP ( 'Scale1[3]', #5925 ) ;
#4149 = DIRECTION ( 'NONE',  ( -1.000000000000000000, 0.000000000000000000, -0.000000000000000000 ) ) ;
#4150 = EDGE_CURVE ( 'NONE', #4253, #4708, #1443, .T. ) ;
#4151 = AXIS2_PLACEMENT_3D ( 'NONE', #2054, #4186, #984 ) ;
#4152 = CARTESIAN_POINT ( 'NONE',  ( 0.2479383188500637603, 0.003000000000000000062, -0.1135792546526552677 ) ) ;
#4153 = UNCERTAINTY_MEASURE_WITH_UNIT (LENGTH_MEASURE( 1.000000000000000082E-05 ), #461, 'distance_accuracy_value', 'NONE');
#4154 = FILL_AREA_STYLE_COLOUR ( '', #3862 ) ;
#4155 = EDGE_CURVE ( 'NONE', #888, #1081, #3329, .T. ) ;
#4156 = CARTESIAN_POINT ( 'NONE',  ( 0.000000000000000000, 0.000000000000000000, 0.3999999999999999667 ) ) ;
#4157 = B_SPLINE_CURVE_WITH_KNOTS ( 'NONE', 3,
 ( #4027, #2988, #1899, #5714 ),
 .UNSPECIFIED., .F., .F.,
 ( 4, 4 ),
 ( 0.000000000000000000, 1.000000000000000000 ),
 .UNSPECIFIED. ) ;
#4158 = MANIFOLD_SOLID_BREP ( 'Imported1', #2920 ) ;
#4159 = EDGE_LOOP ( 'NONE', ( #3137, #2608 ) ) ;
#4160 = ORIENTED_EDGE ( 'NONE', *, *, #661, .T. ) ;
#4161 =( LENGTH_UNIT ( ) NAMED_UNIT ( * ) SI_UNIT ( .MILLI., .METRE. ) );
#4162 = CARTESIAN_POINT ( 'NONE',  ( -0.4000000000000000222, 0.7500000000000001110, -0.3900000000000001243 ) ) ;
#4163 = ORIENTED_EDGE ( 'NONE', *, *, #4949, .F. ) ;
#4164 = VERTEX_POINT ( 'NONE', #1480 ) ;
#4165 = FILL_AREA_STYLE_COLOUR ( '', #5982 ) ;
#4166 =( LENGTH_UNIT ( ) NAMED_UNIT ( * ) SI_UNIT ( .MILLI., .METRE. ) );
#4167 = SURFACE_STYLE_USAGE ( .BOTH. , #2036 ) ;
#4168 = SURFACE_STYLE_USAGE ( .BOTH. , #39 ) ;
#4169 = VERTEX_POINT ( 'NONE', #981 ) ;
#4171 = ORIENTED_EDGE ( 'NONE', *, *, #3680, .F. ) ;
#4170 = CARTESIAN_POINT ( 'NONE',  ( 0.1520327505222483222, 0.003000000000000000062, -0.05204809658087075630 ) ) ;
#4172 = CARTESIAN_POINT ( 'NONE',  ( 0.5283846789471251526, 0.003000000000000000062, -0.03590742215311736735 ) ) ;
#4173 = SURFACE_STYLE_FILL_AREA ( #5165 ) ;
#4174 = PRESENTATION_STYLE_ASSIGNMENT (( #2044 ) ) ;
#4175 = DIRECTION ( 'NONE',  ( 0.000000000000000000, 1.000000000000000000, 0.000000000000000000 ) ) ;
#4176 = LINE ( 'NONE', #2721, #1986 ) ;
#4177 = MANIFOLD_SOLID_BREP ( 'Scale1[6]', #3374 ) ;
#4178 = CARTESIAN_POINT ( 'NONE',  ( 0.2420085203291615639, 0.003000000000000000062, -0.1348280044436376557 ) ) ;
#4179 = FILL_AREA_STYLE ('',( #3517 ) ) ;
#4180 = SURFACE_STYLE_FILL_AREA ( #3180 ) ;
#4181 = DIRECTION ( 'NONE',  ( -1.355252715606880789E-16, -1.000000000000000000, 0.000000000000000000 ) ) ;
#4182 = B_SPLINE_SURFACE_WITH_KNOTS ( 'NONE', 3, 1, ( 
 ( #3821, #3382 ),
 ( #5948, #3895 ),
 ( #5445, #4332 ),
 ( #3852, #6452 ),
 ( #4881, #1083 ),
 ( #2796, #542 ) ),
 .UNSPECIFIED., .F., .F., .F.,
 ( 4, 1, 1, 4 ),
 ( 2, 2 ),
 ( 0.000000000000000000, 0.4767507211553572155, 0.7106901092556320298, 1.000000000000000000 ),
 ( 0.000000000000000000, 1.000000000000000000 ),
 .UNSPECIFIED. ) ;
#4183 = SURFACE_STYLE_FILL_AREA ( #5827 ) ;
#4184 = EDGE_CURVE ( 'NONE', #865, #4610, #4609, .T. ) ;
#4185 = VERTEX_POINT ( 'NONE', #2591 ) ;
#4186 = DIRECTION ( 'NONE',  ( 0.000000000000000000, 0.000000000000000000, -1.000000000000000000 ) ) ;
#4187 = VERTEX_POINT ( 'NONE', #1683 ) ;
#4188 = VERTEX_POINT ( 'NONE', #2696 ) ;
#4189 = COLOUR_RGB ( '',0.4745098039215686070, 0.4823529411764705954, 0.5019607843137254832 ) ;
#4190 = DIRECTION ( 'NONE',  ( 0.000000000000000000, 0.000000000000000000, 1.000000000000000000 ) ) ;
#4191 = PRESENTATION_STYLE_ASSIGNMENT (( #416 ) ) ;
#4192 = ORIENTED_EDGE ( 'NONE', *, *, #1796, .F. ) ;
#4193 = PRESENTATION_LAYER_ASSIGNMENT (  '', '', ( #5209 ) ) ;
#4194 = VECTOR ( 'NONE', #573, 1000.000000000000000 ) ;
#4195 = SURFACE_SIDE_STYLE ('',( #993 ) ) ;
#4196 = MANIFOLD_SOLID_BREP ( 'Scale1[4]', #5276 ) ;
#4197 = ORIENTED_EDGE ( 'NONE', *, *, #4150, .T. ) ;
#4198 = DIRECTION ( 'NONE',  ( 0.000000000000000000, 0.000000000000000000, -1.000000000000000000 ) ) ;
#4199 = EDGE_CURVE ( 'NONE', #1543, #3566, #5897, .T. ) ;
#4200 = STYLED_ITEM ( 'NONE', ( #998 ), #2252 ) ;
#4201 = DIRECTION ( 'NONE',  ( -0.000000000000000000, -1.000000000000000000, -0.000000000000000000 ) ) ;
#4202 = ORIENTED_EDGE ( 'NONE', *, *, #35, .F. ) ;
#4204 = ORIENTED_EDGE ( 'NONE', *, *, #2145, .T. ) ;
#4203 = CARTESIAN_POINT ( 'NONE',  ( 0.5200271813265667786, 0.000000000000000000, -0.06515718325081611140 ) ) ;
#4205 = EDGE_CURVE ( 'NONE', #5764, #3359, #1148, .T. ) ;
#4206 = ORIENTED_EDGE ( 'NONE', *, *, #1339, .T. ) ;
#4207 = CARTESIAN_POINT ( 'NONE',  ( 0.000000000000000000, 0.000000000000000000, 0.000000000000000000 ) ) ;
#4208 = VECTOR ( 'NONE', #5242, 1000.000000000000000 ) ;
#4209 = FILL_AREA_STYLE_COLOUR ( '', #1264 ) ;
#4210 = VECTOR ( 'NONE', #4090, 1000.000000000000000 ) ;
#4211 = UNCERTAINTY_MEASURE_WITH_UNIT (LENGTH_MEASURE( 1.000000000000000082E-05 ), #3291, 'distance_accuracy_value', 'NONE');
#4212 = VECTOR ( 'NONE', #1153, 1000.000000000000000 ) ;
#4213 = AXIS2_PLACEMENT_3D ( 'NONE', #1902, #5019, #5049 ) ;
#4214 = PRESENTATION_LAYER_ASSIGNMENT (  '', '', ( #6658 ) ) ;
#4215 = LINE ( 'NONE', #6336, #6781 ) ;
#4216 =( NAMED_UNIT ( * ) PLANE_ANGLE_UNIT ( ) SI_UNIT ( $, .RADIAN. ) );
#4217 = AXIS2_PLACEMENT_3D ( 'NONE', #4894, #3806, #4861 ) ;
#4218 = FACE_OUTER_BOUND ( 'NONE', #2157, .T. ) ;
#4219 = CARTESIAN_POINT ( 'NONE',  ( 0.5116072995723832673, 0.000000000000000000, -0.04517935258088132122 ) ) ;
#4220 = VERTEX_POINT ( 'NONE', #1613 ) ;
#4221 = FILL_AREA_STYLE ('',( #939 ) ) ;
#4222 = MANIFOLD_SOLID_BREP ( 'Scale1[1]', #1337 ) ;
#4223 = VECTOR ( 'NONE', #2964, 1000.000000000000000 ) ;
#4224 = SURFACE_STYLE_USAGE ( .BOTH. , #5389 ) ;
#4225 = COLOUR_RGB ( '',0.4705882352941176405, 0.3568627450980392246, 0.000000000000000000 ) ;
#4226 = PRESENTATION_LAYER_ASSIGNMENT (  '', '', ( #4094 ) ) ;
#4227 = EDGE_CURVE ( 'NONE', #2668, #2165, #6861, .T. ) ;
#4228 = UNCERTAINTY_MEASURE_WITH_UNIT (LENGTH_MEASURE( 1.000000000000000082E-05 ), #5414, 'distance_accuracy_value', 'NONE');
#4229 = COLOUR_RGB ( '',0.4745098039215686070, 0.4823529411764705954, 0.5019607843137254832 ) ;
#4230 = AXIS2_PLACEMENT_3D ( 'NONE', #6750, #2513, #2438 ) ;
#4231 = STYLED_ITEM ( 'NONE', ( #3645 ), #3635 ) ;
#4232 = FILL_AREA_STYLE_COLOUR ( '', #6210 ) ;
#4233 = CARTESIAN_POINT ( 'NONE',  ( 0.5288647974072393509, 0.003000000000000000062, -0.07109393804620700585 ) ) ;
#4234 = DIRECTION ( 'NONE',  ( -0.000000000000000000, -1.000000000000000000, -0.000000000000000000 ) ) ;
#4235 = FILL_AREA_STYLE ('',( #2163 ) ) ;
#4236 = AXIS2_PLACEMENT_3D ( 'NONE', #3348, #1813, #5478 ) ;
#4237 =( GEOMETRIC_REPRESENTATION_CONTEXT ( 3 ) GLOBAL_UNCERTAINTY_ASSIGNED_CONTEXT ( ( #3652 ) ) GLOBAL_UNIT_ASSIGNED_CONTEXT ( ( #3986, #4020, #6110 ) ) REPRESENTATION_CONTEXT ( 'NONE', 'WORKASPACE' ) );
#4238 = VECTOR ( 'NONE', #3289, 1000.000000000000000 ) ;
#4239 = MECHANICAL_DESIGN_GEOMETRIC_PRESENTATION_REPRESENTATION (  '', ( #5008 ), #4461 ) ;
#4240 = ORIENTED_EDGE ( 'NONE', *, *, #2845, .F. ) ;
#4241 = DIRECTION ( 'NONE',  ( 0.000000000000000000, 0.000000000000000000, -1.000000000000000000 ) ) ;
#4242 = ORIENTED_EDGE ( 'NONE', *, *, #4282, .F. ) ;
#4243 = ADVANCED_FACE ( 'NONE', ( #4270 ), #2199, .F. ) ;
#4244 = COLOUR_RGB ( '',0.7921568627450980005, 0.8196078431372548767, 0.9333333333333333481 ) ;
#4245 = SURFACE_STYLE_USAGE ( .BOTH. , #586 ) ;
#4246 = COLOUR_RGB ( '',0.4745098039215686070, 0.4823529411764705954, 0.5019607843137254832 ) ;
#4247 = STYLED_ITEM ( 'NONE', ( #3859 ), #422 ) ;
#4248 = ORIENTED_EDGE ( 'NONE', *, *, #5392, .F. ) ;
#4249 = FACE_OUTER_BOUND ( 'NONE', #5945, .T. ) ;
#4250 = EDGE_CURVE ( 'NONE', #1116, #4527, #5448, .T. ) ;
#4251 = PLANE ( 'NONE',  #4457 ) ;
#4252 = CARTESIAN_POINT ( 'NONE',  ( 0.5288647974072393509, 0.000000000000000000, -0.07109393804620700585 ) ) ;
#4253 = VERTEX_POINT ( 'NONE', #5583 ) ;
#4255 = EDGE_LOOP ( 'NONE', ( #1016, #1669, #6260, #2750 ) ) ;
#4254 = SURFACE_STYLE_USAGE ( .BOTH. , #6846 ) ;
#4256 = ORIENTED_EDGE ( 'NONE', *, *, #1556, .F. ) ;
#4257 = DIRECTION ( 'NONE',  ( -0.000000000000000000, -1.000000000000000000, -0.000000000000000000 ) ) ;
#4258 = CARTESIAN_POINT ( 'NONE',  ( 0.5184583121003590866, 0.000000000000000000, -0.03147425039532796703 ) ) ;
#4259 =( NAMED_UNIT ( * ) PLANE_ANGLE_UNIT ( ) SI_UNIT ( $, .RADIAN. ) );
#4260 = FILL_AREA_STYLE_COLOUR ( '', #191 ) ;
#4261 = SURFACE_SIDE_STYLE ('',( #3105 ) ) ;
#4262 = CIRCLE ( 'NONE', #875, 0.02999999999999997113 ) ;
#4263 = LINE ( 'NONE', #493, #4428 ) ;
#4264 = ORIENTED_EDGE ( 'NONE', *, *, #2774, .T. ) ;
#4265 =( LENGTH_UNIT ( ) NAMED_UNIT ( * ) SI_UNIT ( .MILLI., .METRE. ) );
#4266 = FACE_OUTER_BOUND ( 'NONE', #4999, .T. ) ;
#4267 = COLOUR_RGB ( '',0.8941176470588234615, 0.4039215686274509887, 0.2431372549019607809 ) ;
#4268 = PRESENTATION_LAYER_ASSIGNMENT (  '', '', ( #6367 ) ) ;
#4269 = CARTESIAN_POINT ( 'NONE',  ( 0.2307094166659325318, 4.235164736271501695E-19, -0.1345603585632335342 ) ) ;
#4270 = FACE_OUTER_BOUND ( 'NONE', #2905, .T. ) ;
#4271 = DIRECTION ( 'NONE',  ( 0.000000000000000000, 0.000000000000000000, 1.000000000000000000 ) ) ;
#4272 = LINE ( 'NONE', #1587, #3426 ) ;
#4273 = ADVANCED_FACE ( 'NONE', ( #3922 ), #6079, .T. ) ;
#4274 =( GEOMETRIC_REPRESENTATION_CONTEXT ( 3 ) GLOBAL_UNCERTAINTY_ASSIGNED_CONTEXT ( ( #5330 ) ) GLOBAL_UNIT_ASSIGNED_CONTEXT ( ( #227, #4615, #1916 ) ) REPRESENTATION_CONTEXT ( 'NONE', 'WORKASPACE' ) );
#4275 = SURFACE_STYLE_USAGE ( .BOTH. , #2096 ) ;
#4276 = EDGE_CURVE ( 'NONE', #525, #2102, #1503, .T. ) ;
#4277 = CARTESIAN_POINT ( 'NONE',  ( 0.2400543990747725231, 0.000000000000000000, -0.05107781836179189905 ) ) ;
#4278 = ORIENTED_EDGE ( 'NONE', *, *, #5525, .F. ) ;
#4279 = PLANE ( 'NONE',  #3535 ) ;
#4280 = CARTESIAN_POINT ( 'NONE',  ( 0.5291540010148010342, 0.000000000000000000, -0.03821719267283291144 ) ) ;
#4281 = ORIENTED_EDGE ( 'NONE', *, *, #4035, .F. ) ;
#4282 = EDGE_CURVE ( 'NONE', #3741, #2595, #1223, .T. ) ;
#4283 = CARTESIAN_POINT ( 'NONE',  ( 0.5288647974072393509, 0.003000000000000000062, -0.1149805027458715295 ) ) ;
#4284 = ORIENTED_EDGE ( 'NONE', *, *, #565, .T. ) ;
#4285 =( NAMED_UNIT ( * ) SI_UNIT ( $, .STERADIAN. ) SOLID_ANGLE_UNIT ( ) );
#4286 = CARTESIAN_POINT ( 'NONE',  ( 0.5250253739081551796, 0.000000000000000000, -0.04055842633696740002 ) ) ;
#4287 = ORIENTED_EDGE ( 'NONE', *, *, #1383, .F. ) ;
#4288 = PRESENTATION_STYLE_ASSIGNMENT (( #9 ) ) ;
#4289 = EDGE_LOOP ( 'NONE', ( #2635, #4404, #6506, #156 ) ) ;
#4290 = EDGE_CURVE ( 'NONE', #3407, #6258, #2373, .T. ) ;
#4291 = FACE_OUTER_BOUND ( 'NONE', #3394, .T. ) ;
#4292 = FACE_OUTER_BOUND ( 'NONE', #2207, .T. ) ;
#4293 = FILL_AREA_STYLE_COLOUR ( '', #2441 ) ;
#4294 = CYLINDRICAL_SURFACE ( 'NONE', #1639, 0.02999999999999997113 ) ;
#4295 = ORIENTED_EDGE ( 'NONE', *, *, #4653, .F. ) ;
#4296 = FACE_OUTER_BOUND ( 'NONE', #4811, .T. ) ;
#4297 = ORIENTED_EDGE ( 'NONE', *, *, #6756, .F. ) ;
#4298 = PRESENTATION_STYLE_ASSIGNMENT (( #4224 ) ) ;
#4299 = SURFACE_SIDE_STYLE ('',( #1187 ) ) ;
#4300 = ADVANCED_FACE ( 'NONE', ( #3953 ), #2269, .T. ) ;
#4301 =( LENGTH_UNIT ( ) NAMED_UNIT ( * ) SI_UNIT ( .MILLI., .METRE. ) );
#4302 = CARTESIAN_POINT ( 'NONE',  ( 0.5188791900677894864, 0.000000000000000000, -0.08174568190881410790 ) ) ;
#4303 = EDGE_CURVE ( 'NONE', #18, #2607, #2855, .T. ) ;
#4304 = STYLED_ITEM ( 'NONE', ( #1563 ), #1106 ) ;
#4305 = CARTESIAN_POINT ( 'NONE',  ( 0.000000000000000000, 0.7600000000000001199, -0.4000000000000000777 ) ) ;
#4306 = AXIS2_PLACEMENT_3D ( 'NONE', #1390, #4136, #6259 ) ;
#4307 =( NAMED_UNIT ( * ) PLANE_ANGLE_UNIT ( ) SI_UNIT ( $, .RADIAN. ) );
#4308 = EDGE_LOOP ( 'NONE', ( #3095, #278, #5430, #6073 ) ) ;
#4309 = CARTESIAN_POINT ( 'NONE',  ( 0.5170852029101958847, 0.003000000000000000062, -0.06287549031968749091 ) ) ;
#4310 = CARTESIAN_POINT ( 'NONE',  ( 0.3795462710254895455, 0.000000000000000000, -0.1135792546526552677 ) ) ;
#4311 = CARTESIAN_POINT ( 'NONE',  ( 0.5188791900677894864, 0.003000000000000000062, -0.08174568190881410790 ) ) ;
#4312 = ORIENTED_EDGE ( 'NONE', *, *, #3782, .T. ) ;
#4313 = FACE_OUTER_BOUND ( 'NONE', #5339, .T. ) ;
#4314 = AXIS2_PLACEMENT_3D ( 'NONE', #26, #2731, #3730 ) ;
#4315 = ORIENTED_EDGE ( 'NONE', *, *, #4638, .T. ) ;
#4316 = LINE ( 'NONE', #6430, #4549 ) ;
#4317 = FILL_AREA_STYLE_COLOUR ( '', #4796 ) ;
#4318 = ORIENTED_EDGE ( 'NONE', *, *, #2084, .F. ) ;
#4319 = ORIENTED_EDGE ( 'NONE', *, *, #2733, .F. ) ;
#4320 = COLOUR_RGB ( '',0.8941176470588234615, 0.4039215686274509887, 0.2431372549019607809 ) ;
#4321 =( GEOMETRIC_REPRESENTATION_CONTEXT ( 3 ) GLOBAL_UNCERTAINTY_ASSIGNED_CONTEXT ( ( #3041 ) ) GLOBAL_UNIT_ASSIGNED_CONTEXT ( ( #1018, #2706, #5288 ) ) REPRESENTATION_CONTEXT ( 'NONE', 'WORKASPACE' ) );
#4322 = DIRECTION ( 'NONE',  ( 1.000000000000000000, -0.000000000000000000, -0.000000000000000000 ) ) ;
#4323 = PRESENTATION_LAYER_ASSIGNMENT (  '', '', ( #5438 ) ) ;
#4324 = EDGE_CURVE ( 'NONE', #6059, #3139, #3999, .T. ) ;
#4325 = CARTESIAN_POINT ( 'NONE',  ( 0.3250174859200531396, 0.003000000000000000062, -0.07252464859866522562 ) ) ;
#4326 = CARTESIAN_POINT ( 'NONE',  ( 0.02512776830933449029, 0.003000000000000000062, -0.1348280044436376557 ) ) ;
#4327 = ORIENTED_EDGE ( 'NONE', *, *, #4949, .T. ) ;
#4328 = AXIS2_PLACEMENT_3D ( 'NONE', #6692, #1360, #5617 ) ;
#4329 = DIRECTION ( 'NONE',  ( -0.000000000000000000, -1.000000000000000000, -0.000000000000000000 ) ) ;
#4330 = STYLED_ITEM ( 'NONE', ( #5677 ), #5171 ) ;
#4331 = VECTOR ( 'NONE', #225, 1000.000000000000000 ) ;
#4332 = CARTESIAN_POINT ( 'NONE',  ( 0.5155786827821470242, 0.000000000000000000, -0.06935524894075381641 ) ) ;
#4333 = VECTOR ( 'NONE', #5971, 1000.000000000000000 ) ;
#4334 =( GEOMETRIC_REPRESENTATION_CONTEXT ( 3 ) GLOBAL_UNCERTAINTY_ASSIGNED_CONTEXT ( ( #6063 ) ) GLOBAL_UNIT_ASSIGNED_CONTEXT ( ( #4511, #3866, #3633 ) ) REPRESENTATION_CONTEXT ( 'NONE', 'WORKASPACE' ) );
#4335 = STYLED_ITEM ( 'NONE', ( #335 ), #4177 ) ;
#4336 = MECHANICAL_DESIGN_GEOMETRIC_PRESENTATION_REPRESENTATION (  '', ( #4088 ), #3762 ) ;
#4337 = CARTESIAN_POINT ( 'NONE',  ( -0.4000000000000001332, -0.009999999999999918676, 0.3699999999999999956 ) ) ;
#4338 = SURFACE_SIDE_STYLE ('',( #1489 ) ) ;
#4339 = EDGE_CURVE ( 'NONE', #1135, #2246, #182, .T. ) ;
#4340 = VECTOR ( 'NONE', #2764, 1000.000000000000000 ) ;
#4341 = CARTESIAN_POINT ( 'NONE',  ( 0.5288647974072393509, 0.000000000000000000, -0.1149805027458715295 ) ) ;
#4342 = PRESENTATION_LAYER_ASSIGNMENT (  '', '', ( #6666 ) ) ;
#4343 = EDGE_CURVE ( 'NONE', #2259, #1494, #6582, .T. ) ;
#4344 = SURFACE_STYLE_FILL_AREA ( #3322 ) ;
#4345 = ORIENTED_EDGE ( 'NONE', *, *, #2337, .T. ) ;
#4346 = CIRCLE ( 'NONE', #743, 0.02999999999999997113 ) ;
#4347 = CARTESIAN_POINT ( 'NONE',  ( 0.5257606270092732847, 0.000000000000000000, -0.1006883056271078852 ) ) ;
#4348 = LINE ( 'NONE', #3326, #2095 ) ;
#4349 = AXIS2_PLACEMENT_3D ( 'NONE', #2947, #6682, #814 ) ;
#4350 = AXIS2_PLACEMENT_3D ( 'NONE', #1634, #1136, #5965 ) ;
#4351 = SURFACE_SIDE_STYLE ('',( #2839 ) ) ;
#4352 = ORIENTED_EDGE ( 'NONE', *, *, #3298, .F. ) ;
#4353 = AXIS2_PLACEMENT_3D ( 'NONE', #4523, #4023, #3504 ) ;
#4354 = SURFACE_STYLE_USAGE ( .BOTH. , #1022 ) ;
#4355 = ORIENTED_EDGE ( 'NONE', *, *, #5824, .F. ) ;
#4356 = STYLED_ITEM ( 'NONE', ( #3776 ), #6490 ) ;
#4357 = ORIENTED_EDGE ( 'NONE', *, *, #3674, .T. ) ;
#4358 = ADVANCED_FACE ( 'NONE', ( #1935 ), #1903, .F. ) ;
#4359 = DIRECTION ( 'NONE',  ( 0.9303478670214589963, 0.000000000000000000, -0.3666781236024608814 ) ) ;
#4360 = STYLED_ITEM ( 'NONE', ( #2760 ), #409 ) ;
#4361 = STYLED_ITEM ( 'NONE', ( #49 ), #6690 ) ;
#4362 = EDGE_CURVE ( 'NONE', #1797, #5907, #6263, .T. ) ;
#4363 = PRESENTATION_LAYER_ASSIGNMENT (  '', '', ( #3571 ) ) ;
#4364 = FILL_AREA_STYLE ('',( #3842 ) ) ;
#4365 = PRESENTATION_STYLE_ASSIGNMENT (( #2647 ) ) ;
#4366 = CARTESIAN_POINT ( 'NONE',  ( -0.7875735931288073699, 0.02000000000000003858, 0.4000000000000000777 ) ) ;
#4367 = DIRECTION ( 'NONE',  ( 0.000000000000000000, 1.000000000000000000, 0.000000000000000000 ) ) ;
#4368 = ORIENTED_EDGE ( 'NONE', *, *, #1933, .F. ) ;
#4369 = PRESENTATION_STYLE_ASSIGNMENT (( #3793 ) ) ;
#4370 = DIRECTION ( 'NONE',  ( -0.000000000000000000, -1.000000000000000000, -0.000000000000000000 ) ) ;
#4371 = EDGE_CURVE ( 'NONE', #2700, #6258, #3870, .T. ) ;
#4372 = DIRECTION ( 'NONE',  ( -1.000000000000000000, 0.000000000000000000, 0.000000000000000000 ) ) ;
#4373 = AXIS2_PLACEMENT_3D ( 'NONE', #645, #2803, #580 ) ;
#4374 = DIRECTION ( 'NONE',  ( 1.000000000000000000, 0.000000000000000000, -0.000000000000000000 ) ) ;
#4375 = FILL_AREA_STYLE_COLOUR ( '', #2329 ) ;
#4376 = B_SPLINE_CURVE_WITH_KNOTS ( 'NONE', 3,
 ( #2126, #5816, #3718, #5304 ),
 .UNSPECIFIED., .F., .F.,
 ( 4, 4 ),
 ( 0.000000000000000000, 1.000000000000000000 ),
 .UNSPECIFIED. ) ;
#4377 = CARTESIAN_POINT ( 'NONE',  ( -0.7900000000000000355, 0.02999999999999997113, 0.3599999999999999867 ) ) ;
#4378 = CARTESIAN_POINT ( 'NONE',  ( 0.5209455743335885680, 0.003000000000000000062, -0.06515718325081611140 ) ) ;
#4379 = AXIS2_PLACEMENT_3D ( 'NONE', #3392, #3295, #1725 ) ;
#4380 = ORIENTED_EDGE ( 'NONE', *, *, #3704, .T. ) ;
#4381 = CARTESIAN_POINT ( 'NONE',  ( 0.4000000000000000222, 0.7900000000000001465, -0.3900000000000001243 ) ) ;
#4382 = CARTESIAN_POINT ( 'NONE',  ( -0.4000000000000000222, 0.7500000000000001110, -0.3600000000000001532 ) ) ;
#4383 = PLANE ( 'NONE',  #6003 ) ;
#4384 =( NAMED_UNIT ( * ) PLANE_ANGLE_UNIT ( ) SI_UNIT ( $, .RADIAN. ) );
#4385 = CARTESIAN_POINT ( 'NONE',  ( 0.3250174859200531396, 0.000000000000000000, -0.07252464859866522562 ) ) ;
#4386 = ORIENTED_EDGE ( 'NONE', *, *, #2070, .T. ) ;
#4387 = FACE_OUTER_BOUND ( 'NONE', #5237, .T. ) ;
#4388 = ORIENTED_EDGE ( 'NONE', *, *, #1024, .F. ) ;
#4389 = LINE ( 'NONE', #6501, #3728 ) ;
#4390 = EDGE_CURVE ( 'NONE', #8, #6821, #794, .T. ) ;
#4391 = CARTESIAN_POINT ( 'NONE',  ( 0.4000000000000000222, 0.7900000000000001465, 0.3900000000000000688 ) ) ;
#4392 = CYLINDRICAL_SURFACE ( 'NONE', #4349, 0.007387994315882019485 ) ;
#4393 = CARTESIAN_POINT ( 'NONE',  ( -0.8000000000000001554, 0.02000000000000007674, 0.3699999999999999956 ) ) ;
#4394 = CARTESIAN_POINT ( 'NONE',  ( -0.4000000000000000222, 0.7900000000000001465, 0.3699999999999999956 ) ) ;
#4395 = VERTEX_POINT ( 'NONE', #3592 ) ;
#4396 = EDGE_CURVE ( 'NONE', #87, #6366, #3551, .T. ) ;
#4397 = ORIENTED_EDGE ( 'NONE', *, *, #2381, .T. ) ;
#4398 = CARTESIAN_POINT ( 'NONE',  ( 0.4000000000000000222, 0.7900000000000001465, -0.4000000000000000777 ) ) ;
#4399 = PRESENTATION_STYLE_ASSIGNMENT (( #1192 ) ) ;
#4400 = FILL_AREA_STYLE ('',( #125 ) ) ;
#4401 = FILL_AREA_STYLE_COLOUR ( '', #4074 ) ;
#4402 = EDGE_CURVE ( 'NONE', #4408, #5868, #2989, .T. ) ;
#4403 = CARTESIAN_POINT ( 'NONE',  ( 0.5188791900677894864, 0.003000000000000000062, -0.08174568190881410790 ) ) ;
#4404 = ORIENTED_EDGE ( 'NONE', *, *, #5466, .F. ) ;
#4405 = ADVANCED_FACE ( 'NONE', ( #4569 ), #4030, .T. ) ;
#4406 = LINE ( 'NONE', #4994, #6568 ) ;
#4407 = DIRECTION ( 'NONE',  ( -0.000000000000000000, 1.000000000000000000, 0.000000000000000000 ) ) ;
#4408 = VERTEX_POINT ( 'NONE', #2188 ) ;
#4409 = SURFACE_STYLE_FILL_AREA ( #3430 ) ;
#4410 = SURFACE_STYLE_FILL_AREA ( #6472 ) ;
#4411 = VERTEX_POINT ( 'NONE', #568 ) ;
#4412 = PRODUCT_DEFINITION_CONTEXT ( 'detailed design', #557, 'design' ) ;
#4413 = CARTESIAN_POINT ( 'NONE',  ( 0.1659364400072695367, 0.003000000000000000062, -0.02822637805886715756 ) ) ;
#4414 = ADVANCED_FACE ( 'NONE', ( #1539 ), #3173, .F. ) ;
#4415 = CARTESIAN_POINT ( 'NONE',  ( 0.7875735931288072589, 0.7900000000000000355, 0.3699999999999999400 ) ) ;
#4416 = EDGE_CURVE ( 'NONE', #5591, #6479, #3250, .T. ) ;
#4417 = CARTESIAN_POINT ( 'NONE',  ( 0.7700000000000002398, -0.009999999999999916941, -0.3875735931288072922 ) ) ;
#4418 = AXIS2_PLACEMENT_3D ( 'NONE', #218, #1125, #1795 ) ;
#4419 = DIRECTION ( 'NONE',  ( -0.000000000000000000, -1.000000000000000000, -0.000000000000000000 ) ) ;
#4420 = LINE ( 'NONE', #1784, #90 ) ;
#4421 = ORIENTED_EDGE ( 'NONE', *, *, #5384, .F. ) ;
#4422 = PLANE ( 'NONE',  #3419 ) ;
#4423 = DIRECTION ( 'NONE',  ( 0.000000000000000000, 0.000000000000000000, -1.000000000000000000 ) ) ;
#4424 = ORIENTED_EDGE ( 'NONE', *, *, #6866, .F. ) ;
#4425 =( LENGTH_UNIT ( ) NAMED_UNIT ( * ) SI_UNIT ( .MILLI., .METRE. ) );
#4426 = AXIS2_PLACEMENT_3D ( 'NONE', #4686, #3695, #2158 ) ;
#4427 =( GEOMETRIC_REPRESENTATION_CONTEXT ( 3 ) GLOBAL_UNCERTAINTY_ASSIGNED_CONTEXT ( ( #3296 ) ) GLOBAL_UNIT_ASSIGNED_CONTEXT ( ( #1401, #6160, #3485 ) ) REPRESENTATION_CONTEXT ( 'NONE', 'WORKASPACE' ) );
#4428 = VECTOR ( 'NONE', #6265, 1000.000000000000000 ) ;
#4429 = CARTESIAN_POINT ( 'NONE',  ( 0.5199317392800119064, 0.000000000000000000, -0.03651898385210693848 ) ) ;
#4430 = LINE ( 'NONE', #4853, #283 ) ;
#4431 = DIRECTION ( 'NONE',  ( -0.8652279594980666344, 0.000000000000000000, 0.5013786773515723771 ) ) ;
#4432 = DIRECTION ( 'NONE',  ( -1.000000000000000000, 0.000000000000000000, 0.000000000000000000 ) ) ;
#4433 = STYLED_ITEM ( 'NONE', ( #1088 ), #1805 ) ;
#4434 = VECTOR ( 'NONE', #3814, 1000.000000000000000 ) ;
#4435 = DIRECTION ( 'NONE',  ( 0.000000000000000000, 1.000000000000000000, 0.000000000000000000 ) ) ;
#4436 = MECHANICAL_DESIGN_GEOMETRIC_PRESENTATION_REPRESENTATION (  '', ( #719 ), #5342 ) ;
#4437 =( GEOMETRIC_REPRESENTATION_CONTEXT ( 3 ) GLOBAL_UNCERTAINTY_ASSIGNED_CONTEXT ( ( #12 ) ) GLOBAL_UNIT_ASSIGNED_CONTEXT ( ( #6240, #3071, #6727 ) ) REPRESENTATION_CONTEXT ( 'NONE', 'WORKASPACE' ) );
#4438 = DIRECTION ( 'NONE',  ( 1.000000000000000000, -0.000000000000000000, -0.000000000000000000 ) ) ;
#4439 = ORIENTED_EDGE ( 'NONE', *, *, #3004, .F. ) ;
#4440 = DIRECTION ( 'NONE',  ( 0.000000000000000000, -1.000000000000000000, 0.000000000000000000 ) ) ;
#4441 = VECTOR ( 'NONE', #2864, 1000.000000000000000 ) ;
#4442 = CARTESIAN_POINT ( 'NONE',  ( 0.5179688503939871014, 0.000000000000000000, -0.1238094871698974531 ) ) ;
#4443 = EDGE_CURVE ( 'NONE', #4793, #5554, #4376, .T. ) ;
#4444 = VECTOR ( 'NONE', #4181, 1000.000000000000000 ) ;
#4445 = FILL_AREA_STYLE ('',( #2768 ) ) ;
#4446 = VECTOR ( 'NONE', #2941, 1000.000000000000000 ) ;
#4447 = LINE ( 'NONE', #1769, #5814 ) ;
#4448 =( GEOMETRIC_REPRESENTATION_CONTEXT ( 3 ) GLOBAL_UNCERTAINTY_ASSIGNED_CONTEXT ( ( #1967 ) ) GLOBAL_UNIT_ASSIGNED_CONTEXT ( ( #3044, #1873, #365 ) ) REPRESENTATION_CONTEXT ( 'NONE', 'WORKASPACE' ) );
#4449 = MECHANICAL_DESIGN_GEOMETRIC_PRESENTATION_REPRESENTATION (  '', ( #1076 ), #5363 ) ;
#4450 = ORIENTED_EDGE ( 'NONE', *, *, #5884, .T. ) ;
#4451 = AXIS2_PLACEMENT_3D ( 'NONE', #6820, #5156, #4762 ) ;
#4452 = LINE ( 'NONE', #1167, #4784 ) ;
#4453 = EDGE_CURVE ( 'NONE', #4135, #2098, #4104, .T. ) ;
#4454 = SURFACE_STYLE_USAGE ( .BOTH. , #589 ) ;
#4455 = ORIENTED_EDGE ( 'NONE', *, *, #6380, .T. ) ;
#4456 = STYLED_ITEM ( 'NONE', ( #329 ), #5798 ) ;
#4457 = AXIS2_PLACEMENT_3D ( 'NONE', #135, #1733, #6004 ) ;
#4458 = ORIENTED_EDGE ( 'NONE', *, *, #1064, .T. ) ;
#4459 = FACE_OUTER_BOUND ( 'NONE', #1918, .T. ) ;
#4460 = EDGE_CURVE ( 'NONE', #6699, #74, #6218, .T. ) ;
#4461 =( GEOMETRIC_REPRESENTATION_CONTEXT ( 3 ) GLOBAL_UNCERTAINTY_ASSIGNED_CONTEXT ( ( #1737 ) ) GLOBAL_UNIT_ASSIGNED_CONTEXT ( ( #3712, #2636, #5808 ) ) REPRESENTATION_CONTEXT ( 'NONE', 'WORKASPACE' ) );
#4462 = DIRECTION ( 'NONE',  ( -0.000000000000000000, -0.000000000000000000, 1.000000000000000000 ) ) ;
#4463 = CARTESIAN_POINT ( 'NONE',  ( 0.2420085203291615639, 0.003000000000000000062, -0.02822637805886715756 ) ) ;
#4464 = CARTESIAN_POINT ( 'NONE',  ( 0.5148982518008852205, 0.000000000000000000, -0.1225023121905232382 ) ) ;
#4465 = ORIENTED_EDGE ( 'NONE', *, *, #6382, .T. ) ;
#4466 = FILL_AREA_STYLE ('',( #6074 ) ) ;
#4467 = COLOUR_RGB ( '',0.4745098039215686070, 0.4823529411764705954, 0.5019607843137254832 ) ;
#4468 = VERTEX_POINT ( 'NONE', #5278 ) ;
#4469 = SURFACE_STYLE_FILL_AREA ( #2339 ) ;
#4470 = COLOUR_RGB ( '',0.4745098039215686070, 0.4823529411764705954, 0.5019607843137254832 ) ;
#4471 = AXIS2_PLACEMENT_3D ( 'NONE', #6532, #3938, #3886 ) ;
#4472 = DIRECTION ( 'NONE',  ( 0.000000000000000000, 0.000000000000000000, -1.000000000000000000 ) ) ;
#4473 = SURFACE_STYLE_USAGE ( .BOTH. , #5054 ) ;
#4474 = DIRECTION ( 'NONE',  ( -1.000000000000000000, 0.000000000000000000, 0.000000000000000000 ) ) ;
#4475 = FILL_AREA_STYLE_COLOUR ( '', #4320 ) ;
#4476 = DIRECTION ( 'NONE',  ( 0.000000000000000000, -0.000000000000000000, 1.000000000000000000 ) ) ;
#4477 = ADVANCED_FACE ( 'NONE', ( #4816 ), #3280, .F. ) ;
#4478 = ORIENTED_EDGE ( 'NONE', *, *, #2048, .F. ) ;
#4479 = DIRECTION ( 'NONE',  ( 0.000000000000000000, 0.000000000000000000, -1.000000000000000000 ) ) ;
#4480 = CARTESIAN_POINT ( 'NONE',  ( -0.7875735931288073699, 0.7775735931288071390, 0.3999999999999998557 ) ) ;
#4481 = DIRECTION ( 'NONE',  ( -0.000000000000000000, 1.000000000000000000, 0.000000000000000000 ) ) ;
#4482 = AXIS2_PLACEMENT_3D ( 'NONE', #4084, #3614, #5222 ) ;
#4483 = SURFACE_STYLE_FILL_AREA ( #6056 ) ;
#4484 = AXIS2_PLACEMENT_3D ( 'NONE', #6370, #2745, #563 ) ;
#4485 = CARTESIAN_POINT ( 'NONE',  ( 0.8000000000000001554, 0.7600000000000001199, -0.3699999999999998290 ) ) ;
#4486 = EDGE_CURVE ( 'NONE', #6908, #3350, #4215, .T. ) ;
#4487 = CLOSED_SHELL ( 'NONE', ( #6725, #4930, #6511, #6571, #3408, #846 ) ) ;
#4488 = ORIENTED_EDGE ( 'NONE', *, *, #4638, .F. ) ;
#4489 = LINE ( 'NONE', #4325, #177 ) ;
#4490 = PLANE ( 'NONE',  #1177 ) ;
#4491 = ORIENTED_EDGE ( 'NONE', *, *, #6465, .T. ) ;
#4492 = VECTOR ( 'NONE', #5727, 1000.000000000000000 ) ;
#4493 = UNCERTAINTY_MEASURE_WITH_UNIT (LENGTH_MEASURE( 1.000000000000000082E-05 ), #3898, 'distance_accuracy_value', 'NONE');
#4494 = CARTESIAN_POINT ( 'NONE',  ( -0.4000000000000001332, 0.02000000000000006634, -0.4000000000000000777 ) ) ;
#4495 = CARTESIAN_POINT ( 'NONE',  ( 0.8000000000000001554, 0.02000000000000013572, -0.3700000000000000511 ) ) ;
#4496 = CARTESIAN_POINT ( 'NONE',  ( 0.1520327505222483222, 0.003000000000000000062, -0.05204809658087075630 ) ) ;
#4497 = DIRECTION ( 'NONE',  ( 1.000000000000000000, 0.000000000000000000, 0.000000000000000000 ) ) ;
#4498 = ORIENTED_EDGE ( 'NONE', *, *, #6188, .F. ) ;
#4499 = CARTESIAN_POINT ( 'NONE',  ( 0.1069762494361762850, 0.003000000000000000062, -0.1348280044436376557 ) ) ;
#4500 = ORIENTED_EDGE ( 'NONE', *, *, #147, .F. ) ;
#4501 = VERTEX_POINT ( 'NONE', #1245 ) ;
#4502 =( NAMED_UNIT ( * ) PLANE_ANGLE_UNIT ( ) SI_UNIT ( $, .RADIAN. ) );
#4503 =( LENGTH_UNIT ( ) NAMED_UNIT ( * ) SI_UNIT ( .MILLI., .METRE. ) );
#4504 = SURFACE_SIDE_STYLE ('',( #740 ) ) ;
#4505 =( NAMED_UNIT ( * ) SI_UNIT ( $, .STERADIAN. ) SOLID_ANGLE_UNIT ( ) );
#4506 = DIRECTION ( 'NONE',  ( -0.000000000000000000, -0.000000000000000000, 1.000000000000000000 ) ) ;
#4507 = EDGE_CURVE ( 'NONE', #1570, #2030, #5440, .T. ) ;
#4508 = CARTESIAN_POINT ( 'NONE',  ( 0.5200271813265667786, 0.003000000000000000062, -0.06515718325081611140 ) ) ;
#4509 = VERTEX_POINT ( 'NONE', #3377 ) ;
#4510 = FILL_AREA_STYLE ('',( #6128 ) ) ;
#4511 =( LENGTH_UNIT ( ) NAMED_UNIT ( * ) SI_UNIT ( .MILLI., .METRE. ) );
#4512 = LINE ( 'NONE', #1692, #4331 ) ;
#4513 =( NAMED_UNIT ( * ) SI_UNIT ( $, .STERADIAN. ) SOLID_ANGLE_UNIT ( ) );
#4514 = ORIENTED_EDGE ( 'NONE', *, *, #1376, .F. ) ;
#4515 = PRESENTATION_STYLE_ASSIGNMENT (( #5387 ) ) ;
#4516 = CARTESIAN_POINT ( 'NONE',  ( 0.000000000000000000, 0.02000000000000007674, 0.3699999999999999956 ) ) ;
#4517 = ORIENTED_EDGE ( 'NONE', *, *, #2522, .T. ) ;
#4518 = CARTESIAN_POINT ( 'NONE',  ( 0.5170852029101958847, 0.000000000000000000, -0.05803963744639718814 ) ) ;
#4519 = AXIS2_PLACEMENT_3D ( 'NONE', #393, #1576, #936 ) ;
#4520 = LINE ( 'NONE', #2945, #1851 ) ;
#4521 = SURFACE_STYLE_FILL_AREA ( #5228 ) ;
#4522 = SURFACE_STYLE_USAGE ( .BOTH. , #6070 ) ;
#4523 = CARTESIAN_POINT ( 'NONE',  ( -0.7900000000000000355, 0.7800000000000002487, -0.3900000000000001243 ) ) ;
#4524 = ORIENTED_EDGE ( 'NONE', *, *, #6334, .F. ) ;
#4525 = LINE ( 'NONE', #4025, #3311 ) ;
#4526 = CARTESIAN_POINT ( 'NONE',  ( 0.3250174859200531396, 0.003000000000000000062, -0.07252464859866522562 ) ) ;
#4527 = VERTEX_POINT ( 'NONE', #663 ) ;
#4528 = VECTOR ( 'NONE', #2249, 1000.000000000000000 ) ;
#4529 = CARTESIAN_POINT ( 'NONE',  ( 0.5179688503939871014, 0.003000000000000000062, -0.05105430400072100139 ) ) ;
#4530 = CARTESIAN_POINT ( 'NONE',  ( 0.3250174859200531396, 0.000000000000000000, -0.09158047531953275588 ) ) ;
#4531 =( LENGTH_UNIT ( ) NAMED_UNIT ( * ) SI_UNIT ( .MILLI., .METRE. ) );
#4532 = CARTESIAN_POINT ( 'NONE',  ( -0.7700000000000001288, 0.02000000000000005246, 0.3699999999999999956 ) ) ;
#4533 = SURFACE_SIDE_STYLE ('',( #249 ) ) ;
#4534 = ADVANCED_FACE ( 'NONE', ( #4936 ), #6493, .T. ) ;
#4535 = DIRECTION ( 'NONE',  ( 0.000000000000000000, 0.000000000000000000, -1.000000000000000000 ) ) ;
#4536 = EDGE_LOOP ( 'NONE', ( #2193, #1628, #1387, #457 ) ) ;
#4537 =( LENGTH_UNIT ( ) NAMED_UNIT ( * ) SI_UNIT ( .MILLI., .METRE. ) );
#4538 = CARTESIAN_POINT ( 'NONE',  ( -0.7700000000000002398, 0.7775735931288070280, 0.3999999999999998557 ) ) ;
#4539 = DIRECTION ( 'NONE',  ( 0.000000000000000000, -1.000000000000000000, 0.000000000000000000 ) ) ;
#4540 = AXIS2_PLACEMENT_3D ( 'NONE', #738, #6156, #5585 ) ;
#4541 = LINE ( 'NONE', #6099, #3913 ) ;
#4542 = MECHANICAL_DESIGN_GEOMETRIC_PRESENTATION_REPRESENTATION (  '', ( #1393 ), #4865 ) ;
#4543 = AXIS2_PLACEMENT_3D ( 'NONE', #2957, #1818, #2481 ) ;
#4544 =( GEOMETRIC_REPRESENTATION_CONTEXT ( 3 ) GLOBAL_UNCERTAINTY_ASSIGNED_CONTEXT ( ( #4062 ) ) GLOBAL_UNIT_ASSIGNED_CONTEXT ( ( #384, #6435, #4840 ) ) REPRESENTATION_CONTEXT ( 'NONE', 'WORKASPACE' ) );
#4545 = VERTEX_POINT ( 'NONE', #691 ) ;
#4546 = AXIS2_PLACEMENT_3D ( 'NONE', #3564, #5759, #1915 ) ;
#4547 = PLANE ( 'NONE',  #1266 ) ;
#4548 = CIRCLE ( 'NONE', #2431, 0.02999999999999997113 ) ;
#4549 = VECTOR ( 'NONE', #6285, 1000.000000000000000 ) ;
#4550 = CYLINDRICAL_SURFACE ( 'NONE', #2900, 0.02999999999999997113 ) ;
#4551 = VERTEX_POINT ( 'NONE', #4908 ) ;
#4552 =( GEOMETRIC_REPRESENTATION_CONTEXT ( 3 ) GLOBAL_UNCERTAINTY_ASSIGNED_CONTEXT ( ( #4211 ) ) GLOBAL_UNIT_ASSIGNED_CONTEXT ( ( #3291, #3265, #2208 ) ) REPRESENTATION_CONTEXT ( 'NONE', 'WORKASPACE' ) );
#4553 = CARTESIAN_POINT ( 'NONE',  ( 0.7875735931288073699, 0.7775735931288071390, 0.3999999999999998557 ) ) ;
#4554 = SURFACE_SIDE_STYLE ('',( #6639 ) ) ;
#4555 = FILL_AREA_STYLE ('',( #5737 ) ) ;
#4556 = CIRCLE ( 'NONE', #4236, 0.02999999999999997113 ) ;
#4557 = CARTESIAN_POINT ( 'NONE',  ( 0.5291540010148010342, 0.003000000000000000062, -0.03821719267283291144 ) ) ;
#4558 = ORIENTED_EDGE ( 'NONE', *, *, #237, .F. ) ;
#4560 = ORIENTED_EDGE ( 'NONE', *, *, #325, .T. ) ;
#4559 = DIRECTION ( 'NONE',  ( -1.000000000000000000, 0.000000000000000000, 0.000000000000000000 ) ) ;
#4561 = MECHANICAL_DESIGN_GEOMETRIC_PRESENTATION_REPRESENTATION (  '', ( #3774 ), #3447 ) ;
#4562 = CARTESIAN_POINT ( 'NONE',  ( 0.1296967941067185826, 0.003000000000000000062, -0.06791197847948228505 ) ) ;
#4563 = VECTOR ( 'NONE', #2275, 1000.000000000000000 ) ;
#4564 = UNCERTAINTY_MEASURE_WITH_UNIT (LENGTH_MEASURE( 1.000000000000000082E-05 ), #3648, 'distance_accuracy_value', 'NONE');
#4565 = LINE ( 'NONE', #6719, #3971 ) ;
#4566 = EDGE_CURVE ( 'NONE', #406, #1814, #4966, .T. ) ;
#4567 = AXIS2_PLACEMENT_3D ( 'NONE', #1238, #1169, #5498 ) ;
#4568 = EDGE_CURVE ( 'NONE', #2175, #1445, #3815, .T. ) ;
#4569 = FACE_OUTER_BOUND ( 'NONE', #4913, .T. ) ;
#4570 = DIRECTION ( 'NONE',  ( 0.000000000000000000, 0.000000000000000000, -1.000000000000000000 ) ) ;
#4571 = CARTESIAN_POINT ( 'NONE',  ( 0.5078988403312109101, 0.003000000000000000062, -0.06475161236307666601 ) ) ;
#4572 = CARTESIAN_POINT ( 'NONE',  ( 0.7700000000000001288, 0.02000000000000007674, -0.4000000000000000777 ) ) ;
#4573 = DIRECTION ( 'NONE',  ( 0.000000000000000000, -0.000000000000000000, -1.000000000000000000 ) ) ;
#4574 =( LENGTH_UNIT ( ) NAMED_UNIT ( * ) SI_UNIT ( .MILLI., .METRE. ) );
#4575 = SURFACE_SIDE_STYLE ('',( #5025 ) ) ;
#4576 = UNCERTAINTY_MEASURE_WITH_UNIT (LENGTH_MEASURE( 1.000000000000000082E-05 ), #4425, 'distance_accuracy_value', 'NONE');
#4577 = PRESENTATION_LAYER_ASSIGNMENT (  '', '', ( #5137 ) ) ;
#4578 = MECHANICAL_DESIGN_GEOMETRIC_PRESENTATION_REPRESENTATION (  '', ( #653 ), #4694 ) ;
#4579 = ORIENTED_EDGE ( 'NONE', *, *, #474, .T. ) ;
#4580 = DIRECTION ( 'NONE',  ( 0.5013786773515722661, 0.000000000000000000, 0.8652279594980665234 ) ) ;
#4581 = CARTESIAN_POINT ( 'NONE',  ( 0.000000000000000000, 0.7600000000000001199, -0.3700000000000001066 ) ) ;
#4582 = DIRECTION ( 'NONE',  ( 0.000000000000000000, 1.000000000000000000, 0.000000000000000000 ) ) ;
#4583 = EDGE_LOOP ( 'NONE', ( #1235, #6841, #1020, #2952 ) ) ;
#4584 = DIRECTION ( 'NONE',  ( 0.000000000000000000, -0.000000000000000000, 1.000000000000000000 ) ) ;
#4585 = FACE_BOUND ( 'NONE', #5326, .T. ) ;
#4586 = DIRECTION ( 'NONE',  ( -1.000000000000000000, 0.000000000000000000, -0.000000000000000000 ) ) ;
#4587 = ORIENTED_EDGE ( 'NONE', *, *, #1204, .T. ) ;
#4588 = COLOUR_RGB ( '',0.8941176470588234615, 0.4039215686274509887, 0.2431372549019607809 ) ;
#4589 = DIRECTION ( 'NONE',  ( -1.000000000000000000, 0.000000000000000000, 0.000000000000000000 ) ) ;
#4590 = EDGE_CURVE ( 'NONE', #4014, #2569, #236, .T. ) ;
#4591 = LINE ( 'NONE', #1924, #4021 ) ;
#4592 = PLANE ( 'NONE',  #2992 ) ;
#4593 = DIRECTION ( 'NONE',  ( 0.000000000000000000, -0.000000000000000000, -1.000000000000000000 ) ) ;
#4594 = EDGE_CURVE ( 'NONE', #3950, #2569, #3942, .T. ) ;
#4595 = CARTESIAN_POINT ( 'NONE',  ( 0.06614396386324637722, 0.000000000000000000, -0.02822637805886715756 ) ) ;
#4596 = SURFACE_STYLE_USAGE ( .BOTH. , #5607 ) ;
#4597 = ORIENTED_EDGE ( 'NONE', *, *, #3130, .F. ) ;
#4599 = ORIENTED_EDGE ( 'NONE', *, *, #2238, .F. ) ;
#4598 = DIRECTION ( 'NONE',  ( 1.000000000000000000, -0.000000000000000000, -0.000000000000000000 ) ) ;
#4600 = CARTESIAN_POINT ( 'NONE',  ( 0.2420085203291615639, 0.003000000000000000062, -0.1348280044436376557 ) ) ;
#4601 = LINE ( 'NONE', #5781, #6638 ) ;
#4602 = ORIENTED_EDGE ( 'NONE', *, *, #5291, .T. ) ;
#4603 =( LENGTH_UNIT ( ) NAMED_UNIT ( * ) SI_UNIT ( .MILLI., .METRE. ) );
#4604 = DIRECTION ( 'NONE',  ( -1.000000000000000000, 0.000000000000000000, 0.000000000000000000 ) ) ;
#4605 = CARTESIAN_POINT ( 'NONE',  ( 0.000000000000000000, 0.7600000000000001199, 0.3699999999999999956 ) ) ;
#4606 = DIRECTION ( 'NONE',  ( 1.000000000000000000, -0.000000000000000000, -0.000000000000000000 ) ) ;
#4607 = DIRECTION ( 'NONE',  ( -0.000000000000000000, -1.000000000000000000, -0.000000000000000000 ) ) ;
#4608 = EDGE_CURVE ( 'NONE', #1004, #4859, #1334, .T. ) ;
#4609 = LINE ( 'NONE', #6803, #5770 ) ;
#4610 = VERTEX_POINT ( 'NONE', #2788 ) ;
#4611 = CARTESIAN_POINT ( 'NONE',  ( 0.2479383188500637603, 0.003000000000000000062, -0.1135792546526552677 ) ) ;
#4612 = FACE_OUTER_BOUND ( 'NONE', #2683, .T. ) ;
#4613 = PLANE ( 'NONE',  #6433 ) ;
#4614 = ORIENTED_EDGE ( 'NONE', *, *, #5401, .T. ) ;
#4615 =( NAMED_UNIT ( * ) PLANE_ANGLE_UNIT ( ) SI_UNIT ( $, .RADIAN. ) );
#4616 = ADVANCED_FACE ( 'NONE', ( #6575 ), #4392, .T. ) ;
#4617 = EDGE_LOOP ( 'NONE', ( #1836, #4455, #6646, #3932, #6566, #2828, #6175 ) ) ;
#4618 = DIRECTION ( 'NONE',  ( 0.000000000000000000, 0.000000000000000000, -1.000000000000000000 ) ) ;
#4619 = DIRECTION ( 'NONE',  ( 0.000000000000000000, 0.000000000000000000, 1.000000000000000000 ) ) ;
#4620 = VERTEX_POINT ( 'NONE', #6255 ) ;
#4621 = UNCERTAINTY_MEASURE_WITH_UNIT (LENGTH_MEASURE( 1.000000000000000082E-05 ), #1362, 'distance_accuracy_value', 'NONE');
#4622 = PRESENTATION_STYLE_ASSIGNMENT (( #2061 ) ) ;
#4623 = VECTOR ( 'NONE', #1211, 1000.000000000000000 ) ;
#4624 = DIRECTION ( 'NONE',  ( -1.000000000000000000, 0.000000000000000000, 0.000000000000000000 ) ) ;
#4625 = DIRECTION ( 'NONE',  ( 1.000000000000000000, 0.000000000000000000, 0.000000000000000000 ) ) ;
#4626 = LINE ( 'NONE', #2919, #4210 ) ;
#4627 = LINE ( 'NONE', #347, #3875 ) ;
#4628 = DIRECTION ( 'NONE',  ( -0.000000000000000000, -0.000000000000000000, 1.000000000000000000 ) ) ;
#4629 =( NAMED_UNIT ( * ) SI_UNIT ( $, .STERADIAN. ) SOLID_ANGLE_UNIT ( ) );
#4630 = ORIENTED_EDGE ( 'NONE', *, *, #1703, .F. ) ;
#4631 = DIRECTION ( 'NONE',  ( 0.000000000000000000, 1.000000000000000000, 0.000000000000000000 ) ) ;
#4632 =( NAMED_UNIT ( * ) SI_UNIT ( $, .STERADIAN. ) SOLID_ANGLE_UNIT ( ) );
#4633 = VECTOR ( 'NONE', #6494, 1000.000000000000000 ) ;
#4634 =( NAMED_UNIT ( * ) PLANE_ANGLE_UNIT ( ) SI_UNIT ( $, .RADIAN. ) );
#4635 = ORIENTED_EDGE ( 'NONE', *, *, #228, .F. ) ;
#4636 = UNCERTAINTY_MEASURE_WITH_UNIT (LENGTH_MEASURE( 1.000000000000000082E-05 ), #1069, 'distance_accuracy_value', 'NONE');
#4637 =( REPRESENTATION_RELATIONSHIP ('NONE','NONE', #866, #2630 ) REPRESENTATION_RELATIONSHIP_WITH_TRANSFORMATION ( #688 )SHAPE_REPRESENTATION_RELATIONSHIP( ) );
#4638 = EDGE_CURVE ( 'NONE', #4545, #2405, #859, .T. ) ;
#4639 = SURFACE_STYLE_USAGE ( .BOTH. , #3034 ) ;
#4640 = DIRECTION ( 'NONE',  ( 0.000000000000000000, -0.000000000000000000, 1.000000000000000000 ) ) ;
#4641 = CARTESIAN_POINT ( 'NONE',  ( 0.3744480512798593064, 0.003000000000000000062, -0.09158047531953275588 ) ) ;
#4642 = CARTESIAN_POINT ( 'NONE',  ( -0.7700000000000001288, 0.02000000000000005246, 0.3699999999999999956 ) ) ;
#4643 = DIRECTION ( 'NONE',  ( 0.000000000000000000, 0.000000000000000000, -1.000000000000000000 ) ) ;
#4644 = DIRECTION ( 'NONE',  ( 0.000000000000000000, 1.000000000000000000, 0.000000000000000000 ) ) ;
#4645 = PRESENTATION_STYLE_ASSIGNMENT (( #470 ) ) ;
#4646 = UNCERTAINTY_MEASURE_WITH_UNIT (LENGTH_MEASURE( 1.000000000000000082E-05 ), #3499, 'distance_accuracy_value', 'NONE');
#4647 = ORIENTED_EDGE ( 'NONE', *, *, #3149, .T. ) ;
#4648 = PLANE ( 'NONE',  #1290 ) ;
#4649 = LINE ( 'NONE', #6196, #5551 ) ;
#4650 = LINE ( 'NONE', #6164, #5220 ) ;
#4651 = EDGE_CURVE ( 'NONE', #1445, #4501, #4627, .T. ) ;
#4652 = PRESENTATION_LAYER_ASSIGNMENT (  '', '', ( #6530 ) ) ;
#4653 = EDGE_CURVE ( 'NONE', #2056, #1764, #5605, .T. ) ;
#4654 = EDGE_CURVE ( 'NONE', #1081, #5910, #1870, .T. ) ;
#4655 = ORIENTED_EDGE ( 'NONE', *, *, #1622, .T. ) ;
#4656 = AXIS2_PLACEMENT_3D ( 'NONE', #5927, #4886, #4374 ) ;
#4657 = FACE_OUTER_BOUND ( 'NONE', #6622, .T. ) ;
#4658 = LINE ( 'NONE', #785, #4446 ) ;
#4659 = SURFACE_STYLE_USAGE ( .BOTH. , #374 ) ;
#4660 = EDGE_LOOP ( 'NONE', ( #210, #1564, #6473, #6526, #5668, #6102, #2524 ) ) ;
#4661 = VECTOR ( 'NONE', #337, 1000.000000000000000 ) ;
#4662 = MECHANICAL_DESIGN_GEOMETRIC_PRESENTATION_REPRESENTATION (  '', ( #1049 ), #3213 ) ;
#4663 = COLOUR_RGB ( '',0.8941176470588234615, 0.4039215686274509887, 0.2431372549019607809 ) ;
#4664 =( GEOMETRIC_REPRESENTATION_CONTEXT ( 3 ) GLOBAL_UNCERTAINTY_ASSIGNED_CONTEXT ( ( #3600 ) ) GLOBAL_UNIT_ASSIGNED_CONTEXT ( ( #1772, #3909, #5034 ) ) REPRESENTATION_CONTEXT ( 'NONE', 'WORKASPACE' ) );
#4665 = PRESENTATION_LAYER_ASSIGNMENT (  '', '', ( #5883 ) ) ;
#4666 =( NAMED_UNIT ( * ) SI_UNIT ( $, .STERADIAN. ) SOLID_ANGLE_UNIT ( ) );
#4667 = AXIS2_PLACEMENT_3D ( 'NONE', #2057, #6278, #6310 ) ;
#4668 = DIRECTION ( 'NONE',  ( 0.000000000000000000, 0.000000000000000000, -1.000000000000000000 ) ) ;
#4669 = DIRECTION ( 'NONE',  ( -0.000000000000000000, -1.000000000000000000, -0.000000000000000000 ) ) ;
#4670 = DIRECTION ( 'NONE',  ( 1.000000000000000000, 0.000000000000000000, -0.000000000000000000 ) ) ;
#4671 = ORIENTED_EDGE ( 'NONE', *, *, #2389, .F. ) ;
#4672 = CIRCLE ( 'NONE', #2663, 0.02999999999999997113 ) ;
#4673 = DIRECTION ( 'NONE',  ( 0.000000000000000000, 0.000000000000000000, -1.000000000000000000 ) ) ;
#4674 = CARTESIAN_POINT ( 'NONE',  ( 0.2399327853941375099, 0.000000000000000000, -0.1115516379562313670 ) ) ;
#4675 = STYLED_ITEM ( 'NONE', ( #6157 ), #5797 ) ;
#4676 = VECTOR ( 'NONE', #5051, 1000.000000000000000 ) ;
#4677 = ORIENTED_EDGE ( 'NONE', *, *, #2182, .F. ) ;
#4678 = VECTOR ( 'NONE', #3684, 1000.000000000000000 ) ;
#4679 = EDGE_CURVE ( 'NONE', #4859, #87, #4055, .T. ) ;
#4680 = COLOUR_RGB ( '',0.4705882352941176405, 0.3568627450980392246, 0.000000000000000000 ) ;
#4681 = FILL_AREA_STYLE ('',( #2611 ) ) ;
#4682 = LINE ( 'NONE', #3064, #257 ) ;
#4683 = MECHANICAL_DESIGN_GEOMETRIC_PRESENTATION_REPRESENTATION (  '', ( #537 ), #963 ) ;
#4684 = DIRECTION ( 'NONE',  ( 0.000000000000000000, 0.000000000000000000, 1.000000000000000000 ) ) ;
#4685 =( LENGTH_UNIT ( ) NAMED_UNIT ( * ) SI_UNIT ( .MILLI., .METRE. ) );
#4686 = CARTESIAN_POINT ( 'NONE',  ( 0.4000000000000001332, 0.02000000000000007674, 0.3699999999999999956 ) ) ;
#4687 = DIRECTION ( 'NONE',  ( 0.000000000000000000, -0.000000000000000000, 1.000000000000000000 ) ) ;
#4688 = VECTOR ( 'NONE', #1348, 1000.000000000000114 ) ;
#4689 =( NAMED_UNIT ( * ) SI_UNIT ( $, .STERADIAN. ) SOLID_ANGLE_UNIT ( ) );
#4690 = ORIENTED_EDGE ( 'NONE', *, *, #4836, .F. ) ;
#4691 = SURFACE_STYLE_FILL_AREA ( #1446 ) ;
#4692 = CARTESIAN_POINT ( 'NONE',  ( 0.5250253739081551796, 0.003000000000000000062, -0.04055842633696740002 ) ) ;
#4693 = LINE ( 'NONE', #5211, #3597 ) ;
#4694 =( GEOMETRIC_REPRESENTATION_CONTEXT ( 3 ) GLOBAL_UNCERTAINTY_ASSIGNED_CONTEXT ( ( #810 ) ) GLOBAL_UNIT_ASSIGNED_CONTEXT ( ( #2909, #5594, #4513 ) ) REPRESENTATION_CONTEXT ( 'NONE', 'WORKASPACE' ) );
#4695 = ORIENTED_EDGE ( 'NONE', *, *, #1027, .F. ) ;
#4696 = PRESENTATION_STYLE_ASSIGNMENT (( #2800 ) ) ;
#4697 = LINE ( 'NONE', #6279, #2348 ) ;
#4698 = ORIENTED_EDGE ( 'NONE', *, *, #809, .T. ) ;
#4699 = UNCERTAINTY_MEASURE_WITH_UNIT (LENGTH_MEASURE( 1.000000000000000082E-05 ), #1119, 'distance_accuracy_value', 'NONE');
#4700 = PRODUCT ( 'yageo', 'yageo', '', ( #1674 ) ) ;
#4701 = ADVANCED_FACE ( 'NONE', ( #2424 ), #1426, .F. ) ;
#4702 =( GEOMETRIC_REPRESENTATION_CONTEXT ( 3 ) GLOBAL_UNCERTAINTY_ASSIGNED_CONTEXT ( ( #5402 ) ) GLOBAL_UNIT_ASSIGNED_CONTEXT ( ( #2203, #5901, #6518 ) ) REPRESENTATION_CONTEXT ( 'NONE', 'WORKASPACE' ) );
#4703 =( GEOMETRIC_REPRESENTATION_CONTEXT ( 3 ) GLOBAL_UNCERTAINTY_ASSIGNED_CONTEXT ( ( #5732 ) ) GLOBAL_UNIT_ASSIGNED_CONTEXT ( ( #6329, #2641, #2120 ) ) REPRESENTATION_CONTEXT ( 'NONE', 'WORKASPACE' ) );
#4704 = CARTESIAN_POINT ( 'NONE',  ( 0.5078988403312109101, 0.003000000000000000062, -0.09919797363134306989 ) ) ;
#4705 = CARTESIAN_POINT ( 'NONE',  ( 0.5229205373994898487, 0.003000000000000000062, -0.1070613408442326470 ) ) ;
#4706 = CARTESIAN_POINT ( 'NONE',  ( 0.5184583121003590866, 0.003000000000000000062, -0.03147425039532796703 ) ) ;
#4707 = EDGE_LOOP ( 'NONE', ( #1230, #3450, #5680, #3283, #193, #1858, #918, #2350, #5568, #1104, #5471 ) ) ;
#4708 = VERTEX_POINT ( 'NONE', #3055 ) ;
#4709 = CARTESIAN_POINT ( 'NONE',  ( 0.1239546528059941727, 0.000000000000000000, -0.05204809658087075630 ) ) ;
#4710 = DIRECTION ( 'NONE',  ( -1.000000000000000000, -0.000000000000000000, -0.000000000000000000 ) ) ;
#4711 = UNCERTAINTY_MEASURE_WITH_UNIT (LENGTH_MEASURE( 1.000000000000000082E-05 ), #6038, 'distance_accuracy_value', 'NONE');
#4712 = COLOUR_RGB ( '',0.4705882352941176405, 0.3568627450980392246, 0.000000000000000000 ) ;
#4713 = MECHANICAL_DESIGN_GEOMETRIC_PRESENTATION_REPRESENTATION (  '', ( #3039 ), #4274 ) ;
#4714 = CARTESIAN_POINT ( 'NONE',  ( 0.000000000000000000, 0.7500000000000001110, 0.3599999999999999867 ) ) ;
#4715 = FILL_AREA_STYLE ('',( #359 ) ) ;
#4716 = SURFACE_SIDE_STYLE ('',( #2997 ) ) ;
#4717 = CARTESIAN_POINT ( 'NONE',  ( 0.1520327505222483222, 0.000000000000000000, -0.05204809658087075630 ) ) ;
#4718 = CARTESIAN_POINT ( 'NONE',  ( 0.5120076289780736145, 0.000000000000000000, -0.1241701196862797923 ) ) ;
#4719 = CARTESIAN_POINT ( 'NONE',  ( 0.2335541953048984043, 0.003000000000000000062, -0.02864554858859405528 ) ) ;
#4720 = SURFACE_STYLE_FILL_AREA ( #5248 ) ;
#4721 = CARTESIAN_POINT ( 'NONE',  ( 0.08159078854458594321, 0.003000000000000000062, -0.1348280044436376557 ) ) ;
#4722 = DIRECTION ( 'NONE',  ( -0.000000000000000000, -1.000000000000000000, -0.000000000000000000 ) ) ;
#4723 =( NAMED_UNIT ( * ) SI_UNIT ( $, .STERADIAN. ) SOLID_ANGLE_UNIT ( ) );
#4724 = ORIENTED_EDGE ( 'NONE', *, *, #4396, .T. ) ;
#4725 = ORIENTED_EDGE ( 'NONE', *, *, #5793, .F. ) ;
#4726 = FACE_OUTER_BOUND ( 'NONE', #4057, .T. ) ;
#4727 = DIRECTION ( 'NONE',  ( -1.000000000000000000, -0.000000000000000000, -0.000000000000000000 ) ) ;
#4728 = ORIENTED_EDGE ( 'NONE', *, *, #6442, .T. ) ;
#4729 = DIRECTION ( 'NONE',  ( -0.000000000000000000, -1.000000000000000000, -0.000000000000000000 ) ) ;
#4730 = ORIENTED_EDGE ( 'NONE', *, *, #1339, .F. ) ;
#4731 = CARTESIAN_POINT ( 'NONE',  ( 0.8000000000000001554, 0.02000000000000010797, 0.3699999999999999956 ) ) ;
#4732 = PLANE ( 'NONE',  #4451 ) ;
#4733 = LINE ( 'NONE', #2180, #5569 ) ;
#4734 = EDGE_LOOP ( 'NONE', ( #5044, #2943, #6306, #789 ) ) ;
#4736 = ORIENTED_EDGE ( 'NONE', *, *, #5670, .F. ) ;
#4735 = CARTESIAN_POINT ( 'NONE',  ( 0.5229205373994898487, 0.003000000000000000062, -0.1070613408442326470 ) ) ;
#4737 = EDGE_CURVE ( 'NONE', #5966, #4620, #5125, .T. ) ;
#4738 = ORIENTED_EDGE ( 'NONE', *, *, #4851, .T. ) ;
#4739 = CARTESIAN_POINT ( 'NONE',  ( 0.3250174859200531396, 0.000000000000000000, -0.09158047531953275588 ) ) ;
#4740 = SURFACE_STYLE_FILL_AREA ( #6796 ) ;
#4741 = DIRECTION ( 'NONE',  ( 1.000000000000000000, -0.000000000000000000, 0.000000000000000000 ) ) ;
#4742 = PRESENTATION_STYLE_ASSIGNMENT (( #2689 ) ) ;
#4743 = DIRECTION ( 'NONE',  ( 0.000000000000000000, 0.000000000000000000, -1.000000000000000000 ) ) ;
#4744 = DIRECTION ( 'NONE',  ( 0.000000000000000000, 0.000000000000000000, 1.000000000000000000 ) ) ;
#4745 = CARTESIAN_POINT ( 'NONE',  ( 0.5199317392800119064, 0.000000000000000000, -0.03651898385210693848 ) ) ;
#4746 =( NAMED_UNIT ( * ) PLANE_ANGLE_UNIT ( ) SI_UNIT ( $, .RADIAN. ) );
#4747 = EDGE_CURVE ( 'NONE', #3046, #2413, #2537, .T. ) ;
#4748 =( NAMED_UNIT ( * ) SI_UNIT ( $, .STERADIAN. ) SOLID_ANGLE_UNIT ( ) );
#4749 = CARTESIAN_POINT ( 'NONE',  ( 0.1931536475512111162, 0.003000000000000000062, -0.02822637805886715756 ) ) ;
#4750 = CARTESIAN_POINT ( 'NONE',  ( 0.2558222386253550251, 0.003000000000000000062, -0.07995386187611175366 ) ) ;
#4751 = DIRECTION ( 'NONE',  ( 0.000000000000000000, 1.000000000000000000, 0.000000000000000000 ) ) ;
#4752 = EDGE_LOOP ( 'NONE', ( #608, #1699, #6006 ) ) ;
#4753 = ADVANCED_FACE ( 'NONE', ( #3615 ), #1353, .F. ) ;
#4754 = VERTEX_POINT ( 'NONE', #2035 ) ;
#4755 = DIRECTION ( 'NONE',  ( 0.000000000000000000, 0.000000000000000000, -1.000000000000000000 ) ) ;
#4756 = VERTEX_POINT ( 'NONE', #3163 ) ;
#4757 = CIRCLE ( 'NONE', #4306, 0.02999999999999997113 ) ;
#4758 =( NAMED_UNIT ( * ) PLANE_ANGLE_UNIT ( ) SI_UNIT ( $, .RADIAN. ) );
#4759 = COLOUR_RGB ( '',0.8941176470588234615, 0.4039215686274509887, 0.2431372549019607809 ) ;
#4760 = ORIENTED_EDGE ( 'NONE', *, *, #408, .F. ) ;
#4761 =( GEOMETRIC_REPRESENTATION_CONTEXT ( 3 ) GLOBAL_UNCERTAINTY_ASSIGNED_CONTEXT ( ( #4564 ) ) GLOBAL_UNIT_ASSIGNED_CONTEXT ( ( #3648, #6368, #3166 ) ) REPRESENTATION_CONTEXT ( 'NONE', 'WORKASPACE' ) );
#4762 = DIRECTION ( 'NONE',  ( 0.3403531492772791101, 0.000000000000000000, -0.9402976835965501934 ) ) ;
#4763 = CARTESIAN_POINT ( 'NONE',  ( -0.8000000000000001554, 0.02000000000000005246, -0.3700000000000001066 ) ) ;
#4764 = ORIENTED_EDGE ( 'NONE', *, *, #291, .T. ) ;
#4766 = ORIENTED_EDGE ( 'NONE', *, *, #3358, .F. ) ;
#4765 = FACE_OUTER_BOUND ( 'NONE', #5139, .T. ) ;
#4767 = ORIENTED_EDGE ( 'NONE', *, *, #2172, .F. ) ;
#4768 = VECTOR ( 'NONE', #1278, 1000.000000000000000 ) ;
#4769 = CARTESIAN_POINT ( 'NONE',  ( 0.000000000000000000, 0.7800000000000002487, 0.000000000000000000 ) ) ;
#4770 = AXIS2_PLACEMENT_3D ( 'NONE', #2961, #4431, #2403 ) ;
#4771 = UNCERTAINTY_MEASURE_WITH_UNIT (LENGTH_MEASURE( 1.000000000000000082E-05 ), #1436, 'distance_accuracy_value', 'NONE');
#4772 = LINE ( 'NONE', #3062, #5488 ) ;
#4773 = EDGE_CURVE ( 'NONE', #6181, #750, #6878, .T. ) ;
#4774 = VECTOR ( 'NONE', #4462, 1000.000000000000000 ) ;
#4775 = DIRECTION ( 'NONE',  ( 0.000000000000000000, -0.000000000000000000, 1.000000000000000000 ) ) ;
#4776 = DIRECTION ( 'NONE',  ( 0.000000000000000000, 0.000000000000000000, -1.000000000000000000 ) ) ;
#4777 = SURFACE_SIDE_STYLE ('',( #899 ) ) ;
#4778 = DIRECTION ( 'NONE',  ( 0.000000000000000000, 0.000000000000000000, -1.000000000000000000 ) ) ;
#4779 = SURFACE_STYLE_USAGE ( .BOTH. , #539 ) ;
#4780 = VERTEX_POINT ( 'NONE', #518 ) ;
#4781 = SURFACE_STYLE_USAGE ( .BOTH. , #5789 ) ;
#4782 =( GEOMETRIC_REPRESENTATION_CONTEXT ( 3 ) GLOBAL_UNCERTAINTY_ASSIGNED_CONTEXT ( ( #2956 ) ) GLOBAL_UNIT_ASSIGNED_CONTEXT ( ( #4301, #3312, #1009 ) ) REPRESENTATION_CONTEXT ( 'NONE', 'WORKASPACE' ) );
#4783 = SURFACE_SIDE_STYLE ('',( #3724 ) ) ;
#4784 = VECTOR ( 'NONE', #1270, 1000.000000000000000 ) ;
#4785 = ADVANCED_FACE ( 'NONE', ( #5773 ), #2112, .T. ) ;
#4786 = CARTESIAN_POINT ( 'NONE',  ( 0.000000000000000000, 0.000000000000000000, 0.3599999999999999867 ) ) ;
#4787 = EDGE_CURVE ( 'NONE', #2985, #2056, #2676, .T. ) ;
#4788 = PRESENTATION_LAYER_ASSIGNMENT (  '', '', ( #4675 ) ) ;
#4789 = MECHANICAL_DESIGN_GEOMETRIC_PRESENTATION_REPRESENTATION (  '', ( #4877 ), #2778 ) ;
#4790 = FILL_AREA_STYLE ('',( #5898 ) ) ;
#4791 =( NAMED_UNIT ( * ) PLANE_ANGLE_UNIT ( ) SI_UNIT ( $, .RADIAN. ) );
#4792 = COLOUR_RGB ( '',0.4705882352941176405, 0.3568627450980392246, 0.000000000000000000 ) ;
#4793 = VERTEX_POINT ( 'NONE', #3239 ) ;
#4794 = COLOUR_RGB ( '',0.4705882352941176405, 0.3568627450980392246, 0.000000000000000000 ) ;
#4795 = CARTESIAN_POINT ( 'NONE',  ( 0.1236572826574574430, 0.000000000000000000, -0.1348280044436376557 ) ) ;
#4796 = COLOUR_RGB ( '',0.8941176470588234615, 0.4039215686274509887, 0.2431372549019607809 ) ;
#4797 = ORIENTED_EDGE ( 'NONE', *, *, #5401, .F. ) ;
#4798 = ADVANCED_FACE ( 'NONE', ( #4249 ), #3273, .F. ) ;
#4799 = DIRECTION ( 'NONE',  ( 1.000000000000000000, 0.000000000000000000, 0.000000000000000000 ) ) ;
#4800 = CARTESIAN_POINT ( 'NONE',  ( 0.5220709974093684647, 0.003000000000000000062, -0.04688998638497178517 ) ) ;
#4801 = EDGE_LOOP ( 'NONE', ( #243, #3077, #4386, #6870 ) ) ;
#4802 = MECHANICAL_DESIGN_GEOMETRIC_PRESENTATION_REPRESENTATION (  '', ( #4247 ), #4702 ) ;
#4803 = STYLED_ITEM ( 'NONE', ( #101 ), #6511 ) ;
#4804 = EDGE_CURVE ( 'NONE', #6605, #819, #4316, .T. ) ;
#4805 = DIRECTION ( 'NONE',  ( 0.000000000000000000, 0.000000000000000000, -1.000000000000000000 ) ) ;
#4806 = STYLED_ITEM ( 'NONE', ( #4964 ), #868 ) ;
#4807 = ORIENTED_EDGE ( 'NONE', *, *, #3907, .T. ) ;
#4808 = CARTESIAN_POINT ( 'NONE',  ( 0.5149849188702897429, 0.003000000000000000062, -0.1238094871698974531 ) ) ;
#4809 = ORIENTED_EDGE ( 'NONE', *, *, #1741, .T. ) ;
#4810 = VERTEX_POINT ( 'NONE', #966 ) ;
#4811 = EDGE_LOOP ( 'NONE', ( #3908, #162, #6147, #65 ) ) ;
#4812 = SURFACE_STYLE_FILL_AREA ( #5942 ) ;
#4813 = EDGE_CURVE ( 'NONE', #5778, #1186, #1599, .T. ) ;
#4814 = EDGE_CURVE ( 'NONE', #4793, #2575, #1633, .T. ) ;
#4815 = SURFACE_STYLE_USAGE ( .BOTH. , #533 ) ;
#4816 = FACE_OUTER_BOUND ( 'NONE', #550, .T. ) ;
#4817 = STYLED_ITEM ( 'NONE', ( #1950 ), #920 ) ;
#4818 =( LENGTH_UNIT ( ) NAMED_UNIT ( * ) SI_UNIT ( .MILLI., .METRE. ) );
#4819 = VERTEX_POINT ( 'NONE', #2578 ) ;
#4820 = CARTESIAN_POINT ( 'NONE',  ( 0.5078314603514237913, 0.000000000000000000, -0.09401032424267029286 ) ) ;
#4821 =( NAMED_UNIT ( * ) PLANE_ANGLE_UNIT ( ) SI_UNIT ( $, .RADIAN. ) );
#4822 =( GEOMETRIC_REPRESENTATION_CONTEXT ( 3 ) GLOBAL_UNCERTAINTY_ASSIGNED_CONTEXT ( ( #4699 ) ) GLOBAL_UNIT_ASSIGNED_CONTEXT ( ( #1119, #1546, #696 ) ) REPRESENTATION_CONTEXT ( 'NONE', 'WORKASPACE' ) );
#4823 = FILL_AREA_STYLE ('',( #1711 ) ) ;
#4824 = DIRECTION ( 'NONE',  ( -0.000000000000000000, -0.000000000000000000, -1.000000000000000000 ) ) ;
#4825 = CARTESIAN_POINT ( 'NONE',  ( -0.7875735931288073699, 0.7600000000000001199, -0.4000000000000001332 ) ) ;
#4826 = DIRECTION ( 'NONE',  ( -0.000000000000000000, -1.000000000000000000, -0.000000000000000000 ) ) ;
#4827 = CLOSED_SHELL ( 'NONE', ( #5798, #1904, #1889, #705, #3285, #1483, #3825, #324, #1486, #1524, #2816, #682, #2987 ) ) ;
#4828 = DIRECTION ( 'NONE',  ( -0.000000000000000000, -1.000000000000000000, -0.000000000000000000 ) ) ;
#4829 = ORIENTED_EDGE ( 'NONE', *, *, #4362, .T. ) ;
#4830 = CARTESIAN_POINT ( 'NONE',  ( 0.06614396386324637722, 0.000000000000000000, -0.02822637805886715756 ) ) ;
#4831 = VERTEX_POINT ( 'NONE', #6818 ) ;
#4832 = FACE_OUTER_BOUND ( 'NONE', #2599, .T. ) ;
#4833 = FILL_AREA_STYLE_COLOUR ( '', #6071 ) ;
#4834 = SURFACE_SIDE_STYLE ('',( #5376 ) ) ;
#4835 = ORIENTED_EDGE ( 'NONE', *, *, #1770, .F. ) ;
#4836 = EDGE_CURVE ( 'NONE', #3290, #4411, #3134, .T. ) ;
#4837 = ORIENTED_EDGE ( 'NONE', *, *, #157, .F. ) ;
#4838 = DIRECTION ( 'NONE',  ( -0.5036625266281727908, -0.000000000000000000, 0.8639004915327489487 ) ) ;
#4839 = ORIENTED_EDGE ( 'NONE', *, *, #6636, .T. ) ;
#4841 = ORIENTED_EDGE ( 'NONE', *, *, #6760, .F. ) ;
#4840 =( NAMED_UNIT ( * ) SI_UNIT ( $, .STERADIAN. ) SOLID_ANGLE_UNIT ( ) );
#4842 = SHAPE_DEFINITION_REPRESENTATION ( #6807, #866 ) ;
#4843 = UNCERTAINTY_MEASURE_WITH_UNIT (LENGTH_MEASURE( 1.000000000000000082E-05 ), #2266, 'distance_accuracy_value', 'NONE');
#4844 = SURFACE_SIDE_STYLE ('',( #4812 ) ) ;
#4845 = PRESENTATION_STYLE_ASSIGNMENT (( #1646 ) ) ;
#4846 = DIRECTION ( 'NONE',  ( 0.000000000000000000, 0.000000000000000000, -1.000000000000000000 ) ) ;
#4847 = ORIENTED_EDGE ( 'NONE', *, *, #1911, .T. ) ;
#4848 = DIRECTION ( 'NONE',  ( 0.000000000000000000, -1.000000000000000000, 0.000000000000000000 ) ) ;
#4849 = SURFACE_STYLE_USAGE ( .BOTH. , #4783 ) ;
#4850 = CARTESIAN_POINT ( 'NONE',  ( 0.5149849188702897429, 0.003000000000000000062, -0.1238094871698974531 ) ) ;
#4851 = EDGE_CURVE ( 'NONE', #3876, #2382, #619, .T. ) ;
#4852 =( GEOMETRIC_REPRESENTATION_CONTEXT ( 3 ) GLOBAL_UNCERTAINTY_ASSIGNED_CONTEXT ( ( #2556 ) ) GLOBAL_UNIT_ASSIGNED_CONTEXT ( ( #5343, #1605, #3747 ) ) REPRESENTATION_CONTEXT ( 'NONE', 'WORKASPACE' ) );
#4853 = CARTESIAN_POINT ( 'NONE',  ( 0.5078988403312109101, 0.000000000000000000, -0.1258999299338860178 ) ) ;
#4854 = DIRECTION ( 'NONE',  ( 0.000000000000000000, 1.000000000000000000, 0.000000000000000000 ) ) ;
#4855 = SURFACE_STYLE_FILL_AREA ( #4400 ) ;
#4856 = DIRECTION ( 'NONE',  ( -1.000000000000000000, -0.000000000000000000, -0.000000000000000000 ) ) ;
#4857 = CARTESIAN_POINT ( 'NONE',  ( 0.5078988403312109101, 0.003000000000000000062, -0.06475161236307666601 ) ) ;
#4858 = EDGE_CURVE ( 'NONE', #4708, #5178, #4452, .T. ) ;
#4859 = VERTEX_POINT ( 'NONE', #1730 ) ;
#4860 = SURFACE_STYLE_USAGE ( .BOTH. , #649 ) ;
#4861 = DIRECTION ( 'NONE',  ( -0.5013786773515722661, 0.000000000000000000, -0.8652279594980665234 ) ) ;
#4862 = FILL_AREA_STYLE ('',( #4833 ) ) ;
#4863 = VERTEX_POINT ( 'NONE', #6002 ) ;
#4864 = ADVANCED_FACE ( 'NONE', ( #5497 ), #5527, .F. ) ;
#4865 =( GEOMETRIC_REPRESENTATION_CONTEXT ( 3 ) GLOBAL_UNCERTAINTY_ASSIGNED_CONTEXT ( ( #3111 ) ) GLOBAL_UNIT_ASSIGNED_CONTEXT ( ( #2838, #2378, #2808 ) ) REPRESENTATION_CONTEXT ( 'NONE', 'WORKASPACE' ) );
#4866 = VERTEX_POINT ( 'NONE', #3910 ) ;
#4867 = FILL_AREA_STYLE_COLOUR ( '', #745 ) ;
#4868 = ORIENTED_EDGE ( 'NONE', *, *, #6442, .F. ) ;
#4869 = SHAPE_REPRESENTATION_RELATIONSHIP ( 'NONE' , 'NONE' ,  #6825, #6403 ) ;
#4870 = AXIS2_PLACEMENT_3D ( 'NONE', #5720, #3514, #796 ) ;
#4871 = AXIS2_PLACEMENT_3D ( 'NONE', #1625, #3773, #4190 ) ;
#4872 = VECTOR ( 'NONE', #4607, 1000.000000000000000 ) ;
#4873 = VECTOR ( 'NONE', #6267, 1000.000000000000000 ) ;
#4874 = SURFACE_STYLE_FILL_AREA ( #4364 ) ;
#4875 =( LENGTH_UNIT ( ) NAMED_UNIT ( * ) SI_UNIT ( .MILLI., .METRE. ) );
#4876 = ORIENTED_EDGE ( 'NONE', *, *, #3491, .F. ) ;
#4877 = STYLED_ITEM ( 'NONE', ( #4146 ), #3393 ) ;
#4878 = DIRECTION ( 'NONE',  ( 0.000000000000000000, 0.000000000000000000, 1.000000000000000000 ) ) ;
#4879 = ORIENTED_EDGE ( 'NONE', *, *, #5057, .F. ) ;
#4880 = CYLINDRICAL_SURFACE ( 'NONE', #1312, 0.02999999999999997113 ) ;
#4881 = CARTESIAN_POINT ( 'NONE',  ( 0.5085210281320399206, 0.003000000000000000062, -0.06605078106590553388 ) ) ;
#4882 = COLOUR_RGB ( '',0.4745098039215686070, 0.4823529411764705954, 0.5019607843137254832 ) ;
#4883 = MECHANICAL_DESIGN_GEOMETRIC_PRESENTATION_REPRESENTATION (  '', ( #1285 ), #2664 ) ;
#4884 = DIRECTION ( 'NONE',  ( -0.000000000000000000, -0.000000000000000000, -1.000000000000000000 ) ) ;
#4885 =( GEOMETRIC_REPRESENTATION_CONTEXT ( 3 ) GLOBAL_UNCERTAINTY_ASSIGNED_CONTEXT ( ( #3029 ) ) GLOBAL_UNIT_ASSIGNED_CONTEXT ( ( #876, #3042, #2489 ) ) REPRESENTATION_CONTEXT ( 'NONE', 'WORKASPACE' ) );
#4886 = DIRECTION ( 'NONE',  ( 0.000000000000000000, 0.000000000000000000, 1.000000000000000000 ) ) ;
#4887 = CARTESIAN_POINT ( 'NONE',  ( 0.5078988403312109101, 0.000000000000000000, -0.06475161236307666601 ) ) ;
#4888 =( LENGTH_UNIT ( ) NAMED_UNIT ( * ) SI_UNIT ( .MILLI., .METRE. ) );
#4889 = STYLED_ITEM ( 'NONE', ( #6385 ), #5502 ) ;
#4890 = DIRECTION ( 'NONE',  ( -1.000000000000000000, 0.000000000000000000, 0.000000000000000000 ) ) ;
#4891 = ORIENTED_EDGE ( 'NONE', *, *, #1573, .F. ) ;
#4892 = VECTOR ( 'NONE', #173, 1000.000000000000000 ) ;
#4893 = FILL_AREA_STYLE ('',( #1093 ) ) ;
#4894 = CARTESIAN_POINT ( 'NONE',  ( -0.0006262868159067971896, 0.003000000000000000062, -0.1348280044436376557 ) ) ;
#4895 = CARTESIAN_POINT ( 'NONE',  ( 0.2558222386253550251, 0.003000000000000000062, -0.07995386187611175366 ) ) ;
#4896 = PRESENTATION_STYLE_ASSIGNMENT (( #6524 ) ) ;
#4897 =( GEOMETRIC_REPRESENTATION_CONTEXT ( 3 ) GLOBAL_UNCERTAINTY_ASSIGNED_CONTEXT ( ( #6139 ) ) GLOBAL_UNIT_ASSIGNED_CONTEXT ( ( #136, #2286, #6005 ) ) REPRESENTATION_CONTEXT ( 'NONE', 'WORKASPACE' ) );
#4898 = FILL_AREA_STYLE ('',( #2146 ) ) ;
#4899 = EDGE_CURVE ( 'NONE', #6539, #4509, #4960, .T. ) ;
#4900 = EDGE_LOOP ( 'NONE', ( #4491, #805, #6224, #6495 ) ) ;
#4901 =( LENGTH_UNIT ( ) NAMED_UNIT ( * ) SI_UNIT ( .MILLI., .METRE. ) );
#4902 = STYLED_ITEM ( 'NONE', ( #6777 ), #6390 ) ;
#4903 = PRESENTATION_STYLE_ASSIGNMENT (( #6527 ) ) ;
#4904 = ORIENTED_EDGE ( 'NONE', *, *, #2396, .T. ) ;
#4905 = CARTESIAN_POINT ( 'NONE',  ( 0.5170852029101958847, 0.003000000000000000062, -0.05803963744639718814 ) ) ;
#4906 =( GEOMETRIC_REPRESENTATION_CONTEXT ( 3 ) GLOBAL_UNCERTAINTY_ASSIGNED_CONTEXT ( ( #418 ) ) GLOBAL_UNIT_ASSIGNED_CONTEXT ( ( #5559, #1477, #903 ) ) REPRESENTATION_CONTEXT ( 'NONE', 'WORKASPACE' ) );
#4907 = LINE ( 'NONE', #4391, #2766 ) ;
#4908 = CARTESIAN_POINT ( 'NONE',  ( 0.2803476042950979186, 0.000000000000000000, -0.1135792546526552677 ) ) ;
#4909 = CARTESIAN_POINT ( 'NONE',  ( -0.8000000000000001554, 0.009705627484771444866, 0.3875735931288072367 ) ) ;
#4910 = LINE ( 'NONE', #694, #1868 ) ;
#4911 = EDGE_LOOP ( 'NONE', ( #882, #3496, #1170, #3478, #5300, #3349, #4690, #5033, #4318, #118, #2711, #587 ) ) ;
#4912 =( NAMED_UNIT ( * ) SI_UNIT ( $, .STERADIAN. ) SOLID_ANGLE_UNIT ( ) );
#4913 = EDGE_LOOP ( 'NONE', ( #3176, #6428, #994, #6783, #3676, #6811, #423, #1216, #127, #4829, #4345, #60 ) ) ;
#4914 = DIRECTION ( 'NONE',  ( -0.000000000000000000, -1.000000000000000000, -0.000000000000000000 ) ) ;
#4915 = STYLED_ITEM ( 'NONE', ( #2829 ), #646 ) ;
#4916 = ADVANCED_FACE ( 'NONE', ( #2318 ), #4490, .F. ) ;
#4917 = CARTESIAN_POINT ( 'NONE',  ( 0.5139164806504733507, 0.000000000000000000, -0.05002033037692237699 ) ) ;
#4918 = DIRECTION ( 'NONE',  ( 1.355252715606880789E-16, -1.000000000000000000, 0.000000000000000000 ) ) ;
#4919 = AXIS2_PLACEMENT_3D ( 'NONE', #3546, #3477, #5638 ) ;
#4920 = DIRECTION ( 'NONE',  ( 1.000000000000000000, -0.000000000000000000, -0.000000000000000000 ) ) ;
#4921 = LINE ( 'NONE', #6551, #5961 ) ;
#4922 =( LENGTH_UNIT ( ) NAMED_UNIT ( * ) SI_UNIT ( .MILLI., .METRE. ) );
#4923 = PRESENTATION_LAYER_ASSIGNMENT (  '', '', ( #2144 ) ) ;
#4924 = ORIENTED_EDGE ( 'NONE', *, *, #6023, .F. ) ;
#4925 = CARTESIAN_POINT ( 'NONE',  ( 0.5199317392800119064, 0.003000000000000000062, -0.03651898385210693848 ) ) ;
#4926 = PLANE ( 'NONE',  #3569 ) ;
#4927 = CARTESIAN_POINT ( 'NONE',  ( 0.8000000000000001554, 0.7600000000000001199, -0.3875735931288071812 ) ) ;
#4928 = ADVANCED_FACE ( 'NONE', ( #3300 ), #6496, .F. ) ;
#4929 = CARTESIAN_POINT ( 'NONE',  ( 0.000000000000000000, 0.000000000000000000, 0.000000000000000000 ) ) ;
#4930 = ADVANCED_FACE ( 'NONE', ( #306 ), #1347, .T. ) ;
#4931 = EDGE_LOOP ( 'NONE', ( #2490, #342, #478 ) ) ;
#4932 =( NAMED_UNIT ( * ) SI_UNIT ( $, .STERADIAN. ) SOLID_ANGLE_UNIT ( ) );
#4933 = VERTEX_POINT ( 'NONE', #2460 ) ;
#4934 = DIRECTION ( 'NONE',  ( -1.000000000000000000, 0.000000000000000000, -0.000000000000000000 ) ) ;
#4935 = CARTESIAN_POINT ( 'NONE',  ( -0.7700000000000001288, 0.7600000000000001199, -0.3700000000000001066 ) ) ;
#4936 = FACE_OUTER_BOUND ( 'NONE', #6632, .T. ) ;
#4937 = EDGE_CURVE ( 'NONE', #2925, #3290, #4658, .T. ) ;
#4938 = CARTESIAN_POINT ( 'NONE',  ( 0.2130916288307719564, 0.000000000000000000, -0.1274021582232185146 ) ) ;
#4939 = DIRECTION ( 'NONE',  ( -1.000000000000000000, 0.000000000000000000, 0.000000000000000000 ) ) ;
#4940 = EDGE_LOOP ( 'NONE', ( #2777, #5704, #991, #2306 ) ) ;
#4941 = PLANE ( 'NONE',  #2071 ) ;
#4942 = ORIENTED_EDGE ( 'NONE', *, *, #4899, .T. ) ;
#4943 = CARTESIAN_POINT ( 'NONE',  ( 0.000000000000000000, 0.000000000000000000, 0.000000000000000000 ) ) ;
#4944 = CARTESIAN_POINT ( 'NONE',  ( 0.4000000000000000222, 0.7900000000000001465, 0.3699999999999999956 ) ) ;
#4945 = FILL_AREA_STYLE ('',( #3412 ) ) ;
#4946 =( LENGTH_UNIT ( ) NAMED_UNIT ( * ) SI_UNIT ( .MILLI., .METRE. ) );
#4947 = ADVANCED_FACE ( 'NONE', ( #4585, #5068 ), #6249, .F. ) ;
#4948 =( NAMED_UNIT ( * ) PLANE_ANGLE_UNIT ( ) SI_UNIT ( $, .RADIAN. ) );
#4949 = EDGE_CURVE ( 'NONE', #1081, #6717, #5146, .T. ) ;
#4950 =( LENGTH_UNIT ( ) NAMED_UNIT ( * ) SI_UNIT ( .MILLI., .METRE. ) );
#4951 = ORIENTED_EDGE ( 'NONE', *, *, #3704, .F. ) ;
#4952 = CARTESIAN_POINT ( 'NONE',  ( 0.5257201370498062465, 0.000000000000000000, -0.1053522860724485088 ) ) ;
#4953 = LINE ( 'NONE', #1158, #5203 ) ;
#4954 =( GEOMETRIC_REPRESENTATION_CONTEXT ( 3 ) GLOBAL_UNCERTAINTY_ASSIGNED_CONTEXT ( ( #2488 ) ) GLOBAL_UNIT_ASSIGNED_CONTEXT ( ( #6425, #5998, #655 ) ) REPRESENTATION_CONTEXT ( 'NONE', 'WORKASPACE' ) );
#4955 = FACE_BOUND ( 'NONE', #2693, .T. ) ;
#4956 = CARTESIAN_POINT ( 'NONE',  ( 0.7875735931288073699, 0.7899999999999999245, -0.3699999999999999956 ) ) ;
#4957 = EDGE_CURVE ( 'NONE', #678, #2221, #1946, .T. ) ;
#4958 = B_SPLINE_CURVE_WITH_KNOTS ( 'NONE', 3,
 ( #4041, #5061, #2906, #2406, #5555, #5095, #3519, #4611 ),
 .UNSPECIFIED., .F., .F.,
 ( 4, 1, 1, 1, 1, 4 ),
 ( 0.000000000000000000, 0.2381054809262195260, 0.3540282173859492509, 0.5079153937562340682, 0.7090555150877102530, 1.000000000000000000 ),
 .UNSPECIFIED. ) ;
#4959 = ORIENTED_EDGE ( 'NONE', *, *, #5878, .T. ) ;
#4960 = LINE ( 'NONE', #6471, #835 ) ;
#4961 = DIRECTION ( 'NONE',  ( -1.000000000000000000, 0.000000000000000000, 0.000000000000000000 ) ) ;
#4962 = ORIENTED_EDGE ( 'NONE', *, *, #6469, .F. ) ;
#4963 = APPLICATION_PROTOCOL_DEFINITION ( 'draft international standard', 'automotive_design', 1998, #2363 ) ;
#4964 = PRESENTATION_STYLE_ASSIGNMENT (( #2362 ) ) ;
#4965 = DIRECTION ( 'NONE',  ( -0.000000000000000000, -1.000000000000000000, -0.000000000000000000 ) ) ;
#4966 = LINE ( 'NONE', #5010, #1527 ) ;
#4967 = CARTESIAN_POINT ( 'NONE',  ( 0.5250253739081551796, 0.003000000000000000062, -0.04688998638497178517 ) ) ;
#4968 = VECTOR ( 'NONE', #4241, 1000.000000000000000 ) ;
#4969 = LINE ( 'NONE', #1247, #5785 ) ;
#4970 = VERTEX_POINT ( 'NONE', #4120 ) ;
#4971 =( NAMED_UNIT ( * ) SI_UNIT ( $, .STERADIAN. ) SOLID_ANGLE_UNIT ( ) );
#4972 = COLOUR_RGB ( '',0.4745098039215686070, 0.4823529411764705954, 0.5019607843137254832 ) ;
#4973 = ORIENTED_EDGE ( 'NONE', *, *, #3697, .T. ) ;
#4974 = CARTESIAN_POINT ( 'NONE',  ( 0.5229205373994898487, 0.003000000000000000062, -0.1070613408442326470 ) ) ;
#4975 = SURFACE_STYLE_USAGE ( .BOTH. , #1392 ) ;
#4976 = EDGE_CURVE ( 'NONE', #2527, #5290, #752, .T. ) ;
#4977 = CIRCLE ( 'NONE', #1957, 0.01022966404797421430 ) ;
#4978 = DIRECTION ( 'NONE',  ( 0.5013786773515722661, 0.000000000000000000, 0.8652279594980665234 ) ) ;
#4979 =( GEOMETRIC_REPRESENTATION_CONTEXT ( 3 ) GLOBAL_UNCERTAINTY_ASSIGNED_CONTEXT ( ( #2324 ) ) GLOBAL_UNIT_ASSIGNED_CONTEXT ( ( #1333, #1794, #1823 ) ) REPRESENTATION_CONTEXT ( 'NONE', 'WORKASPACE' ) );
#4980 = CARTESIAN_POINT ( 'NONE',  ( 0.4000000000000001332, 0.02000000000000006634, 0.3999999999999999667 ) ) ;
#4981 = CYLINDRICAL_SURFACE ( 'NONE', #6330, 0.03031200129420755576 ) ;
#4982 = APPLICATION_CONTEXT ( 'automotive_design' ) ;
#4983 = AXIS2_PLACEMENT_3D ( 'NONE', #195, #4481, #6595 ) ;
#4984 = ADVANCED_FACE ( 'NONE', ( #5035 ), #231, .F. ) ;
#4985 = CIRCLE ( 'NONE', #6436, 0.02999999999999997113 ) ;
#4986 =( GEOMETRIC_REPRESENTATION_CONTEXT ( 3 ) GLOBAL_UNCERTAINTY_ASSIGNED_CONTEXT ( ( #2879 ) ) GLOBAL_UNIT_ASSIGNED_CONTEXT ( ( #2603, #1157, #2209 ) ) REPRESENTATION_CONTEXT ( 'NONE', 'WORKASPACE' ) );
#4987 = VECTOR ( 'NONE', #5526, 1000.000000000000000 ) ;
#4988 = SURFACE_SIDE_STYLE ('',( #3458 ) ) ;
#4989 = ORIENTED_EDGE ( 'NONE', *, *, #5878, .F. ) ;
#4990 = LINE ( 'NONE', #2351, #6771 ) ;
#4991 = CARTESIAN_POINT ( 'NONE',  ( -0.7700000000000001288, 0.7600000000000000089, 0.3999999999999998002 ) ) ;
#4992 = DIRECTION ( 'NONE',  ( 1.000000000000000000, -0.000000000000000000, -0.000000000000000000 ) ) ;
#4993 = AXIS2_PLACEMENT_3D ( 'NONE', #4572, #4643, #6234 ) ;
#4994 = CARTESIAN_POINT ( 'NONE',  ( 0.3744480512798593064, 0.003000000000000000062, -0.09158047531953275588 ) ) ;
#4995 = MECHANICAL_DESIGN_GEOMETRIC_PRESENTATION_REPRESENTATION (  '', ( #2882 ), #4782 ) ;
#4996 = CIRCLE ( 'NONE', #5894, 0.01104772971636571940 ) ;
#4997 = FILL_AREA_STYLE ('',( #2868 ) ) ;
#4998 = PRESENTATION_LAYER_ASSIGNMENT (  '', '', ( #1749 ) ) ;
#4999 = EDGE_LOOP ( 'NONE', ( #1326, #1529, #4797, #4315 ) ) ;
#5000 = STYLED_ITEM ( 'NONE', ( #72 ), #3799 ) ;
#5001 = SURFACE_STYLE_FILL_AREA ( #2873 ) ;
#5002 = PRESENTATION_STYLE_ASSIGNMENT (( #199 ) ) ;
#5003 =( LENGTH_UNIT ( ) NAMED_UNIT ( * ) SI_UNIT ( .MILLI., .METRE. ) );
#5004 = ORIENTED_EDGE ( 'NONE', *, *, #3975, .F. ) ;
#5005 = AXIS2_PLACEMENT_3D ( 'NONE', #316, #5739, #6789 ) ;
#5006 = PRESENTATION_LAYER_ASSIGNMENT (  '', '', ( #1990 ) ) ;
#5007 = FILL_AREA_STYLE ('',( #6573 ) ) ;
#5008 = STYLED_ITEM ( 'NONE', ( #3136 ), #6172 ) ;
#5009 = CARTESIAN_POINT ( 'NONE',  ( 0.7875735931288072589, 0.7600000000000000089, 0.3999999999999998557 ) ) ;
#5010 = CARTESIAN_POINT ( 'NONE',  ( 0.5078988403312109101, 0.000000000000000000, -0.1070613408442326470 ) ) ;
#5011 = CARTESIAN_POINT ( 'NONE',  ( 0.2420085203291615639, 0.000000000000000000, -0.02822637805886715756 ) ) ;
#5012 = DIRECTION ( 'NONE',  ( -1.000000000000000000, -0.000000000000000000, -0.000000000000000000 ) ) ;
#5013 = ORIENTED_EDGE ( 'NONE', *, *, #1089, .F. ) ;
#5014 = DIRECTION ( 'NONE',  ( -1.000000000000000000, -0.000000000000000000, -0.000000000000000000 ) ) ;
#5015 =( NAMED_UNIT ( * ) SI_UNIT ( $, .STERADIAN. ) SOLID_ANGLE_UNIT ( ) );
#5016 = ADVANCED_FACE ( 'NONE', ( #578 ), #644, .F. ) ;
#5017 = STYLED_ITEM ( 'NONE', ( #782 ), #6547 ) ;
#5018 = ORIENTED_EDGE ( 'NONE', *, *, #4594, .F. ) ;
#5019 = DIRECTION ( 'NONE',  ( 0.000000000000000000, -1.000000000000000000, 0.000000000000000000 ) ) ;
#5020 = EDGE_CURVE ( 'NONE', #2038, #6432, #5395, .T. ) ;
#5021 = FILL_AREA_STYLE ('',( #795 ) ) ;
#5022 = SURFACE_STYLE_USAGE ( .BOTH. , #2898 ) ;
#5023 = CARTESIAN_POINT ( 'NONE',  ( 0.3795462710254895455, 0.003000000000000000062, -0.1135792546526552677 ) ) ;
#5024 = SURFACE_STYLE_FILL_AREA ( #2346 ) ;
#5025 = SURFACE_STYLE_FILL_AREA ( #776 ) ;
#5026 = DIRECTION ( 'NONE',  ( -0.000000000000000000, -0.000000000000000000, -1.000000000000000000 ) ) ;
#5027 = ORIENTED_EDGE ( 'NONE', *, *, #3149, .F. ) ;
#5028 = CARTESIAN_POINT ( 'NONE',  ( 0.5078988403312109101, 0.000000000000000000, -0.05002033037692237699 ) ) ;
#5029 = CARTESIAN_POINT ( 'NONE',  ( 0.2803476042950979186, 0.003000000000000000062, -0.02822637805886715756 ) ) ;
#5030 = MECHANICAL_DESIGN_GEOMETRIC_PRESENTATION_REPRESENTATION (  '', ( #4139 ), #1778 ) ;
#5031 = CLOSED_SHELL ( 'NONE', ( #4798, #793, #2051, #4753, #369, #1410, #4477, #5073, #3998 ) ) ;
#5032 = ORIENTED_EDGE ( 'NONE', *, *, #5951, .F. ) ;
#5033 = ORIENTED_EDGE ( 'NONE', *, *, #5294, .F. ) ;
#5034 =( NAMED_UNIT ( * ) SI_UNIT ( $, .STERADIAN. ) SOLID_ANGLE_UNIT ( ) );
#5035 = FACE_OUTER_BOUND ( 'NONE', #4308, .T. ) ;
#5036 = FILL_AREA_STYLE ('',( #3048 ) ) ;
#5037 = ORIENTED_EDGE ( 'NONE', *, *, #1681, .F. ) ;
#5038 = ADVANCED_FACE ( 'NONE', ( #4726 ), #2730, .F. ) ;
#5039 = CARTESIAN_POINT ( 'NONE',  ( 0.7700000000000001288, 0.02000000000000007674, -0.3700000000000001066 ) ) ;
#5040 = LINE ( 'NONE', #234, #6883 ) ;
#5041 = PRESENTATION_STYLE_ASSIGNMENT (( #379 ) ) ;
#5042 = CARTESIAN_POINT ( 'NONE',  ( 0.8000000000000000444, 0.002426406871192951422, -0.3802943725152288512 ) ) ;
#5043 = DIRECTION ( 'NONE',  ( -0.000000000000000000, -1.000000000000000000, -0.000000000000000000 ) ) ;
#5044 = ORIENTED_EDGE ( 'NONE', *, *, #6812, .T. ) ;
#5045 = CARTESIAN_POINT ( 'NONE',  ( 0.1236572826574574430, 0.000000000000000000, -0.1348280044436376557 ) ) ;
#5046 = ORIENTED_EDGE ( 'NONE', *, *, #2124, .F. ) ;
#5047 = PLANE ( 'NONE',  #4015 ) ;
#5048 = EDGE_LOOP ( 'NONE', ( #666, #1886, #707, #4602 ) ) ;
#5049 = DIRECTION ( 'NONE',  ( 0.000000000000000000, -0.000000000000000000, -1.000000000000000000 ) ) ;
#5050 = EDGE_CURVE ( 'NONE', #2030, #1200, #1714, .T. ) ;
#5051 = DIRECTION ( 'NONE',  ( -0.000000000000000000, -1.000000000000000000, -0.000000000000000000 ) ) ;
#5052 = CARTESIAN_POINT ( 'NONE',  ( 0.5179688503939871014, 0.000000000000000000, -0.05105430400072100139 ) ) ;
#5053 = SURFACE_SIDE_STYLE ('',( #214 ) ) ;
#5054 = SURFACE_SIDE_STYLE ('',( #674 ) ) ;
#5055 = CARTESIAN_POINT ( 'NONE',  ( 0.000000000000000000, 0.003000000000000000062, 0.000000000000000000 ) ) ;
#5056 = DIRECTION ( 'NONE',  ( 0.000000000000000000, 1.000000000000000000, -0.000000000000000000 ) ) ;
#5057 = EDGE_CURVE ( 'NONE', #6839, #1982, #6655, .T. ) ;
#5058 = PRESENTATION_STYLE_ASSIGNMENT (( #3515 ) ) ;
#5059 = CARTESIAN_POINT ( 'NONE',  ( 0.7700000000000001288, 0.02000000000000005246, 0.3699999999999999956 ) ) ;
#5060 = ORIENTED_EDGE ( 'NONE', *, *, #4150, .F. ) ;
#5061 = CARTESIAN_POINT ( 'NONE',  ( 0.2335176870820284134, 0.003000000000000000062, -0.05367500611619074879 ) ) ;
#5062 = FACE_OUTER_BOUND ( 'NONE', #1322, .T. ) ;
#5063 = FACE_OUTER_BOUND ( 'NONE', #487, .T. ) ;
#5064 = FACE_BOUND ( 'NONE', #1695, .T. ) ;
#5065 = EDGE_CURVE ( 'NONE', #6821, #3407, #5099, .T. ) ;
#5066 = VERTEX_POINT ( 'NONE', #675 ) ;
#5067 = DIRECTION ( 'NONE',  ( 0.000000000000000000, -0.000000000000000000, -1.000000000000000000 ) ) ;
#5068 = FACE_OUTER_BOUND ( 'NONE', #6884, .T. ) ;
#5069 =( GEOMETRIC_REPRESENTATION_CONTEXT ( 3 ) GLOBAL_UNCERTAINTY_ASSIGNED_CONTEXT ( ( #2050 ) ) GLOBAL_UNIT_ASSIGNED_CONTEXT ( ( #5570, #2388, #2916 ) ) REPRESENTATION_CONTEXT ( 'NONE', 'WORKASPACE' ) );
#5070 = ORIENTED_EDGE ( 'NONE', *, *, #27, .F. ) ;
#5071 = ADVANCED_FACE ( 'NONE', ( #6586 ), #3955, .F. ) ;
#5072 = SURFACE_STYLE_FILL_AREA ( #6740 ) ;
#5073 = ADVANCED_FACE ( 'NONE', ( #6084 ), #1193, .F. ) ;
#5074 = CARTESIAN_POINT ( 'NONE',  ( 0.4000000000000000777, 0.000000000000000000, -0.3600000000000001532 ) ) ;
#5075 =( NAMED_UNIT ( * ) PLANE_ANGLE_UNIT ( ) SI_UNIT ( $, .RADIAN. ) );
#5076 = ORIENTED_EDGE ( 'NONE', *, *, #5328, .F. ) ;
#5078 = VERTEX_POINT ( 'NONE', #3356 ) ;
#5077 = CARTESIAN_POINT ( 'NONE',  ( 0.1373980087961464147, 0.003000000000000000062, -0.1006350299428620948 ) ) ;
#5079 = VERTEX_POINT ( 'NONE', #1225 ) ;
#5080 = STYLED_ITEM ( 'NONE', ( #5929 ), #1859 ) ;
#5081 = SURFACE_SIDE_STYLE ('',( #4173 ) ) ;
#5082 = FACE_OUTER_BOUND ( 'NONE', #997, .T. ) ;
#5083 = CARTESIAN_POINT ( 'NONE',  ( 0.2239978401694351640, -4.235164736271501695E-19, -0.1069829042204056835 ) ) ;
#5084 = FACE_OUTER_BOUND ( 'NONE', #6898, .T. ) ;
#5085 = PRESENTATION_STYLE_ASSIGNMENT (( #6617 ) ) ;
#5086 = FILL_AREA_STYLE ('',( #6085 ) ) ;
#5087 = ADVANCED_FACE ( 'NONE', ( #828 ), #3502, .F. ) ;
#5088 = STYLED_ITEM ( 'NONE', ( #5744 ), #1120 ) ;
#5089 = MECHANICAL_DESIGN_GEOMETRIC_PRESENTATION_REPRESENTATION (  '', ( #6303 ), #3963 ) ;
#5090 = FACE_BOUND ( 'NONE', #4046, .T. ) ;
#5091 = PRESENTATION_LAYER_ASSIGNMENT (  '', '', ( #1159 ) ) ;
#5092 = FACE_OUTER_BOUND ( 'NONE', #3601, .T. ) ;
#5093 = ORIENTED_EDGE ( 'NONE', *, *, #4339, .F. ) ;
#5094 = MECHANICAL_DESIGN_GEOMETRIC_PRESENTATION_REPRESENTATION (  '', ( #4200 ), #4761 ) ;
#5095 = CARTESIAN_POINT ( 'NONE',  ( 0.2239978401694351640, 0.003000000000000000062, -0.1069829042204056835 ) ) ;
#5096 = LINE ( 'NONE', #4692, #5351 ) ;
#5097 = FILL_AREA_STYLE ('',( #3565 ) ) ;
#5098 = VECTOR ( 'NONE', #943, 1000.000000000000000 ) ;
#5099 = CIRCLE ( 'NONE', #3861, 0.02999999999999997113 ) ;
#5100 = DIRECTION ( 'NONE',  ( -0.000000000000000000, -0.000000000000000000, -1.000000000000000000 ) ) ;
#5101 = EDGE_CURVE ( 'NONE', #105, #4408, #3440, .T. ) ;
#5102 = VECTOR ( 'NONE', #1826, 1000.000000000000000 ) ;
#5103 = STYLED_ITEM ( 'NONE', ( #1789 ), #682 ) ;
#5104 = MECHANICAL_DESIGN_GEOMETRIC_PRESENTATION_REPRESENTATION (  '', ( #841 ), #1054 ) ;
#5105 = ORIENTED_EDGE ( 'NONE', *, *, #3122, .F. ) ;
#5106 =( NAMED_UNIT ( * ) PLANE_ANGLE_UNIT ( ) SI_UNIT ( $, .RADIAN. ) );
#5107 = PRESENTATION_LAYER_ASSIGNMENT (  '', '', ( #513 ) ) ;
#5108 = STYLED_ITEM ( 'NONE', ( #6630 ), #4930 ) ;
#5109 = EDGE_LOOP ( 'NONE', ( #317, #6105, #1259, #2541 ) ) ;
#5110 = STYLED_ITEM ( 'NONE', ( #4515 ), #1410 ) ;
#5111 = COLOUR_RGB ( '',0.4745098039215686070, 0.4823529411764705954, 0.5019607843137254832 ) ;
#5112 = UNCERTAINTY_MEASURE_WITH_UNIT (LENGTH_MEASURE( 1.000000000000000082E-05 ), #3849, 'distance_accuracy_value', 'NONE');
#5113 = CARTESIAN_POINT ( 'NONE',  ( 0.5188791900677894864, 0.003000000000000000062, -0.08174568190881410790 ) ) ;
#5114 = AXIS2_PLACEMENT_3D ( 'NONE', #2484, #6190, #1395 ) ;
#5115 = VECTOR ( 'NONE', #6111, 1000.000000000000000 ) ;
#5116 = LINE ( 'NONE', #4126, #1562 ) ;
#5117 = CARTESIAN_POINT ( 'NONE',  ( 0.7700000000000001288, 0.7900000000000001465, -0.3700000000000001066 ) ) ;
#5118 = FILL_AREA_STYLE_COLOUR ( '', #1166 ) ;
#5119 = CARTESIAN_POINT ( 'NONE',  ( 0.2420085203291615639, 0.003000000000000000062, -0.02822637805886715756 ) ) ;
#5120 = VECTOR ( 'NONE', #3175, 1000.000000000000000 ) ;
#5121 = PLANE ( 'NONE',  #3768 ) ;
#5122 = CARTESIAN_POINT ( 'NONE',  ( 0.8000000000000001554, 0.7600000000000001199, -0.4000000000000000777 ) ) ;
#5123 = VERTEX_POINT ( 'NONE', #1955 ) ;
#5124 = FACE_OUTER_BOUND ( 'NONE', #1568, .T. ) ;
#5125 = CIRCLE ( 'NONE', #5992, 0.02999999999999997113 ) ;
#5126 = SURFACE_STYLE_USAGE ( .BOTH. , #6823 ) ;
#5127 = PRESENTATION_STYLE_ASSIGNMENT (( #4975 ) ) ;
#5128 = EDGE_CURVE ( 'NONE', #1430, #5158, #3019, .T. ) ;
#5129 = COLOUR_RGB ( '',0.4745098039215686070, 0.4823529411764705954, 0.5019607843137254832 ) ;
#5130 = SURFACE_STYLE_USAGE ( .BOTH. , #5240 ) ;
#5131 =( LENGTH_UNIT ( ) NAMED_UNIT ( * ) SI_UNIT ( .MILLI., .METRE. ) );
#5132 = CARTESIAN_POINT ( 'NONE',  ( 0.2399327853941375099, -4.235164736271501695E-19, -0.1115516379562313670 ) ) ;
#5133 = SURFACE_STYLE_USAGE ( .BOTH. , #4716 ) ;
#5134 = EDGE_CURVE ( 'NONE', #1880, #4164, #4626, .T. ) ;
#5135 = LINE ( 'NONE', #3926, #4872 ) ;
#5136 = UNCERTAINTY_MEASURE_WITH_UNIT (LENGTH_MEASURE( 1.000000000000000082E-05 ), #3547, 'distance_accuracy_value', 'NONE');
#5137 = STYLED_ITEM ( 'NONE', ( #4622 ), #898 ) ;
#5138 = VECTOR ( 'NONE', #1126, 1000.000000000000000 ) ;
#5139 = EDGE_LOOP ( 'NONE', ( #5701, #2934, #2358, #2118 ) ) ;
#5140 = SURFACE_STYLE_USAGE ( .BOTH. , #2967 ) ;
#5141 = LINE ( 'NONE', #1985, #4661 ) ;
#5142 = SURFACE_SIDE_STYLE ('',( #2408 ) ) ;
#5143 = MECHANICAL_DESIGN_GEOMETRIC_PRESENTATION_REPRESENTATION (  '', ( #2360 ), #3397 ) ;
#5144 = EDGE_LOOP ( 'NONE', ( #222, #1372, #2315, #5013 ) ) ;
#5145 = SURFACE_STYLE_USAGE ( .BOTH. , #4080 ) ;
#5146 = LINE ( 'NONE', #2412, #3330 ) ;
#5147 = CARTESIAN_POINT ( 'NONE',  ( 0.1659364400072695367, 0.003000000000000000062, -0.02822637805886715756 ) ) ;
#5148 = VERTEX_POINT ( 'NONE', #5708 ) ;
#5149 = PRESENTATION_LAYER_ASSIGNMENT (  '', '', ( #5804 ) ) ;
#5150 = ADVANCED_FACE ( 'NONE', ( #5604 ), #235, .T. ) ;
#5151 = EDGE_CURVE ( 'NONE', #2413, #865, #6109, .T. ) ;
#5152 =( NAMED_UNIT ( * ) SI_UNIT ( $, .STERADIAN. ) SOLID_ANGLE_UNIT ( ) );
#5153 = DIRECTION ( 'NONE',  ( 0.000000000000000000, 0.000000000000000000, 1.000000000000000000 ) ) ;
#5154 = LINE ( 'NONE', #5184, #1736 ) ;
#5155 = SURFACE_STYLE_FILL_AREA ( #4555 ) ;
#5156 = DIRECTION ( 'NONE',  ( 0.9402976835965503044, -0.000000000000000000, 0.3403531492772791656 ) ) ;
#5157 = FILL_AREA_STYLE_COLOUR ( '', #4680 ) ;
#5158 = VERTEX_POINT ( 'NONE', #3941 ) ;
#5159 = SURFACE_STYLE_USAGE ( .BOTH. , #6745 ) ;
#5160 = FILL_AREA_STYLE_COLOUR ( '', #4712 ) ;
#5161 = ORIENTED_EDGE ( 'NONE', *, *, #3118, .T. ) ;
#5162 = FILL_AREA_STYLE_COLOUR ( '', #3032 ) ;
#5163 = ADVANCED_FACE ( 'NONE', ( #3054 ), #269, .F. ) ;
#5164 =( LENGTH_UNIT ( ) NAMED_UNIT ( * ) SI_UNIT ( .MILLI., .METRE. ) );
#5165 = FILL_AREA_STYLE ('',( #935 ) ) ;
#5166 = FILL_AREA_STYLE ('',( #1971 ) ) ;
#5167 = DIRECTION ( 'NONE',  ( 0.000000000000000000, 0.000000000000000000, 1.000000000000000000 ) ) ;
#5168 = FACE_OUTER_BOUND ( 'NONE', #5144, .T. ) ;
#5169 = PLANE ( 'NONE',  #6748 ) ;
#5170 = CARTESIAN_POINT ( 'NONE',  ( -0.0006262868159067971896, 0.003000000000000000062, -0.1348280044436376557 ) ) ;
#5171 = ADVANCED_FACE ( 'NONE', ( #6143 ), #6709, .F. ) ;
#5172 = ORIENTED_EDGE ( 'NONE', *, *, #1819, .T. ) ;
#5173 =( NAMED_UNIT ( * ) SI_UNIT ( $, .STERADIAN. ) SOLID_ANGLE_UNIT ( ) );
#5174 = CARTESIAN_POINT ( 'NONE',  ( 0.5209455743335885680, 0.003000000000000000062, -0.06515718325081611140 ) ) ;
#5175 = DIRECTION ( 'NONE',  ( -1.000000000000000000, 0.000000000000000000, -0.000000000000000000 ) ) ;
#5176 = CARTESIAN_POINT ( 'NONE',  ( 0.2988614020076892919, 0.003000000000000000062, -0.1348280044436376557 ) ) ;
#5177 = ADVANCED_FACE ( 'NONE', ( #4129 ), #6680, .T. ) ;
#5178 = VERTEX_POINT ( 'NONE', #2577 ) ;
#5179 = SURFACE_STYLE_FILL_AREA ( #372 ) ;
#5180 = SURFACE_STYLE_FILL_AREA ( #5036 ) ;
#5181 = ORIENTED_EDGE ( 'NONE', *, *, #4976, .F. ) ;
#5182 = EDGE_CURVE ( 'NONE', #2565, #3299, #4348, .T. ) ;
#5183 = VERTEX_POINT ( 'NONE', #5265 ) ;
#5184 = CARTESIAN_POINT ( 'NONE',  ( 0.5078988403312109101, 0.003000000000000000062, -0.05002033037692237699 ) ) ;
#5185 = FILL_AREA_STYLE ('',( #5118 ) ) ;
#5186 = DIRECTION ( 'NONE',  ( 1.000000000000000000, -0.000000000000000000, -0.000000000000000000 ) ) ;
#5187 = FILL_AREA_STYLE ('',( #1427 ) ) ;
#5188 = VERTEX_POINT ( 'NONE', #4704 ) ;
#5189 = DIRECTION ( 'NONE',  ( -0.000000000000000000, -1.000000000000000000, -0.000000000000000000 ) ) ;
#5190 = LINE ( 'NONE', #3586, #1901 ) ;
#5191 = CARTESIAN_POINT ( 'NONE',  ( 0.5078988403312109101, 0.003000000000000000062, -0.05002033037692237699 ) ) ;
#5192 = ORIENTED_EDGE ( 'NONE', *, *, #4199, .T. ) ;
#5193 = UNCERTAINTY_MEASURE_WITH_UNIT (LENGTH_MEASURE( 1.000000000000000082E-05 ), #4875, 'distance_accuracy_value', 'NONE');
#5194 = DIRECTION ( 'NONE',  ( -0.000000000000000000, -1.000000000000000000, -0.000000000000000000 ) ) ;
#5195 =( NAMED_UNIT ( * ) SI_UNIT ( $, .STERADIAN. ) SOLID_ANGLE_UNIT ( ) );
#5196 = DIRECTION ( 'NONE',  ( 0.000000000000000000, -0.000000000000000000, -1.000000000000000000 ) ) ;
#5197 =( LENGTH_UNIT ( ) NAMED_UNIT ( * ) SI_UNIT ( .MILLI., .METRE. ) );
#5198 = SURFACE_STYLE_USAGE ( .BOTH. , #6723 ) ;
#5199 = FILL_AREA_STYLE ('',( #289 ) ) ;
#5200 = CARTESIAN_POINT ( 'NONE',  ( -0.7875735931288071479, 0.002426406871192990887, -0.4000000000000000777 ) ) ;
#5201 = CARTESIAN_POINT ( 'NONE',  ( 0.2150087017542838541, 0.003000000000000000062, -0.03463143699253776880 ) ) ;
#5202 = UNCERTAINTY_MEASURE_WITH_UNIT (LENGTH_MEASURE( 1.000000000000000082E-05 ), #4161, 'distance_accuracy_value', 'NONE');
#5203 = VECTOR ( 'NONE', #4992, 1000.000000000000000 ) ;
#5204 = SURFACE_STYLE_USAGE ( .BOTH. , #4038 ) ;
#5205 = ORIENTED_EDGE ( 'NONE', *, *, #4124, .T. ) ;
#5206 = DIRECTION ( 'NONE',  ( -0.000000000000000000, -1.000000000000000000, -0.000000000000000000 ) ) ;
#5207 = ADVANCED_FACE ( 'NONE', ( #3643 ), #3089, .F. ) ;
#5208 = CYLINDRICAL_SURFACE ( 'NONE', #5756, 0.02999999999999997113 ) ;
#5209 = STYLED_ITEM ( 'NONE', ( #2511 ), #1123 ) ;
#5210 = COLOUR_RGB ( '',0.7921568627450980005, 0.8196078431372548767, 0.9333333333333333481 ) ;
#5211 = CARTESIAN_POINT ( 'NONE',  ( 0.03995848295781381787, 0.000000000000000000, -0.02822637805886715756 ) ) ;
#5212 = ORIENTED_EDGE ( 'NONE', *, *, #6812, .F. ) ;
#5213 = COLOUR_RGB ( '',0.8941176470588234615, 0.4039215686274509887, 0.2431372549019607809 ) ;
#5214 = ORIENTED_EDGE ( 'NONE', *, *, #1801, .F. ) ;
#5215 = AXIS2_PLACEMENT_3D ( 'NONE', #2344, #6583, #3594 ) ;
#5216 = SURFACE_STYLE_USAGE ( .BOTH. , #2271 ) ;
#5217 = AXIS2_PLACEMENT_3D ( 'NONE', #5055, #2444, #4573 ) ;
#5218 = DIRECTION ( 'NONE',  ( -0.000000000000000000, -1.000000000000000000, -0.000000000000000000 ) ) ;
#5219 = ORIENTED_EDGE ( 'NONE', *, *, #6657, .F. ) ;
#5220 = VECTOR ( 'NONE', #4044, 1000.000000000000000 ) ;
#5221 = PRESENTATION_LAYER_ASSIGNMENT (  '', '', ( #292 ) ) ;
#5222 = DIRECTION ( 'NONE',  ( -1.000000000000000000, 0.000000000000000000, -0.000000000000000000 ) ) ;
#5223 = VECTOR ( 'NONE', #2021, 1000.000000000000000 ) ;
#5224 = PRESENTATION_LAYER_ASSIGNMENT (  '', '', ( #4335 ) ) ;
#5225 = DIRECTION ( 'NONE',  ( -0.000000000000000000, -1.000000000000000000, -0.000000000000000000 ) ) ;
#5226 = MECHANICAL_DESIGN_GEOMETRIC_PRESENTATION_REPRESENTATION (  '', ( #732 ), #2326 ) ;
#5227 = CARTESIAN_POINT ( 'NONE',  ( 0.5288647974072393509, 0.003000000000000000062, -0.06515718325081611140 ) ) ;
#5228 = FILL_AREA_STYLE ('',( #923 ) ) ;
#5229 = FACE_OUTER_BOUND ( 'NONE', #3466, .T. ) ;
#5230 = CARTESIAN_POINT ( 'NONE',  ( 0.5229205373994898487, 0.000000000000000000, -0.09401032424267030674 ) ) ;
#5231 = EDGE_LOOP ( 'NONE', ( #2463, #3024, #5046, #6790 ) ) ;
#5232 = STYLED_ITEM ( 'NONE', ( #878 ), #2969 ) ;
#5233 = LINE ( 'NONE', #1028, #2977 ) ;
#5234 = CARTESIAN_POINT ( 'NONE',  ( 0.2168055513914279031, 0.000000000000000000, -0.07336348460537456262 ) ) ;
#5235 = VECTOR ( 'NONE', #4854, 1000.000000000000000 ) ;
#5236 =( NAMED_UNIT ( * ) SI_UNIT ( $, .STERADIAN. ) SOLID_ANGLE_UNIT ( ) );
#5237 = EDGE_LOOP ( 'NONE', ( #561, #5298, #5812, #4039 ) ) ;
#5238 = SURFACE_STYLE_USAGE ( .BOTH. , #1538 ) ;
#5239 = FACE_OUTER_BOUND ( 'NONE', #2480, .T. ) ;
#5240 = SURFACE_SIDE_STYLE ('',( #3035 ) ) ;
#5241 = STYLED_ITEM ( 'NONE', ( #1894 ), #4701 ) ;
#5242 = DIRECTION ( 'NONE',  ( -0.000000000000000000, -1.000000000000000000, -0.000000000000000000 ) ) ;
#5243 = ADVANCED_FACE ( 'NONE', ( #2034 ), #1665, .F. ) ;
#5244 = CARTESIAN_POINT ( 'NONE',  ( 0.5078314603514237913, 0.000000000000000000, -0.09401032424267029286 ) ) ;
#5245 = DIRECTION ( 'NONE',  ( 0.000000000000000000, 0.000000000000000000, -1.000000000000000000 ) ) ;
#5246 = VECTOR ( 'NONE', #520, 1000.000000000000000 ) ;
#5247 = SURFACE_STYLE_FILL_AREA ( #1548 ) ;
#5248 = FILL_AREA_STYLE ('',( #3114 ) ) ;
#5249 = PRESENTATION_LAYER_ASSIGNMENT (  '', '', ( #5908 ) ) ;
#5250 = CARTESIAN_POINT ( 'NONE',  ( 0.4429153846565643260, 0.003000000000000000062, -0.05150839609956783804 ) ) ;
#5251 =( LENGTH_UNIT ( ) NAMED_UNIT ( * ) SI_UNIT ( .MILLI., .METRE. ) );
#5252 = VECTOR ( 'NONE', #3178, 1000.000000000000000 ) ;
#5253 = ORIENTED_EDGE ( 'NONE', *, *, #1219, .F. ) ;
#5254 = ADVANCED_FACE ( 'NONE', ( #5492 ), #1171, .T. ) ;
#5255 = ORIENTED_EDGE ( 'NONE', *, *, #6809, .T. ) ;
#5256 = DIRECTION ( 'NONE',  ( 1.000000000000000000, 0.000000000000000000, -0.000000000000000000 ) ) ;
#5257 = SURFACE_STYLE_USAGE ( .BOTH. , #5800 ) ;
#5258 = CARTESIAN_POINT ( 'NONE',  ( 0.5248440630991575429, 0.000000000000000000, -0.03300149384119212270 ) ) ;
#5259 = ORIENTED_EDGE ( 'NONE', *, *, #6760, .T. ) ;
#5260 = UNCERTAINTY_MEASURE_WITH_UNIT (LENGTH_MEASURE( 1.000000000000000082E-05 ), #288, 'distance_accuracy_value', 'NONE');
#5261 = PRODUCT_DEFINITION_SHAPE ( 'NONE', 'NONE',  #1132 ) ;
#5262 = UNCERTAINTY_MEASURE_WITH_UNIT (LENGTH_MEASURE( 1.000000000000000082E-05 ), #5995, 'distance_accuracy_value', 'NONE');
#5263 = ORIENTED_EDGE ( 'NONE', *, *, #3699, .F. ) ;
#5264 = PRESENTATION_LAYER_ASSIGNMENT (  '', '', ( #4139 ) ) ;
#5265 = CARTESIAN_POINT ( 'NONE',  ( 0.3250174859200531396, 0.003000000000000000062, -0.04879976180185294221 ) ) ;
#5266 = SURFACE_STYLE_USAGE ( .BOTH. , #1530 ) ;
#5267 =( NAMED_UNIT ( * ) SI_UNIT ( $, .STERADIAN. ) SOLID_ANGLE_UNIT ( ) );
#5268 = ORIENTED_EDGE ( 'NONE', *, *, #4507, .F. ) ;
#5269 = MECHANICAL_DESIGN_GEOMETRIC_PRESENTATION_REPRESENTATION (  '', ( #3590 ), #6251 ) ;
#5271 = ORIENTED_EDGE ( 'NONE', *, *, #2551, .F. ) ;
#5270 = CARTESIAN_POINT ( 'NONE',  ( 0.3250174859200531396, 0.000000000000000000, -0.1135792546526552677 ) ) ;
#5272 = ORIENTED_EDGE ( 'NONE', *, *, #4155, .T. ) ;
#5273 = FILL_AREA_STYLE ('',( #6849 ) ) ;
#5274 = CARTESIAN_POINT ( 'NONE',  ( 0.7700000000000001288, 0.02000000000000007674, 0.3699999999999999956 ) ) ;
#5275 = PRODUCT_DEFINITION ( 'UNKNOWN', '', #2256, #4412 ) ;
#5276 = CLOSED_SHELL ( 'NONE', ( #6275, #1120, #3393, #3171, #3021, #5207, #2025, #5314, #154, #612, #5016, #1653, #2802, #6741, #754, #1775 ) ) ;
#5277 =( NAMED_UNIT ( * ) SI_UNIT ( $, .STERADIAN. ) SOLID_ANGLE_UNIT ( ) );
#5278 = CARTESIAN_POINT ( 'NONE',  ( -0.4000000000000000222, 0.7600000000000001199, -0.4000000000000000777 ) ) ;
#5279 = LINE ( 'NONE', #5718, #4208 ) ;
#5280 = EDGE_CURVE ( 'NONE', #1774, #105, #1626, .T. ) ;
#5281 = PRESENTATION_STYLE_ASSIGNMENT (( #2016 ) ) ;
#5282 = UNCERTAINTY_MEASURE_WITH_UNIT (LENGTH_MEASURE( 1.000000000000000082E-05 ), #2268, 'distance_accuracy_value', 'NONE');
#5283 =( NAMED_UNIT ( * ) PLANE_ANGLE_UNIT ( ) SI_UNIT ( $, .RADIAN. ) );
#5284 =( LENGTH_UNIT ( ) NAMED_UNIT ( * ) SI_UNIT ( .MILLI., .METRE. ) );
#5285 =( LENGTH_UNIT ( ) NAMED_UNIT ( * ) SI_UNIT ( .MILLI., .METRE. ) );
#5286 = VERTEX_POINT ( 'NONE', #6054 ) ;
#5287 = ORIENTED_EDGE ( 'NONE', *, *, #6165, .F. ) ;
#5288 =( NAMED_UNIT ( * ) SI_UNIT ( $, .STERADIAN. ) SOLID_ANGLE_UNIT ( ) );
#5289 = PRESENTATION_STYLE_ASSIGNMENT (( #3638 ) ) ;
#5290 = VERTEX_POINT ( 'NONE', #1303 ) ;
#5291 = EDGE_CURVE ( 'NONE', #1543, #5764, #3462, .T. ) ;
#5292 = FILL_AREA_STYLE_COLOUR ( '', #6008 ) ;
#5293 = VERTEX_POINT ( 'NONE', #5028 ) ;
#5294 = EDGE_CURVE ( 'NONE', #2966, #3290, #6129, .T. ) ;
#5295 = DIRECTION ( 'NONE',  ( 0.000000000000000000, 1.000000000000000000, -0.000000000000000000 ) ) ;
#5296 = CARTESIAN_POINT ( 'NONE',  ( 0.1511387349348353171, 0.000000000000000000, -0.1348280044436376557 ) ) ;
#5297 = PLANE ( 'NONE',  #6231 ) ;
#5298 = ORIENTED_EDGE ( 'NONE', *, *, #139, .F. ) ;
#5299 = ADVANCED_FACE ( 'NONE', ( #5062 ), #3420, .F. ) ;
#5300 = ORIENTED_EDGE ( 'NONE', *, *, #1057, .F. ) ;
#5301 = CARTESIAN_POINT ( 'NONE',  ( 0.7700000000000001288, 0.7600000000000001199, -0.4000000000000001332 ) ) ;
#5302 = CARTESIAN_POINT ( 'NONE',  ( 0.5283846789471251526, 0.000000000000000000, -0.03590742215311736735 ) ) ;
#5303 =( NAMED_UNIT ( * ) SI_UNIT ( $, .STERADIAN. ) SOLID_ANGLE_UNIT ( ) );
#5304 = CARTESIAN_POINT ( 'NONE',  ( 0.5229205373994898487, 0.003000000000000000062, -0.09919797363134306989 ) ) ;
#5305 = CARTESIAN_POINT ( 'NONE',  ( 0.08159078854458594321, 0.003000000000000000062, -0.1348280044436376557 ) ) ;
#5306 = VECTOR ( 'NONE', #4805, 1000.000000000000000 ) ;
#5307 = SURFACE_SIDE_STYLE ('',( #6829 ) ) ;
#5308 = DIRECTION ( 'NONE',  ( -1.000000000000000000, 0.000000000000000000, 0.000000000000000000 ) ) ;
#5309 = ORIENTED_EDGE ( 'NONE', *, *, #4507, .T. ) ;
#5310 = LINE ( 'NONE', #19, #941 ) ;
#5311 = EDGE_LOOP ( 'NONE', ( #4698, #3817, #4942, #1991, #2004, #3049, #1386, #4368 ) ) ;
#5312 = DIRECTION ( 'NONE',  ( 0.000000000000000000, 0.000000000000000000, 1.000000000000000000 ) ) ;
#5313 = LINE ( 'NONE', #4786, #1316 ) ;
#5314 = ADVANCED_FACE ( 'NONE', ( #4612 ), #3520, .F. ) ;
#5315 = SURFACE_STYLE_USAGE ( .BOTH. , #23 ) ;
#5316 = EDGE_CURVE ( 'NONE', #2377, #2382, #6163, .T. ) ;
#5317 = DIRECTION ( 'NONE',  ( -0.000000000000000000, -1.000000000000000000, -0.000000000000000000 ) ) ;
#5318 = FILL_AREA_STYLE ('',( #3182 ) ) ;
#5319 = ORIENTED_EDGE ( 'NONE', *, *, #804, .T. ) ;
#5320 = LINE ( 'NONE', #508, #79 ) ;
#5321 = ORIENTED_EDGE ( 'NONE', *, *, #3613, .T. ) ;
#5322 = MECHANICAL_DESIGN_GEOMETRIC_PRESENTATION_REPRESENTATION (  '', ( #5080 ), #1611 ) ;
#5323 = CARTESIAN_POINT ( 'NONE',  ( 0.5078988403312109101, 0.003000000000000000062, -0.1121352141941526354 ) ) ;
#5324 = CARTESIAN_POINT ( 'NONE',  ( 0.2803476042950979186, 0.003000000000000000062, -0.02822637805886715756 ) ) ;
#5325 = SURFACE_STYLE_FILL_AREA ( #1019 ) ;
#5326 = EDGE_LOOP ( 'NONE', ( #1380, #2287, #5989, #1519, #2283, #715, #10, #2077 ) ) ;
#5327 = EDGE_CURVE ( 'NONE', #4754, #1932, #6806, .T. ) ;
#5328 = EDGE_CURVE ( 'NONE', #2255, #525, #5096, .T. ) ;
#5329 = AXIS2_PLACEMENT_3D ( 'NONE', #6182, #2369, #275 ) ;
#5330 = UNCERTAINTY_MEASURE_WITH_UNIT (LENGTH_MEASURE( 1.000000000000000082E-05 ), #227, 'distance_accuracy_value', 'NONE');
#5331 = DIRECTION ( 'NONE',  ( -0.000000000000000000, 0.000000000000000000, 1.000000000000000000 ) ) ;
#5332 = VECTOR ( 'NONE', #6764, 1000.000000000000000 ) ;
#5333 = EDGE_LOOP ( 'NONE', ( #6520, #927, #6499, #1456 ) ) ;
#5334 = DIRECTION ( 'NONE',  ( -0.000000000000000000, -1.000000000000000000, -0.000000000000000000 ) ) ;
#5335 = PLANE ( 'NONE',  #1995 ) ;
#5336 = ORIENTED_EDGE ( 'NONE', *, *, #5988, .T. ) ;
#5337 =( GEOMETRIC_REPRESENTATION_CONTEXT ( 3 ) GLOBAL_UNCERTAINTY_ASSIGNED_CONTEXT ( ( #442 ) ) GLOBAL_UNIT_ASSIGNED_CONTEXT ( ( #6245, #1343, #3490 ) ) REPRESENTATION_CONTEXT ( 'NONE', 'WORKASPACE' ) );
#5338 = LINE ( 'NONE', #6822, #716 ) ;
#5339 = EDGE_LOOP ( 'NONE', ( #1747, #4028, #4904, #3093 ) ) ;
#5340 = DIRECTION ( 'NONE',  ( 0.000000000000000000, 0.000000000000000000, 1.000000000000000000 ) ) ;
#5341 = PRESENTATION_LAYER_ASSIGNMENT (  '', '', ( #77 ) ) ;
#5342 =( GEOMETRIC_REPRESENTATION_CONTEXT ( 3 ) GLOBAL_UNCERTAINTY_ASSIGNED_CONTEXT ( ( #6214 ) ) GLOBAL_UNIT_ASSIGNED_CONTEXT ( ( #2946, #1279, #787 ) ) REPRESENTATION_CONTEXT ( 'NONE', 'WORKASPACE' ) );
#5343 =( LENGTH_UNIT ( ) NAMED_UNIT ( * ) SI_UNIT ( .MILLI., .METRE. ) );
#5344 = COLOUR_RGB ( '',0.4745098039215686070, 0.4823529411764705954, 0.5019607843137254832 ) ;
#5345 = VECTOR ( 'NONE', #5790, 1000.000000000000000 ) ;
#5346 = STYLED_ITEM ( 'NONE', ( #2284 ), #4916 ) ;
#5347 =( GEOMETRIC_REPRESENTATION_CONTEXT ( 3 ) GLOBAL_UNCERTAINTY_ASSIGNED_CONTEXT ( ( #897 ) ) GLOBAL_UNIT_ASSIGNED_CONTEXT ( ( #158, #5652, #1302 ) ) REPRESENTATION_CONTEXT ( 'NONE', 'WORKASPACE' ) );
#5348 = DIRECTION ( 'NONE',  ( -1.000000000000000000, 0.000000000000000000, 0.000000000000000000 ) ) ;
#5349 =( NAMED_UNIT ( * ) SI_UNIT ( $, .STERADIAN. ) SOLID_ANGLE_UNIT ( ) );
#5350 = FACE_OUTER_BOUND ( 'NONE', #3373, .T. ) ;
#5351 = VECTOR ( 'NONE', #5206, 1000.000000000000000 ) ;
#5352 = DIRECTION ( 'NONE',  ( 0.000000000000000000, 0.000000000000000000, -1.000000000000000000 ) ) ;
#5353 = CARTESIAN_POINT ( 'NONE',  ( 0.5139164806504733507, 0.000000000000000000, -0.05002033037692237699 ) ) ;
#5354 = ORIENTED_EDGE ( 'NONE', *, *, #6754, .T. ) ;
#5355 = CARTESIAN_POINT ( 'NONE',  ( 0.5288647974072393509, 0.003000000000000000062, -0.07109393804620700585 ) ) ;
#5356 = VECTOR ( 'NONE', #2896, 1000.000000000000000 ) ;
#5357 = CARTESIAN_POINT ( 'NONE',  ( 0.4000000000000001332, 0.02000000000000007674, -0.3700000000000001066 ) ) ;
#5358 = VECTOR ( 'NONE', #2913, 1000.000000000000000 ) ;
#5359 = EDGE_CURVE ( 'NONE', #4527, #590, #6207, .T. ) ;
#5360 = STYLED_ITEM ( 'NONE', ( #1507 ), #2987 ) ;
#5361 = CARTESIAN_POINT ( 'NONE',  ( 0.5250253739081551796, 0.000000000000000000, -0.1121352141941526354 ) ) ;
#5362 = AXIS2_PLACEMENT_3D ( 'NONE', #3220, #501, #2200 ) ;
#5363 =( GEOMETRIC_REPRESENTATION_CONTEXT ( 3 ) GLOBAL_UNCERTAINTY_ASSIGNED_CONTEXT ( ( #3715 ) ) GLOBAL_UNIT_ASSIGNED_CONTEXT ( ( #3202, #1002, #5349 ) ) REPRESENTATION_CONTEXT ( 'NONE', 'WORKASPACE' ) );
#5364 = CIRCLE ( 'NONE', #3226, 0.02999999999999997113 ) ;
#5365 = SURFACE_SIDE_STYLE ('',( #4691 ) ) ;
#5366 =( NAMED_UNIT ( * ) SI_UNIT ( $, .STERADIAN. ) SOLID_ANGLE_UNIT ( ) );
#5367 = CARTESIAN_POINT ( 'NONE',  ( 0.3795462710254895455, 0.003000000000000000062, -0.02822637805886715756 ) ) ;
#5368 = CIRCLE ( 'NONE', #3119, 0.003337256679768706418 ) ;
#5369 = EDGE_CURVE ( 'NONE', #6062, #4220, #1368, .T. ) ;
#5370 = DIRECTION ( 'NONE',  ( 0.000000000000000000, -0.000000000000000000, 1.000000000000000000 ) ) ;
#5371 = VECTOR ( 'NONE', #73, 1000.000000000000000 ) ;
#5372 = CARTESIAN_POINT ( 'NONE',  ( 0.5179688503939871014, 0.000000000000000000, -0.1198996506375018395 ) ) ;
#5373 = VERTEX_POINT ( 'NONE', #1481 ) ;
#5374 = CARTESIAN_POINT ( 'NONE',  ( 0.5157387991927190329, 0.000000000000000000, -0.06373683837152893661 ) ) ;
#5375 = DIRECTION ( 'NONE',  ( 0.000000000000000000, 0.000000000000000000, 1.000000000000000000 ) ) ;
#5376 = SURFACE_STYLE_FILL_AREA ( #2707 ) ;
#5377 = ORIENTED_EDGE ( 'NONE', *, *, #5182, .T. ) ;
#5378 = VECTOR ( 'NONE', #3737, 1000.000000000000000 ) ;
#5379 = CARTESIAN_POINT ( 'NONE',  ( 0.8000000000000001554, 0.02000000000000006634, 0.3699999999999999956 ) ) ;
#5380 = VERTEX_POINT ( 'NONE', #3603 ) ;
#5381 =( NAMED_UNIT ( * ) PLANE_ANGLE_UNIT ( ) SI_UNIT ( $, .RADIAN. ) );
#5382 = DIRECTION ( 'NONE',  ( -0.000000000000000000, -1.000000000000000000, -0.000000000000000000 ) ) ;
#5383 = ORIENTED_EDGE ( 'NONE', *, *, #742, .T. ) ;
#5384 = EDGE_CURVE ( 'NONE', #3165, #3584, #3075, .T. ) ;
#5385 = CARTESIAN_POINT ( 'NONE',  ( -57.79315785832750407, 4.184576679658548848, 27.38876184798755276 ) ) ;
#5386 = CARTESIAN_POINT ( 'NONE',  ( 0.06614396386324637722, 0.003000000000000000062, -0.02822637805886715756 ) ) ;
#5387 = SURFACE_STYLE_USAGE ( .BOTH. , #3467 ) ;
#5388 = EDGE_LOOP ( 'NONE', ( #1252, #5536, #5027, #3371 ) ) ;
#5389 = SURFACE_SIDE_STYLE ('',( #2159 ) ) ;
#5390 = VECTOR ( 'NONE', #2827, 1000.000000000000000 ) ;
#5391 = DIRECTION ( 'NONE',  ( 0.000000000000000000, 0.000000000000000000, 1.000000000000000000 ) ) ;
#5392 = EDGE_CURVE ( 'NONE', #1774, #5868, #4072, .T. ) ;
#5393 = VECTOR ( 'NONE', #5100, 1000.000000000000000 ) ;
#5394 = EDGE_CURVE ( 'NONE', #6739, #6015, #4649, .T. ) ;
#5395 = LINE ( 'NONE', #3081, #2204 ) ;
#5396 = ORIENTED_EDGE ( 'NONE', *, *, #4108, .T. ) ;
#5397 = SURFACE_STYLE_FILL_AREA ( #4893 ) ;
#5398 = FILL_AREA_STYLE ('',( #4165 ) ) ;
#5399 = CARTESIAN_POINT ( 'NONE',  ( 0.4000000000000000222, 0.7900000000000001465, 0.3699999999999999956 ) ) ;
#5400 = ORIENTED_EDGE ( 'NONE', *, *, #4594, .T. ) ;
#5401 = EDGE_CURVE ( 'NONE', #4545, #375, #1407, .T. ) ;
#5402 = UNCERTAINTY_MEASURE_WITH_UNIT (LENGTH_MEASURE( 1.000000000000000082E-05 ), #2203, 'distance_accuracy_value', 'NONE');
#5403 = LINE ( 'NONE', #553, #5306 ) ;
#5404 = EDGE_LOOP ( 'NONE', ( #4835, #2836, #2893, #6213 ) ) ;
#5405 = DIRECTION ( 'NONE',  ( -0.000000000000000000, -1.000000000000000000, -0.000000000000000000 ) ) ;
#5406 = EDGE_CURVE ( 'NONE', #786, #3206, #366, .T. ) ;
#5407 = FILL_AREA_STYLE ('',( #3786 ) ) ;
#5408 = FILL_AREA_STYLE_COLOUR ( '', #3887 ) ;
#5409 = ORIENTED_EDGE ( 'NONE', *, *, #3497, .T. ) ;
#5410 = SHAPE_REPRESENTATION_RELATIONSHIP ( 'NONE' , 'NONE' ,  #2630, #1640 ) ;
#5411 = PRESENTATION_STYLE_ASSIGNMENT (( #2261 ) ) ;
#5412 = LINE ( 'NONE', #3249, #4434 ) ;
#5413 = CARTESIAN_POINT ( 'NONE',  ( 0.1101808012522048213, 0.003000000000000000062, -0.02822637805886715756 ) ) ;
#5414 =( LENGTH_UNIT ( ) NAMED_UNIT ( * ) SI_UNIT ( .MILLI., .METRE. ) );
#5415 =( NAMED_UNIT ( * ) PLANE_ANGLE_UNIT ( ) SI_UNIT ( $, .RADIAN. ) );
#5416 = VERTEX_POINT ( 'NONE', #2052 ) ;
#5417 = FACE_OUTER_BOUND ( 'NONE', #5231, .T. ) ;
#5418 = ORIENTED_EDGE ( 'NONE', *, *, #845, .F. ) ;
#5419 = CARTESIAN_POINT ( 'NONE',  ( 0.000000000000000000, 0.02000000000000005246, -0.4000000000000000777 ) ) ;
#5420 = CARTESIAN_POINT ( 'NONE',  ( -0.4000000000000001332, 0.02000000000000007674, 0.3699999999999999956 ) ) ;
#5421 = FILL_AREA_STYLE_COLOUR ( '', #1979 ) ;
#5422 = CARTESIAN_POINT ( 'NONE',  ( -0.8000000000000001554, 0.7775735931288073610, -0.3699999999999999956 ) ) ;
#5423 = CARTESIAN_POINT ( 'NONE',  ( 0.5148982518008852205, 0.003000000000000000062, -0.1258395688702919624 ) ) ;
#5424 = EDGE_LOOP ( 'NONE', ( #3783, #524, #1071, #4421 ) ) ;
#5425 = DIRECTION ( 'NONE',  ( -0.5013786773515722661, -0.000000000000000000, -0.8652279594980665234 ) ) ;
#5426 = CARTESIAN_POINT ( 'NONE',  ( 0.7875735931288072589, 0.02000000000000003164, 0.4000000000000000222 ) ) ;
#5427 =( NAMED_UNIT ( * ) PLANE_ANGLE_UNIT ( ) SI_UNIT ( $, .RADIAN. ) );
#5428 = FACE_OUTER_BOUND ( 'NONE', #5565, .T. ) ;
#5429 = LINE ( 'NONE', #2633, #6408 ) ;
#5430 = ORIENTED_EDGE ( 'NONE', *, *, #2662, .F. ) ;
#5431 = SURFACE_STYLE_FILL_AREA ( #6061 ) ;
#5432 = SURFACE_SIDE_STYLE ('',( #107 ) ) ;
#5433 = EDGE_LOOP ( 'NONE', ( #2018, #3238, #1688, #4599, #3835, #1709, #818, #4524, #4837, #2006 ) ) ;
#5434 =( GEOMETRIC_REPRESENTATION_CONTEXT ( 3 ) GLOBAL_UNCERTAINTY_ASSIGNED_CONTEXT ( ( #6161 ) ) GLOBAL_UNIT_ASSIGNED_CONTEXT ( ( #1226, #1194, #2801 ) ) REPRESENTATION_CONTEXT ( 'NONE', 'WORKASPACE' ) );
#5435 = EDGE_CURVE ( 'NONE', #3566, #3359, #3700, .T. ) ;
#5436 = VECTOR ( 'NONE', #361, 1000.000000000000000 ) ;
#5437 = FILL_AREA_STYLE_COLOUR ( '', #5705 ) ;
#5438 = STYLED_ITEM ( 'NONE', ( #3506 ), #2081 ) ;
#5439 = CARTESIAN_POINT ( 'NONE',  ( 0.5220709974093684647, 0.000000000000000000, -0.1198996506375018395 ) ) ;
#5440 = LINE ( 'NONE', #2390, #3671 ) ;
#5441 = CARTESIAN_POINT ( 'NONE',  ( -0.7700000000000001288, -0.009999999999999918676, 0.3875735931288071257 ) ) ;
#5442 = DIRECTION ( 'NONE',  ( 1.000000000000000000, 0.000000000000000000, -0.000000000000000000 ) ) ;
#5443 = ORIENTED_EDGE ( 'NONE', *, *, #5435, .F. ) ;
#5444 = VECTOR ( 'NONE', #2799, 1000.000000000000000 ) ;
#5445 = CARTESIAN_POINT ( 'NONE',  ( 0.5155786827821470242, 0.003000000000000000062, -0.06935524894075381641 ) ) ;
#5446 = MECHANICAL_DESIGN_GEOMETRIC_PRESENTATION_REPRESENTATION (  '', ( #77 ), #2656 ) ;
#5447 = STYLED_ITEM ( 'NONE', ( #129 ), #5243 ) ;
#5448 = LINE ( 'NONE', #2928, #4676 ) ;
#5449 = LINE ( 'NONE', #3287, #3527 ) ;
#5450 =( NAMED_UNIT ( * ) SI_UNIT ( $, .STERADIAN. ) SOLID_ANGLE_UNIT ( ) );
#5451 = EDGE_CURVE ( 'NONE', #6717, #5602, #3657, .T. ) ;
#5452 = MECHANICAL_DESIGN_GEOMETRIC_PRESENTATION_REPRESENTATION (  '', ( #4094 ), #5347 ) ;
#5453 = EDGE_CURVE ( 'NONE', #4169, #1947, #3151, .T. ) ;
#5454 = VECTOR ( 'NONE', #4826, 1000.000000000000000 ) ;
#5455 = PRESENTATION_LAYER_ASSIGNMENT (  '', '', ( #4231 ) ) ;
#5456 = FILL_AREA_STYLE_COLOUR ( '', #2875 ) ;
#5457 = ORIENTED_EDGE ( 'NONE', *, *, #3491, .T. ) ;
#5458 = AXIS2_PLACEMENT_3D ( 'NONE', #6146, #5635, #3092 ) ;
#5459 = CARTESIAN_POINT ( 'NONE',  ( 0.5229205373994898487, 0.000000000000000000, -0.1070613408442326470 ) ) ;
#5460 = SURFACE_SIDE_STYLE ('',( #62 ) ) ;
#5461 = AXIS2_PLACEMENT_3D ( 'NONE', #6178, #3581, #270 ) ;
#5462 = DIRECTION ( 'NONE',  ( 0.000000000000000000, -1.000000000000000000, 0.000000000000000000 ) ) ;
#5463 = CARTESIAN_POINT ( 'NONE',  ( 0.7700000000000001288, 0.7900000000000001465, -0.3699999999999999956 ) ) ;
#5464 = AXIS2_PLACEMENT_3D ( 'NONE', #6212, #4013, #3529 ) ;
#5465 = PLANE ( 'NONE',  #1139 ) ;
#5466 = EDGE_CURVE ( 'NONE', #865, #1494, #3764, .T. ) ;
#5467 = VERTEX_POINT ( 'NONE', #25 ) ;
#5468 =( NAMED_UNIT ( * ) SI_UNIT ( $, .STERADIAN. ) SOLID_ANGLE_UNIT ( ) );
#5469 = COLOUR_RGB ( '',0.8941176470588234615, 0.4039215686274509887, 0.2431372549019607809 ) ;
#5470 = SURFACE_STYLE_FILL_AREA ( #5407 ) ;
#5471 = ORIENTED_EDGE ( 'NONE', *, *, #2644, .T. ) ;
#5472 = EDGE_CURVE ( 'NONE', #3917, #1814, #5826, .T. ) ;
#5473 = PRESENTATION_STYLE_ASSIGNMENT (( #625 ) ) ;
#5474 = MECHANICAL_DESIGN_GEOMETRIC_PRESENTATION_REPRESENTATION (  '', ( #4806 ), #6352 ) ;
#5475 = SURFACE_STYLE_FILL_AREA ( #3346 ) ;
#5476 = CARTESIAN_POINT ( 'NONE',  ( 0.8000000000000000444, 0.009705627484771548949, -0.3875735931288072367 ) ) ;
#5477 = CARTESIAN_POINT ( 'NONE',  ( -0.8000000000000002665, 0.02000000000000008021, 0.3699999999999999400 ) ) ;
#5478 = DIRECTION ( 'NONE',  ( 0.000000000000000000, 0.000000000000000000, -1.000000000000000000 ) ) ;
#5479 = ORIENTED_EDGE ( 'NONE', *, *, #2845, .T. ) ;
#5480 = ORIENTED_EDGE ( 'NONE', *, *, #4590, .T. ) ;
#5481 = SURFACE_STYLE_USAGE ( .BOTH. , #6647 ) ;
#5482 = CARTESIAN_POINT ( 'NONE',  ( 0.2420085203291615639, 0.003000000000000000062, -0.02822637805886715756 ) ) ;
#5483 = CIRCLE ( 'NONE', #2456, 0.01104772971636571940 ) ;
#5484 = CARTESIAN_POINT ( 'NONE',  ( -0.8000000000000001554, 0.7600000000000001199, -0.3875735931288071812 ) ) ;
#5485 =( NAMED_UNIT ( * ) SI_UNIT ( $, .STERADIAN. ) SOLID_ANGLE_UNIT ( ) );
#5486 = VECTOR ( 'NONE', #6794, 1000.000000000000000 ) ;
#5487 = EDGE_CURVE ( 'NONE', #2405, #5871, #3796, .T. ) ;
#5488 = VECTOR ( 'NONE', #5194, 1000.000000000000000 ) ;
#5489 = CARTESIAN_POINT ( 'NONE',  ( 0.3795462710254895455, 0.003000000000000000062, -0.02822637805886715756 ) ) ;
#5490 = CARTESIAN_POINT ( 'NONE',  ( 0.5078988403312109101, 0.003000000000000000062, -0.05002033037692237699 ) ) ;
#5491 = EDGE_LOOP ( 'NONE', ( #5479, #309, #1128, #32, #1698, #952, #1047, #6856 ) ) ;
#5492 = FACE_OUTER_BOUND ( 'NONE', #4752, .T. ) ;
#5493 = FACE_OUTER_BOUND ( 'NONE', #485, .T. ) ;
#5494 = CARTESIAN_POINT ( 'NONE',  ( 0.4000000000000000222, 0.7900000000000001465, -0.4000000000000000777 ) ) ;
#5495 = CARTESIAN_POINT ( 'NONE',  ( 0.7875735931288072589, 0.7775735931288072500, -0.4000000000000000777 ) ) ;
#5496 = ORIENTED_EDGE ( 'NONE', *, *, #6588, .F. ) ;
#5497 = FACE_OUTER_BOUND ( 'NONE', #4583, .T. ) ;
#5498 = DIRECTION ( 'NONE',  ( 0.000000000000000000, -0.000000000000000000, 1.000000000000000000 ) ) ;
#5499 = ORIENTED_EDGE ( 'NONE', *, *, #1376, .T. ) ;
#5500 = EDGE_CURVE ( 'NONE', #258, #4395, #6862, .T. ) ;
#5501 = EDGE_CURVE ( 'NONE', #5962, #5919, #953, .T. ) ;
#5502 = ADVANCED_FACE ( 'NONE', ( #2660 ), #5856, .F. ) ;
#5503 = CARTESIAN_POINT ( 'NONE',  ( 0.3795462710254895455, 0.000000000000000000, -0.1348280044436376557 ) ) ;
#5504 = CARTESIAN_POINT ( 'NONE',  ( 0.8000000000000001554, 0.002426406871192919330, -0.3700000000000001621 ) ) ;
#5505 = LINE ( 'NONE', #4967, #529 ) ;
#5506 = CARTESIAN_POINT ( 'NONE',  ( 0.4000000000000001332, -0.009999999999999918676, -0.3700000000000001066 ) ) ;
#5507 = VERTEX_POINT ( 'NONE', #545 ) ;
#5508 = FACE_OUTER_BOUND ( 'NONE', #2738, .T. ) ;
#5509 = CARTESIAN_POINT ( 'NONE',  ( 0.5188791900677894864, 0.003000000000000000062, -0.08174568190881410790 ) ) ;
#5510 = VERTEX_POINT ( 'NONE', #4337 ) ;
#5511 =( NAMED_UNIT ( * ) SI_UNIT ( $, .STERADIAN. ) SOLID_ANGLE_UNIT ( ) );
#5512 = CARTESIAN_POINT ( 'NONE',  ( -0.0006262868159067971896, 0.000000000000000000, -0.1348280044436376557 ) ) ;
#5513 = SURFACE_STYLE_USAGE ( .BOTH. , #3763 ) ;
#5514 = FACE_OUTER_BOUND ( 'NONE', #1450, .T. ) ;
#5515 = DIRECTION ( 'NONE',  ( 0.000000000000000000, 0.000000000000000000, 1.000000000000000000 ) ) ;
#5516 = COLOUR_RGB ( '',0.4745098039215686070, 0.4823529411764705954, 0.5019607843137254832 ) ;
#5517 = CARTESIAN_POINT ( 'NONE',  ( 0.7700000000000001288, -0.009999999999999908268, -0.3700000000000001066 ) ) ;
#5518 = ORIENTED_EDGE ( 'NONE', *, *, #3331, .T. ) ;
#5519 = CARTESIAN_POINT ( 'NONE',  ( 0.5237534422598130179, 0.003000000000000000062, -0.03806550428045622075 ) ) ;
#5520 = CARTESIAN_POINT ( 'NONE',  ( 0.5193766929004806077, 0.003000000000000000062, -0.1036065314466263487 ) ) ;
#5521 = DIRECTION ( 'NONE',  ( -1.000000000000000000, 0.000000000000000000, -0.000000000000000000 ) ) ;
#5522 =( NAMED_UNIT ( * ) PLANE_ANGLE_UNIT ( ) SI_UNIT ( $, .RADIAN. ) );
#5523 = CARTESIAN_POINT ( 'NONE',  ( 0.8000000000000001554, 0.7600000000000001199, -0.3700000000000001066 ) ) ;
#5524 = ORIENTED_EDGE ( 'NONE', *, *, #133, .F. ) ;
#5525 = EDGE_CURVE ( 'NONE', #1570, #6328, #602, .T. ) ;
#5526 = DIRECTION ( 'NONE',  ( -0.000000000000000000, 1.000000000000000000, -0.000000000000000000 ) ) ;
#5527 = PLANE ( 'NONE',  #179 ) ;
#5528 = ORIENTED_EDGE ( 'NONE', *, *, #2084, .T. ) ;
#5529 = UNCERTAINTY_MEASURE_WITH_UNIT (LENGTH_MEASURE( 1.000000000000000082E-05 ), #3126, 'distance_accuracy_value', 'NONE');
#5530 = ORIENTED_EDGE ( 'NONE', *, *, #3323, .T. ) ;
#5531 = CARTESIAN_POINT ( 'NONE',  ( 0.8000000000000001554, 0.7600000000000001199, 0.3699999999999999400 ) ) ;
#5532 = CARTESIAN_POINT ( 'NONE',  ( 0.7875735931288072589, -0.009999999999999915207, -0.3875735931288072922 ) ) ;
#5533 = FILL_AREA_STYLE_COLOUR ( '', #3232 ) ;
#5534 = PRESENTATION_LAYER_ASSIGNMENT (  '', '', ( #3415 ) ) ;
#5535 = DIRECTION ( 'NONE',  ( 0.5036625266281726798, 0.000000000000000000, -0.8639004915327489487 ) ) ;
#5536 = ORIENTED_EDGE ( 'NONE', *, *, #4899, .F. ) ;
#5537 = MECHANICAL_DESIGN_GEOMETRIC_PRESENTATION_REPRESENTATION (  '', ( #5866 ), #5541 ) ;
#5538 = ORIENTED_EDGE ( 'NONE', *, *, #1996, .F. ) ;
#5539 = FACE_OUTER_BOUND ( 'NONE', #4707, .T. ) ;
#5540 = PRESENTATION_LAYER_ASSIGNMENT (  '', '', ( #6865 ) ) ;
#5541 =( GEOMETRIC_REPRESENTATION_CONTEXT ( 3 ) GLOBAL_UNCERTAINTY_ASSIGNED_CONTEXT ( ( #4069 ) ) GLOBAL_UNIT_ASSIGNED_CONTEXT ( ( #2617, #2132, #905 ) ) REPRESENTATION_CONTEXT ( 'NONE', 'WORKASPACE' ) );
#5542 = STYLED_ITEM ( 'NONE', ( #2374 ), #3248 ) ;
#5543 = SURFACE_SIDE_STYLE ('',( #3854 ) ) ;
#5544 = PRESENTATION_STYLE_ASSIGNMENT (( #4103 ) ) ;
#5545 = DIRECTION ( 'NONE',  ( 1.000000000000000000, 0.000000000000000000, 0.000000000000000000 ) ) ;
#5546 = FILL_AREA_STYLE ('',( #3924 ) ) ;
#5547 = FILL_AREA_STYLE ('',( #2858 ) ) ;
#5548 = COLOUR_RGB ( '',0.8941176470588234615, 0.4039215686274509887, 0.2431372549019607809 ) ;
#5549 = DIRECTION ( 'NONE',  ( 1.000000000000000000, 0.000000000000000000, -0.000000000000000000 ) ) ;
#5550 = B_SPLINE_CURVE_WITH_KNOTS ( 'NONE', 3,
 ( #1705, #2823, #4938, #143, #6683, #6610, #3378, #2888, #5011 ),
 .UNSPECIFIED., .F., .F.,
 ( 4, 1, 1, 1, 1, 1, 4 ),
 ( 0.000000000000000000, 0.2077974415789504425, 0.3397721598355694095, 0.4727445301339894823, 0.6440778849629447134, 0.8429488191267432429, 1.000000000000000000 ),
 .UNSPECIFIED. ) ;
#5551 = VECTOR ( 'NONE', #4580, 1000.000000000000227 ) ;
#5552 =( GEOMETRIC_REPRESENTATION_CONTEXT ( 3 ) GLOBAL_UNCERTAINTY_ASSIGNED_CONTEXT ( ( #6439 ) ) GLOBAL_UNIT_ASSIGNED_CONTEXT ( ( #5722, #1912, #4689 ) ) REPRESENTATION_CONTEXT ( 'NONE', 'WORKASPACE' ) );
#5553 = DIRECTION ( 'NONE',  ( -1.000000000000000000, 0.000000000000000000, 0.000000000000000000 ) ) ;
#5554 = VERTEX_POINT ( 'NONE', #577 ) ;
#5555 = CARTESIAN_POINT ( 'NONE',  ( 0.2161283748927877724, 0.003000000000000000062, -0.08775334256599336136 ) ) ;
#5556 =( NAMED_UNIT ( * ) PLANE_ANGLE_UNIT ( ) SI_UNIT ( $, .RADIAN. ) );
#5557 = COLOUR_RGB ( '',0.4745098039215686070, 0.4823529411764705954, 0.5019607843137254832 ) ;
#5558 =( GEOMETRIC_REPRESENTATION_CONTEXT ( 3 ) GLOBAL_UNCERTAINTY_ASSIGNED_CONTEXT ( ( #140 ) ) GLOBAL_UNIT_ASSIGNED_CONTEXT ( ( #4503, #1866, #5450 ) ) REPRESENTATION_CONTEXT ( 'NONE', 'WORKASPACE' ) );
#5559 =( LENGTH_UNIT ( ) NAMED_UNIT ( * ) SI_UNIT ( .MILLI., .METRE. ) );
#5560 = EDGE_LOOP ( 'NONE', ( #6001, #5219, #3561, #3058 ) ) ;
#5561 = COLOUR_RGB ( '',0.4745098039215686070, 0.4823529411764705954, 0.5019607843137254832 ) ;
#5562 = AXIS2_PLACEMENT_3D ( 'NONE', #1035, #4419, #5352 ) ;
#5563 =( NAMED_UNIT ( * ) SI_UNIT ( $, .STERADIAN. ) SOLID_ANGLE_UNIT ( ) );
#5564 = MECHANICAL_DESIGN_GEOMETRIC_PRESENTATION_REPRESENTATION (  '', ( #4456 ), #3882 ) ;
#5565 = EDGE_LOOP ( 'NONE', ( #1788, #5263, #877, #5400 ) ) ;
#5566 = COLOUR_RGB ( '',0.4745098039215686070, 0.4823529411764705954, 0.5019607843137254832 ) ;
#5567 = SURFACE_STYLE_FILL_AREA ( #1696 ) ;
#5568 = ORIENTED_EDGE ( 'NONE', *, *, #2048, .T. ) ;
#5569 = VECTOR ( 'NONE', #996, 1000.000000000000000 ) ;
#5570 =( LENGTH_UNIT ( ) NAMED_UNIT ( * ) SI_UNIT ( .MILLI., .METRE. ) );
#5571 =( GEOMETRIC_REPRESENTATION_CONTEXT ( 3 ) GLOBAL_UNCERTAINTY_ASSIGNED_CONTEXT ( ( #6633 ) ) GLOBAL_UNIT_ASSIGNED_CONTEXT ( ( #1993, #261, #5627 ) ) REPRESENTATION_CONTEXT ( 'NONE', 'WORKASPACE' ) );
#5572 = CARTESIAN_POINT ( 'NONE',  ( 0.5250253739081551796, 0.003000000000000000062, -0.1121352141941526354 ) ) ;
#5573 = CARTESIAN_POINT ( 'NONE',  ( 0.3250174859200531396, 0.003000000000000000062, -0.04879976180185294221 ) ) ;
#5574 = EDGE_CURVE ( 'NONE', #1135, #750, #2729, .T. ) ;
#5575 = PRESENTATION_STYLE_ASSIGNMENT (( #4522 ) ) ;
#5576 = CARTESIAN_POINT ( 'NONE',  ( 0.4429153846565643260, 0.003000000000000000062, -0.08182039739377539034 ) ) ;
#5577 = ORIENTED_EDGE ( 'NONE', *, *, #5860, .T. ) ;
#5578 = DIRECTION ( 'NONE',  ( 1.000000000000000000, 0.000000000000000000, -0.000000000000000000 ) ) ;
#5579 = VERTEX_POINT ( 'NONE', #4887 ) ;
#5580 =( NAMED_UNIT ( * ) SI_UNIT ( $, .STERADIAN. ) SOLID_ANGLE_UNIT ( ) );
#5581 = ORIENTED_EDGE ( 'NONE', *, *, #2662, .T. ) ;
#5582 = CIRCLE ( 'NONE', #441, 0.02999999999999997113 ) ;
#5583 = CARTESIAN_POINT ( 'NONE',  ( 0.5078988403312109101, 0.003000000000000000062, -0.05416084963150000903 ) ) ;
#5584 =( NAMED_UNIT ( * ) PLANE_ANGLE_UNIT ( ) SI_UNIT ( $, .RADIAN. ) );
#5585 = DIRECTION ( 'NONE',  ( 0.000000000000000000, -0.000000000000000000, -1.000000000000000000 ) ) ;
#5586 = SURFACE_STYLE_USAGE ( .BOTH. , #4504 ) ;
#5587 = ADVANCED_FACE ( 'NONE', ( #93 ), #2241, .F. ) ;
#5588 =( GEOMETRIC_REPRESENTATION_CONTEXT ( 3 ) GLOBAL_UNCERTAINTY_ASSIGNED_CONTEXT ( ( #2465 ) ) GLOBAL_UNIT_ASSIGNED_CONTEXT ( ( #2510, #792, #4632 ) ) REPRESENTATION_CONTEXT ( 'NONE', 'WORKASPACE' ) );
#5589 = ADVANCED_FACE ( 'NONE', ( #5514 ), #4981, .F. ) ;
#5590 = FILL_AREA_STYLE ('',( #6052 ) ) ;
#5591 = VERTEX_POINT ( 'NONE', #3856 ) ;
#5592 = FACE_OUTER_BOUND ( 'NONE', #6592, .T. ) ;
#5593 = DIRECTION ( 'NONE',  ( 0.000000000000000000, 0.000000000000000000, 1.000000000000000000 ) ) ;
#5594 =( NAMED_UNIT ( * ) PLANE_ANGLE_UNIT ( ) SI_UNIT ( $, .RADIAN. ) );
#5595 = CARTESIAN_POINT ( 'NONE',  ( 0.2803476042950979186, 0.000000000000000000, -0.1348280044436376557 ) ) ;
#5596 = VECTOR ( 'NONE', #3368, 1000.000000000000000 ) ;
#5597 = ORIENTED_EDGE ( 'NONE', *, *, #3479, .F. ) ;
#5598 = PRODUCT_DEFINITION_FORMATION_WITH_SPECIFIED_SOURCE ( 'ANY', '', #3634, .NOT_KNOWN. ) ;
#5599 = PLANE ( 'NONE',  #2435 ) ;
#5600 = DIRECTION ( 'NONE',  ( -1.000000000000000000, 0.000000000000000000, -0.000000000000000000 ) ) ;
#5601 = FACE_OUTER_BOUND ( 'NONE', #164, .T. ) ;
#5602 = VERTEX_POINT ( 'NONE', #186 ) ;
#5603 = DIRECTION ( 'NONE',  ( -1.000000000000000000, 0.000000000000000000, 0.000000000000000000 ) ) ;
#5604 = FACE_OUTER_BOUND ( 'NONE', #1817, .T. ) ;
#5605 = LINE ( 'NONE', #313, #842 ) ;
#5606 = FACE_BOUND ( 'NONE', #3920, .T. ) ;
#5607 = SURFACE_SIDE_STYLE ('',( #6643 ) ) ;
#5608 = ORIENTED_EDGE ( 'NONE', *, *, #2713, .F. ) ;
#5610 = ORIENTED_EDGE ( 'NONE', *, *, #2225, .T. ) ;
#5609 = DIRECTION ( 'NONE',  ( 0.000000000000000000, 0.000000000000000000, 1.000000000000000000 ) ) ;
#5611 = DIRECTION ( 'NONE',  ( -1.000000000000000000, 0.000000000000000000, 0.000000000000000000 ) ) ;
#5612 = ORIENTED_EDGE ( 'NONE', *, *, #112, .T. ) ;
#5613 = UNCERTAINTY_MEASURE_WITH_UNIT (LENGTH_MEASURE( 1.000000000000000082E-05 ), #4950, 'distance_accuracy_value', 'NONE');
#5614 = CARTESIAN_POINT ( 'NONE',  ( 0.05327345187919454300, 0.003000000000000000062, -0.08625706701872583315 ) ) ;
#5615 = SURFACE_STYLE_USAGE ( .BOTH. , #5081 ) ;
#5616 = PRESENTATION_STYLE_ASSIGNMENT (( #1862 ) ) ;
#5617 = DIRECTION ( 'NONE',  ( 0.000000000000000000, 0.000000000000000000, 1.000000000000000000 ) ) ;
#5618 = DIRECTION ( 'NONE',  ( 0.000000000000000000, 0.000000000000000000, -1.000000000000000000 ) ) ;
#5619 =( LENGTH_UNIT ( ) NAMED_UNIT ( * ) SI_UNIT ( .MILLI., .METRE. ) );
#5620 = DIRECTION ( 'NONE',  ( 0.000000000000000000, 1.000000000000000000, 0.000000000000000000 ) ) ;
#5621 = VERTEX_POINT ( 'NONE', #772 ) ;
#5622 = DIRECTION ( 'NONE',  ( 1.000000000000000000, 0.000000000000000000, -0.000000000000000000 ) ) ;
#5623 = LINE ( 'NONE', #6201, #2703 ) ;
#5624 = ORIENTED_EDGE ( 'NONE', *, *, #711, .T. ) ;
#5625 = COLOUR_RGB ( '',0.4745098039215686070, 0.4823529411764705954, 0.5019607843137254832 ) ;
#5626 =( NAMED_UNIT ( * ) SI_UNIT ( $, .STERADIAN. ) SOLID_ANGLE_UNIT ( ) );
#5627 =( NAMED_UNIT ( * ) SI_UNIT ( $, .STERADIAN. ) SOLID_ANGLE_UNIT ( ) );
#5628 = ORIENTED_EDGE ( 'NONE', *, *, #4290, .T. ) ;
#5629 = EDGE_CURVE ( 'NONE', #2527, #2293, #6048, .T. ) ;
#5630 =( NAMED_UNIT ( * ) SI_UNIT ( $, .STERADIAN. ) SOLID_ANGLE_UNIT ( ) );
#5631 = DIRECTION ( 'NONE',  ( -0.000000000000000000, -1.000000000000000000, -0.000000000000000000 ) ) ;
#5632 = DIRECTION ( 'NONE',  ( 0.000000000000000000, 0.000000000000000000, 1.000000000000000000 ) ) ;
#5633 = ADVANCED_FACE ( 'NONE', ( #1822 ), #2931, .F. ) ;
#5634 = CARTESIAN_POINT ( 'NONE',  ( -0.4000000000000000222, 0.7900000000000001465, -0.4000000000000000777 ) ) ;
#5635 = DIRECTION ( 'NONE',  ( 0.000000000000000000, 0.000000000000000000, -1.000000000000000000 ) ) ;
#5636 = ORIENTED_EDGE ( 'NONE', *, *, #4773, .T. ) ;
#5637 = LINE ( 'NONE', #4499, #2307 ) ;
#5638 = DIRECTION ( 'NONE',  ( 1.000000000000000000, 0.000000000000000000, 0.000000000000000000 ) ) ;
#5639 = ORIENTED_EDGE ( 'NONE', *, *, #6469, .T. ) ;
#5640 = CARTESIAN_POINT ( 'NONE',  ( 0.02512776830933449029, 0.000000000000000000, -0.1348280044436376557 ) ) ;
#5641 = STYLED_ITEM ( 'NONE', ( #2046 ), #1904 ) ;
#5642 = DIRECTION ( 'NONE',  ( 0.000000000000000000, 0.000000000000000000, -1.000000000000000000 ) ) ;
#5643 = CARTESIAN_POINT ( 'NONE',  ( 0.2400543990747724954, 0.003000000000000000062, -0.05107781836179189211 ) ) ;
#5644 = DIRECTION ( 'NONE',  ( -0.000000000000000000, -1.000000000000000000, -0.000000000000000000 ) ) ;
#5645 = SURFACE_STYLE_FILL_AREA ( #2998 ) ;
#5646 = CARTESIAN_POINT ( 'NONE',  ( 0.4429153846565643260, 0.003000000000000000062, -0.1345850973110999937 ) ) ;
#5647 = VECTOR ( 'NONE', #2891, 1000.000000000000000 ) ;
#5648 = SURFACE_SIDE_STYLE ('',( #6124 ) ) ;
#5649 = VECTOR ( 'NONE', #2614, 1000.000000000000000 ) ;
#5650 = ADVANCED_FACE ( 'NONE', ( #5168 ), #4105, .T. ) ;
#5651 = ORIENTED_EDGE ( 'NONE', *, *, #3939, .T. ) ;
#5652 =( NAMED_UNIT ( * ) PLANE_ANGLE_UNIT ( ) SI_UNIT ( $, .RADIAN. ) );
#5653 =( NAMED_UNIT ( * ) SI_UNIT ( $, .STERADIAN. ) SOLID_ANGLE_UNIT ( ) );
#5654 = DIRECTION ( 'NONE',  ( -0.3666781236024606594, -0.000000000000000000, -0.9303478670214589963 ) ) ;
#5655 = EDGE_CURVE ( 'NONE', #6836, #449, #1439, .T. ) ;
#5656 = ORIENTED_EDGE ( 'NONE', *, *, #2434, .T. ) ;
#5657 = MECHANICAL_DESIGN_GEOMETRIC_PRESENTATION_REPRESENTATION (  '', ( #1624 ), #4544 ) ;
#5658 = PRESENTATION_LAYER_ASSIGNMENT (  '', '', ( #719 ) ) ;
#5659 = DIRECTION ( 'NONE',  ( -1.000000000000000000, -0.000000000000000000, 0.000000000000000000 ) ) ;
#5660 = CIRCLE ( 'NONE', #3431, 0.02999999999999997113 ) ;
#5661 = VECTOR ( 'NONE', #5955, 1000.000000000000000 ) ;
#5662 = ORIENTED_EDGE ( 'NONE', *, *, #1383, .T. ) ;
#5663 = MECHANICAL_DESIGN_GEOMETRIC_PRESENTATION_REPRESENTATION (  '', ( #78 ), #729 ) ;
#5664 = PLANE ( 'NONE',  #3661 ) ;
#5665 = AXIS2_PLACEMENT_3D ( 'NONE', #701, #2830, #1253 ) ;
#5666 = COLOUR_RGB ( '',0.4745098039215686070, 0.4823529411764705954, 0.5019607843137254832 ) ;
#5667 = DIRECTION ( 'NONE',  ( 0.8399299833958834283, -0.000000000000000000, -0.5426947788514192572 ) ) ;
#5668 = ORIENTED_EDGE ( 'NONE', *, *, #2654, .F. ) ;
#5669 = AXIS2_PLACEMENT_3D ( 'NONE', #2697, #3219, #2561 ) ;
#5670 = EDGE_CURVE ( 'NONE', #5602, #5380, #2880, .T. ) ;
#5671 =( GEOMETRIC_REPRESENTATION_CONTEXT ( 3 ) GLOBAL_UNCERTAINTY_ASSIGNED_CONTEXT ( ( #4493 ) ) GLOBAL_UNIT_ASSIGNED_CONTEXT ( ( #3898, #2300, #5485 ) ) REPRESENTATION_CONTEXT ( 'NONE', 'WORKASPACE' ) );
#5672 = SURFACE_STYLE_USAGE ( .BOTH. , #6814 ) ;
#5673 = PRESENTATION_LAYER_ASSIGNMENT (  '', '', ( #3553 ) ) ;
#5674 = VECTOR ( 'NONE', #6145, 1000.000000000000000 ) ;
#5675 = ORIENTED_EDGE ( 'NONE', *, *, #390, .T. ) ;
#5676 =( NAMED_UNIT ( * ) SI_UNIT ( $, .STERADIAN. ) SOLID_ANGLE_UNIT ( ) );
#5677 = PRESENTATION_STYLE_ASSIGNMENT (( #3540 ) ) ;
#5678 = CARTESIAN_POINT ( 'NONE',  ( 0.5220709974093684647, 0.003000000000000000062, -0.1198996506375018395 ) ) ;
#5679 = CARTESIAN_POINT ( 'NONE',  ( 0.5078988403312109101, 0.003000000000000000062, -0.1258999299338860178 ) ) ;
#5680 = ORIENTED_EDGE ( 'NONE', *, *, #4066, .T. ) ;
#5681 =( NAMED_UNIT ( * ) PLANE_ANGLE_UNIT ( ) SI_UNIT ( $, .RADIAN. ) );
#5682 = CARTESIAN_POINT ( 'NONE',  ( 0.5078988403312109101, 0.003000000000000000062, -0.1258999299338860178 ) ) ;
#5683 = ORIENTED_EDGE ( 'NONE', *, *, #3907, .F. ) ;
#5684 = UNCERTAINTY_MEASURE_WITH_UNIT (LENGTH_MEASURE( 1.000000000000000082E-05 ), #327, 'distance_accuracy_value', 'NONE');
#5685 = FACE_OUTER_BOUND ( 'NONE', #5048, .T. ) ;
#5686 = EDGE_CURVE ( 'NONE', #3350, #4395, #3230, .T. ) ;
#5687 =( LENGTH_UNIT ( ) NAMED_UNIT ( * ) SI_UNIT ( .MILLI., .METRE. ) );
#5688 = CARTESIAN_POINT ( 'NONE',  ( 0.2420085203291615639, 0.000000000000000000, -0.02822637805886715756 ) ) ;
#5689 =( NAMED_UNIT ( * ) SI_UNIT ( $, .STERADIAN. ) SOLID_ANGLE_UNIT ( ) );
#5690 = CARTESIAN_POINT ( 'NONE',  ( 0.5170852029101958847, 0.000000000000000000, -0.05803963744639718814 ) ) ;
#5691 = AXIS2_PLACEMENT_3D ( 'NONE', #2347, #5515, #3317 ) ;
#5692 = PRODUCT_RELATED_PRODUCT_CATEGORY ( 'part', '', ( #5748 ) ) ;
#5693 = COLOUR_RGB ( '',0.8941176470588234615, 0.4039215686274509887, 0.2431372549019607809 ) ;
#5694 = CARTESIAN_POINT ( 'NONE',  ( 0.4429153846565643260, 0.003000000000000000062, -0.08182039739377539034 ) ) ;
#5695 = UNCERTAINTY_MEASURE_WITH_UNIT (LENGTH_MEASURE( 1.000000000000000082E-05 ), #3688, 'distance_accuracy_value', 'NONE');
#5696 = EDGE_CURVE ( 'NONE', #1287, #2527, #4147, .T. ) ;
#5697 = EDGE_LOOP ( 'NONE', ( #713, #4297, #351, #1648 ) ) ;
#5698 = SURFACE_STYLE_USAGE ( .BOTH. , #3563 ) ;
#5699 = CARTESIAN_POINT ( 'NONE',  ( 0.5200271813265667786, 0.003000000000000000062, -0.06515718325081611140 ) ) ;
#5700 = VECTOR ( 'NONE', #4729, 1000.000000000000000 ) ;
#5701 = ORIENTED_EDGE ( 'NONE', *, *, #35, .T. ) ;
#5702 = CARTESIAN_POINT ( 'NONE',  ( 0.4000000000000001332, -0.009999999999999918676, -0.4000000000000000777 ) ) ;
#5703 = CARTESIAN_POINT ( 'NONE',  ( 0.5288647974072393509, 0.000000000000000000, -0.06515718325081611140 ) ) ;
#5704 = ORIENTED_EDGE ( 'NONE', *, *, #4250, .T. ) ;
#5705 = COLOUR_RGB ( '',0.8941176470588234615, 0.4039215686274509887, 0.2431372549019607809 ) ;
#5706 =( NAMED_UNIT ( * ) SI_UNIT ( $, .STERADIAN. ) SOLID_ANGLE_UNIT ( ) );
#5707 =( NAMED_UNIT ( * ) PLANE_ANGLE_UNIT ( ) SI_UNIT ( $, .RADIAN. ) );
#5708 = CARTESIAN_POINT ( 'NONE',  ( 0.5229205373994898487, 0.000000000000000000, -0.09919797363134306989 ) ) ;
#5709 = EDGE_CURVE ( 'NONE', #695, #2111, #189, .T. ) ;
#5710 = LINE ( 'NONE', #4056, #3984 ) ;
#5711 =( NAMED_UNIT ( * ) PLANE_ANGLE_UNIT ( ) SI_UNIT ( $, .RADIAN. ) );
#5712 = ORIENTED_EDGE ( 'NONE', *, *, #5988, .F. ) ;
#5713 = ORIENTED_EDGE ( 'NONE', *, *, #1917, .T. ) ;
#5714 = CARTESIAN_POINT ( 'NONE',  ( 0.5120076289780736145, 0.003000000000000000062, -0.06259880273125538463 ) ) ;
#5715 = SURFACE_SIDE_STYLE ('',( #354 ) ) ;
#5716 = CARTESIAN_POINT ( 'NONE',  ( 0.5291540010148010342, 0.003000000000000000062, -0.03821719267283291144 ) ) ;
#5717 = FILL_AREA_STYLE ('',( #2012 ) ) ;
#5718 = CARTESIAN_POINT ( 'NONE',  ( 0.5078988403312109101, 0.003000000000000000062, -0.09919797363134306989 ) ) ;
#5719 = DIRECTION ( 'NONE',  ( -0.000000000000000000, -1.000000000000000000, -0.000000000000000000 ) ) ;
#5720 = CARTESIAN_POINT ( 'NONE',  ( 0.5120076289780736145, 0.003000000000000000062, -0.1241701196862797923 ) ) ;
#5721 = SURFACE_SIDE_STYLE ('',( #3931 ) ) ;
#5722 =( LENGTH_UNIT ( ) NAMED_UNIT ( * ) SI_UNIT ( .MILLI., .METRE. ) );
#5723 = ORIENTED_EDGE ( 'NONE', *, *, #5629, .F. ) ;
#5724 = PLANE ( 'NONE',  #5669 ) ;
#5725 = DIRECTION ( 'NONE',  ( 0.8001291063605943110, 0.000000000000000000, -0.5998278195904194199 ) ) ;
#5726 = DIRECTION ( 'NONE',  ( 1.000000000000000000, -0.000000000000000000, -0.000000000000000000 ) ) ;
#5727 = DIRECTION ( 'NONE',  ( -1.000000000000000000, -0.000000000000000000, -0.000000000000000000 ) ) ;
#5728 = ORIENTED_EDGE ( 'NONE', *, *, #5280, .T. ) ;
#5729 = FILL_AREA_STYLE_COLOUR ( '', #1600 ) ;
#5730 =( NAMED_UNIT ( * ) PLANE_ANGLE_UNIT ( ) SI_UNIT ( $, .RADIAN. ) );
#5731 = ORIENTED_EDGE ( 'NONE', *, *, #1727, .F. ) ;
#5732 = UNCERTAINTY_MEASURE_WITH_UNIT (LENGTH_MEASURE( 1.000000000000000082E-05 ), #6329, 'distance_accuracy_value', 'NONE');
#5733 = FILL_AREA_STYLE ('',( #2502 ) ) ;
#5734 = EDGE_CURVE ( 'NONE', #6035, #6117, #1075, .T. ) ;
#5735 = ORIENTED_EDGE ( 'NONE', *, *, #2629, .T. ) ;
#5736 = CARTESIAN_POINT ( 'NONE',  ( 0.8000000000000001554, 0.002426406871193020377, 0.3699999999999999956 ) ) ;
#5737 = FILL_AREA_STYLE_COLOUR ( '', #2110 ) ;
#5738 = CARTESIAN_POINT ( 'NONE',  ( 0.1239546528059941727, 0.003000000000000000062, -0.05204809658087075630 ) ) ;
#5739 = DIRECTION ( 'NONE',  ( 0.000000000000000000, -0.000000000000000000, 1.000000000000000000 ) ) ;
#5740 = ORIENTED_EDGE ( 'NONE', *, *, #200, .F. ) ;
#5742 = ORIENTED_EDGE ( 'NONE', *, *, #6731, .F. ) ;
#5741 = PLANE ( 'NONE',  #6869 ) ;
#5743 = LINE ( 'NONE', #4600, #5486 ) ;
#5744 = PRESENTATION_STYLE_ASSIGNMENT (( #6824 ) ) ;
#5745 = ORIENTED_EDGE ( 'NONE', *, *, #1174, .F. ) ;
#5746 = UNCERTAINTY_MEASURE_WITH_UNIT (LENGTH_MEASURE( 1.000000000000000082E-05 ), #4574, 'distance_accuracy_value', 'NONE');
#5747 = MECHANICAL_DESIGN_GEOMETRIC_PRESENTATION_REPRESENTATION (  '', ( #2741 ), #829 ) ;
#5748 = PRODUCT ( 'CC0603KRX7R7BB104', 'CC0603KRX7R7BB104', '', ( #1074 ) ) ;
#5749 = FILL_AREA_STYLE_COLOUR ( '', #1739 ) ;
#5750 = CARTESIAN_POINT ( 'NONE',  ( 0.2803476042950979186, 0.003000000000000000062, -0.1135792546526552677 ) ) ;
#5751 = DIRECTION ( 'NONE',  ( 0.000000000000000000, 0.000000000000000000, -1.000000000000000000 ) ) ;
#5752 = DIRECTION ( 'NONE',  ( 1.000000000000000000, 0.000000000000000000, 0.000000000000000000 ) ) ;
#5753 = CARTESIAN_POINT ( 'NONE',  ( -0.7875735931288073699, -0.009999999999999949901, -0.3700000000000001621 ) ) ;
#5754 = CARTESIAN_POINT ( 'NONE',  ( 0.1901006645942824591, 4.235164736271501695E-19, -0.08434848434810168771 ) ) ;
#5755 = UNCERTAINTY_MEASURE_WITH_UNIT (LENGTH_MEASURE( 1.000000000000000082E-05 ), #5865, 'distance_accuracy_value', 'NONE');
#5756 = AXIS2_PLACEMENT_3D ( 'NONE', #2523, #6198, #5593 ) ;
#5757 = SURFACE_STYLE_FILL_AREA ( #1981 ) ;
#5758 = LINE ( 'NONE', #4233, #5098 ) ;
#5759 = DIRECTION ( 'NONE',  ( -0.000000000000000000, -1.000000000000000000, -0.000000000000000000 ) ) ;
#5760 =( NAMED_UNIT ( * ) SI_UNIT ( $, .STERADIAN. ) SOLID_ANGLE_UNIT ( ) );
#5761 = MECHANICAL_DESIGN_GEOMETRIC_PRESENTATION_REPRESENTATION (  '', ( #497 ), #5434 ) ;
#5762 = LINE ( 'NONE', #6904, #4492 ) ;
#5763 = MECHANICAL_DESIGN_GEOMETRIC_PRESENTATION_REPRESENTATION (  '', ( #5438 ), #2758 ) ;
#5764 = VERTEX_POINT ( 'NONE', #5690 ) ;
#5765 = CARTESIAN_POINT ( 'NONE',  ( 0.000000000000000000, 0.000000000000000000, 0.000000000000000000 ) ) ;
#5766 = ORIENTED_EDGE ( 'NONE', *, *, #4402, .F. ) ;
#5767 =( GEOMETRIC_REPRESENTATION_CONTEXT ( 3 ) GLOBAL_UNCERTAINTY_ASSIGNED_CONTEXT ( ( #1910 ) ) GLOBAL_UNIT_ASSIGNED_CONTEXT ( ( #5285, #1551, #5760 ) ) REPRESENTATION_CONTEXT ( 'NONE', 'WORKASPACE' ) );
#5768 = PRESENTATION_LAYER_ASSIGNMENT (  '', '', ( #1624 ) ) ;
#5769 = VECTOR ( 'NONE', #6350, 1000.000000000000000 ) ;
#5770 = VECTOR ( 'NONE', #5854, 1000.000000000000000 ) ;
#5771 = ORIENTED_EDGE ( 'NONE', *, *, #1879, .T. ) ;
#5772 = CARTESIAN_POINT ( 'NONE',  ( 0.8000000000000002665, 0.02000000000000011144, 0.3699999999999999956 ) ) ;
#5773 = FACE_OUTER_BOUND ( 'NONE', #1100, .T. ) ;
#5774 = CARTESIAN_POINT ( 'NONE',  ( 0.5120076289780736145, 0.000000000000000000, -0.1198996506375018395 ) ) ;
#5775 = ORIENTED_EDGE ( 'NONE', *, *, #1606, .T. ) ;
#5776 = COLOUR_RGB ( '',0.8941176470588234615, 0.4039215686274509887, 0.2431372549019607809 ) ;
#5778 = VERTEX_POINT ( 'NONE', #1331 ) ;
#5777 = CARTESIAN_POINT ( 'NONE',  ( 0.5078314603514237913, 0.000000000000000000, -0.09401032424267029286 ) ) ;
#5779 = DIRECTION ( 'NONE',  ( 1.000000000000000000, 0.000000000000000000, 0.000000000000000000 ) ) ;
#5780 = PRESENTATION_LAYER_ASSIGNMENT (  '', '', ( #2557 ) ) ;
#5781 = CARTESIAN_POINT ( 'NONE',  ( 0.5078314603514237913, 0.003000000000000000062, -0.09401032424267029286 ) ) ;
#5782 =( GEOMETRIC_REPRESENTATION_CONTEXT ( 3 ) GLOBAL_UNCERTAINTY_ASSIGNED_CONTEXT ( ( #6229 ) ) GLOBAL_UNIT_ASSIGNED_CONTEXT ( ( #5949, #2619, #4748 ) ) REPRESENTATION_CONTEXT ( 'NONE', 'WORKASPACE' ) );
#5783 = CIRCLE ( 'NONE', #1632, 0.05276469991732458259 ) ;
#5784 =( NAMED_UNIT ( * ) PLANE_ANGLE_UNIT ( ) SI_UNIT ( $, .RADIAN. ) );
#5785 = VECTOR ( 'NONE', #6013, 1000.000000000000000 ) ;
#5786 = DIRECTION ( 'NONE',  ( 0.000000000000000000, 0.000000000000000000, -1.000000000000000000 ) ) ;
#5787 = AXIS2_PLACEMENT_3D ( 'NONE', #5413, #595, #1500 ) ;
#5788 = CARTESIAN_POINT ( 'NONE',  ( 0.5199317392800119064, 0.003000000000000000062, -0.03651898385210693848 ) ) ;
#5789 = SURFACE_SIDE_STYLE ('',( #6411 ) ) ;
#5790 = DIRECTION ( 'NONE',  ( -0.000000000000000000, -1.000000000000000000, -0.000000000000000000 ) ) ;
#5791 = MECHANICAL_DESIGN_GEOMETRIC_PRESENTATION_REPRESENTATION (  '', ( #1878 ), #6901 ) ;
#5792 = CARTESIAN_POINT ( 'NONE',  ( 0.5229205373994898487, 0.000000000000000000, -0.1070613408442326470 ) ) ;
#5793 = EDGE_CURVE ( 'NONE', #6626, #4187, #6800, .T. ) ;
#5794 = ORIENTED_EDGE ( 'NONE', *, *, #3725, .T. ) ;
#5795 = SURFACE_SIDE_STYLE ('',( #28 ) ) ;
#5796 = AXIS2_PLACEMENT_3D ( 'NONE', #1831, #5245, #4149 ) ;
#5797 = ADVANCED_FACE ( 'NONE', ( #5084 ), #287, .F. ) ;
#5798 = ADVANCED_FACE ( 'NONE', ( #3107 ), #921, .F. ) ;
#5799 = EDGE_LOOP ( 'NONE', ( #5639, #108, #6670, #634 ) ) ;
#5800 = SURFACE_SIDE_STYLE ('',( #3315 ) ) ;
#5801 = ORIENTED_EDGE ( 'NONE', *, *, #5451, .F. ) ;
#5802 = DIRECTION ( 'NONE',  ( 0.000000000000000000, 0.000000000000000000, 1.000000000000000000 ) ) ;
#5803 = ORIENTED_EDGE ( 'NONE', *, *, #1195, .F. ) ;
#5804 = STYLED_ITEM ( 'NONE', ( #319 ), #6858 ) ;
#5805 = FILL_AREA_STYLE ('',( #6284 ) ) ;
#5806 =( LENGTH_UNIT ( ) NAMED_UNIT ( * ) SI_UNIT ( .MILLI., .METRE. ) );
#5807 = LINE ( 'NONE', #5738, #957 ) ;
#5808 =( NAMED_UNIT ( * ) SI_UNIT ( $, .STERADIAN. ) SOLID_ANGLE_UNIT ( ) );
#5809 = ORIENTED_EDGE ( 'NONE', *, *, #1917, .F. ) ;
#5810 = COLOUR_RGB ( '',0.8941176470588234615, 0.4039215686274509887, 0.2431372549019607809 ) ;
#5811 = ORIENTED_EDGE ( 'NONE', *, *, #6850, .T. ) ;
#5812 = ORIENTED_EDGE ( 'NONE', *, *, #1505, .F. ) ;
#5813 = UNCERTAINTY_MEASURE_WITH_UNIT (LENGTH_MEASURE( 1.000000000000000082E-05 ), #2585, 'distance_accuracy_value', 'NONE');
#5814 = VECTOR ( 'NONE', #4257, 1000.000000000000000 ) ;
#5815 =( LENGTH_UNIT ( ) NAMED_UNIT ( * ) SI_UNIT ( .MILLI., .METRE. ) );
#5816 = CARTESIAN_POINT ( 'NONE',  ( 0.5257201370498062465, 0.003000000000000000062, -0.1053522860724485088 ) ) ;
#5817 = SURFACE_STYLE_USAGE ( .BOTH. , #4261 ) ;
#5818 = SURFACE_SIDE_STYLE ('',( #3065 ) ) ;
#5819 = CARTESIAN_POINT ( 'NONE',  ( 0.5139164806504733507, 0.003000000000000000062, -0.05002033037692237699 ) ) ;
#5820 = VERTEX_POINT ( 'NONE', #3205 ) ;
#5821 = CARTESIAN_POINT ( 'NONE',  ( 0.5209455743335885680, 0.000000000000000000, -0.05803963744639718814 ) ) ;
#5822 = DIRECTION ( 'NONE',  ( -1.000000000000000000, -0.000000000000000000, 0.000000000000000000 ) ) ;
#5823 = FILL_AREA_STYLE_COLOUR ( '', #4470 ) ;
#5824 = EDGE_CURVE ( 'NONE', #6015, #6062, #2192, .T. ) ;
#5825 = PRESENTATION_STYLE_ASSIGNMENT (( #1041 ) ) ;
#5826 = LINE ( 'NONE', #1087, #1513 ) ;
#5827 = FILL_AREA_STYLE ('',( #56 ) ) ;
#5828 = CARTESIAN_POINT ( 'NONE',  ( -0.4000000000000001332, -0.009999999999999918676, -0.4000000000000000777 ) ) ;
#5829 = EDGE_CURVE ( 'NONE', #4610, #2637, #3144, .T. ) ;
#5830 = ORIENTED_EDGE ( 'NONE', *, *, #2634, .F. ) ;
#5831 = DIRECTION ( 'NONE',  ( -0.000000000000000000, -1.000000000000000000, -0.000000000000000000 ) ) ;
#5832 = CARTESIAN_POINT ( 'NONE',  ( 0.1511387349348353171, 0.003000000000000000062, -0.1348280044436376557 ) ) ;
#5833 = VERTEX_POINT ( 'NONE', #4326 ) ;
#5834 = DIRECTION ( 'NONE',  ( 0.000000000000000000, 0.000000000000000000, 1.000000000000000000 ) ) ;
#5835 = EDGE_LOOP ( 'NONE', ( #2915, #914 ) ) ;
#5836 = SURFACE_STYLE_FILL_AREA ( #1101 ) ;
#5837 =( NAMED_UNIT ( * ) SI_UNIT ( $, .STERADIAN. ) SOLID_ANGLE_UNIT ( ) );
#5838 = ORIENTED_EDGE ( 'NONE', *, *, #1933, .T. ) ;
#5840 = ORIENTED_EDGE ( 'NONE', *, *, #2551, .T. ) ;
#5839 = CARTESIAN_POINT ( 'NONE',  ( 0.1373980087961464147, 0.003000000000000000062, -0.1006350299428620948 ) ) ;
#5841 =( LENGTH_UNIT ( ) NAMED_UNIT ( * ) SI_UNIT ( .MILLI., .METRE. ) );
#5842 = MECHANICAL_DESIGN_GEOMETRIC_PRESENTATION_REPRESENTATION (  '', ( #1485 ), #4852 ) ;
#5843 = EDGE_CURVE ( 'NONE', #1764, #1135, #6409, .T. ) ;
#5844 = CARTESIAN_POINT ( 'NONE',  ( 0.1469232180088918538, 0.003000000000000000062, -0.06791197847948228505 ) ) ;
#5845 = SURFACE_STYLE_FILL_AREA ( #43 ) ;
#5846 = DIRECTION ( 'NONE',  ( -0.000000000000000000, -1.000000000000000000, -0.000000000000000000 ) ) ;
#5847 = AXIS2_PLACEMENT_3D ( 'NONE', #4929, #4407, #6525 ) ;
#5848 = DIRECTION ( 'NONE',  ( 0.000000000000000000, 0.000000000000000000, 1.000000000000000000 ) ) ;
#5849 = DIRECTION ( 'NONE',  ( 0.000000000000000000, -1.000000000000000000, 0.000000000000000000 ) ) ;
#5850 = ORIENTED_EDGE ( 'NONE', *, *, #4155, .F. ) ;
#5851 = CARTESIAN_POINT ( 'NONE',  ( 0.08159078854458594321, 0.003000000000000000062, -0.1348280044436376557 ) ) ;
#5852 = MECHANICAL_DESIGN_GEOMETRIC_PRESENTATION_REPRESENTATION (  '', ( #6057 ), #3733 ) ;
#5853 = SURFACE_SIDE_STYLE ('',( #5247 ) ) ;
#5854 = DIRECTION ( 'NONE',  ( 0.000000000000000000, 0.000000000000000000, -1.000000000000000000 ) ) ;
#5855 = CARTESIAN_POINT ( 'NONE',  ( 0.1931536475512111162, 0.003000000000000000062, -0.02822637805886715756 ) ) ;
#5856 = PLANE ( 'NONE',  #5362 ) ;
#5857 = PRODUCT_DEFINITION_SHAPE ( 'NONE', 'NONE',  #6910 ) ;
#5858 = DIRECTION ( 'NONE',  ( 0.000000000000000000, 0.000000000000000000, -1.000000000000000000 ) ) ;
#5859 = EDGE_LOOP ( 'NONE', ( #2140, #3607, #5662, #1105 ) ) ;
#5860 = EDGE_CURVE ( 'NONE', #4933, #4468, #3342, .T. ) ;
#5861 = CARTESIAN_POINT ( 'NONE',  ( 0.5078988403312109101, 0.003000000000000000062, -0.1070613408442326470 ) ) ;
#5862 = EDGE_LOOP ( 'NONE', ( #4724, #4256, #5105, #6877 ) ) ;
#5863 = MECHANICAL_DESIGN_GEOMETRIC_PRESENTATION_REPRESENTATION (  '', ( #6300 ), #712 ) ;
#5864 = CARTESIAN_POINT ( 'NONE',  ( -0.7700000000000001288, 0.02000000000000005246, -0.3700000000000001066 ) ) ;
#5865 =( LENGTH_UNIT ( ) NAMED_UNIT ( * ) SI_UNIT ( .MILLI., .METRE. ) );
#5866 = STYLED_ITEM ( 'NONE', ( #4645 ), #531 ) ;
#5867 = LINE ( 'NONE', #1490, #4117 ) ;
#5868 = VERTEX_POINT ( 'NONE', #976 ) ;
#5869 = VECTOR ( 'NONE', #1038, 1000.000000000000000 ) ;
#5870 = UNCERTAINTY_MEASURE_WITH_UNIT (LENGTH_MEASURE( 1.000000000000000082E-05 ), #2380, 'distance_accuracy_value', 'NONE');
#5871 = VERTEX_POINT ( 'NONE', #1647 ) ;
#5872 = VECTOR ( 'NONE', #312, 1000.000000000000000 ) ;
#5873 = DIRECTION ( 'NONE',  ( 1.000000000000000000, 0.000000000000000000, 0.000000000000000000 ) ) ;
#5874 = SURFACE_STYLE_USAGE ( .BOTH. , #38 ) ;
#5875 = DIRECTION ( 'NONE',  ( 0.000000000000000000, 1.000000000000000000, 0.000000000000000000 ) ) ;
#5876 = ORIENTED_EDGE ( 'NONE', *, *, #228, .T. ) ;
#5877 = AXIS2_PLACEMENT_3D ( 'NONE', #2407, #4539, #6665 ) ;
#5878 = EDGE_CURVE ( 'NONE', #6614, #449, #4176, .T. ) ;
#5879 = AXIS2_PLACEMENT_3D ( 'NONE', #2439, #1905, #213 ) ;
#5880 = VECTOR ( 'NONE', #2453, 1000.000000000000000 ) ;
#5881 =( GEOMETRIC_REPRESENTATION_CONTEXT ( 3 ) GLOBAL_UNCERTAINTY_ASSIGNED_CONTEXT ( ( #6802 ) ) GLOBAL_UNIT_ASSIGNED_CONTEXT ( ( #3155, #2169, #6393 ) ) REPRESENTATION_CONTEXT ( 'NONE', 'WORKASPACE' ) );
#5882 = VECTOR ( 'NONE', #5917, 1000.000000000000000 ) ;
#5883 = STYLED_ITEM ( 'NONE', ( #443 ), #4158 ) ;
#5884 = EDGE_CURVE ( 'NONE', #4831, #780, #4346, .T. ) ;
#5885 = VECTOR ( 'NONE', #3231, 1000.000000000000000 ) ;
#5886 = CYLINDRICAL_SURFACE ( 'NONE', #3102, 0.007387994315882019485 ) ;
#5887 = CARTESIAN_POINT ( 'NONE',  ( 0.3250174859200531396, 0.003000000000000000062, -0.1135792546526552677 ) ) ;
#5888 = CARTESIAN_POINT ( 'NONE',  ( 0.5250253739081551796, 0.000000000000000000, -0.04055842633696740002 ) ) ;
#5889 = EDGE_LOOP ( 'NONE', ( #808, #3967, #5838, #1165 ) ) ;
#5890 = SURFACE_STYLE_FILL_AREA ( #360 ) ;
#5891 = VECTOR ( 'NONE', #3383, 1000.000000000000000 ) ;
#5892 = ORIENTED_EDGE ( 'NONE', *, *, #2389, .T. ) ;
#5893 = CARTESIAN_POINT ( 'NONE',  ( 0.000000000000000000, 0.7600000000000001199, -0.4000000000000000777 ) ) ;
#5894 = AXIS2_PLACEMENT_3D ( 'NONE', #3582, #1532, #2506 ) ;
#5895 =( GEOMETRIC_REPRESENTATION_CONTEXT ( 3 ) GLOBAL_UNCERTAINTY_ASSIGNED_CONTEXT ( ( #2532 ) ) GLOBAL_UNIT_ASSIGNED_CONTEXT ( ( #6223, #5711, #3057 ) ) REPRESENTATION_CONTEXT ( 'NONE', 'WORKASPACE' ) );
#5896 = AXIS2_PLACEMENT_3D ( 'NONE', #6720, #4741, #2584 ) ;
#5897 = LINE ( 'NONE', #3286, #2666 ) ;
#5898 = FILL_AREA_STYLE_COLOUR ( '', #4229 ) ;
#5899 = SURFACE_STYLE_USAGE ( .BOTH. , #3765 ) ;
#5900 = VECTOR ( 'NONE', #3023, 1000.000000000000000 ) ;
#5901 =( NAMED_UNIT ( * ) PLANE_ANGLE_UNIT ( ) SI_UNIT ( $, .RADIAN. ) );
#5902 = ADVANCED_FACE ( 'NONE', ( #6447 ), #4294, .T. ) ;
#5903 = VECTOR ( 'NONE', #4838, 1000.000000000000000 ) ;
#5904 = ORIENTED_EDGE ( 'NONE', *, *, #4443, .F. ) ;
#5905 = SURFACE_SIDE_STYLE ('',( #63 ) ) ;
#5906 =( NAMED_UNIT ( * ) PLANE_ANGLE_UNIT ( ) SI_UNIT ( $, .RADIAN. ) );
#5907 = VERTEX_POINT ( 'NONE', #1678 ) ;
#5908 = STYLED_ITEM ( 'NONE', ( #5289 ), #6474 ) ;
#5909 =( GEOMETRIC_REPRESENTATION_CONTEXT ( 3 ) GLOBAL_UNCERTAINTY_ASSIGNED_CONTEXT ( ( #6859 ) ) GLOBAL_UNIT_ASSIGNED_CONTEXT ( ( #3663, #1008, #3179 ) ) REPRESENTATION_CONTEXT ( 'NONE', 'WORKASPACE' ) );
#5910 = VERTEX_POINT ( 'NONE', #633 ) ;
#5911 = DIRECTION ( 'NONE',  ( 1.000000000000000000, 0.000000000000000000, 0.000000000000000000 ) ) ;
#5912 = DIRECTION ( 'NONE',  ( 0.000000000000000000, -0.000000000000000000, 1.000000000000000000 ) ) ;
#5913 = CARTESIAN_POINT ( 'NONE',  ( 0.2400543990747725231, 0.003000000000000000062, -0.05107781836179189905 ) ) ;
#5914 = ORIENTED_EDGE ( 'NONE', *, *, #886, .T. ) ;
#5915 = LINE ( 'NONE', #4905, #3629 ) ;
#5916 =( NAMED_UNIT ( * ) PLANE_ANGLE_UNIT ( ) SI_UNIT ( $, .RADIAN. ) );
#5917 = DIRECTION ( 'NONE',  ( -0.000000000000000000, -1.000000000000000000, -0.000000000000000000 ) ) ;
#5918 = FILL_AREA_STYLE ('',( #3791 ) ) ;
#5919 = VERTEX_POINT ( 'NONE', #1143 ) ;
#5920 = FILL_AREA_STYLE ('',( #3404 ) ) ;
#5921 = EDGE_LOOP ( 'NONE', ( #670, #209, #5803, #3846 ) ) ;
#5922 = VECTOR ( 'NONE', #4059, 1000.000000000000000 ) ;
#5923 = SURFACE_STYLE_USAGE ( .BOTH. , #6017 ) ;
#5924 = EDGE_CURVE ( 'NONE', #1623, #4049, #5368, .T. ) ;
#5925 = CLOSED_SHELL ( 'NONE', ( #1833, #6313, #585, #1531, #6299, #5587, #422, #4916, #3248, #4928, #5163, #2028 ) ) ;
#5926 = FILL_AREA_STYLE ('',( #4232 ) ) ;
#5927 = CARTESIAN_POINT ( 'NONE',  ( 0.5209455743335885680, 0.003000000000000000062, -0.05803963744639718814 ) ) ;
#5928 = SURFACE_STYLE_USAGE ( .BOTH. , #2698 ) ;
#5929 = PRESENTATION_STYLE_ASSIGNMENT (( #3798 ) ) ;
#5930 = DIRECTION ( 'NONE',  ( -0.000000000000000000, -1.000000000000000000, -0.000000000000000000 ) ) ;
#5931 = LINE ( 'NONE', #3734, #4238 ) ;
#5932 = ORIENTED_EDGE ( 'NONE', *, *, #5466, .T. ) ;
#5933 = EDGE_CURVE ( 'NONE', #5778, #6421, #3444, .T. ) ;
#5934 = CARTESIAN_POINT ( 'NONE',  ( 0.5229205373994898487, 0.000000000000000000, -0.09919797363134306989 ) ) ;
#5935 = CARTESIAN_POINT ( 'NONE',  ( 0.5250253739081551796, 0.003000000000000000062, -0.04688998638497178517 ) ) ;
#5936 = CARTESIAN_POINT ( 'NONE',  ( 0.2988614020076892919, 0.000000000000000000, -0.1348280044436376557 ) ) ;
#5937 = DIRECTION ( 'NONE',  ( -0.3525821047750795079, -0.000000000000000000, 0.9357808821472978211 ) ) ;
#5938 = EDGE_LOOP ( 'NONE', ( #5801, #3434, #4736 ) ) ;
#5939 = DIRECTION ( 'NONE',  ( 1.000000000000000000, 0.000000000000000000, -0.000000000000000000 ) ) ;
#5940 = DIRECTION ( 'NONE',  ( 0.000000000000000000, 0.000000000000000000, 1.000000000000000000 ) ) ;
#5941 = EDGE_LOOP ( 'NONE', ( #3418, #3682, #3612, #4093 ) ) ;
#5942 = FILL_AREA_STYLE ('',( #5437 ) ) ;
#5943 = CARTESIAN_POINT ( 'NONE',  ( 0.1901006645942824591, 0.003000000000000000062, -0.08434848434810168771 ) ) ;
#5944 = CARTESIAN_POINT ( 'NONE',  ( 0.5130220236968332514, 0.000000000000000000, -0.06437565386924887223 ) ) ;
#5945 = EDGE_LOOP ( 'NONE', ( #5396, #4677, #5723, #912 ) ) ;
#5946 = PRESENTATION_STYLE_ASSIGNMENT (( #48 ) ) ;
#5947 = FILL_AREA_STYLE ('',( #21 ) ) ;
#5948 = CARTESIAN_POINT ( 'NONE',  ( 0.5197454285148489506, 0.003000000000000000062, -0.06812345752773144025 ) ) ;
#5949 =( LENGTH_UNIT ( ) NAMED_UNIT ( * ) SI_UNIT ( .MILLI., .METRE. ) );
#5950 = DIRECTION ( 'NONE',  ( 0.000000000000000000, 0.000000000000000000, 1.000000000000000000 ) ) ;
#5951 = EDGE_CURVE ( 'NONE', #3350, #74, #724, .T. ) ;
#5952 = CARTESIAN_POINT ( 'NONE',  ( 0.2988614020076892919, 0.003000000000000000062, -0.1348280044436376557 ) ) ;
#5953 = CARTESIAN_POINT ( 'NONE',  ( 0.4000000000000000777, 0.02999999999999997113, 0.3900000000000000133 ) ) ;
#5954 = ORIENTED_EDGE ( 'NONE', *, *, #5964, .T. ) ;
#5955 = DIRECTION ( 'NONE',  ( -1.355252715606880789E-16, 1.000000000000000000, -0.000000000000000000 ) ) ;
#5956 = CARTESIAN_POINT ( 'NONE',  ( 0.8000000000000001554, 0.02000000000000005246, 0.3875735931288070701 ) ) ;
#5957 = FILL_AREA_STYLE_COLOUR ( '', #622 ) ;
#5958 = DIRECTION ( 'NONE',  ( 1.000000000000000000, -0.000000000000000000, -0.000000000000000000 ) ) ;
#5959 = SURFACE_STYLE_FILL_AREA ( #2355 ) ;
#5960 = LINE ( 'NONE', #4385, #3832 ) ;
#5961 = VECTOR ( 'NONE', #4432, 1000.000000000000000 ) ;
#5962 = VERTEX_POINT ( 'NONE', #3916 ) ;
#5963 = CARTESIAN_POINT ( 'NONE',  ( -0.7900000000000000355, 0.02999999999999997113, 0.3899999999999999578 ) ) ;
#5964 = EDGE_CURVE ( 'NONE', #3359, #4137, #2623, .T. ) ;
#5965 = DIRECTION ( 'NONE',  ( 0.000000000000000000, 0.000000000000000000, 1.000000000000000000 ) ) ;
#5966 = VERTEX_POINT ( 'NONE', #5506 ) ;
#5967 = VECTOR ( 'NONE', #4710, 1000.000000000000000 ) ;
#5968 = VECTOR ( 'NONE', #2615, 1000.000000000000000 ) ;
#5969 =( GEOMETRIC_REPRESENTATION_CONTEXT ( 3 ) GLOBAL_UNCERTAINTY_ASSIGNED_CONTEXT ( ( #6372 ) ) GLOBAL_UNIT_ASSIGNED_CONTEXT ( ( #6243, #5283, #2620 ) ) REPRESENTATION_CONTEXT ( 'NONE', 'WORKASPACE' ) );
#5970 = EDGE_CURVE ( 'NONE', #922, #5416, #4420, .T. ) ;
#5971 = DIRECTION ( 'NONE',  ( 1.000000000000000000, 0.000000000000000000, 0.000000000000000000 ) ) ;
#5972 =( NAMED_UNIT ( * ) PLANE_ANGLE_UNIT ( ) SI_UNIT ( $, .RADIAN. ) );
#5973 = CARTESIAN_POINT ( 'NONE',  ( 0.03995848295781381787, 0.003000000000000000062, -0.06479096632406079748 ) ) ;
#5974 = ORIENTED_EDGE ( 'NONE', *, *, #6406, .T. ) ;
#5975 = ORIENTED_EDGE ( 'NONE', *, *, #408, .T. ) ;
#5976 = FILL_AREA_STYLE ('',( #2371 ) ) ;
#5977 = PRESENTATION_LAYER_ASSIGNMENT (  '', '', ( #1966 ) ) ;
#5978 = MECHANICAL_DESIGN_GEOMETRIC_PRESENTATION_REPRESENTATION (  '', ( #513 ), #6542 ) ;
#5979 = CARTESIAN_POINT ( 'NONE',  ( 0.4000000000000000777, 0.02999999999999997113, 0.3599999999999999867 ) ) ;
#5980 = PRESENTATION_LAYER_ASSIGNMENT (  '', '', ( #5103 ) ) ;
#5981 = CIRCLE ( 'NONE', #6200, 0.03031200129420755576 ) ;
#5982 = COLOUR_RGB ( '',0.8941176470588234615, 0.4039215686274509887, 0.2431372549019607809 ) ;
#5983 = VECTOR ( 'NONE', #6154, 1000.000000000000000 ) ;
#5984 = CARTESIAN_POINT ( 'NONE',  ( 0.5291540010148010342, 0.003000000000000000062, -0.05105430400072100139 ) ) ;
#5985 = PRESENTATION_LAYER_ASSIGNMENT (  '', '', ( #2775 ) ) ;
#5986 = VECTOR ( 'NONE', #4640, 1000.000000000000000 ) ;
#5987 = DIRECTION ( 'NONE',  ( 1.000000000000000000, 0.000000000000000000, 0.000000000000000000 ) ) ;
#5988 = EDGE_CURVE ( 'NONE', #6027, #3705, #4910, .T. ) ;
#5989 = ORIENTED_EDGE ( 'NONE', *, *, #1911, .F. ) ;
#5990 = CARTESIAN_POINT ( 'NONE',  ( 0.3795462710254895455, 0.000000000000000000, -0.02822637805886715756 ) ) ;
#5991 = CARTESIAN_POINT ( 'NONE',  ( 0.2420085203291615639, 0.003000000000000000062, -0.02822637805886715756 ) ) ;
#5992 = AXIS2_PLACEMENT_3D ( 'NONE', #1319, #5186, #6785 ) ;
#5993 =( NAMED_UNIT ( * ) SI_UNIT ( $, .STERADIAN. ) SOLID_ANGLE_UNIT ( ) );
#5994 = ADVANCED_FACE ( 'NONE', ( #2231 ), #6040, .F. ) ;
#5995 =( LENGTH_UNIT ( ) NAMED_UNIT ( * ) SI_UNIT ( .MILLI., .METRE. ) );
#5996 =( GEOMETRIC_REPRESENTATION_CONTEXT ( 3 ) GLOBAL_UNCERTAINTY_ASSIGNED_CONTEXT ( ( #6705 ) ) GLOBAL_UNIT_ASSIGNED_CONTEXT ( ( #6738, #1313, #3574 ) ) REPRESENTATION_CONTEXT ( 'NONE', 'WORKASPACE' ) );
#5997 = UNCERTAINTY_MEASURE_WITH_UNIT (LENGTH_MEASURE( 1.000000000000000082E-05 ), #506, 'distance_accuracy_value', 'NONE');
#5998 =( NAMED_UNIT ( * ) PLANE_ANGLE_UNIT ( ) SI_UNIT ( $, .RADIAN. ) );
#5999 = EDGE_CURVE ( 'NONE', #4395, #3190, #6668, .T. ) ;
#6000 = UNCERTAINTY_MEASURE_WITH_UNIT (LENGTH_MEASURE( 1.000000000000000082E-05 ), #4166, 'distance_accuracy_value', 'NONE');
#6001 = ORIENTED_EDGE ( 'NONE', *, *, #5327, .T. ) ;
#6002 = CARTESIAN_POINT ( 'NONE',  ( 0.5200271813265667786, 0.003000000000000000062, -0.06515718325081611140 ) ) ;
#6003 = AXIS2_PLACEMENT_3D ( 'NONE', #4311, #2213, #583 ) ;
#6004 = DIRECTION ( 'NONE',  ( 0.000000000000000000, 0.000000000000000000, -1.000000000000000000 ) ) ;
#6005 =( NAMED_UNIT ( * ) SI_UNIT ( $, .STERADIAN. ) SOLID_ANGLE_UNIT ( ) );
#6006 = ORIENTED_EDGE ( 'NONE', *, *, #5999, .F. ) ;
#6007 = LINE ( 'NONE', #4518, #3573 ) ;
#6008 = COLOUR_RGB ( '',0.8941176470588234615, 0.4039215686274509887, 0.2431372549019607809 ) ;
#6009 = CIRCLE ( 'NONE', #869, 0.007387994315882019485 ) ;
#6010 = CARTESIAN_POINT ( 'NONE',  ( 0.2420085203291615639, 0.003000000000000000062, -0.1348280044436376557 ) ) ;
#6011 = EDGE_CURVE ( 'NONE', #240, #5123, #4969, .T. ) ;
#6012 = CARTESIAN_POINT ( 'NONE',  ( 0.5170852029101958847, 0.003000000000000000062, -0.06287549031968749091 ) ) ;
#6013 = DIRECTION ( 'NONE',  ( -0.000000000000000000, -0.000000000000000000, -1.000000000000000000 ) ) ;
#6014 = ORIENTED_EDGE ( 'NONE', *, *, #5525, .T. ) ;
#6015 = VERTEX_POINT ( 'NONE', #5973 ) ;
#6016 = LINE ( 'NONE', #3992, #3030 ) ;
#6017 = SURFACE_SIDE_STYLE ('',( #1654 ) ) ;
#6018 = LINE ( 'NONE', #4398, #1842 ) ;
#6019 = PRESENTATION_LAYER_ASSIGNMENT (  '', '', ( #4 ) ) ;
#6020 = FILL_AREA_STYLE ('',( #1296 ) ) ;
#6021 =( NAMED_UNIT ( * ) PLANE_ANGLE_UNIT ( ) SI_UNIT ( $, .RADIAN. ) );
#6022 = PLANE ( 'NONE',  #4373 ) ;
#6023 = EDGE_CURVE ( 'NONE', #6479, #1248, #3944, .T. ) ;
#6024 = LINE ( 'NONE', #1229, #1732 ) ;
#6025 =( GEOMETRIC_REPRESENTATION_CONTEXT ( 3 ) GLOBAL_UNCERTAINTY_ASSIGNED_CONTEXT ( ( #5870 ) ) GLOBAL_UNIT_ASSIGNED_CONTEXT ( ( #2380, #1413, #5563 ) ) REPRESENTATION_CONTEXT ( 'NONE', 'WORKASPACE' ) );
#6026 = EDGE_CURVE ( 'NONE', #3165, #5778, #4556, .T. ) ;
#6027 = VERTEX_POINT ( 'NONE', #665 ) ;
#6028 = DIRECTION ( 'NONE',  ( 1.000000000000000000, -0.000000000000000000, 0.000000000000000000 ) ) ;
#6029 = CARTESIAN_POINT ( 'NONE',  ( -0.7875735931288073699, 0.7899999999999999245, 0.3875735931288070146 ) ) ;
#6030 = DIRECTION ( 'NONE',  ( 0.000000000000000000, -0.000000000000000000, -1.000000000000000000 ) ) ;
#6031 = ORIENTED_EDGE ( 'NONE', *, *, #205, .T. ) ;
#6032 = CARTESIAN_POINT ( 'NONE',  ( 0.5193766929004806077, 0.000000000000000000, -0.1036065314466263487 ) ) ;
#6033 = FILL_AREA_STYLE_COLOUR ( '', #1740 ) ;
#6034 = ORIENTED_EDGE ( 'NONE', *, *, #711, .F. ) ;
#6035 = VERTEX_POINT ( 'NONE', #2824 ) ;
#6036 = SURFACE_SIDE_STYLE ('',( #3982 ) ) ;
#6037 = DIRECTION ( 'NONE',  ( -0.000000000000000000, -1.000000000000000000, -0.000000000000000000 ) ) ;
#6038 =( LENGTH_UNIT ( ) NAMED_UNIT ( * ) SI_UNIT ( .MILLI., .METRE. ) );
#6039 = LINE ( 'NONE', #4595, #6219 ) ;
#6040 = PLANE ( 'NONE',  #1753 ) ;
#6041 = EDGE_LOOP ( 'NONE', ( #4202, #4879, #6744, #4989 ) ) ;
#6042 = SURFACE_STYLE_FILL_AREA ( #5920 ) ;
#6043 = ORIENTED_EDGE ( 'NONE', *, *, #5793, .T. ) ;
#6044 = CARTESIAN_POINT ( 'NONE',  ( 0.5078988403312109101, 0.003000000000000000062, -0.03902772777760919048 ) ) ;
#6045 = EDGE_CURVE ( 'NONE', #1200, #3912, #6536, .T. ) ;
#6046 = SURFACE_STYLE_USAGE ( .BOTH. , #5543 ) ;
#6047 = CARTESIAN_POINT ( 'NONE',  ( 0.2479383188500637603, 0.000000000000000000, -0.1135792546526552677 ) ) ;
#6048 = LINE ( 'NONE', #3314, #1179 ) ;
#6049 =( NAMED_UNIT ( * ) SI_UNIT ( $, .STERADIAN. ) SOLID_ANGLE_UNIT ( ) );
#6050 = PLANE ( 'NONE',  #1040 ) ;
#6051 = STYLED_ITEM ( 'NONE', ( #204 ), #846 ) ;
#6052 = FILL_AREA_STYLE_COLOUR ( '', #405 ) ;
#6053 = EDGE_LOOP ( 'NONE', ( #4295, #2295, #2540, #5093, #1553 ) ) ;
#6054 = CARTESIAN_POINT ( 'NONE',  ( 0.5188791900677894864, 0.000000000000000000, -0.09279341162517983077 ) ) ;
#6055 = FACE_OUTER_BOUND ( 'NONE', #3161, .T. ) ;
#6056 = FILL_AREA_STYLE ('',( #3146 ) ) ;
#6057 = STYLED_ITEM ( 'NONE', ( #1919 ), #1483 ) ;
#6058 = EDGE_CURVE ( 'NONE', #5919, #5416, #208, .T. ) ;
#6059 = VERTEX_POINT ( 'NONE', #6072 ) ;
#6060 = FACE_OUTER_BOUND ( 'NONE', #2939, .T. ) ;
#6061 = FILL_AREA_STYLE ('',( #714 ) ) ;
#6062 = VERTEX_POINT ( 'NONE', #1281 ) ;
#6063 = UNCERTAINTY_MEASURE_WITH_UNIT (LENGTH_MEASURE( 1.000000000000000082E-05 ), #4511, 'distance_accuracy_value', 'NONE');
#6064 = CARTESIAN_POINT ( 'NONE',  ( 0.03995848295781381787, 0.003000000000000000062, -0.02822637805886715756 ) ) ;
#6065 = LINE ( 'NONE', #6142, #4768 ) ;
#6066 = CARTESIAN_POINT ( 'NONE',  ( 0.4429153846565643260, 0.003000000000000000062, -0.1121323986879829565 ) ) ;
#6067 = DIRECTION ( 'NONE',  ( 0.000000000000000000, 0.000000000000000000, 1.000000000000000000 ) ) ;
#6068 = EDGE_CURVE ( 'NONE', #1880, #3078, #6559, .T. ) ;
#6069 = CIRCLE ( 'NONE', #2410, 0.003337256679768706418 ) ;
#6070 = SURFACE_SIDE_STYLE ('',( #2391 ) ) ;
#6071 = COLOUR_RGB ( '',0.8941176470588234615, 0.4039215686274509887, 0.2431372549019607809 ) ;
#6072 = CARTESIAN_POINT ( 'NONE',  ( -0.0006262868159067971896, 0.000000000000000000, -0.1348280044436376557 ) ) ;
#6073 = ORIENTED_EDGE ( 'NONE', *, *, #5316, .T. ) ;
#6074 = FILL_AREA_STYLE_COLOUR ( '', #4267 ) ;
#6075 = VERTEX_POINT ( 'NONE', #2292 ) ;
#6076 = EDGE_CURVE ( 'NONE', #6717, #2111, #3583, .T. ) ;
#6077 = AXIS2_PLACEMENT_3D ( 'NONE', #1748, #1117, #4878 ) ;
#6078 = VECTOR ( 'NONE', #2075, 1000.000000000000000 ) ;
#6079 = PLANE ( 'NONE',  #2776 ) ;
#6080 = SURFACE_STYLE_FILL_AREA ( #3410 ) ;
#6081 = PRESENTATION_LAYER_ASSIGNMENT (  '', '', ( #1620 ) ) ;
#6082 = DIRECTION ( 'NONE',  ( 0.000000000000000000, 0.000000000000000000, -1.000000000000000000 ) ) ;
#6083 =( LENGTH_UNIT ( ) NAMED_UNIT ( * ) SI_UNIT ( .MILLI., .METRE. ) );
#6084 = FACE_OUTER_BOUND ( 'NONE', #4617, .T. ) ;
#6085 = FILL_AREA_STYLE_COLOUR ( '', #1265 ) ;
#6086 = STYLED_ITEM ( 'NONE', ( #4007 ), #1653 ) ;
#6087 = ADVANCED_FACE ( 'NONE', ( #6711 ), #1321, .F. ) ;
#6088 = CARTESIAN_POINT ( 'NONE',  ( 0.5078988403312109101, 0.000000000000000000, -0.05416084963150000903 ) ) ;
#6089 = PRESENTATION_LAYER_ASSIGNMENT (  '', '', ( #1285 ) ) ;
#6090 = EDGE_CURVE ( 'NONE', #4118, #695, #817, .T. ) ;
#6091 = PRESENTATION_LAYER_ASSIGNMENT (  '', '', ( #4088 ) ) ;
#6092 = LINE ( 'NONE', #3961, #830 ) ;
#6093 = ORIENTED_EDGE ( 'NONE', *, *, #6058, .F. ) ;
#6094 = CARTESIAN_POINT ( 'NONE',  ( -0.8000000000000001554, 0.7600000000000001199, 0.3699999999999999400 ) ) ;
#6095 = PRESENTATION_LAYER_ASSIGNMENT (  '', '', ( #298 ) ) ;
#6096 = LINE ( 'NONE', #5029, #4528 ) ;
#6097 = CARTESIAN_POINT ( 'NONE',  ( -0.8000000000000001554, 0.009705627484771559357, -0.3875735931288071812 ) ) ;
#6098 = CIRCLE ( 'NONE', #6776, 0.02999999999999997113 ) ;
#6099 = CARTESIAN_POINT ( 'NONE',  ( 0.2988614020076892919, 0.003000000000000000062, -0.1348280044436376557 ) ) ;
#6100 = AXIS2_PLACEMENT_3D ( 'NONE', #571, #46, #2128 ) ;
#6101 = PRESENTATION_LAYER_ASSIGNMENT (  '', '', ( #5241 ) ) ;
#6102 = ORIENTED_EDGE ( 'NONE', *, *, #3118, .F. ) ;
#6103 = PRESENTATION_LAYER_ASSIGNMENT (  '', '', ( #5000 ) ) ;
#6104 = LINE ( 'NONE', #596, #4086 ) ;
#6105 = ORIENTED_EDGE ( 'NONE', *, *, #1336, .F. ) ;
#6106 = STYLED_ITEM ( 'NONE', ( #1208 ), #6299 ) ;
#6107 = MECHANICAL_DESIGN_GEOMETRIC_PRESENTATION_REPRESENTATION (  '', ( #5908 ), #434 ) ;
#6108 = CARTESIAN_POINT ( 'NONE',  ( 0.2803476042950979186, 0.000000000000000000, -0.07995386187611175366 ) ) ;
#6109 = LINE ( 'NONE', #6784, #2316 ) ;
#6110 =( NAMED_UNIT ( * ) SI_UNIT ( $, .STERADIAN. ) SOLID_ANGLE_UNIT ( ) );
#6111 = DIRECTION ( 'NONE',  ( -0.000000000000000000, 0.000000000000000000, 1.000000000000000000 ) ) ;
#6112 = FACE_OUTER_BOUND ( 'NONE', #364, .T. ) ;
#6113 = ORIENTED_EDGE ( 'NONE', *, *, #3366, .T. ) ;
#6114 = DIRECTION ( 'NONE',  ( -1.000000000000000000, 0.000000000000000000, 0.000000000000000000 ) ) ;
#6115 = PRESENTATION_STYLE_ASSIGNMENT (( #119 ) ) ;
#6116 = VECTOR ( 'NONE', #4370, 1000.000000000000000 ) ;
#6117 = VERTEX_POINT ( 'NONE', #4132 ) ;
#6118 = CARTESIAN_POINT ( 'NONE',  ( 0.5116072995723832673, 0.000000000000000000, -0.04517935258088132122 ) ) ;
#6119 = ADVANCED_FACE ( 'NONE', ( #6112 ), #1927, .F. ) ;
#6120 = CARTESIAN_POINT ( 'NONE',  ( 0.3795462710254895455, 0.000000000000000000, -0.1135792546526552677 ) ) ;
#6121 = CARTESIAN_POINT ( 'NONE',  ( 0.5197454285148489506, 0.003000000000000000062, -0.06812345752773144025 ) ) ;
#6122 = DIRECTION ( 'NONE',  ( 0.000000000000000000, 0.000000000000000000, -1.000000000000000000 ) ) ;
#6123 = DIRECTION ( 'NONE',  ( -0.000000000000000000, -1.000000000000000000, -0.000000000000000000 ) ) ;
#6124 = SURFACE_STYLE_FILL_AREA ( #2487 ) ;
#6125 = MECHANICAL_DESIGN_GEOMETRIC_PRESENTATION_REPRESENTATION (  '', ( #3367 ), #111 ) ;
#6126 = DIRECTION ( 'NONE',  ( -0.000000000000000000, -1.000000000000000000, -0.000000000000000000 ) ) ;
#6127 = ORIENTED_EDGE ( 'NONE', *, *, #2733, .T. ) ;
#6128 = FILL_AREA_STYLE_COLOUR ( '', #5557 ) ;
#6129 = LINE ( 'NONE', #5990, #4085 ) ;
#6130 = AXIS2_PLACEMENT_3D ( 'NONE', #5385, #3650, #2226 ) ;
#6131 = CARTESIAN_POINT ( 'NONE',  ( 0.5078988403312109101, 0.003000000000000000062, -0.1070613408442326470 ) ) ;
#6132 = STYLED_ITEM ( 'NONE', ( #1999 ), #6 ) ;
#6133 = EDGE_CURVE ( 'NONE', #2119, #5510, #382, .T. ) ;
#6134 = ORIENTED_EDGE ( 'NONE', *, *, #4290, .F. ) ;
#6135 = SURFACE_SIDE_STYLE ('',( #4011 ) ) ;
#6136 = FILL_AREA_STYLE ('',( #883 ) ) ;
#6137 = FACE_OUTER_BOUND ( 'NONE', #5889, .T. ) ;
#6138 = EDGE_LOOP ( 'NONE', ( #1595, #6746, #4478, #6778 ) ) ;
#6139 = UNCERTAINTY_MEASURE_WITH_UNIT (LENGTH_MEASURE( 1.000000000000000082E-05 ), #136, 'distance_accuracy_value', 'NONE');
#6140 = DIRECTION ( 'NONE',  ( 0.000000000000000000, 0.000000000000000000, -1.000000000000000000 ) ) ;
#6141 = FACE_OUTER_BOUND ( 'NONE', #3470, .T. ) ;
#6142 = CARTESIAN_POINT ( 'NONE',  ( -0.0006262868159067971896, 0.003000000000000000062, -0.1348280044436376557 ) ) ;
#6143 = FACE_OUTER_BOUND ( 'NONE', #3351, .T. ) ;
#6144 = DIRECTION ( 'NONE',  ( 0.000000000000000000, 0.000000000000000000, -1.000000000000000000 ) ) ;
#6145 = DIRECTION ( 'NONE',  ( 1.000000000000000000, 0.000000000000000000, 0.000000000000000000 ) ) ;
#6146 = CARTESIAN_POINT ( 'NONE',  ( 0.000000000000000000, 0.000000000000000000, 0.3999999999999999667 ) ) ;
#6147 = ORIENTED_EDGE ( 'NONE', *, *, #2297, .F. ) ;
#6148 = CARTESIAN_POINT ( 'NONE',  ( 0.5078988403312109101, 0.003000000000000000062, -0.1121352141941526354 ) ) ;
#6149 = ORIENTED_EDGE ( 'NONE', *, *, #4115, .F. ) ;
#6150 = UNCERTAINTY_MEASURE_WITH_UNIT (LENGTH_MEASURE( 1.000000000000000082E-05 ), #6235, 'distance_accuracy_value', 'NONE');
#6151 = DIRECTION ( 'NONE',  ( -0.5013786773515722661, -0.000000000000000000, -0.8652279594980665234 ) ) ;
#6152 = EDGE_CURVE ( 'NONE', #2246, #1623, #1385, .T. ) ;
#6153 = ADVANCED_FACE ( 'NONE', ( #1354 ), #3616, .F. ) ;
#6154 = DIRECTION ( 'NONE',  ( 1.000000000000000000, 0.000000000000000000, 0.000000000000000000 ) ) ;
#6155 = DIRECTION ( 'NONE',  ( 0.000000000000000000, 1.000000000000000000, 0.000000000000000000 ) ) ;
#6156 = DIRECTION ( 'NONE',  ( 0.000000000000000000, -1.000000000000000000, 0.000000000000000000 ) ) ;
#6157 = PRESENTATION_STYLE_ASSIGNMENT (( #5198 ) ) ;
#6158 = PRESENTATION_STYLE_ASSIGNMENT (( #330 ) ) ;
#6159 =( NAMED_UNIT ( * ) PLANE_ANGLE_UNIT ( ) SI_UNIT ( $, .RADIAN. ) );
#6160 =( NAMED_UNIT ( * ) PLANE_ANGLE_UNIT ( ) SI_UNIT ( $, .RADIAN. ) );
#6161 = UNCERTAINTY_MEASURE_WITH_UNIT (LENGTH_MEASURE( 1.000000000000000082E-05 ), #1226, 'distance_accuracy_value', 'NONE');
#6162 = EDGE_LOOP ( 'NONE', ( #668, #3500, #509, #5974 ) ) ;
#6163 = LINE ( 'NONE', #6271, #4444 ) ;
#6164 = CARTESIAN_POINT ( 'NONE',  ( 0.1931536475512111162, 0.003000000000000000062, -0.02822637805886715756 ) ) ;
#6165 = EDGE_CURVE ( 'NONE', #1636, #3912, #6881, .T. ) ;
#6166 = DIRECTION ( 'NONE',  ( 0.000000000000000000, -0.000000000000000000, 1.000000000000000000 ) ) ;
#6167 = ORIENTED_EDGE ( 'NONE', *, *, #4804, .F. ) ;
#6168 = DIRECTION ( 'NONE',  ( 0.000000000000000000, 1.000000000000000000, 0.000000000000000000 ) ) ;
#6169 = PRESENTATION_STYLE_ASSIGNMENT (( #3495 ) ) ;
#6170 = DIRECTION ( 'NONE',  ( 0.000000000000000000, 1.000000000000000000, 0.000000000000000000 ) ) ;
#6171 = EDGE_LOOP ( 'NONE', ( #5272, #4327, #3752, #4695 ) ) ;
#6172 = ADVANCED_FACE ( 'NONE', ( #6365, #2714 ), #5335, .T. ) ;
#6173 = CARTESIAN_POINT ( 'NONE',  ( 0.5139164806504733507, 0.003000000000000000062, -0.05002033037692237699 ) ) ;
#6174 = PRODUCT_RELATED_PRODUCT_CATEGORY ( 'part', '', ( #4700 ) ) ;
#6175 = ORIENTED_EDGE ( 'NONE', *, *, #5696, .T. ) ;
#6176 = SURFACE_STYLE_USAGE ( .BOTH. , #1592 ) ;
#6177 =( NAMED_UNIT ( * ) SI_UNIT ( $, .STERADIAN. ) SOLID_ANGLE_UNIT ( ) );
#6178 = CARTESIAN_POINT ( 'NONE',  ( 0.7700000000000001288, 0.02000000000000007674, 0.3699999999999999956 ) ) ;
#6179 = LINE ( 'NONE', #381, #1067 ) ;
#6180 =( LENGTH_UNIT ( ) NAMED_UNIT ( * ) SI_UNIT ( .MILLI., .METRE. ) );
#6181 = VERTEX_POINT ( 'NONE', #5774 ) ;
#6183 = ORIENTED_EDGE ( 'NONE', *, *, #700, .T. ) ;
#6182 = CARTESIAN_POINT ( 'NONE',  ( 0.7700000000000001288, 0.7600000000000001199, -0.3700000000000001066 ) ) ;
#6184 = FACE_OUTER_BOUND ( 'NONE', #763, .T. ) ;
#6185 = FACE_OUTER_BOUND ( 'NONE', #5433, .T. ) ;
#6186 = ORIENTED_EDGE ( 'NONE', *, *, #325, .F. ) ;
#6187 = SURFACE_STYLE_USAGE ( .BOTH. , #768 ) ;
#6188 = EDGE_CURVE ( 'NONE', #6432, #525, #7, .T. ) ;
#6189 = FILL_AREA_STYLE ('',( #490 ) ) ;
#6190 = DIRECTION ( 'NONE',  ( -0.000000000000000000, 1.000000000000000000, -0.000000000000000000 ) ) ;
#6191 = CARTESIAN_POINT ( 'NONE',  ( 0.5229205373994898487, 0.003000000000000000062, -0.09919797363134306989 ) ) ;
#6192 = CARTESIAN_POINT ( 'NONE',  ( 0.5155786827821470242, 0.003000000000000000062, -0.06935524894075381641 ) ) ;
#6193 = CIRCLE ( 'NONE', #6651, 0.003337256679768706418 ) ;
#6194 = SURFACE_SIDE_STYLE ('',( #4720 ) ) ;
#6195 = ORIENTED_EDGE ( 'NONE', *, *, #4390, .T. ) ;
#6196 = CARTESIAN_POINT ( 'NONE',  ( -0.0006262868159067971896, 0.003000000000000000062, -0.1348280044436376557 ) ) ;
#6197 = VECTOR ( 'NONE', #159, 1000.000000000000000 ) ;
#6198 = DIRECTION ( 'NONE',  ( -1.000000000000000000, 0.000000000000000000, 0.000000000000000000 ) ) ;
#6199 = ORIENTED_EDGE ( 'NONE', *, *, #4371, .F. ) ;
#6200 = AXIS2_PLACEMENT_3D ( 'NONE', #4031, #6155, #3511 ) ;
#6201 = CARTESIAN_POINT ( 'NONE',  ( 0.08349208317513591437, 0.003000000000000000062, -0.02822637805886715756 ) ) ;
#6202 = AXIS2_PLACEMENT_3D ( 'NONE', #4403, #1258, #1871 ) ;
#6203 = VECTOR ( 'NONE', #3836, 1000.000000000000000 ) ;
#6204 = EDGE_CURVE ( 'NONE', #1205, #2668, #1070, .T. ) ;
#6205 =( GEOMETRIC_REPRESENTATION_CONTEXT ( 3 ) GLOBAL_UNCERTAINTY_ASSIGNED_CONTEXT ( ( #2687 ) ) GLOBAL_UNIT_ASSIGNED_CONTEXT ( ( #4537, #800, #5173 ) ) REPRESENTATION_CONTEXT ( 'NONE', 'WORKASPACE' ) );
#6206 = VERTEX_POINT ( 'NONE', #5230 ) ;
#6207 = CIRCLE ( 'NONE', #3222, 0.007387994315882019485 ) ;
#6208 =( NAMED_UNIT ( * ) PLANE_ANGLE_UNIT ( ) SI_UNIT ( $, .RADIAN. ) );
#6209 = DIRECTION ( 'NONE',  ( -0.000000000000000000, -1.000000000000000000, -0.000000000000000000 ) ) ;
#6210 = COLOUR_RGB ( '',0.4745098039215686070, 0.4823529411764705954, 0.5019607843137254832 ) ;
#6211 =( GEOMETRIC_REPRESENTATION_CONTEXT ( 3 ) GLOBAL_UNCERTAINTY_ASSIGNED_CONTEXT ( ( #357 ) ) GLOBAL_UNIT_ASSIGNED_CONTEXT ( ( #788, #816, #761 ) ) REPRESENTATION_CONTEXT ( 'NONE', 'WORKASPACE' ) );
#6212 = CARTESIAN_POINT ( 'NONE',  ( 0.2803476042950979186, 0.003000000000000000062, -0.1348280044436376557 ) ) ;
#6213 = ORIENTED_EDGE ( 'NONE', *, *, #5500, .F. ) ;
#6214 = UNCERTAINTY_MEASURE_WITH_UNIT (LENGTH_MEASURE( 1.000000000000000082E-05 ), #2946, 'distance_accuracy_value', 'NONE');
#6215 = EDGE_CURVE ( 'NONE', #2595, #3545, #4733, .T. ) ;
#6216 = AXIS2_PLACEMENT_3D ( 'NONE', #1475, #3066, #6122 ) ;
#6217 = DIRECTION ( 'NONE',  ( 1.000000000000000000, 0.000000000000000000, -0.000000000000000000 ) ) ;
#6218 = CIRCLE ( 'NONE', #6888, 0.02999999999999997113 ) ;
#6219 = VECTOR ( 'NONE', #2366, 1000.000000000000000 ) ;
#6220 = ORIENTED_EDGE ( 'NONE', *, *, #4416, .F. ) ;
#6221 = VECTOR ( 'NONE', #4939, 1000.000000000000000 ) ;
#6222 = CARTESIAN_POINT ( 'NONE',  ( 0.5117773348484849771, 0.003000000000000000062, -0.03294544722763400463 ) ) ;
#6223 =( LENGTH_UNIT ( ) NAMED_UNIT ( * ) SI_UNIT ( .MILLI., .METRE. ) );
#6224 = ORIENTED_EDGE ( 'NONE', *, *, #945, .F. ) ;
#6226 = ORIENTED_EDGE ( 'NONE', *, *, #5500, .T. ) ;
#6225 = CARTESIAN_POINT ( 'NONE',  ( 0.5139164806504733507, 0.000000000000000000, -0.05002033037692237699 ) ) ;
#6227 = LINE ( 'NONE', #277, #2810 ) ;
#6228 =( NAMED_UNIT ( * ) SI_UNIT ( $, .STERADIAN. ) SOLID_ANGLE_UNIT ( ) );
#6229 = UNCERTAINTY_MEASURE_WITH_UNIT (LENGTH_MEASURE( 1.000000000000000082E-05 ), #5949, 'distance_accuracy_value', 'NONE');
#6230 = CARTESIAN_POINT ( 'NONE',  ( 0.5078988403312109101, 0.000000000000000000, -0.03902772777760919048 ) ) ;
#6231 = AXIS2_PLACEMENT_3D ( 'NONE', #484, #2682, #6399 ) ;
#6232 = FILL_AREA_STYLE_COLOUR ( '', #290 ) ;
#6233 = LINE ( 'NONE', #5052, #3972 ) ;
#6234 = DIRECTION ( 'NONE',  ( -1.000000000000000000, 0.000000000000000000, 0.000000000000000000 ) ) ;
#6235 =( LENGTH_UNIT ( ) NAMED_UNIT ( * ) SI_UNIT ( .MILLI., .METRE. ) );
#6236 = PRESENTATION_STYLE_ASSIGNMENT (( #6596 ) ) ;
#6237 = AXIS2_PLACEMENT_3D ( 'NONE', #4048, #6170, #4619 ) ;
#6238 = LINE ( 'NONE', #4152, #1090 ) ;
#6239 = UNCERTAINTY_MEASURE_WITH_UNIT (LENGTH_MEASURE( 1.000000000000000082E-05 ), #6468, 'distance_accuracy_value', 'NONE');
#6240 =( LENGTH_UNIT ( ) NAMED_UNIT ( * ) SI_UNIT ( .MILLI., .METRE. ) );
#6241 = ORIENTED_EDGE ( 'NONE', *, *, #4957, .T. ) ;
#6242 = VECTOR ( 'NONE', #2695, 1000.000000000000000 ) ;
#6243 =( LENGTH_UNIT ( ) NAMED_UNIT ( * ) SI_UNIT ( .MILLI., .METRE. ) );
#6244 = DIRECTION ( 'NONE',  ( -0.000000000000000000, -1.000000000000000000, -0.000000000000000000 ) ) ;
#6245 =( LENGTH_UNIT ( ) NAMED_UNIT ( * ) SI_UNIT ( .MILLI., .METRE. ) );
#6246 = ADVANCED_FACE ( 'NONE', ( #6286 ), #5297, .T. ) ;
#6247 = VECTOR ( 'NONE', #3334, 1000.000000000000000 ) ;
#6248 = ORIENTED_EDGE ( 'NONE', *, *, #3740, .T. ) ;
#6249 = PLANE ( 'NONE',  #6660 ) ;
#6250 = ORIENTED_EDGE ( 'NONE', *, *, #390, .F. ) ;
#6251 =( GEOMETRIC_REPRESENTATION_CONTEXT ( 3 ) GLOBAL_UNCERTAINTY_ASSIGNED_CONTEXT ( ( #5695 ) ) GLOBAL_UNIT_ASSIGNED_CONTEXT ( ( #3688, #432, #6747 ) ) REPRESENTATION_CONTEXT ( 'NONE', 'WORKASPACE' ) );
#6252 = MECHANICAL_DESIGN_GEOMETRIC_PRESENTATION_REPRESENTATION (  '', ( #6132 ), #3263 ) ;
#6253 = DIRECTION ( 'NONE',  ( 1.000000000000000000, 0.000000000000000000, 0.000000000000000000 ) ) ;
#6254 = LINE ( 'NONE', #2033, #1222 ) ;
#6255 = CARTESIAN_POINT ( 'NONE',  ( 0.4000000000000001332, 0.02000000000000006634, -0.4000000000000000777 ) ) ;
#6256 = CARTESIAN_POINT ( 'NONE',  ( 0.4429153846565643260, 0.000000000000000000, -0.08182039739377539034 ) ) ;
#6257 = DIRECTION ( 'NONE',  ( -0.000000000000000000, -1.000000000000000000, -0.000000000000000000 ) ) ;
#6258 = VERTEX_POINT ( 'NONE', #4763 ) ;
#6259 = DIRECTION ( 'NONE',  ( 1.000000000000000000, 0.000000000000000000, 0.000000000000000000 ) ) ;
#6260 = ORIENTED_EDGE ( 'NONE', *, *, #4608, .F. ) ;
#6261 = PRESENTATION_STYLE_ASSIGNMENT (( #2122 ) ) ;
#6262 = SURFACE_SIDE_STYLE ('',( #3690 ) ) ;
#6263 = LINE ( 'NONE', #3481, #1183 ) ;
#6264 = FILL_AREA_STYLE ('',( #6854 ) ) ;
#6265 = DIRECTION ( 'NONE',  ( -0.000000000000000000, -1.000000000000000000, -0.000000000000000000 ) ) ;
#6266 = DIRECTION ( 'NONE',  ( -1.000000000000000000, 0.000000000000000000, -0.000000000000000000 ) ) ;
#6267 = DIRECTION ( 'NONE',  ( 1.000000000000000000, 0.000000000000000000, 0.000000000000000000 ) ) ;
#6268 = FACE_OUTER_BOUND ( 'NONE', #6342, .T. ) ;
#6269 = EDGE_CURVE ( 'NONE', #3206, #4014, #2115, .T. ) ;
#6270 = SURFACE_SIDE_STYLE ('',( #4180 ) ) ;
#6271 = CARTESIAN_POINT ( 'NONE',  ( -0.4000000000000000222, 0.7900000000000001465, 0.3900000000000000688 ) ) ;
#6272 = CARTESIAN_POINT ( 'NONE',  ( 0.4000000000000001332, -0.009999999999999918676, -0.3700000000000001066 ) ) ;
#6273 = ORIENTED_EDGE ( 'NONE', *, *, #6076, .T. ) ;
#6274 =( NAMED_UNIT ( * ) PLANE_ANGLE_UNIT ( ) SI_UNIT ( $, .RADIAN. ) );
#6275 = ADVANCED_FACE ( 'NONE', ( #2781, #3302 ), #1671, .T. ) ;
#6276 = ORIENTED_EDGE ( 'NONE', *, *, #4043, .T. ) ;
#6277 = FACE_OUTER_BOUND ( 'NONE', #2458, .T. ) ;
#6278 = DIRECTION ( 'NONE',  ( 0.000000000000000000, 0.000000000000000000, -1.000000000000000000 ) ) ;
#6279 = CARTESIAN_POINT ( 'NONE',  ( 0.4000000000000001332, -0.009999999999999918676, 0.3699999999999999956 ) ) ;
#6280 = ORIENTED_EDGE ( 'NONE', *, *, #4324, .F. ) ;
#6281 = UNCERTAINTY_MEASURE_WITH_UNIT (LENGTH_MEASURE( 1.000000000000000082E-05 ), #652, 'distance_accuracy_value', 'NONE');
#6282 = EDGE_CURVE ( 'NONE', #3584, #6075, #3812, .T. ) ;
#6283 = MECHANICAL_DESIGN_GEOMETRIC_PRESENTATION_REPRESENTATION (  '', ( #4304 ), #4954 ) ;
#6284 = FILL_AREA_STYLE_COLOUR ( '', #3328 ) ;
#6285 = DIRECTION ( 'NONE',  ( -0.000000000000000000, -1.000000000000000000, -0.000000000000000000 ) ) ;
#6286 = FACE_OUTER_BOUND ( 'NONE', #2234, .T. ) ;
#6287 = ORIENTED_EDGE ( 'NONE', *, *, #2321, .T. ) ;
#6288 = DIRECTION ( 'NONE',  ( 0.000000000000000000, 1.000000000000000000, -0.000000000000000000 ) ) ;
#6289 = DIRECTION ( 'NONE',  ( 0.000000000000000000, 1.000000000000000000, 0.000000000000000000 ) ) ;
#6290 = DIRECTION ( 'NONE',  ( 0.000000000000000000, -0.000000000000000000, 1.000000000000000000 ) ) ;
#6291 = UNCERTAINTY_MEASURE_WITH_UNIT (LENGTH_MEASURE( 1.000000000000000082E-05 ), #4531, 'distance_accuracy_value', 'NONE');
#6292 = SURFACE_STYLE_FILL_AREA ( #2645 ) ;
#6293 = VECTOR ( 'NONE', #5196, 1000.000000000000000 ) ;
#6294 = EDGE_CURVE ( 'NONE', #6908, #4831, #4113, .T. ) ;
#6295 = DIRECTION ( 'NONE',  ( -1.000000000000000000, 0.000000000000000000, 0.000000000000000000 ) ) ;
#6296 = PRESENTATION_STYLE_ASSIGNMENT (( #4779 ) ) ;
#6297 = SURFACE_STYLE_USAGE ( .BOTH. , #1476 ) ;
#6298 = CARTESIAN_POINT ( 'NONE',  ( -0.8000000000000001554, 0.002426406871192916294, -0.3700000000000001621 ) ) ;
#6299 = ADVANCED_FACE ( 'NONE', ( #4387 ), #2843, .F. ) ;
#6300 = STYLED_ITEM ( 'NONE', ( #6516 ), #1838 ) ;
#6301 = FILL_AREA_STYLE_COLOUR ( '', #717 ) ;
#6302 =( GEOMETRIC_REPRESENTATION_CONTEXT ( 3 ) GLOBAL_UNCERTAINTY_ASSIGNED_CONTEXT ( ( #4153 ) ) GLOBAL_UNIT_ASSIGNED_CONTEXT ( ( #461, #864, #6228 ) ) REPRESENTATION_CONTEXT ( 'NONE', 'WORKASPACE' ) );
#6303 = STYLED_ITEM ( 'NONE', ( #5946 ), #2051 ) ;
#6304 = VECTOR ( 'NONE', #331, 1000.000000000000000 ) ;
#6305 = LINE ( 'NONE', #2624, #566 ) ;
#6306 = ORIENTED_EDGE ( 'NONE', *, *, #2965, .F. ) ;
#6307 = CIRCLE ( 'NONE', #5329, 0.02999999999999997113 ) ;
#6308 = ORIENTED_EDGE ( 'NONE', *, *, #1555, .T. ) ;
#6309 = COLOUR_RGB ( '',0.8941176470588234615, 0.4039215686274509887, 0.2431372549019607809 ) ;
#6310 = DIRECTION ( 'NONE',  ( -1.000000000000000000, 0.000000000000000000, -0.000000000000000000 ) ) ;
#6311 = AXIS2_PLACEMENT_3D ( 'NONE', #2597, #1150, #955 ) ;
#6312 = ORIENTED_EDGE ( 'NONE', *, *, #3725, .F. ) ;
#6313 = ADVANCED_FACE ( 'NONE', ( #163 ), #2322, .F. ) ;
#6314 = VECTOR ( 'NONE', #3421, 1000.000000000000000 ) ;
#6315 =( GEOMETRIC_REPRESENTATION_CONTEXT ( 3 ) GLOBAL_UNCERTAINTY_ASSIGNED_CONTEXT ( ( #1479 ) ) GLOBAL_UNIT_ASSIGNED_CONTEXT ( ( #2399, #2927, #733 ) ) REPRESENTATION_CONTEXT ( 'NONE', 'WORKASPACE' ) );
#6316 = LINE ( 'NONE', #6173, #6581 ) ;
#6317 = PRESENTATION_LAYER_ASSIGNMENT (  '', '', ( #78 ) ) ;
#6318 = AXIS2_PLACEMENT_3D ( 'NONE', #1340, #5620, #2904 ) ;
#6319 = ORIENTED_EDGE ( 'NONE', *, *, #5734, .T. ) ;
#6320 =( GEOMETRIC_REPRESENTATION_CONTEXT ( 3 ) GLOBAL_UNCERTAINTY_ASSIGNED_CONTEXT ( ( #6362 ) ) GLOBAL_UNIT_ASSIGNED_CONTEXT ( ( #3047, #5106, #2529 ) ) REPRESENTATION_CONTEXT ( 'NONE', 'WORKASPACE' ) );
#6321 = CARTESIAN_POINT ( 'NONE',  ( 0.7700000000000001288, -0.009999999999999863165, 0.3875735931288070701 ) ) ;
#6322 = DIRECTION ( 'NONE',  ( -0.3518482702154436259, 0.000000000000000000, 0.9360570467372167913 ) ) ;
#6323 = CARTESIAN_POINT ( 'NONE',  ( 0.5200271813265667786, 0.003000000000000000062, -0.06515718325081611140 ) ) ;
#6324 =( NAMED_UNIT ( * ) SI_UNIT ( $, .STERADIAN. ) SOLID_ANGLE_UNIT ( ) );
#6325 = VERTEX_POINT ( 'NONE', #2384 ) ;
#6326 = VECTOR ( 'NONE', #4625, 1000.000000000000000 ) ;
#6328 = VERTEX_POINT ( 'NONE', #1271 ) ;
#6327 = CARTESIAN_POINT ( 'NONE',  ( 0.5085210281320399206, 0.000000000000000000, -0.06605078106590553388 ) ) ;
#6329 =( LENGTH_UNIT ( ) NAMED_UNIT ( * ) SI_UNIT ( .MILLI., .METRE. ) );
#6330 = AXIS2_PLACEMENT_3D ( 'NONE', #2857, #3455, #124 ) ;
#6331 = FILL_AREA_STYLE ('',( #4209 ) ) ;
#6332 = STYLED_ITEM ( 'NONE', ( #498 ), #4222 ) ;
#6333 = CARTESIAN_POINT ( 'NONE',  ( 0.5291540010148010342, 0.000000000000000000, -0.03821719267283291144 ) ) ;
#6334 = EDGE_CURVE ( 'NONE', #2815, #3206, #1417, .T. ) ;
#6335 = PRESENTATION_STYLE_ASSIGNMENT (( #4639 ) ) ;
#6336 = CARTESIAN_POINT ( 'NONE',  ( -0.7700000000000001288, 0.7900000000000001465, -0.4000000000000000777 ) ) ;
#6337 = DIRECTION ( 'NONE',  ( -1.000000000000000000, -0.000000000000000000, 0.000000000000000000 ) ) ;
#6338 = PRESENTATION_LAYER_ASSIGNMENT (  '', '', ( #1076 ) ) ;
#6339 = AXIS2_PLACEMENT_3D ( 'NONE', #4714, #6749, #1394 ) ;
#6340 = PLANE ( 'NONE',  #3554 ) ;
#6341 = CARTESIAN_POINT ( 'NONE',  ( 0.5127611694927183272, 0.003000000000000000062, -0.04849964280878794887 ) ) ;
#6342 = EDGE_LOOP ( 'NONE', ( #2026, #6199, #4500 ) ) ;
#6343 =( NAMED_UNIT ( * ) SI_UNIT ( $, .STERADIAN. ) SOLID_ANGLE_UNIT ( ) );
#6344 = ADVANCED_FACE ( 'NONE', ( #6137 ), #4550, .T. ) ;
#6345 = LINE ( 'NONE', #496, #2576 ) ;
#6346 = STYLED_ITEM ( 'NONE', ( #4903 ), #6275 ) ;
#6347 = DIRECTION ( 'NONE',  ( -1.000000000000000000, -0.000000000000000000, -0.000000000000000000 ) ) ;
#6348 = EDGE_CURVE ( 'NONE', #2382, #3403, #854, .T. ) ;
#6349 = CARTESIAN_POINT ( 'NONE',  ( 0.5148982518008852205, 0.003000000000000000062, -0.1258395688702919624 ) ) ;
#6350 = DIRECTION ( 'NONE',  ( -1.000000000000000000, -0.000000000000000000, -0.000000000000000000 ) ) ;
#6351 = FILL_AREA_STYLE ('',( #3223 ) ) ;
#6352 =( GEOMETRIC_REPRESENTATION_CONTEXT ( 3 ) GLOBAL_UNCERTAINTY_ASSIGNED_CONTEXT ( ( #4646 ) ) GLOBAL_UNIT_ASSIGNED_CONTEXT ( ( #3499, #1275, #5630 ) ) REPRESENTATION_CONTEXT ( 'NONE', 'WORKASPACE' ) );
#6353 = AXIS2_PLACEMENT_3D ( 'NONE', #4377, #4890, #95 ) ;
#6354 = ORIENTED_EDGE ( 'NONE', *, *, #3323, .F. ) ;
#6355 = LINE ( 'NONE', #4857, #3003 ) ;
#6356 = ORIENTED_EDGE ( 'NONE', *, *, #5065, .T. ) ;
#6357 = FACE_OUTER_BOUND ( 'NONE', #698, .T. ) ;
#6358 = DIRECTION ( 'NONE',  ( -1.000000000000000000, 0.000000000000000000, 0.000000000000000000 ) ) ;
#6359 = ORIENTED_EDGE ( 'NONE', *, *, #6636, .F. ) ;
#6360 = ADVANCED_FACE ( 'NONE', ( #6631 ), #3978, .T. ) ;
#6361 = DIRECTION ( 'NONE',  ( 0.000000000000000000, 0.000000000000000000, -1.000000000000000000 ) ) ;
#6362 = UNCERTAINTY_MEASURE_WITH_UNIT (LENGTH_MEASURE( 1.000000000000000082E-05 ), #3047, 'distance_accuracy_value', 'NONE');
#6363 = EDGE_LOOP ( 'NONE', ( #4458, #5811, #6400, #1051, #3272, #783, #5309, #896, #540, #5377 ) ) ;
#6364 = FILL_AREA_STYLE ('',( #1567 ) ) ;
#6365 = FACE_OUTER_BOUND ( 'NONE', #6763, .T. ) ;
#6366 = VERTEX_POINT ( 'NONE', #3469 ) ;
#6367 = STYLED_ITEM ( 'NONE', ( #6261 ), #754 ) ;
#6368 =( NAMED_UNIT ( * ) PLANE_ANGLE_UNIT ( ) SI_UNIT ( $, .RADIAN. ) );
#6369 = ORIENTED_EDGE ( 'NONE', *, *, #2901, .T. ) ;
#6370 = CARTESIAN_POINT ( 'NONE',  ( 0.000000000000000000, 0.000000000000000000, 0.000000000000000000 ) ) ;
#6371 = CARTESIAN_POINT ( 'NONE',  ( 0.5229205373994898487, 0.003000000000000000062, -0.09401032424267030674 ) ) ;
#6372 = UNCERTAINTY_MEASURE_WITH_UNIT (LENGTH_MEASURE( 1.000000000000000082E-05 ), #6243, 'distance_accuracy_value', 'NONE');
#6373 = CARTESIAN_POINT ( 'NONE',  ( 0.5179688503939871014, 0.000000000000000000, -0.1198996506375018395 ) ) ;
#6374 = PRESENTATION_LAYER_ASSIGNMENT (  '', '', ( #6132 ) ) ;
#6375 = CARTESIAN_POINT ( 'NONE',  ( -0.4000000000000000222, 0.7600000000000001199, -0.3700000000000001066 ) ) ;
#6376 = CARTESIAN_POINT ( 'NONE',  ( 0.5237534422598130179, 0.000000000000000000, -0.03806550428045622075 ) ) ;
#6377 = ORIENTED_EDGE ( 'NONE', *, *, #5327, .F. ) ;
#6378 = CARTESIAN_POINT ( 'NONE',  ( -0.8000000000000001554, 0.000000000000000000, 0.3699999999999999956 ) ) ;
#6379 = FACE_OUTER_BOUND ( 'NONE', #3128, .T. ) ;
#6380 = EDGE_CURVE ( 'NONE', #2293, #6605, #3013, .T. ) ;
#6381 = CARTESIAN_POINT ( 'NONE',  ( 0.2130916288307719564, 0.003000000000000000062, -0.1274021582232185146 ) ) ;
#6382 = EDGE_CURVE ( 'NONE', #6206, #584, #3247, .T. ) ;
#6383 = SURFACE_STYLE_FILL_AREA ( #5926 ) ;
#6384 = SURFACE_STYLE_USAGE ( .BOTH. , #5365 ) ;
#6385 = PRESENTATION_STYLE_ASSIGNMENT (( #5928 ) ) ;
#6386 = SURFACE_STYLE_FILL_AREA ( #4235 ) ;
#6387 = FILL_AREA_STYLE ('',( #913 ) ) ;
#6388 = ORIENTED_EDGE ( 'NONE', *, *, #4460, .F. ) ;
#6389 = CARTESIAN_POINT ( 'NONE',  ( 0.5179688503939871014, 0.003000000000000000062, -0.04214059935213382985 ) ) ;
#6390 = ADVANCED_FACE ( 'NONE', ( #5601 ), #2914, .F. ) ;
#6391 = ORIENTED_EDGE ( 'NONE', *, *, #607, .F. ) ;
#6392 = CARTESIAN_POINT ( 'NONE',  ( 0.5120076289780736145, 0.000000000000000000, -0.06259880273125538463 ) ) ;
#6393 =( NAMED_UNIT ( * ) SI_UNIT ( $, .STERADIAN. ) SOLID_ANGLE_UNIT ( ) );
#6394 = SURFACE_SIDE_STYLE ('',( #5325 ) ) ;
#6395 = ORIENTED_EDGE ( 'NONE', *, *, #5128, .F. ) ;
#6396 = LINE ( 'NONE', #67, #371 ) ;
#6397 = EDGE_CURVE ( 'NONE', #105, #1774, #3679, .T. ) ;
#6398 = ORIENTED_EDGE ( 'NONE', *, *, #5924, .T. ) ;
#6399 = DIRECTION ( 'NONE',  ( 0.000000000000000000, -0.000000000000000000, 1.000000000000000000 ) ) ;
#6400 = ORIENTED_EDGE ( 'NONE', *, *, #4608, .T. ) ;
#6401 = CARTESIAN_POINT ( 'NONE',  ( 0.5250253739081551796, 0.003000000000000000062, -0.04055842633696740002 ) ) ;
#6402 = APPLICATION_PROTOCOL_DEFINITION ( 'draft international standard', 'automotive_design', 1998, #1025 ) ;
#6403 = ADVANCED_BREP_SHAPE_REPRESENTATION ( '', ( #4222, #1805, #4148, #4196, #6490, #4177, #6414, #1882, #6474, #1856, #1838, #4484 ), #4703 ) ;
#6404 = DIRECTION ( 'NONE',  ( -0.8001291063605943110, -0.000000000000000000, 0.5998278195904195309 ) ) ;
#6405 = VECTOR ( 'NONE', #758, 1000.000000000000000 ) ;
#6406 = EDGE_CURVE ( 'NONE', #1631, #3705, #1522, .T. ) ;
#6407 =( NAMED_UNIT ( * ) PLANE_ANGLE_UNIT ( ) SI_UNIT ( $, .RADIAN. ) );
#6408 = VECTOR ( 'NONE', #5331, 1000.000000000000000 ) ;
#6409 = LINE ( 'NONE', #1080, #5120 ) ;
#6410 = ORIENTED_EDGE ( 'NONE', *, *, #3331, .F. ) ;
#6411 = SURFACE_STYLE_FILL_AREA ( #4221 ) ;
#6412 = EDGE_CURVE ( 'NONE', #2221, #4754, #3576, .T. ) ;
#6413 =( NAMED_UNIT ( * ) PLANE_ANGLE_UNIT ( ) SI_UNIT ( $, .RADIAN. ) );
#6414 = MANIFOLD_SOLID_BREP ( 'Scale1[7]', #4827 ) ;
#6415 = CARTESIAN_POINT ( 'NONE',  ( 0.5170852029101958847, 0.000000000000000000, -0.06287549031968749091 ) ) ;
#6416 =( NAMED_UNIT ( * ) PLANE_ANGLE_UNIT ( ) SI_UNIT ( $, .RADIAN. ) );
#6417 = DIRECTION ( 'NONE',  ( -1.000000000000000000, -0.000000000000000000, -0.000000000000000000 ) ) ;
#6418 = DIRECTION ( 'NONE',  ( 0.000000000000000000, 1.000000000000000000, 0.000000000000000000 ) ) ;
#6419 = FILL_AREA_STYLE ('',( #190 ) ) ;
#6420 =( NAMED_UNIT ( * ) SI_UNIT ( $, .STERADIAN. ) SOLID_ANGLE_UNIT ( ) );
#6421 = VERTEX_POINT ( 'NONE', #4162 ) ;
#6422 = CARTESIAN_POINT ( 'NONE',  ( 0.1239546528059941727, 0.003000000000000000062, -0.05204809658087075630 ) ) ;
#6423 = DIRECTION ( 'NONE',  ( 1.355252715606880789E-16, -1.000000000000000000, 0.000000000000000000 ) ) ;
#6424 = ORIENTED_EDGE ( 'NONE', *, *, #4653, .T. ) ;
#6425 =( LENGTH_UNIT ( ) NAMED_UNIT ( * ) SI_UNIT ( .MILLI., .METRE. ) );
#6426 = AXIS2_PLACEMENT_3D ( 'NONE', #3148, #2083, #3698 ) ;
#6427 = CIRCLE ( 'NONE', #2415, 0.02999999999999997113 ) ;
#6428 = ORIENTED_EDGE ( 'NONE', *, *, #4184, .T. ) ;
#6429 = VECTOR ( 'NONE', #217, 1000.000000000000000 ) ;
#6430 = CARTESIAN_POINT ( 'NONE',  ( 0.1659364400072695367, 0.003000000000000000062, -0.02822637805886715756 ) ) ;
#6431 = SURFACE_SIDE_STYLE ('',( #2148 ) ) ;
#6432 = VERTEX_POINT ( 'NONE', #551 ) ;
#6433 = AXIS2_PLACEMENT_3D ( 'NONE', #4156, #802, #1943 ) ;
#6434 = EDGE_CURVE ( 'NONE', #5910, #1608, #4697, .T. ) ;
#6435 =( NAMED_UNIT ( * ) PLANE_ANGLE_UNIT ( ) SI_UNIT ( $, .RADIAN. ) );
#6436 = AXIS2_PLACEMENT_3D ( 'NONE', #5274, #462, #3031 ) ;
#6437 =( NAMED_UNIT ( * ) SI_UNIT ( $, .STERADIAN. ) SOLID_ANGLE_UNIT ( ) );
#6438 = CIRCLE ( 'NONE', #1511, 0.02999999999999997113 ) ;
#6439 = UNCERTAINTY_MEASURE_WITH_UNIT (LENGTH_MEASURE( 1.000000000000000082E-05 ), #5722, 'distance_accuracy_value', 'NONE');
#6440 = SURFACE_STYLE_FILL_AREA ( #1572 ) ;
#6441 = VECTOR ( 'NONE', #784, 1000.000000000000000 ) ;
#6442 = EDGE_CURVE ( 'NONE', #137, #6206, #3677, .T. ) ;
#6443 = CIRCLE ( 'NONE', #2101, 0.02999999999999997113 ) ;
#6444 = DIRECTION ( 'NONE',  ( -1.000000000000000000, 0.000000000000000000, -0.000000000000000000 ) ) ;
#6445 = DIRECTION ( 'NONE',  ( -1.000000000000000000, 0.000000000000000000, 0.000000000000000000 ) ) ;
#6446 = CARTESIAN_POINT ( 'NONE',  ( -0.8000000000000001554, 0.02000000000000005246, 0.3699999999999999956 ) ) ;
#6447 = FACE_OUTER_BOUND ( 'NONE', #5424, .T. ) ;
#6448 = ORIENTED_EDGE ( 'NONE', *, *, #6754, .F. ) ;
#6449 = PRESENTATION_LAYER_ASSIGNMENT (  '', '', ( #2105 ) ) ;
#6450 =( NAMED_UNIT ( * ) SI_UNIT ( $, .STERADIAN. ) SOLID_ANGLE_UNIT ( ) );
#6451 = VECTOR ( 'NONE', #315, 1000.000000000000000 ) ;
#6452 = CARTESIAN_POINT ( 'NONE',  ( 0.5101288819357372439, 0.000000000000000000, -0.06874794895536263939 ) ) ;
#6453 = VECTOR ( 'NONE', #5012, 1000.000000000000000 ) ;
#6454 = MECHANICAL_DESIGN_GEOMETRIC_PRESENTATION_REPRESENTATION (  '', ( #3121 ), #6782 ) ;
#6455 = SURFACE_SIDE_STYLE ('',( #1655 ) ) ;
#6456 = CARTESIAN_POINT ( 'NONE',  ( 0.5209455743335885680, 0.000000000000000000, -0.05803963744639718814 ) ) ;
#6457 =( GEOMETRIC_REPRESENTATION_CONTEXT ( 3 ) GLOBAL_UNCERTAINTY_ASSIGNED_CONTEXT ( ( #2387 ) ) GLOBAL_UNIT_ASSIGNED_CONTEXT ( ( #2580, #456, #6324 ) ) REPRESENTATION_CONTEXT ( 'NONE', 'WORKASPACE' ) );
#6458 = CARTESIAN_POINT ( 'NONE',  ( 0.5078988403312109101, 0.000000000000000000, -0.1121352141941526354 ) ) ;
#6459 = PRESENTATION_STYLE_ASSIGNMENT (( #2762 ) ) ;
#6460 = VERTEX_POINT ( 'NONE', #990 ) ;
#6461 = CARTESIAN_POINT ( 'NONE',  ( 0.000000000000000000, 0.7600000000000001199, 0.3999999999999999667 ) ) ;
#6462 =( NAMED_UNIT ( * ) SI_UNIT ( $, .STERADIAN. ) SOLID_ANGLE_UNIT ( ) );
#6463 = FILL_AREA_STYLE_COLOUR ( '', #4467 ) ;
#6464 = ORIENTED_EDGE ( 'NONE', *, *, #1701, .T. ) ;
#6465 = EDGE_CURVE ( 'NONE', #2102, #5293, #2029, .T. ) ;
#6466 = COLOUR_RGB ( '',0.4705882352941176405, 0.3568627450980392246, 0.000000000000000000 ) ;
#6467 = VECTOR ( 'NONE', #5822, 1000.000000000000000 ) ;
#6468 =( LENGTH_UNIT ( ) NAMED_UNIT ( * ) SI_UNIT ( .MILLI., .METRE. ) );
#6469 = EDGE_CURVE ( 'NONE', #3197, #4551, #5867, .T. ) ;
#6470 = ORIENTED_EDGE ( 'NONE', *, *, #6348, .T. ) ;
#6471 = CARTESIAN_POINT ( 'NONE',  ( 0.4000000000000000222, 0.7900000000000001465, -0.4000000000000000777 ) ) ;
#6472 = FILL_AREA_STYLE ('',( #6498 ) ) ;
#6473 = ORIENTED_EDGE ( 'NONE', *, *, #4124, .F. ) ;
#6474 = MANIFOLD_SOLID_BREP ( 'Scale1[9]', #5031 ) ;
#6475 =( GEOMETRIC_REPRESENTATION_CONTEXT ( 3 ) GLOBAL_UNCERTAINTY_ASSIGNED_CONTEXT ( ( #6779 ) ) GLOBAL_UNIT_ASSIGNED_CONTEXT ( ( #1082, #4821, #6450 ) ) REPRESENTATION_CONTEXT ( 'NONE', 'WORKASPACE' ) );
#6476 = DIRECTION ( 'NONE',  ( -0.8001291063605943110, -0.000000000000000000, 0.5998278195904195309 ) ) ;
#6477 = DIRECTION ( 'NONE',  ( 0.000000000000000000, 0.000000000000000000, 1.000000000000000000 ) ) ;
#6478 = VERTEX_POINT ( 'NONE', #1455 ) ;
#6479 = VERTEX_POINT ( 'NONE', #3611 ) ;
#6480 = FILL_AREA_STYLE_COLOUR ( '', #3667 ) ;
#6481 = LINE ( 'NONE', #5984, #1044 ) ;
#6482 = FILL_AREA_STYLE ('',( #4375 ) ) ;
#6483 = SURFACE_STYLE_FILL_AREA ( #2899 ) ;
#6484 = FACE_OUTER_BOUND ( 'NONE', #1876, .T. ) ;
#6485 = DIRECTION ( 'NONE',  ( 0.000000000000000000, 0.000000000000000000, -1.000000000000000000 ) ) ;
#6486 = ORIENTED_EDGE ( 'NONE', *, *, #4773, .F. ) ;
#6487 = CARTESIAN_POINT ( 'NONE',  ( 0.8000000000000001554, 0.009705627484771509050, 0.3875735931288071257 ) ) ;
#6488 = CARTESIAN_POINT ( 'NONE',  ( 0.1236572826574574430, 0.003000000000000000062, -0.1348280044436376557 ) ) ;
#6489 =( LENGTH_UNIT ( ) NAMED_UNIT ( * ) SI_UNIT ( .MILLI., .METRE. ) );
#6490 = MANIFOLD_SOLID_BREP ( 'Scale1[5]', #4487 ) ;
#6491 = DIRECTION ( 'NONE',  ( 0.000000000000000000, -1.000000000000000000, 0.000000000000000000 ) ) ;
#6492 = EDGE_CURVE ( 'NONE', #559, #5919, #917, .T. ) ;
#6493 =( BOUNDED_SURFACE ( )  B_SPLINE_SURFACE ( 3, 3, ( 
 ( #6609, #3400, #4495, #3347 ),
 ( #5504, #5042, #5476, #142 ),
 ( #2849, #5532, #1811, #2290 ),
 ( #2822, #4417, #6534, #1743 ) ),
 .UNSPECIFIED., .F., .F., .F. ) 
 B_SPLINE_SURFACE_WITH_KNOTS ( ( 4, 4 ),
 ( 4, 4 ),
 ( 0.000000000000000000, 1.000000000000000000 ),
 ( 0.000000000000000000, 1.000000000000000000 ),
 .UNSPECIFIED. ) 
 GEOMETRIC_REPRESENTATION_ITEM ( )  RATIONAL_B_SPLINE_SURFACE ( (
 ( 1.000000000000000000, 0.8047378541243649375, 0.8047378541243649375, 1.000000000000000000),
 ( 0.8047378541243648264, 0.6476030138606875264, 0.6476030138606875264, 0.8047378541243648264),
 ( 0.8047378541243648264, 0.6476030138606875264, 0.6476030138606875264, 0.8047378541243648264),
 ( 1.000000000000000000, 0.8047378541243649375, 0.8047378541243649375, 1.000000000000000000) ) ) 
 REPRESENTATION_ITEM ( '' )  SURFACE ( )  );
#6494 = DIRECTION ( 'NONE',  ( -1.355252715606880789E-16, -1.000000000000000000, 0.000000000000000000 ) ) ;
#6495 = ORIENTED_EDGE ( 'NONE', *, *, #4115, .T. ) ;
#6496 = PLANE ( 'NONE',  #517 ) ;
#6497 = CARTESIAN_POINT ( 'NONE',  ( 0.5288647974072393509, 0.003000000000000000062, -0.1198996506375018395 ) ) ;
#6498 = FILL_AREA_STYLE_COLOUR ( '', #2680 ) ;
#6499 = ORIENTED_EDGE ( 'NONE', *, *, #6204, .F. ) ;
#6500 = UNCERTAINTY_MEASURE_WITH_UNIT (LENGTH_MEASURE( 1.000000000000000082E-05 ), #3683, 'distance_accuracy_value', 'NONE');
#6501 = CARTESIAN_POINT ( 'NONE',  ( 0.5209455743335885680, 0.003000000000000000062, -0.06515718325081611140 ) ) ;
#6502 = FACE_OUTER_BOUND ( 'NONE', #4801, .T. ) ;
#6503 = SURFACE_STYLE_FILL_AREA ( #3441 ) ;
#6504 = CARTESIAN_POINT ( 'NONE',  ( -0.8000000000000001554, 0.02000000000000010797, 0.3699999999999999956 ) ) ;
#6505 = DIRECTION ( 'NONE',  ( 0.000000000000000000, 0.000000000000000000, 1.000000000000000000 ) ) ;
#6506 = ORIENTED_EDGE ( 'NONE', *, *, #5151, .F. ) ;
#6507 = LINE ( 'NONE', #1708, #815 ) ;
#6508 = ORIENTED_EDGE ( 'NONE', *, *, #2273, .F. ) ;
#6509 = FACE_OUTER_BOUND ( 'NONE', #1014, .T. ) ;
#6510 = CYLINDRICAL_SURFACE ( 'NONE', #2093, 0.05276469991732458953 ) ;
#6511 = ADVANCED_FACE ( 'NONE', ( #6523, #4955 ), #4383, .T. ) ;
#6512 = CARTESIAN_POINT ( 'NONE',  ( -0.7700000000000001288, 0.7600000000000001199, -0.4000000000000001332 ) ) ;
#6513 = EDGE_CURVE ( 'NONE', #5066, #3723, #1693, .T. ) ;
#6514 = FILL_AREA_STYLE_COLOUR ( '', #407 ) ;
#6515 = B_SPLINE_SURFACE_WITH_KNOTS ( 'NONE', 3, 1, ( 
 ( #4178, #6758 ),
 ( #2590, #4269 ),
 ( #6381, #1582 ),
 ( #2518, #3631 ),
 ( #1976, #5754 ),
 ( #4109, #3069 ),
 ( #5201, #398 ),
 ( #4719, #6831 ),
 ( #5482, #89 ) ),
 .UNSPECIFIED., .F., .F., .F.,
 ( 4, 1, 1, 1, 1, 1, 4 ),
 ( 2, 2 ),
 ( 0.000000000000000000, 0.2077974415789504425, 0.3397721598355694095, 0.4727445301339894823, 0.6440778849629447134, 0.8429488191267432429, 1.000000000000000000 ),
 ( 0.000000000000000000, 1.000000000000000000 ),
 .UNSPECIFIED. ) ;
#6516 = PRESENTATION_STYLE_ASSIGNMENT (( #2757 ) ) ;
#6517 = EDGE_CURVE ( 'NONE', #2111, #2098, #2737, .T. ) ;
#6518 =( NAMED_UNIT ( * ) SI_UNIT ( $, .STERADIAN. ) SOLID_ANGLE_UNIT ( ) );
#6519 = DIRECTION ( 'NONE',  ( 0.000000000000000000, 1.000000000000000000, 0.000000000000000000 ) ) ;
#6520 = ORIENTED_EDGE ( 'NONE', *, *, #904, .T. ) ;
#6521 = CARTESIAN_POINT ( 'NONE',  ( -0.8000000000000001554, 0.7702943725152284760, 0.3875735931288071257 ) ) ;
#6522 = FILL_AREA_STYLE ('',( #5957 ) ) ;
#6523 = FACE_OUTER_BOUND ( 'NONE', #5835, .T. ) ;
#6524 = SURFACE_STYLE_USAGE ( .BOTH. , #2770 ) ;
#6525 = DIRECTION ( 'NONE',  ( 0.000000000000000000, -0.000000000000000000, 1.000000000000000000 ) ) ;
#6526 = ORIENTED_EDGE ( 'NONE', *, *, #1204, .F. ) ;
#6527 = SURFACE_STYLE_USAGE ( .BOTH. , #686 ) ;
#6528 = ORIENTED_EDGE ( 'NONE', *, *, #2774, .F. ) ;
#6529 = MECHANICAL_DESIGN_GEOMETRIC_PRESENTATION_REPRESENTATION (  '', ( #6865 ), #503 ) ;
#6530 = STYLED_ITEM ( 'NONE', ( #5058 ), #475 ) ;
#6531 = PRESENTATION_LAYER_ASSIGNMENT (  '', '', ( #2974 ) ) ;
#6532 = CARTESIAN_POINT ( 'NONE',  ( 0.5188791900677894864, 0.000000000000000000, -0.08174568190881410790 ) ) ;
#6533 = CARTESIAN_POINT ( 'NONE',  ( 0.4429153846565643260, 0.000000000000000000, -0.02905569747645081469 ) ) ;
#6534 = CARTESIAN_POINT ( 'NONE',  ( 0.7700000000000002398, 0.002426406871192973973, -0.4000000000000000777 ) ) ;
#6535 =( NAMED_UNIT ( * ) SI_UNIT ( $, .STERADIAN. ) SOLID_ANGLE_UNIT ( ) );
#6536 = LINE ( 'NONE', #1215, #6221 ) ;
#6537 = ORIENTED_EDGE ( 'NONE', *, *, #672, .F. ) ;
#6538 = CARTESIAN_POINT ( 'NONE',  ( 0.5120076289780736145, 0.003000000000000000062, -0.1241701196862797923 ) ) ;
#6539 = VERTEX_POINT ( 'NONE', #5399 ) ;
#6540 = DIRECTION ( 'NONE',  ( 0.000000000000000000, 0.000000000000000000, -1.000000000000000000 ) ) ;
#6541 = EDGE_CURVE ( 'NONE', #5907, #3685, #4406, .T. ) ;
#6542 =( GEOMETRIC_REPRESENTATION_CONTEXT ( 3 ) GLOBAL_UNCERTAINTY_ASSIGNED_CONTEXT ( ( #5613 ) ) GLOBAL_UNIT_ASSIGNED_CONTEXT ( ( #4950, #1199, #1300 ) ) REPRESENTATION_CONTEXT ( 'NONE', 'WORKASPACE' ) );
#6543 = ADVANCED_FACE ( 'NONE', ( #2809, #3365 ), #4926, .T. ) ;
#6544 = VECTOR ( 'NONE', #311, 1000.000000000000000 ) ;
#6545 = VECTOR ( 'NONE', #2907, 1000.000000000000000 ) ;
#6546 = CARTESIAN_POINT ( 'NONE',  ( 0.5151552488221826653, 0.000000000000000000, -0.03769204240707927506 ) ) ;
#6547 = ADVANCED_FACE ( 'NONE', ( #1627 ), #64, .F. ) ;
#6548 = DIRECTION ( 'NONE',  ( 1.000000000000000000, 0.000000000000000000, 0.000000000000000000 ) ) ;
#6549 =( NAMED_UNIT ( * ) SI_UNIT ( $, .STERADIAN. ) SOLID_ANGLE_UNIT ( ) );
#6550 = SURFACE_STYLE_FILL_AREA ( #773 ) ;
#6551 = CARTESIAN_POINT ( 'NONE',  ( 0.2558222386253550251, 0.003000000000000000062, -0.05107781836179189905 ) ) ;
#6552 = COLOUR_RGB ( '',0.8941176470588234615, 0.4039215686274509887, 0.2431372549019607809 ) ;
#6553 = MECHANICAL_DESIGN_GEOMETRIC_PRESENTATION_REPRESENTATION (  '', ( #4889 ), #3766 ) ;
#6554 =( NAMED_UNIT ( * ) SI_UNIT ( $, .STERADIAN. ) SOLID_ANGLE_UNIT ( ) );
#6555 = VECTOR ( 'NONE', #1575, 1000.000000000000000 ) ;
#6556 = VECTOR ( 'NONE', #693, 1000.000000000000000 ) ;
#6557 = CARTESIAN_POINT ( 'NONE',  ( 0.5193766929004806077, 0.003000000000000000062, -0.1036065314466263487 ) ) ;
#6558 = VERTEX_POINT ( 'NONE', #2937 ) ;
#6559 = CIRCLE ( 'NONE', #2108, 0.05276469991732458259 ) ;
#6560 = CARTESIAN_POINT ( 'NONE',  ( 0.5127611694927183272, 0.003000000000000000062, -0.04849964280878794887 ) ) ;
#6561 =( LENGTH_UNIT ( ) NAMED_UNIT ( * ) SI_UNIT ( .MILLI., .METRE. ) );
#6562 = LINE ( 'NONE', #3930, #3079 ) ;
#6563 = VECTOR ( 'NONE', #3784, 1000.000000000000000 ) ;
#6564 = STYLED_ITEM ( 'NONE', ( #6335 ), #3825 ) ;
#6565 = CARTESIAN_POINT ( 'NONE',  ( 0.7875735931288072589, 0.7900000000000002576, -0.3875735931288071812 ) ) ;
#6566 = ORIENTED_EDGE ( 'NONE', *, *, #2161, .T. ) ;
#6567 =( NAMED_UNIT ( * ) SI_UNIT ( $, .STERADIAN. ) SOLID_ANGLE_UNIT ( ) );
#6568 = VECTOR ( 'NONE', #3807, 1000.000000000000000 ) ;
#6569 = DIRECTION ( 'NONE',  ( 0.000000000000000000, 0.000000000000000000, 1.000000000000000000 ) ) ;
#6570 = EDGE_LOOP ( 'NONE', ( #274, #765, #3474, #3979 ) ) ;
#6571 = ADVANCED_FACE ( 'NONE', ( #439, #2354 ), #6830, .F. ) ;
#6572 = UNCERTAINTY_MEASURE_WITH_UNIT (LENGTH_MEASURE( 1.000000000000000082E-05 ), #3670, 'distance_accuracy_value', 'NONE');
#6573 = FILL_AREA_STYLE_COLOUR ( '', #2171 ) ;
#6574 =( NAMED_UNIT ( * ) SI_UNIT ( $, .STERADIAN. ) SOLID_ANGLE_UNIT ( ) );
#6575 = FACE_OUTER_BOUND ( 'NONE', #4940, .T. ) ;
#6576 = DIRECTION ( 'NONE',  ( -0.000000000000000000, -1.000000000000000000, -0.000000000000000000 ) ) ;
#6577 =( NAMED_UNIT ( * ) SI_UNIT ( $, .STERADIAN. ) SOLID_ANGLE_UNIT ( ) );
#6578 = ORIENTED_EDGE ( 'NONE', *, *, #6465, .F. ) ;
#6579 = FILL_AREA_STYLE_COLOUR ( '', #397 ) ;
#6580 = ORIENTED_EDGE ( 'NONE', *, *, #6188, .T. ) ;
#6581 = VECTOR ( 'NONE', #4589, 1000.000000000000000 ) ;
#6582 = LINE ( 'NONE', #1358, #300 ) ;
#6583 = DIRECTION ( 'NONE',  ( 0.000000000000000000, 0.000000000000000000, 1.000000000000000000 ) ) ;
#6584 = CARTESIAN_POINT ( 'NONE',  ( 0.2803476042950979186, 0.003000000000000000062, -0.07995386187611175366 ) ) ;
#6585 = MECHANICAL_DESIGN_GEOMETRIC_PRESENTATION_REPRESENTATION (  '', ( #5804 ), #5588 ) ;
#6586 = FACE_OUTER_BOUND ( 'NONE', #4024, .T. ) ;
#6587 = CARTESIAN_POINT ( 'NONE',  ( 0.5179688503939871014, 0.000000000000000000, -0.05105430400072100139 ) ) ;
#6588 = EDGE_CURVE ( 'NONE', #2639, #6181, #3068, .T. ) ;
#6589 = PRESENTATION_LAYER_ASSIGNMENT (  '', '', ( #3702 ) ) ;
#6590 = DIRECTION ( 'NONE',  ( 0.000000000000000000, -9.035018104045878829E-16, 1.000000000000000000 ) ) ;
#6591 = VECTOR ( 'NONE', #5659, 1000.000000000000000 ) ;
#6592 = EDGE_LOOP ( 'NONE', ( #2955, #2596, #2265, #2826 ) ) ;
#6593 = LINE ( 'NONE', #582, #4340 ) ;
#6594 = CARTESIAN_POINT ( 'NONE',  ( -0.8000000000000001554, 0.7775735931288073610, 0.3802943725152285182 ) ) ;
#6595 = DIRECTION ( 'NONE',  ( 0.000000000000000000, -0.000000000000000000, 1.000000000000000000 ) ) ;
#6596 = SURFACE_STYLE_USAGE ( .BOTH. , #940 ) ;
#6597 =( NAMED_UNIT ( * ) SI_UNIT ( $, .STERADIAN. ) SOLID_ANGLE_UNIT ( ) );
#6598 = ADVANCED_FACE ( 'NONE', ( #6268 ), #282, .T. ) ;
#6599 = ORIENTED_EDGE ( 'NONE', *, *, #6434, .T. ) ;
#6600 = DIRECTION ( 'NONE',  ( 0.9357808821472978211, -0.000000000000000000, 0.3525821047750795079 ) ) ;
#6601 = CARTESIAN_POINT ( 'NONE',  ( 0.2558222386253550251, 0.003000000000000000062, -0.05107781836179189905 ) ) ;
#6602 = FILL_AREA_STYLE ('',( #5408 ) ) ;
#6603 = ORIENTED_EDGE ( 'NONE', *, *, #3162, .T. ) ;
#6604 = ADVANCED_FACE ( 'NONE', ( #6379 ), #4880, .T. ) ;
#6605 = VERTEX_POINT ( 'NONE', #2235 ) ;
#6606 = CARTESIAN_POINT ( 'NONE',  ( 0.03995848295781381787, 0.003000000000000000062, -0.02822637805886715756 ) ) ;
#6607 = EDGE_CURVE ( 'NONE', #4610, #232, #6345, .T. ) ;
#6608 = CARTESIAN_POINT ( 'NONE',  ( 0.8000000000000001554, 0.7600000000000001199, 0.3699999999999998290 ) ) ;
#6609 = CARTESIAN_POINT ( 'NONE',  ( 0.8000000000000001554, 0.02000000000000008021, -0.3700000000000001621 ) ) ;
#6610 = CARTESIAN_POINT ( 'NONE',  ( 0.1937951010351739445, 0.000000000000000000, -0.05636409951526832884 ) ) ;
#6611 = DIRECTION ( 'NONE',  ( 0.000000000000000000, 0.000000000000000000, -1.000000000000000000 ) ) ;
#6612 = ORIENTED_EDGE ( 'NONE', *, *, #2746, .F. ) ;
#6613 = LINE ( 'NONE', #1815, #4077 ) ;
#6614 = VERTEX_POINT ( 'NONE', #469 ) ;
#6615 = SURFACE_STYLE_FILL_AREA ( #5976 ) ;
#6616 = DIRECTION ( 'NONE',  ( 0.000000000000000000, 0.000000000000000000, -1.000000000000000000 ) ) ;
#6617 = SURFACE_STYLE_USAGE ( .BOTH. , #1759 ) ;
#6618 = DIRECTION ( 'NONE',  ( 0.000000000000000000, 0.000000000000000000, -1.000000000000000000 ) ) ;
#6619 = EDGE_CURVE ( 'NONE', #6325, #1570, #2751, .T. ) ;
#6620 =( NAMED_UNIT ( * ) PLANE_ANGLE_UNIT ( ) SI_UNIT ( $, .RADIAN. ) );
#6621 = LINE ( 'NONE', #3486, #3109 ) ;
#6622 = EDGE_LOOP ( 'NONE', ( #6629, #4579, #731, #2704 ) ) ;
#6623 = DIRECTION ( 'NONE',  ( 0.000000000000000000, 0.000000000000000000, 1.000000000000000000 ) ) ;
#6624 = SURFACE_SIDE_STYLE ('',( #2353 ) ) ;
#6625 = CARTESIAN_POINT ( 'NONE',  ( -0.8000000000000001554, 0.02000000000000010797, -0.3875735931288071812 ) ) ;
#6626 = VERTEX_POINT ( 'NONE', #599 ) ;
#6627 = FILL_AREA_STYLE ('',( #844 ) ) ;
#6628 = STYLED_ITEM ( 'NONE', ( #4174 ), #1240 ) ;
#6629 = ORIENTED_EDGE ( 'NONE', *, *, #6294, .T. ) ;
#6630 = PRESENTATION_STYLE_ASSIGNMENT (( #807 ) ) ;
#6631 = FACE_OUTER_BOUND ( 'NONE', #1000, .T. ) ;
#6632 = EDGE_LOOP ( 'NONE', ( #5418, #6772, #3617 ) ) ;
#6633 = UNCERTAINTY_MEASURE_WITH_UNIT (LENGTH_MEASURE( 1.000000000000000082E-05 ), #1993, 'distance_accuracy_value', 'NONE');
#6634 = STYLED_ITEM ( 'NONE', ( #546 ), #1775 ) ;
#6635 = CARTESIAN_POINT ( 'NONE',  ( 0.3795462710254895455, 0.003000000000000000062, -0.1135792546526552677 ) ) ;
#6636 = EDGE_CURVE ( 'NONE', #695, #6460, #2131, .T. ) ;
#6637 = CARTESIAN_POINT ( 'NONE',  ( 0.5179688503939871014, 0.003000000000000000062, -0.05105430400072100139 ) ) ;
#6638 = VECTOR ( 'NONE', #6716, 1000.000000000000000 ) ;
#6639 = SURFACE_STYLE_FILL_AREA ( #5185 ) ;
#6640 = SURFACE_SIDE_STYLE ('',( #4521 ) ) ;
#6641 = PRESENTATION_LAYER_ASSIGNMENT (  '', '', ( #497 ) ) ;
#6642 = CARTESIAN_POINT ( 'NONE',  ( 0.5149849188702897429, 0.000000000000000000, -0.1238094871698974531 ) ) ;
#6643 = SURFACE_STYLE_FILL_AREA ( #3989 ) ;
#6644 = ORIENTED_EDGE ( 'NONE', *, *, #4091, .F. ) ;
#6646 = ORIENTED_EDGE ( 'NONE', *, *, #3004, .T. ) ;
#6645 = FACE_OUTER_BOUND ( 'NONE', #3379, .T. ) ;
#6647 = SURFACE_SIDE_STYLE ('',( #1710 ) ) ;
#6648 = ORIENTED_EDGE ( 'NONE', *, *, #3860, .T. ) ;
#6649 = UNCERTAINTY_MEASURE_WITH_UNIT (LENGTH_MEASURE( 1.000000000000000082E-05 ), #54, 'distance_accuracy_value', 'NONE');
#6650 =( NAMED_UNIT ( * ) PLANE_ANGLE_UNIT ( ) SI_UNIT ( $, .RADIAN. ) );
#6651 = AXIS2_PLACEMENT_3D ( 'NONE', #3628, #1005, #3722 ) ;
#6652 =( GEOMETRIC_REPRESENTATION_CONTEXT ( 3 ) GLOBAL_UNCERTAINTY_ASSIGNED_CONTEXT ( ( #1900 ) ) GLOBAL_UNIT_ASSIGNED_CONTEXT ( ( #5197, #1474, #3626 ) ) REPRESENTATION_CONTEXT ( 'NONE', 'WORKASPACE' ) );
#6653 =( GEOMETRIC_REPRESENTATION_CONTEXT ( 3 ) GLOBAL_UNCERTAINTY_ASSIGNED_CONTEXT ( ( #5260 ) ) GLOBAL_UNIT_ASSIGNED_CONTEXT ( ( #288, #2932, #6049 ) ) REPRESENTATION_CONTEXT ( 'NONE', 'WORKASPACE' ) );
#6654 = CYLINDRICAL_SURFACE ( 'NONE', #4328, 0.02999999999999997113 ) ;
#6655 = LINE ( 'NONE', #3483, #6429 ) ;
#6656 = COLOUR_RGB ( '',0.8941176470588234615, 0.4039215686274509887, 0.2431372549019607809 ) ;
#6657 = EDGE_CURVE ( 'NONE', #18, #1932, #3208, .T. ) ;
#6658 = STYLED_ITEM ( 'NONE', ( #14 ), #2483 ) ;
#6659 = STYLED_ITEM ( 'NONE', ( #1342 ), #5299 ) ;
#6660 = AXIS2_PLACEMENT_3D ( 'NONE', #1992, #6774, #6701 ) ;
#6661 = ORIENTED_EDGE ( 'NONE', *, *, #2417, .T. ) ;
#6662 = FILL_AREA_STYLE_COLOUR ( '', #5111 ) ;
#6663 = SURFACE_STYLE_FILL_AREA ( #5398 ) ;
#6664 = VECTOR ( 'NONE', #6028, 1000.000000000000000 ) ;
#6665 = DIRECTION ( 'NONE',  ( 0.000000000000000000, 0.000000000000000000, -1.000000000000000000 ) ) ;
#6666 = STYLED_ITEM ( 'NONE', ( #2681 ), #3778 ) ;
#6667 = PLANE ( 'NONE',  #13 ) ;
#6668 = CIRCLE ( 'NONE', #3987, 0.02999999999999997113 ) ;
#6669 = VECTOR ( 'NONE', #1956, 1000.000000000000000 ) ;
#6670 = ORIENTED_EDGE ( 'NONE', *, *, #5182, .F. ) ;
#6671 = VECTOR ( 'NONE', #3262, 999.9999999999998863 ) ;
#6672 = FILL_AREA_STYLE_COLOUR ( '', #2847 ) ;
#6673 = CARTESIAN_POINT ( 'NONE',  ( 0.5078988403312109101, 0.003000000000000000062, -0.03902772777760919048 ) ) ;
#6674 = DIRECTION ( 'NONE',  ( 0.000000000000000000, 0.000000000000000000, 1.000000000000000000 ) ) ;
#6675 = ORIENTED_EDGE ( 'NONE', *, *, #157, .T. ) ;
#6676 = EDGE_CURVE ( 'NONE', #2494, #2700, #1682, .T. ) ;
#6677 = AXIS2_PLACEMENT_3D ( 'NONE', #2743, #4961, #6569 ) ;
#6678 = FACE_OUTER_BOUND ( 'NONE', #495, .T. ) ;
#6679 = CARTESIAN_POINT ( 'NONE',  ( 0.5078988403312109101, 0.003000000000000000062, -0.1121352141941526354 ) ) ;
#6680 =( BOUNDED_SURFACE ( )  B_SPLINE_SURFACE ( 3, 3, ( 
 ( #3292, #2248, #5772, #4731 ),
 ( #5956, #6487, #6842, #5736 ),
 ( #5426, #1691, #2063, #1460 ),
 ( #965, #3133, #6321, #3830 ) ),
 .UNSPECIFIED., .F., .F., .F. ) 
 B_SPLINE_SURFACE_WITH_KNOTS ( ( 4, 4 ),
 ( 4, 4 ),
 ( 0.000000000000000000, 1.000000000000000000 ),
 ( 0.000000000000000000, 1.000000000000000000 ),
 .UNSPECIFIED. ) 
 GEOMETRIC_REPRESENTATION_ITEM ( )  RATIONAL_B_SPLINE_SURFACE ( (
 ( 1.000000000000000000, 0.8047378541243653816, 0.8047378541243653816, 1.000000000000000000),
 ( 0.8047378541243654926, 0.6476030138606884146, 0.6476030138606884146, 0.8047378541243654926),
 ( 0.8047378541243654926, 0.6476030138606884146, 0.6476030138606884146, 0.8047378541243654926),
 ( 1.000000000000000000, 0.8047378541243653816, 0.8047378541243653816, 1.000000000000000000) ) ) 
 REPRESENTATION_ITEM ( '' )  SURFACE ( )  );
#6681 = CARTESIAN_POINT ( 'NONE',  ( 0.8000000000000001554, 0.7775735931288073610, 0.3802943725152285182 ) ) ;
#6682 = DIRECTION ( 'NONE',  ( -0.000000000000000000, -1.000000000000000000, -0.000000000000000000 ) ) ;
#6683 = CARTESIAN_POINT ( 'NONE',  ( 0.1901006645942824591, 0.000000000000000000, -0.08434848434810168771 ) ) ;
#6684 = ORIENTED_EDGE ( 'NONE', *, *, #2632, .T. ) ;
#6686 = ORIENTED_EDGE ( 'NONE', *, *, #6133, .F. ) ;
#6685 = DIRECTION ( 'NONE',  ( -0.000000000000000000, -1.000000000000000000, -0.000000000000000000 ) ) ;
#6687 = CARTESIAN_POINT ( 'NONE',  ( 0.2239978401694351640, 0.000000000000000000, -0.1069829042204056835 ) ) ;
#6688 = PRESENTATION_LAYER_ASSIGNMENT (  '', '', ( #653 ) ) ;
#6689 = CYLINDRICAL_SURFACE ( 'NONE', #4543, 0.02999999999999997113 ) ;
#6690 = ADVANCED_FACE ( 'NONE', ( #4266 ), #3819, .F. ) ;
#6691 = FILL_AREA_STYLE ('',( #5749 ) ) ;
#6692 = CARTESIAN_POINT ( 'NONE',  ( 0.4000000000000000222, 0.7600000000000001199, 0.3699999999999999956 ) ) ;
#6693 = FILL_AREA_STYLE ('',( #437 ) ) ;
#6694 = PLANE ( 'NONE',  #3641 ) ;
#6695 = FACE_OUTER_BOUND ( 'NONE', #2594, .T. ) ;
#6696 = MECHANICAL_DESIGN_GEOMETRIC_PRESENTATION_REPRESENTATION (  '', ( #4 ), #4822 ) ;
#6697 = ORIENTED_EDGE ( 'NONE', *, *, #5860, .F. ) ;
#6698 = DIRECTION ( 'NONE',  ( 0.000000000000000000, 0.000000000000000000, 1.000000000000000000 ) ) ;
#6699 = VERTEX_POINT ( 'NONE', #2694 ) ;
#6700 = FILL_AREA_STYLE ('',( #5729 ) ) ;
#6701 = DIRECTION ( 'NONE',  ( -1.355252715606880789E-16, -1.000000000000000000, 0.000000000000000000 ) ) ;
#6702 = CARTESIAN_POINT ( 'NONE',  ( -0.7700000000000001288, 0.000000000000000000, 0.3699999999999999956 ) ) ;
#6703 = ORIENTED_EDGE ( 'NONE', *, *, #4205, .F. ) ;
#6704 = ADVANCED_FACE ( 'NONE', ( #1651 ), #2653, .F. ) ;
#6705 = UNCERTAINTY_MEASURE_WITH_UNIT (LENGTH_MEASURE( 1.000000000000000082E-05 ), #6738, 'distance_accuracy_value', 'NONE');
#6706 = CARTESIAN_POINT ( 'NONE',  ( 0.5120076289780736145, 0.003000000000000000062, -0.06259880273125538463 ) ) ;
#6707 = SURFACE_SIDE_STYLE ('',( #5072 ) ) ;
#6708 = CARTESIAN_POINT ( 'NONE',  ( 0.5288647974072393509, 0.003000000000000000062, -0.05416084963150000903 ) ) ;
#6709 = PLANE ( 'NONE',  #4217 ) ;
#6710 = DIRECTION ( 'NONE',  ( 1.000000000000000000, -0.000000000000000000, -0.000000000000000000 ) ) ;
#6711 = FACE_OUTER_BOUND ( 'NONE', #5404, .T. ) ;
#6712 = ORIENTED_EDGE ( 'NONE', *, *, #2820, .F. ) ;
#6714 = ORIENTED_EDGE ( 'NONE', *, *, #1701, .F. ) ;
#6713 = FILL_AREA_STYLE ('',( #2852 ) ) ;
#6715 = CARTESIAN_POINT ( 'NONE',  ( 0.2241924239596195523, 0.000000000000000000, -0.05970269945031925207 ) ) ;
#6716 = DIRECTION ( 'NONE',  ( 1.000000000000000000, 0.000000000000000000, 0.000000000000000000 ) ) ;
#6717 = VERTEX_POINT ( 'NONE', #1218 ) ;
#6718 = UNCERTAINTY_MEASURE_WITH_UNIT (LENGTH_MEASURE( 1.000000000000000082E-05 ), #2130, 'distance_accuracy_value', 'NONE');
#6719 = CARTESIAN_POINT ( 'NONE',  ( 0.3250174859200531396, 0.003000000000000000062, -0.04879976180185294221 ) ) ;
#6720 = CARTESIAN_POINT ( 'NONE',  ( 0.5179688503939871014, 0.003000000000000000062, -0.04214059935213382985 ) ) ;
#6721 = DIRECTION ( 'NONE',  ( 0.000000000000000000, 0.000000000000000000, -1.000000000000000000 ) ) ;
#6722 = CARTESIAN_POINT ( 'NONE',  ( 0.2161283748927877724, -4.235164736271501695E-19, -0.08775334256599336136 ) ) ;
#6723 = SURFACE_SIDE_STYLE ('',( #901 ) ) ;
#6724 = DIRECTION ( 'NONE',  ( 1.000000000000000000, 0.000000000000000000, 0.000000000000000000 ) ) ;
#6725 = ADVANCED_FACE ( 'NONE', ( #3949 ), #3449, .F. ) ;
#6726 = EDGE_CURVE ( 'NONE', #5148, #5467, #6016, .T. ) ;
#6727 =( NAMED_UNIT ( * ) SI_UNIT ( $, .STERADIAN. ) SOLID_ANGLE_UNIT ( ) );
#6728 = ORIENTED_EDGE ( 'NONE', *, *, #5655, .F. ) ;
#6729 = SURFACE_STYLE_FILL_AREA ( #3006 ) ;
#6730 = DIRECTION ( 'NONE',  ( -0.000000000000000000, -0.000000000000000000, -1.000000000000000000 ) ) ;
#6731 = EDGE_CURVE ( 'NONE', #5079, #4185, #149, .T. ) ;
#6732 = FACE_OUTER_BOUND ( 'NONE', #6570, .T. ) ;
#6733 = DIRECTION ( 'NONE',  ( -0.000000000000000000, -0.000000000000000000, -1.000000000000000000 ) ) ;
#6734 = AXIS2_PLACEMENT_3D ( 'NONE', #4413, #4359, #2152 ) ;
#6735 = ORIENTED_EDGE ( 'NONE', *, *, #1097, .T. ) ;
#6736 = PRESENTATION_STYLE_ASSIGNMENT (( #5145 ) ) ;
#6737 = DIRECTION ( 'NONE',  ( 0.000000000000000000, 1.000000000000000000, 0.000000000000000000 ) ) ;
#6738 =( LENGTH_UNIT ( ) NAMED_UNIT ( * ) SI_UNIT ( .MILLI., .METRE. ) );
#6739 = VERTEX_POINT ( 'NONE', #2296 ) ;
#6740 = FILL_AREA_STYLE ('',( #4018 ) ) ;
#6741 = ADVANCED_FACE ( 'NONE', ( #6509 ), #5047, .T. ) ;
#6742 = LINE ( 'NONE', #1017, #3333 ) ;
#6743 = DIRECTION ( 'NONE',  ( 0.000000000000000000, -1.000000000000000000, 0.000000000000000000 ) ) ;
#6744 = ORIENTED_EDGE ( 'NONE', *, *, #2903, .F. ) ;
#6746 = ORIENTED_EDGE ( 'NONE', *, *, #742, .F. ) ;
#6745 = SURFACE_SIDE_STYLE ('',( #3025 ) ) ;
#6747 =( NAMED_UNIT ( * ) SI_UNIT ( $, .STERADIAN. ) SOLID_ANGLE_UNIT ( ) );
#6748 = AXIS2_PLACEMENT_3D ( 'NONE', #1544, #1580, #3207 ) ;
#6749 = DIRECTION ( 'NONE',  ( 1.000000000000000000, 0.000000000000000000, 0.000000000000000000 ) ) ;
#6750 = CARTESIAN_POINT ( 'NONE',  ( 0.06614396386324637722, 0.003000000000000000062, -0.06479096632406079748 ) ) ;
#6751 = CARTESIAN_POINT ( 'NONE',  ( 0.1469232180088918538, 0.003000000000000000062, -0.06791197847948228505 ) ) ;
#6752 = PRESENTATION_STYLE_ASSIGNMENT (( #2514 ) ) ;
#6753 = DIRECTION ( 'NONE',  ( 0.000000000000000000, 0.000000000000000000, -1.000000000000000000 ) ) ;
#6754 = EDGE_CURVE ( 'NONE', #6836, #1375, #1184, .T. ) ;
#6755 = DIRECTION ( 'NONE',  ( 0.000000000000000000, 0.000000000000000000, 1.000000000000000000 ) ) ;
#6756 = EDGE_CURVE ( 'NONE', #3566, #2175, #4157, .T. ) ;
#6757 = COLOUR_RGB ( '',0.4745098039215686070, 0.4823529411764705954, 0.5019607843137254832 ) ;
#6758 = CARTESIAN_POINT ( 'NONE',  ( 0.2420085203291615639, 4.235164736271501695E-19, -0.1348280044436376557 ) ) ;
#6759 = STYLED_ITEM ( 'NONE', ( #6752 ), #3285 ) ;
#6760 = EDGE_CURVE ( 'NONE', #3078, #1880, #2017, .T. ) ;
#6761 = PRESENTATION_LAYER_ASSIGNMENT (  '', '', ( #942 ) ) ;
#6762 = SURFACE_STYLE_USAGE ( .BOTH. , #6194 ) ;
#6763 = EDGE_LOOP ( 'NONE', ( #4099, #353, #1267, #198, #6735, #5775, #4614 ) ) ;
#6764 = DIRECTION ( 'NONE',  ( 1.000000000000000000, -0.000000000000000000, -0.000000000000000000 ) ) ;
#6765 = SURFACE_STYLE_USAGE ( .BOTH. , #4042 ) ;
#6766 = CARTESIAN_POINT ( 'NONE',  ( -0.4000000000000000222, 0.7900000000000001465, 0.3999999999999999667 ) ) ;
#6767 =( GEOMETRIC_REPRESENTATION_CONTEXT ( 3 ) GLOBAL_UNCERTAINTY_ASSIGNED_CONTEXT ( ( #6851 ) ) GLOBAL_UNIT_ASSIGNED_CONTEXT ( ( #2153, #4259, #3201 ) ) REPRESENTATION_CONTEXT ( 'NONE', 'WORKASPACE' ) );
#6768 = VECTOR ( 'NONE', #4722, 1000.000000000000000 ) ;
#6769 =( GEOMETRIC_REPRESENTATION_CONTEXT ( 3 ) GLOBAL_UNCERTAINTY_ASSIGNED_CONTEXT ( ( #1537 ) ) GLOBAL_UNIT_ASSIGNED_CONTEXT ( ( #4922, #4307, #6420 ) ) REPRESENTATION_CONTEXT ( 'NONE', 'WORKASPACE' ) );
#6770 = MECHANICAL_DESIGN_GEOMETRIC_PRESENTATION_REPRESENTATION (  '', ( #2769 ), #3432 ) ;
#6771 = VECTOR ( 'NONE', #4479, 1000.000000000000000 ) ;
#6772 = ORIENTED_EDGE ( 'NONE', *, *, #3630, .F. ) ;
#6773 = DIRECTION ( 'NONE',  ( 0.000000000000000000, -1.000000000000000000, 0.000000000000000000 ) ) ;
#6774 = DIRECTION ( 'NONE',  ( -1.000000000000000000, 1.355252715606880789E-16, 0.000000000000000000 ) ) ;
#6775 = PRESENTATION_LAYER_ASSIGNMENT (  '', '', ( #414 ) ) ;
#6776 = AXIS2_PLACEMENT_3D ( 'NONE', #1812, #6710, #2472 ) ;
#6777 = PRESENTATION_STYLE_ASSIGNMENT (( #4659 ) ) ;
#6778 = ORIENTED_EDGE ( 'NONE', *, *, #30, .T. ) ;
#6779 = UNCERTAINTY_MEASURE_WITH_UNIT (LENGTH_MEASURE( 1.000000000000000082E-05 ), #1082, 'distance_accuracy_value', 'NONE');
#6780 = AXIS2_PLACEMENT_3D ( 'NONE', #1361, #5618, #6266 ) ;
#6781 = VECTOR ( 'NONE', #760, 1000.000000000000000 ) ;
#6782 =( GEOMETRIC_REPRESENTATION_CONTEXT ( 3 ) GLOBAL_UNCERTAINTY_ASSIGNED_CONTEXT ( ( #3995 ) ) GLOBAL_UNIT_ASSIGNED_CONTEXT ( ( #5687, #2072, #2512 ) ) REPRESENTATION_CONTEXT ( 'NONE', 'WORKASPACE' ) );
#6783 = ORIENTED_EDGE ( 'NONE', *, *, #200, .T. ) ;
#6784 = CARTESIAN_POINT ( 'NONE',  ( 0.3250174859200531396, 0.003000000000000000062, -0.1135792546526552677 ) ) ;
#6785 = DIRECTION ( 'NONE',  ( 0.000000000000000000, 0.000000000000000000, 1.000000000000000000 ) ) ;
#6786 = VECTOR ( 'NONE', #3743, 1000.000000000000000 ) ;
#6787 = EDGE_CURVE ( 'NONE', #2793, #29, #894, .T. ) ;
#6788 =( LENGTH_UNIT ( ) NAMED_UNIT ( * ) SI_UNIT ( .MILLI., .METRE. ) );
#6789 = DIRECTION ( 'NONE',  ( 1.000000000000000000, 0.000000000000000000, -0.000000000000000000 ) ) ;
#6790 = ORIENTED_EDGE ( 'NONE', *, *, #4937, .T. ) ;
#6792 = ORIENTED_EDGE ( 'NONE', *, *, #5574, .T. ) ;
#6791 = FACE_OUTER_BOUND ( 'NONE', #2147, .T. ) ;
#6793 = AXIS2_PLACEMENT_3D ( 'NONE', #1492, #5911, #4198 ) ;
#6794 = DIRECTION ( 'NONE',  ( -0.000000000000000000, -1.000000000000000000, -0.000000000000000000 ) ) ;
#6795 = UNCERTAINTY_MEASURE_WITH_UNIT (LENGTH_MEASURE( 1.000000000000000082E-05 ), #4888, 'distance_accuracy_value', 'NONE');
#6796 = FILL_AREA_STYLE ('',( #5162 ) ) ;
#6797 = AXIS2_PLACEMENT_3D ( 'NONE', #2499, #3433, #6674 ) ;
#6798 = LINE ( 'NONE', #4145, #6293 ) ;
#6799 = FILL_AREA_STYLE ('',( #1541 ) ) ;
#6800 = LINE ( 'NONE', #2014, #3874 ) ;
#6801 = LINE ( 'NONE', #5244, #4873 ) ;
#6802 = UNCERTAINTY_MEASURE_WITH_UNIT (LENGTH_MEASURE( 1.000000000000000082E-05 ), #3155, 'distance_accuracy_value', 'NONE');
#6803 = CARTESIAN_POINT ( 'NONE',  ( 0.3795462710254895455, 0.003000000000000000062, -0.1135792546526552677 ) ) ;
#6804 = ORIENTED_EDGE ( 'NONE', *, *, #6215, .T. ) ;
#6805 = VECTOR ( 'NONE', #3794, 1000.000000000000000 ) ;
#6806 = LINE ( 'NONE', #2592, #1403 ) ;
#6807 = PRODUCT_DEFINITION_SHAPE ( 'NONE', 'NONE',  #5275 ) ;
#6808 = LINE ( 'NONE', #6272, #1621 ) ;
#6809 = EDGE_CURVE ( 'NONE', #3741, #590, #2542, .T. ) ;
#6810 = ORIENTED_EDGE ( 'NONE', *, *, #1801, .T. ) ;
#6811 = ORIENTED_EDGE ( 'NONE', *, *, #3298, .T. ) ;
#6812 = EDGE_CURVE ( 'NONE', #3912, #3197, #2333, .T. ) ;
#6813 = CLOSED_SHELL ( 'NONE', ( #5171, #3822, #868, #6, #4358, #2969, #683, #5071, #475, #1583, #2948 ) ) ;
#6814 = SURFACE_SIDE_STYLE ('',( #962 ) ) ;
#6815 =( NAMED_UNIT ( * ) PLANE_ANGLE_UNIT ( ) SI_UNIT ( $, .RADIAN. ) );
#6816 = ADVANCED_FACE ( 'NONE', ( #2477 ), #928, .T. ) ;
#6817 = DIRECTION ( 'NONE',  ( -0.8399299833958834283, 0.000000000000000000, 0.5426947788514192572 ) ) ;
#6818 = CARTESIAN_POINT ( 'NONE',  ( -0.8000000000000001554, 0.7600000000000001199, -0.3700000000000001066 ) ) ;
#6819 = COLOUR_RGB ( '',0.8941176470588234615, 0.4039215686274509887, 0.2431372549019607809 ) ;
#6820 = CARTESIAN_POINT ( 'NONE',  ( 0.1296967941067185826, 0.003000000000000000062, -0.06791197847948228505 ) ) ;
#6821 = VERTEX_POINT ( 'NONE', #429 ) ;
#6822 = CARTESIAN_POINT ( 'NONE',  ( 0.5120076289780736145, 0.000000000000000000, -0.05803963744639718814 ) ) ;
#6823 = SURFACE_SIDE_STYLE ('',( #3620 ) ) ;
#6824 = SURFACE_STYLE_USAGE ( .BOTH. , #1536 ) ;
#6825 = SHAPE_REPRESENTATION ( 'yageo', ( #4484 ), #4703 ) ;
#6826 = LINE ( 'NONE', #2042, #3344 ) ;
#6827 = CARTESIAN_POINT ( 'NONE',  ( 0.000000000000000000, 0.003000000000000000062, 0.000000000000000000 ) ) ;
#6828 = LINE ( 'NONE', #465, #50 ) ;
#6829 = SURFACE_STYLE_FILL_AREA ( #4715 ) ;
#6830 = PLANE ( 'NONE',  #4004 ) ;
#6831 = CARTESIAN_POINT ( 'NONE',  ( 0.2335541953048984043, 4.235164736271501695E-19, -0.02864554858859405528 ) ) ;
#6832 = CARTESIAN_POINT ( 'NONE',  ( 0.5078988403312109101, 0.003000000000000000062, -0.05416084963150000903 ) ) ;
#6833 = CARTESIAN_POINT ( 'NONE',  ( 0.5220709974093684647, 0.003000000000000000062, -0.1198996506375018395 ) ) ;
#6834 = ORIENTED_EDGE ( 'NONE', *, *, #6382, .F. ) ;
#6835 = FACE_OUTER_BOUND ( 'NONE', #3732, .T. ) ;
#6836 = VERTEX_POINT ( 'NONE', #4562 ) ;
#6837 =( LENGTH_UNIT ( ) NAMED_UNIT ( * ) SI_UNIT ( .MILLI., .METRE. ) );
#6838 = CARTESIAN_POINT ( 'NONE',  ( 0.5229205373994898487, 0.003000000000000000062, -0.09401032424267030674 ) ) ;
#6839 = VERTEX_POINT ( 'NONE', #4709 ) ;
#6840 =( NAMED_UNIT ( * ) PLANE_ANGLE_UNIT ( ) SI_UNIT ( $, .RADIAN. ) );
#6841 = ORIENTED_EDGE ( 'NONE', *, *, #6541, .F. ) ;
#6842 = CARTESIAN_POINT ( 'NONE',  ( 0.8000000000000001554, 0.002426406871193021245, 0.3802943725152285182 ) ) ;
#6843 = CARTESIAN_POINT ( 'NONE',  ( 0.1373980087961464147, 0.003000000000000000062, -0.1006350299428620948 ) ) ;
#6844 = DIRECTION ( 'NONE',  ( -0.000000000000000000, 1.000000000000000000, -0.000000000000000000 ) ) ;
#6845 = ORIENTED_EDGE ( 'NONE', *, *, #1552, .F. ) ;
#6847 = ORIENTED_EDGE ( 'NONE', *, *, #3630, .T. ) ;
#6846 = SURFACE_SIDE_STYLE ('',( #3618 ) ) ;
#6848 =( NAMED_UNIT ( * ) PLANE_ANGLE_UNIT ( ) SI_UNIT ( $, .RADIAN. ) );
#6849 = FILL_AREA_STYLE_COLOUR ( '', #6864 ) ;
#6850 = EDGE_CURVE ( 'NONE', #1430, #1004, #5190, .T. ) ;
#6851 = UNCERTAINTY_MEASURE_WITH_UNIT (LENGTH_MEASURE( 1.000000000000000082E-05 ), #2153, 'distance_accuracy_value', 'NONE');
#6852 = PRESENTATION_STYLE_ASSIGNMENT (( #5238 ) ) ;
#6853 = B_SPLINE_SURFACE_WITH_KNOTS ( 'NONE', 3, 1, ( 
 ( #4309, #3018 ),
 ( #2001, #5374 ),
 ( #858, #4128 ),
 ( #3706, #6392 ) ),
 .UNSPECIFIED., .F., .F., .F.,
 ( 4, 4 ),
 ( 2, 2 ),
 ( 0.000000000000000000, 1.000000000000000000 ),
 ( 0.000000000000000000, 1.000000000000000000 ),
 .UNSPECIFIED. ) ;
#6854 = FILL_AREA_STYLE_COLOUR ( '', #376 ) ;
#6855 = DIRECTION ( 'NONE',  ( 0.000000000000000000, 0.000000000000000000, 1.000000000000000000 ) ) ;
#6856 = ORIENTED_EDGE ( 'NONE', *, *, #3914, .F. ) ;
#6857 = DIRECTION ( 'NONE',  ( -1.000000000000000000, 0.000000000000000000, 0.000000000000000000 ) ) ;
#6858 = ADVANCED_FACE ( 'NONE', ( #6184 ), #1962, .T. ) ;
#6859 = UNCERTAINTY_MEASURE_WITH_UNIT (LENGTH_MEASURE( 1.000000000000000082E-05 ), #3663, 'distance_accuracy_value', 'NONE');
#6860 = STYLED_ITEM ( 'NONE', ( #396 ), #1889 ) ;
#6861 = LINE ( 'NONE', #3760, #183 ) ;
#6862 = LINE ( 'NONE', #1011, #5235 ) ;
#6863 = SURFACE_STYLE_USAGE ( .BOTH. , #3117 ) ;
#6864 = COLOUR_RGB ( '',0.8941176470588234615, 0.4039215686274509887, 0.2431372549019607809 ) ;
#6865 = STYLED_ITEM ( 'NONE', ( #2589 ), #2025 ) ;
#6866 = EDGE_CURVE ( 'NONE', #1004, #4866, #5743, .T. ) ;
#6867 = PRESENTATION_LAYER_ASSIGNMENT (  '', '', ( #6759 ) ) ;
#6868 = ORIENTED_EDGE ( 'NONE', *, *, #2834, .F. ) ;
#6869 = AXIS2_PLACEMENT_3D ( 'NONE', #4170, #926, #970 ) ;
#6870 = ORIENTED_EDGE ( 'NONE', *, *, #403, .T. ) ;
#6871 = VECTOR ( 'NONE', #3940, 1000.000000000000000 ) ;
#6872 = PRESENTATION_STYLE_ASSIGNMENT (( #1346 ) ) ;
#6873 = ORIENTED_EDGE ( 'NONE', *, *, #2819, .T. ) ;
#6874 = PRESENTATION_LAYER_ASSIGNMENT (  '', '', ( #2979 ) ) ;
#6875 = FACE_OUTER_BOUND ( 'NONE', #4911, .T. ) ;
#6876 = COLOUR_RGB ( '',0.4705882352941176405, 0.3568627450980392246, 0.000000000000000000 ) ;
#6877 = ORIENTED_EDGE ( 'NONE', *, *, #4679, .T. ) ;
#6878 = LINE ( 'NONE', #37, #6563 ) ;
#6879 = AXIS2_PLACEMENT_3D ( 'NONE', #806, #4119, #1416 ) ;
#6880 =( LENGTH_UNIT ( ) NAMED_UNIT ( * ) SI_UNIT ( .MILLI., .METRE. ) );
#6881 = LINE ( 'NONE', #5913, #6786 ) ;
#6882 = ORIENTED_EDGE ( 'NONE', *, *, #1968, .F. ) ;
#6883 = VECTOR ( 'NONE', #662, 1000.000000000000000 ) ;
#6884 = EDGE_LOOP ( 'NONE', ( #6697, #3275, #6388, #5731, #6391, #6686, #5214, #1415 ) ) ;
#6885 = EDGE_CURVE ( 'NONE', #5066, #949, #6227, .T. ) ;
#6886 = VECTOR ( 'NONE', #4606, 1000.000000000000000 ) ;
#6887 = PLANE ( 'NONE',  #1449 ) ;
#6888 = AXIS2_PLACEMENT_3D ( 'NONE', #1645, #1112, #4776 ) ;
#6889 = VECTOR ( 'NONE', #1320, 1000.000000000000000 ) ;
#6890 = SURFACE_SIDE_STYLE ('',( #6292 ) ) ;
#6891 = COLOUR_RGB ( '',0.4745098039215686070, 0.4823529411764705954, 0.5019607843137254832 ) ;
#6892 = DIRECTION ( 'NONE',  ( 0.000000000000000000, 1.000000000000000000, 0.000000000000000000 ) ) ;
#6893 = SURFACE_SIDE_STYLE ('',( #974 ) ) ;
#6894 = SURFACE_STYLE_FILL_AREA ( #3593 ) ;
#6895 = MECHANICAL_DESIGN_GEOMETRIC_PRESENTATION_REPRESENTATION (  '', ( #5000 ), #3993 ) ;
#6896 = CARTESIAN_POINT ( 'NONE',  ( -0.0006262868159067971896, 0.000000000000000000, -0.1348280044436376557 ) ) ;
#6897 = CARTESIAN_POINT ( 'NONE',  ( 0.5116072995723832673, 0.003000000000000000062, -0.04517935258088132122 ) ) ;
#6898 = EDGE_LOOP ( 'NONE', ( #5528, #4760, #657, #1637 ) ) ;
#6899 = DIRECTION ( 'NONE',  ( -1.000000000000000000, 0.000000000000000000, 0.000000000000000000 ) ) ;
#6900 = PRESENTATION_LAYER_ASSIGNMENT (  '', '', ( #3997 ) ) ;
#6901 =( GEOMETRIC_REPRESENTATION_CONTEXT ( 3 ) GLOBAL_UNCERTAINTY_ASSIGNED_CONTEXT ( ( #1457 ) ) GLOBAL_UNIT_ASSIGNED_CONTEXT ( ( #1594, #2598, #2571 ) ) REPRESENTATION_CONTEXT ( 'NONE', 'WORKASPACE' ) );
#6902 = SURFACE_STYLE_FILL_AREA ( #4790 ) ;
#6903 = SURFACE_STYLE_USAGE ( .BOTH. , #2661 ) ;
#6904 = CARTESIAN_POINT ( 'NONE',  ( 0.5078988403312109101, 0.003000000000000000062, -0.09919797363134306989 ) ) ;
#6905 = ORIENTED_EDGE ( 'NONE', *, *, #5829, .F. ) ;
#6906 = COLOUR_RGB ( '',0.8941176470588234615, 0.4039215686274509887, 0.2431372549019607809 ) ;
#6907 = CYLINDRICAL_SURFACE ( 'NONE', #3885, 0.05276469991732458953 ) ;
#6908 = VERTEX_POINT ( 'NONE', #2007 ) ;
#6909 = NEXT_ASSEMBLY_USAGE_OCCURRENCE ( 'NAUO1', ' ', ' ', #5275, #1132, $ ) ;
#6910 = NEXT_ASSEMBLY_USAGE_OCCURRENCE ( 'NAUO2', ' ', ' ', #5275, #3919, $ ) ;
ENDSEC;
END-ISO-10303-21;
